// maxpool_core golden test vectors
// Thesis Sec 5.3.2.2 -- Module 1.4
// 25 lines per test case:
//   Lines 1-24: 9 hex values per channel (input window)
//   Line 25:    24 hex values (expected max per channel)
// n_cases=211
0000 0000 0000 0000 0000 0000 0000 0000 0000
0000 0000 0000 0000 0000 0000 0000 0000 0000
0000 0000 0000 0000 0000 0000 0000 0000 0000
0000 0000 0000 0000 0000 0000 0000 0000 0000
0000 0000 0000 0000 0000 0000 0000 0000 0000
0000 0000 0000 0000 0000 0000 0000 0000 0000
0000 0000 0000 0000 0000 0000 0000 0000 0000
0000 0000 0000 0000 0000 0000 0000 0000 0000
0000 0000 0000 0000 0000 0000 0000 0000 0000
0000 0000 0000 0000 0000 0000 0000 0000 0000
0000 0000 0000 0000 0000 0000 0000 0000 0000
0000 0000 0000 0000 0000 0000 0000 0000 0000
0000 0000 0000 0000 0000 0000 0000 0000 0000
0000 0000 0000 0000 0000 0000 0000 0000 0000
0000 0000 0000 0000 0000 0000 0000 0000 0000
0000 0000 0000 0000 0000 0000 0000 0000 0000
0000 0000 0000 0000 0000 0000 0000 0000 0000
0000 0000 0000 0000 0000 0000 0000 0000 0000
0000 0000 0000 0000 0000 0000 0000 0000 0000
0000 0000 0000 0000 0000 0000 0000 0000 0000
0000 0000 0000 0000 0000 0000 0000 0000 0000
0000 0000 0000 0000 0000 0000 0000 0000 0000
0000 0000 0000 0000 0000 0000 0000 0000 0000
0000 0000 0000 0000 0000 0000 0000 0000 0000
0000 0000 0000 0000 0000 0000 0000 0000 0000 0000 0000 0000 0000 0000 0000 0000 0000 0000 0000 0000 0000 0000 0000 0000
3fff 3fff 3fff 3fff 3fff 3fff 3fff 3fff 3fff
3fff 3fff 3fff 3fff 3fff 3fff 3fff 3fff 3fff
3fff 3fff 3fff 3fff 3fff 3fff 3fff 3fff 3fff
3fff 3fff 3fff 3fff 3fff 3fff 3fff 3fff 3fff
3fff 3fff 3fff 3fff 3fff 3fff 3fff 3fff 3fff
3fff 3fff 3fff 3fff 3fff 3fff 3fff 3fff 3fff
3fff 3fff 3fff 3fff 3fff 3fff 3fff 3fff 3fff
3fff 3fff 3fff 3fff 3fff 3fff 3fff 3fff 3fff
3fff 3fff 3fff 3fff 3fff 3fff 3fff 3fff 3fff
3fff 3fff 3fff 3fff 3fff 3fff 3fff 3fff 3fff
3fff 3fff 3fff 3fff 3fff 3fff 3fff 3fff 3fff
3fff 3fff 3fff 3fff 3fff 3fff 3fff 3fff 3fff
3fff 3fff 3fff 3fff 3fff 3fff 3fff 3fff 3fff
3fff 3fff 3fff 3fff 3fff 3fff 3fff 3fff 3fff
3fff 3fff 3fff 3fff 3fff 3fff 3fff 3fff 3fff
3fff 3fff 3fff 3fff 3fff 3fff 3fff 3fff 3fff
3fff 3fff 3fff 3fff 3fff 3fff 3fff 3fff 3fff
3fff 3fff 3fff 3fff 3fff 3fff 3fff 3fff 3fff
3fff 3fff 3fff 3fff 3fff 3fff 3fff 3fff 3fff
3fff 3fff 3fff 3fff 3fff 3fff 3fff 3fff 3fff
3fff 3fff 3fff 3fff 3fff 3fff 3fff 3fff 3fff
3fff 3fff 3fff 3fff 3fff 3fff 3fff 3fff 3fff
3fff 3fff 3fff 3fff 3fff 3fff 3fff 3fff 3fff
3fff 3fff 3fff 3fff 3fff 3fff 3fff 3fff 3fff
3fff 3fff 3fff 3fff 3fff 3fff 3fff 3fff 3fff 3fff 3fff 3fff 3fff 3fff 3fff 3fff 3fff 3fff 3fff 3fff 3fff 3fff 3fff 3fff
4000 4000 4000 4000 4000 4000 4000 4000 4000
4000 4000 4000 4000 4000 4000 4000 4000 4000
4000 4000 4000 4000 4000 4000 4000 4000 4000
4000 4000 4000 4000 4000 4000 4000 4000 4000
4000 4000 4000 4000 4000 4000 4000 4000 4000
4000 4000 4000 4000 4000 4000 4000 4000 4000
4000 4000 4000 4000 4000 4000 4000 4000 4000
4000 4000 4000 4000 4000 4000 4000 4000 4000
4000 4000 4000 4000 4000 4000 4000 4000 4000
4000 4000 4000 4000 4000 4000 4000 4000 4000
4000 4000 4000 4000 4000 4000 4000 4000 4000
4000 4000 4000 4000 4000 4000 4000 4000 4000
4000 4000 4000 4000 4000 4000 4000 4000 4000
4000 4000 4000 4000 4000 4000 4000 4000 4000
4000 4000 4000 4000 4000 4000 4000 4000 4000
4000 4000 4000 4000 4000 4000 4000 4000 4000
4000 4000 4000 4000 4000 4000 4000 4000 4000
4000 4000 4000 4000 4000 4000 4000 4000 4000
4000 4000 4000 4000 4000 4000 4000 4000 4000
4000 4000 4000 4000 4000 4000 4000 4000 4000
4000 4000 4000 4000 4000 4000 4000 4000 4000
4000 4000 4000 4000 4000 4000 4000 4000 4000
4000 4000 4000 4000 4000 4000 4000 4000 4000
4000 4000 4000 4000 4000 4000 4000 4000 4000
4000 4000 4000 4000 4000 4000 4000 4000 4000 4000 4000 4000 4000 4000 4000 4000 4000 4000 4000 4000 4000 4000 4000 4000
3fff 0000 0000 0000 0000 0000 0000 0000 0000
3fff 0000 0000 0000 0000 0000 0000 0000 0000
3fff 0000 0000 0000 0000 0000 0000 0000 0000
3fff 0000 0000 0000 0000 0000 0000 0000 0000
3fff 0000 0000 0000 0000 0000 0000 0000 0000
3fff 0000 0000 0000 0000 0000 0000 0000 0000
3fff 0000 0000 0000 0000 0000 0000 0000 0000
3fff 0000 0000 0000 0000 0000 0000 0000 0000
3fff 0000 0000 0000 0000 0000 0000 0000 0000
3fff 0000 0000 0000 0000 0000 0000 0000 0000
3fff 0000 0000 0000 0000 0000 0000 0000 0000
3fff 0000 0000 0000 0000 0000 0000 0000 0000
3fff 0000 0000 0000 0000 0000 0000 0000 0000
3fff 0000 0000 0000 0000 0000 0000 0000 0000
3fff 0000 0000 0000 0000 0000 0000 0000 0000
3fff 0000 0000 0000 0000 0000 0000 0000 0000
3fff 0000 0000 0000 0000 0000 0000 0000 0000
3fff 0000 0000 0000 0000 0000 0000 0000 0000
3fff 0000 0000 0000 0000 0000 0000 0000 0000
3fff 0000 0000 0000 0000 0000 0000 0000 0000
3fff 0000 0000 0000 0000 0000 0000 0000 0000
3fff 0000 0000 0000 0000 0000 0000 0000 0000
3fff 0000 0000 0000 0000 0000 0000 0000 0000
3fff 0000 0000 0000 0000 0000 0000 0000 0000
3fff 3fff 3fff 3fff 3fff 3fff 3fff 3fff 3fff 3fff 3fff 3fff 3fff 3fff 3fff 3fff 3fff 3fff 3fff 3fff 3fff 3fff 3fff 3fff
0000 0000 0000 0000 0000 0000 0000 0000 3fff
0000 0000 0000 0000 0000 0000 0000 0000 3fff
0000 0000 0000 0000 0000 0000 0000 0000 3fff
0000 0000 0000 0000 0000 0000 0000 0000 3fff
0000 0000 0000 0000 0000 0000 0000 0000 3fff
0000 0000 0000 0000 0000 0000 0000 0000 3fff
0000 0000 0000 0000 0000 0000 0000 0000 3fff
0000 0000 0000 0000 0000 0000 0000 0000 3fff
0000 0000 0000 0000 0000 0000 0000 0000 3fff
0000 0000 0000 0000 0000 0000 0000 0000 3fff
0000 0000 0000 0000 0000 0000 0000 0000 3fff
0000 0000 0000 0000 0000 0000 0000 0000 3fff
0000 0000 0000 0000 0000 0000 0000 0000 3fff
0000 0000 0000 0000 0000 0000 0000 0000 3fff
0000 0000 0000 0000 0000 0000 0000 0000 3fff
0000 0000 0000 0000 0000 0000 0000 0000 3fff
0000 0000 0000 0000 0000 0000 0000 0000 3fff
0000 0000 0000 0000 0000 0000 0000 0000 3fff
0000 0000 0000 0000 0000 0000 0000 0000 3fff
0000 0000 0000 0000 0000 0000 0000 0000 3fff
0000 0000 0000 0000 0000 0000 0000 0000 3fff
0000 0000 0000 0000 0000 0000 0000 0000 3fff
0000 0000 0000 0000 0000 0000 0000 0000 3fff
0000 0000 0000 0000 0000 0000 0000 0000 3fff
3fff 3fff 3fff 3fff 3fff 3fff 3fff 3fff 3fff 3fff 3fff 3fff 3fff 3fff 3fff 3fff 3fff 3fff 3fff 3fff 3fff 3fff 3fff 3fff
4000 4000 4000 4000 3fff 4000 4000 4000 4000
4000 4000 4000 4000 3fff 4000 4000 4000 4000
4000 4000 4000 4000 3fff 4000 4000 4000 4000
4000 4000 4000 4000 3fff 4000 4000 4000 4000
4000 4000 4000 4000 3fff 4000 4000 4000 4000
4000 4000 4000 4000 3fff 4000 4000 4000 4000
4000 4000 4000 4000 3fff 4000 4000 4000 4000
4000 4000 4000 4000 3fff 4000 4000 4000 4000
4000 4000 4000 4000 3fff 4000 4000 4000 4000
4000 4000 4000 4000 3fff 4000 4000 4000 4000
4000 4000 4000 4000 3fff 4000 4000 4000 4000
4000 4000 4000 4000 3fff 4000 4000 4000 4000
4000 4000 4000 4000 3fff 4000 4000 4000 4000
4000 4000 4000 4000 3fff 4000 4000 4000 4000
4000 4000 4000 4000 3fff 4000 4000 4000 4000
4000 4000 4000 4000 3fff 4000 4000 4000 4000
4000 4000 4000 4000 3fff 4000 4000 4000 4000
4000 4000 4000 4000 3fff 4000 4000 4000 4000
4000 4000 4000 4000 3fff 4000 4000 4000 4000
4000 4000 4000 4000 3fff 4000 4000 4000 4000
4000 4000 4000 4000 3fff 4000 4000 4000 4000
4000 4000 4000 4000 3fff 4000 4000 4000 4000
4000 4000 4000 4000 3fff 4000 4000 4000 4000
4000 4000 4000 4000 3fff 4000 4000 4000 4000
3fff 3fff 3fff 3fff 3fff 3fff 3fff 3fff 3fff 3fff 3fff 3fff 3fff 3fff 3fff 3fff 3fff 3fff 3fff 3fff 3fff 3fff 3fff 3fff
7ffc 7ffd 7ffe 7fff 0000 0001 0002 0003 0004
7ffc 7ffd 7ffe 7fff 0000 0001 0002 0003 0004
7ffc 7ffd 7ffe 7fff 0000 0001 0002 0003 0004
7ffc 7ffd 7ffe 7fff 0000 0001 0002 0003 0004
7ffc 7ffd 7ffe 7fff 0000 0001 0002 0003 0004
7ffc 7ffd 7ffe 7fff 0000 0001 0002 0003 0004
7ffc 7ffd 7ffe 7fff 0000 0001 0002 0003 0004
7ffc 7ffd 7ffe 7fff 0000 0001 0002 0003 0004
7ffc 7ffd 7ffe 7fff 0000 0001 0002 0003 0004
7ffc 7ffd 7ffe 7fff 0000 0001 0002 0003 0004
7ffc 7ffd 7ffe 7fff 0000 0001 0002 0003 0004
7ffc 7ffd 7ffe 7fff 0000 0001 0002 0003 0004
7ffc 7ffd 7ffe 7fff 0000 0001 0002 0003 0004
7ffc 7ffd 7ffe 7fff 0000 0001 0002 0003 0004
7ffc 7ffd 7ffe 7fff 0000 0001 0002 0003 0004
7ffc 7ffd 7ffe 7fff 0000 0001 0002 0003 0004
7ffc 7ffd 7ffe 7fff 0000 0001 0002 0003 0004
7ffc 7ffd 7ffe 7fff 0000 0001 0002 0003 0004
7ffc 7ffd 7ffe 7fff 0000 0001 0002 0003 0004
7ffc 7ffd 7ffe 7fff 0000 0001 0002 0003 0004
7ffc 7ffd 7ffe 7fff 0000 0001 0002 0003 0004
7ffc 7ffd 7ffe 7fff 0000 0001 0002 0003 0004
7ffc 7ffd 7ffe 7fff 0000 0001 0002 0003 0004
7ffc 7ffd 7ffe 7fff 0000 0001 0002 0003 0004
0004 0004 0004 0004 0004 0004 0004 0004 0004 0004 0004 0004 0004 0004 0004 0004 0004 0004 0004 0004 0004 0004 0004 0004
0004 0003 0002 0001 0000 7fff 7ffe 7ffd 7ffc
0004 0003 0002 0001 0000 7fff 7ffe 7ffd 7ffc
0004 0003 0002 0001 0000 7fff 7ffe 7ffd 7ffc
0004 0003 0002 0001 0000 7fff 7ffe 7ffd 7ffc
0004 0003 0002 0001 0000 7fff 7ffe 7ffd 7ffc
0004 0003 0002 0001 0000 7fff 7ffe 7ffd 7ffc
0004 0003 0002 0001 0000 7fff 7ffe 7ffd 7ffc
0004 0003 0002 0001 0000 7fff 7ffe 7ffd 7ffc
0004 0003 0002 0001 0000 7fff 7ffe 7ffd 7ffc
0004 0003 0002 0001 0000 7fff 7ffe 7ffd 7ffc
0004 0003 0002 0001 0000 7fff 7ffe 7ffd 7ffc
0004 0003 0002 0001 0000 7fff 7ffe 7ffd 7ffc
0004 0003 0002 0001 0000 7fff 7ffe 7ffd 7ffc
0004 0003 0002 0001 0000 7fff 7ffe 7ffd 7ffc
0004 0003 0002 0001 0000 7fff 7ffe 7ffd 7ffc
0004 0003 0002 0001 0000 7fff 7ffe 7ffd 7ffc
0004 0003 0002 0001 0000 7fff 7ffe 7ffd 7ffc
0004 0003 0002 0001 0000 7fff 7ffe 7ffd 7ffc
0004 0003 0002 0001 0000 7fff 7ffe 7ffd 7ffc
0004 0003 0002 0001 0000 7fff 7ffe 7ffd 7ffc
0004 0003 0002 0001 0000 7fff 7ffe 7ffd 7ffc
0004 0003 0002 0001 0000 7fff 7ffe 7ffd 7ffc
0004 0003 0002 0001 0000 7fff 7ffe 7ffd 7ffc
0004 0003 0002 0001 0000 7fff 7ffe 7ffd 7ffc
0004 0004 0004 0004 0004 0004 0004 0004 0004 0004 0004 0004 0004 0004 0004 0004 0004 0004 0004 0004 0004 0004 0004 0004
7ff4 4000 4000 4000 4000 4000 4000 4000 4000
4000 7ff5 4000 4000 4000 4000 4000 4000 4000
4000 4000 7ff6 4000 4000 4000 4000 4000 4000
4000 4000 4000 7ff7 4000 4000 4000 4000 4000
4000 4000 4000 4000 7ff8 4000 4000 4000 4000
4000 4000 4000 4000 4000 7ff9 4000 4000 4000
4000 4000 4000 4000 4000 4000 7ffa 4000 4000
4000 4000 4000 4000 4000 4000 4000 7ffb 4000
4000 4000 4000 4000 4000 4000 4000 4000 7ffc
7ffd 4000 4000 4000 4000 4000 4000 4000 4000
4000 7ffe 4000 4000 4000 4000 4000 4000 4000
4000 4000 7fff 4000 4000 4000 4000 4000 4000
4000 4000 4000 0000 4000 4000 4000 4000 4000
4000 4000 4000 4000 0001 4000 4000 4000 4000
4000 4000 4000 4000 4000 0002 4000 4000 4000
4000 4000 4000 4000 4000 4000 0003 4000 4000
4000 4000 4000 4000 4000 4000 4000 0004 4000
4000 4000 4000 4000 4000 4000 4000 4000 0005
0006 4000 4000 4000 4000 4000 4000 4000 4000
4000 0007 4000 4000 4000 4000 4000 4000 4000
4000 4000 0008 4000 4000 4000 4000 4000 4000
4000 4000 4000 0009 4000 4000 4000 4000 4000
4000 4000 4000 4000 000a 4000 4000 4000 4000
4000 4000 4000 4000 4000 000b 4000 4000 4000
7ff4 7ff5 7ff6 7ff7 7ff8 7ff9 7ffa 7ffb 7ffc 7ffd 7ffe 7fff 0000 0001 0002 0003 0004 0005 0006 0007 0008 0009 000a 000b
4000 7fff 0001 4000 4000 4000 4000 4000 4000
4000 7fff 0001 4000 4000 4000 4000 4000 4000
4000 7fff 0001 4000 4000 4000 4000 4000 4000
4000 7fff 0001 4000 4000 4000 4000 4000 4000
4000 7fff 0001 4000 4000 4000 4000 4000 4000
4000 7fff 0001 4000 4000 4000 4000 4000 4000
4000 7fff 0001 4000 4000 4000 4000 4000 4000
4000 7fff 0001 4000 4000 4000 4000 4000 4000
4000 7fff 0001 4000 4000 4000 4000 4000 4000
4000 7fff 0001 4000 4000 4000 4000 4000 4000
4000 7fff 0001 4000 4000 4000 4000 4000 4000
4000 7fff 0001 4000 4000 4000 4000 4000 4000
4000 7fff 0001 4000 4000 4000 4000 4000 4000
4000 7fff 0001 4000 4000 4000 4000 4000 4000
4000 7fff 0001 4000 4000 4000 4000 4000 4000
4000 7fff 0001 4000 4000 4000 4000 4000 4000
4000 7fff 0001 4000 4000 4000 4000 4000 4000
4000 7fff 0001 4000 4000 4000 4000 4000 4000
4000 7fff 0001 4000 4000 4000 4000 4000 4000
4000 7fff 0001 4000 4000 4000 4000 4000 4000
4000 7fff 0001 4000 4000 4000 4000 4000 4000
4000 7fff 0001 4000 4000 4000 4000 4000 4000
4000 7fff 0001 4000 4000 4000 4000 4000 4000
4000 7fff 0001 4000 4000 4000 4000 4000 4000
0001 0001 0001 0001 0001 0001 0001 0001 0001 0001 0001 0001 0001 0001 0001 0001 0001 0001 0001 0001 0001 0001 0001 0001
1653 3854 0119 1aef 0289 056c 2b84 0419 0f2e
30b6 144d 3ce3 1d39 1711 0625 11ea 1409 23ed
0a8e 01a0 34ce 31cc 3612 0257 03d0 3bc7 3819
3d53 2efb 314e 2702 0e80 34f4 0f60 3dd3 2332
0d46 136a 098e 09af 3d5d 3cc2 18f6 37db 074f
3268 11a4 2c8c 2060 2cb1 076b 1d78 105f 2a6d
2ef2 3568 2d90 14a3 1505 38f9 3171 22e4 00c6
2db7 252f 1367 16e8 1848 0270 21d4 13a8 390e
2bcf 3a68 2e6f 238c 2b3b 2ad8 0106 0929 1d12
3825 2623 1c3b 167d 26f0 0382 049c 0f97 225a
1b36 329b 1d9d 363c 1b18 2e50 2ed2 3d8b 3321
13a1 0032 00ff 116c 12c6 0089 1157 21d7 18d5
1bf1 2396 1b9b 388a 3f73 22b9 06b8 1bf8 162a
22da 36fe 0049 3f13 05cb 33f0 2475 37ef 2098
121b 1e65 3b3c 3f9d 34f5 157c 2c69 1cef 375e
395b 001f 1e18 15f3 08b8 018f 02c3 351b 0e21
3fa9 30da 20a8 0290 21a8 0005 0ec8 1a4e 1417
09d3 3148 0ee8 083a 3cb6 2426 3d6f 2d7a 2dfc
33db 2f2c 1bc4 230b 2d23 254c 1a5f 134d 2b38
318a 1f83 210e 1d84 33a6 1096 0b31 1a67 1beb
3d75 2336 0e34 3f4f 35f2 0fb0 394f 11cc 3812
0e49 10cc 0f85 1f37 2d79 3453 37dd 3f67 0332
2049 1ed7 0b1b 3b39 110a 0ee6 08fb 0681 0047
38cc 3bbc 3998 2093 14ab 19c4 0df4 1446 0911
3854 3ce3 3bc7 3dd3 3d5d 3268 38f9 390e 3a68 3825 3d8b 21d7 3f73 3f13 3f9d 395b 3fa9 3d6f 33db 33a6 3f4f 3f67 3b39 3bbc
5d3b 244b 4ea7 2f56 790c 7f34 7b73 1b46 71ba
7ac9 0d9e 75d0 375b 6094 00c9 2dc3 62ff 2d6c
0a1b 0c2c 2a3e 0c77 68f1 0b40 4766 2390 5c06
35b6 204d 2619 1fd7 5f55 52ac 35cb 7cb2 0a16
0765 1c49 3ac0 4733 35fa 6ede 302d 0d7c 722c
2433 6032 2db6 5e68 05cd 7a5d 7482 5869 675c
07c3 4b78 23b1 4c44 04ca 7d4a 086a 4a2a 6195
2799 1e71 61be 00b6 6154 0703 3ef8 61d3 3639
5632 08c8 2b17 4978 5f0e 0bc9 1017 3ca1 6629
390b 5ce8 005c 4d2c 3a58 6f93 7959 6e03 3d55
1c64 797b 65ce 73da 7749 2bda 4225 79f9 58e2
6aa6 6d4a 4f55 67a5 07f1 2358 0870 58be 29cc
726d 3347 4941 6fd2 3e02 653e 09ab 6279 2941
61bb 4dc6 7f24 1e86 252e 0f42 1f2d 46b0 308d
0136 77fe 43bd 21c5 5461 3e34 1509 127c 491b
4964 3e54 1ace 5581 303d 51c1 1bed 08ab 7981
433f 1b3e 6e2b 0f4c 3258 77c6 217b 3dc2 2bea
26a6 55a0 6b11 391a 03be 70d9 453e 119b 03d0
7fcc 3e84 69a5 5d2b 5b4e 2824 0160 0755 0bca
1af9 45ed 25de 4a09 2510 4ead 30f4 0a8d 603a
6255 4fec 3308 4bd7 5435 1185 3c15 2955 56e1
066f 769d 292f 6fee 36db 560a 4fca 7d7e 4505
3622 208a 3d9c 581f 4e11 4a9d 6461 5a22 102b
6efd 1c3b 3585 0627 2066 1710 3c22 76b6 7696
2f56 375b 2a3e 35cb 3ac0 2db6 23b1 3ef8 3ca1 3d55 2bda 29cc 3e02 308d 3e34 3e54 3dc2 391a 3e84 30f4 3c15 36db 3d9c 3c22
0ca0 2123 445c 6798 37d6 653d 6080 6b78 5a64
212f 3259 0a74 6d86 6a7b 1e8d 291d 4e38 3d7e
6dc2 7020 50aa 7302 0caa 2e39 0700 3029 3aef
6488 4708 54f4 2942 0385 20fa 0f94 3e28 0c0e
3b60 0649 2363 415b 52ab 3e33 422f 0072 62eb
5302 6a73 73b1 11bb 3fde 2072 4bf6 7733 27bc
3db3 266f 57ec 5e52 08a2 046f 5fdf 47c8 1440
4de1 7d0e 2368 2b3c 3df3 3958 739c 2662 4bc2
1a93 37c4 2a1c 7374 3db9 24d5 5c7c 3311 736f
4eeb 2c65 6af2 1b08 64ae 125f 6684 116b 2062
0708 213c 3546 1113 31a5 2eaf 051b 3755 152d
39c3 6713 4819 408d 311b 23e3 0dbd 5035 47da
38a6 1882 56ce 42ea 1117 59e1 6a69 2660 01cb
5304 5dc1 3bcc 0817 7b0a 0252 2244 7100 6053
50c7 6678 5ce3 0bf0 338c 1d0d 09be 43dd 51c1
6a06 570c 5165 7678 3e97 7c95 15a5 3f2e 66b2
58e1 3b13 043c 783f 03ea 06bd 2b74 1996 52aa
44e1 48e3 5525 4f33 4b2b 3af2 6099 2dd4 2f13
7048 415d 70f7 0f3b 585e 4f43 25c2 08a2 2d0e
2466 2bc4 7c53 7a24 6019 2f59 6f56 6815 220f
1a40 35ee 1f32 356f 7867 793c 1b7f 7bad 49f1
6819 5c51 5e82 53ef 45b7 032c 26be 1ba0 3b10
525a 051f 4726 180e 0f70 7721 0342 1350 39ca
1b17 6aef 5824 08e0 34f4 3eed 5df6 69f8 6f11
37d6 3d7e 3aef 3e28 3e33 3fde 3db3 3df3 3db9 2c65 3755 39c3 38a6 3bcc 338c 3f2e 3b13 3af2 2d0e 2f59 35ee 3b10 39ca 3eed
0753 1f23 76e4 7270 37b8 4bbc 2f79 22db 3ae4
6c31 2db7 35f5 47a3 3db8 1449 1fc6 6b0a 37bd
227b 1e69 6769 31cf 6b0e 437f 667e 04d1 0eb0
04ee 1e4e 0489 074b 2d12 1e8d 7c09 5b32 02e7
0ace 5101 78c5 3f28 7dbf 097c 7d2e 0d3a 620b
0221 2656 2d01 71b7 7a4f 2173 55d6 396a 6e6d
2645 3ae4 2ced 71a5 535f 348b 50c7 3ce4 1315
1376 6af2 3db7 63d8 68f8 0563 110a 28e6 3887
34d0 587a 1fb3 1bef 2995 5548 7766 3083 120c
60d2 5725 53cb 2bcd 0e72 1ef5 3f0c 5c55 3a8a
7663 5aed 7f79 32e0 04b9 6d7b 3058 51ec 43fd
292b 5318 5daa 2644 62a5 57df 5a92 3245 5083
27a5 2cbb 7042 79a5 51e0 082a 2c8d 36f9 48d1
353d 4587 1f85 587f 0f2d 55b6 256c 216e 33df
566d 2881 7217 6472 0b98 7bda 2218 4126 014e
1049 058c 5174 0570 0cd8 6836 1e74 3c93 4a84
688e 1a2e 52d8 178d 3804 3cf7 03a3 6021 4093
5e12 19f8 7f7f 544d 0b30 6d9e 7de8 5e4c 123a
1171 65ba 2810 0474 158c 69c7 7ab4 32a8 690c
4622 4d7d 6558 250c 56b8 6329 04b3 05ae 657e
61aa 4dc2 1be6 3c44 6a25 5439 2c19 4655 580b
5f67 07d2 5266 0323 7f0c 26be 7fe8 437a 04c3
4aa0 6e97 4aad 6d5f 5a9a 29d9 4c80 542b 494e
2eec 1533 595c 2cc9 3b1c 176b 145a 4280 52be
3ae4 3db8 31cf 2d12 3f28 396a 3ce4 3db7 34d0 3f0c 32e0 3245 36f9 353d 2881 3c93 3cf7 19f8 32a8 250c 3c44 26be 29d9 3b1c
7253 6c26 28f3 277e 49a7 1e70 540b 0916 3136
3a81 78c8 65b5 6f52 7237 4158 2092 7441 15e3
7d13 1c14 5e28 3b4b 7e10 7407 3e33 56c8 124f
4c51 2f42 4248 2143 434b 73bf 632e 6025 0923
15fd 2524 7e78 0dc7 2b1c 3f6f 7844 02d4 56c7
42f5 092e 68fa 180a 2b44 0db0 1635 7102 5277
57bb 57ba 008f 2de6 6167 04c2 376c 0295 296b
0404 615b 431b 4f20 4989 1945 2741 549d 6aa9
3d9b 7236 2810 6931 759f 1eb0 009f 4271 2e36
7453 113a 74e0 2704 4efa 463e 7063 707a 6fe3
531a 5b71 4689 1ec0 2794 020f 7ea7 02c0 73c5
0593 5293 13a9 7793 6fc1 16d4 3f5a 3037 0a34
6658 095a 24b8 7cf6 2ef1 415a 0a29 2f7d 70e1
0628 499f 0bf6 14bc 3c39 5129 4b82 1381 1161
5935 3a70 3ad7 7c88 6187 3beb 2e64 4d1a 74be
38b3 59ab 676a 5909 3cdb 7e6c 72c2 2c10 2e89
65bf 0f08 7987 014f 06ca 6854 3537 0cbd 67da
6b5a 34f1 6b56 41d3 2ea2 3bfc 552e 224a 0797
265f 6479 289e 6e02 38f8 49db 6926 4aa0 1181
3f93 4f58 7e4d 30c0 552c 7e0c 0452 278b 1fce
7b61 2fa0 4d84 5b1b 7496 241e 74dc 1bcb 40f7
0d98 3e14 366a 34a5 051f 2bab 08bb 1f10 1422
0888 3f31 6e75 061c 5eb9 1ac4 4655 4714 6873
2d19 3130 274d 67f9 7aad 7ace 6fe5 2c50 103d
3136 3a81 3e33 2f42 3f6f 2b44 376c 2741 3d9b 2704 2794 3f5a 2f7d 3c39 3beb 3cdb 3537 3bfc 38f8 3f93 2fa0 3e14 3f31 3130
1334 25d3 7a52 72f2 328b 53cc 68e2 6e4c 4e41
2c70 1d21 168e 70a0 6569 13f5 1e74 2d56 0430
7288 441d 5fdd 75c6 5601 1e8c 06e0 7611 42b4
6ebb 6666 72a8 4a3e 3daf 3699 6bf4 47d4 7fe8
2651 5f6b 38a3 231b 13f3 4b4d 2456 0fe4 28a4
5d31 7b8a 4d52 4f2e 6b2c 7888 3612 4a6d 2888
2fd6 6b67 1fc1 53d0 722a 7709 76ce 5f1c 3537
2b8a 2b61 1a9e 2190 7003 6cbc 332b 5f05 6a68
50ef 2be0 7e99 0844 6c8c 4076 4ccf 2cda 1f36
1fbe 07d1 5a99 748e 68fc 550b 67bd 0ff2 778a
42a9 3f45 722c 41f0 00b2 1e29 79e7 7d55 7d0c
50b0 595b 6ff1 0104 097e 634d 6b11 07ac 67c8
1887 5abb 0b1e 637d 3262 5579 755c 2597 0c65
53a2 230e 1cf8 04ea 4577 3eab 6ce2 3735 6c80
057f 1a83 1780 6f33 02cf 56e7 0ef4 3750 5697
5a27 0ad0 6f34 33a9 26dd 4058 2e33 3c77 2ec1
7cfe 797b 1138 297a 6c6f 16b3 0694 5334 68a6
1663 322d 3331 633f 1d6b 621b 430d 0065 187f
14ad 2b1d 3ba6 4cc1 05b7 143b 7ff3 3ed9 6220
4de9 5f3e 37d8 2d8c 06d8 5ebf 6de8 7207 7050
1286 612b 6c9a 4759 7097 4db7 65ff 3780 0dc7
642a 51dc 2e4d 4cfb 754c 3c73 1519 02ad 5809
1ec8 1fa8 7adf 5f55 0214 7223 233a 17bc 0f3c
6ec0 655f 01a7 7f52 0256 2c30 7a6e 5657 2cbe
328b 2d56 1e8c 3daf 38a3 3612 3537 332b 2cda 1fbe 3f45 097e 3262 3eab 3750 3c77 297a 3331 3ed9 37d8 3780 3c73 233a 2cbe
24c1 3990 11ae 3912 3510 306e 515f 0e5d 0ace
441c 7a7b 3729 5b5e 6dcb 25e2 2261 1f64 03aa
33b0 7959 646d 75fe 0ac9 2e11 1cbb 1511 635e
48b5 5525 2400 0e45 1905 0d08 3eb3 3abe 3981
20b4 6495 20be 60ec 750c 210f 6d01 6d3f 6c97
4c66 5615 17c3 2b6a 30d0 2530 719d 07ec 4daf
1dce 7afa 763a 74f9 204f 6278 50f5 3f5c 5383
726a 2627 215e 1fa8 0284 7df2 5093 26a4 6483
7711 2789 0c6d 30af 3713 51cd 4af2 3734 1387
5370 461d 1475 7470 0025 419f 5207 5bd5 0e33
3ef3 1a3d 6331 5a65 52e5 3550 2dea 3f69 2008
3eca 0156 4961 6326 126c 54be 35ec 2487 52ce
3a2f 3a23 7534 50d2 4f2e 4e82 4606 13ff 6714
7223 461b 53df 6945 2224 594c 179d 2c7e 2186
387d 0b3b 2379 3357 25da 4e0d 37d4 0e79 4194
472f 52b2 2b5e 7718 28b1 3925 2a70 280a 18a6
185b 71a3 64e8 2d9c 49f7 6ea1 4872 1db8 01fb
7965 4c51 75fc 756e 450e 0d10 78f9 09dc 7c73
28f1 40c6 7e12 358c 5dbc 1b72 260e 722f 1983
1949 5492 25bf 6b55 5511 6826 6fc2 4107 5426
74cd 1d6c 47eb 2016 07d5 7c74 2a46 6481 30e6
050d 16f0 0672 051a 0ab6 2e0b 5ffb 1eac 1ec6
5e0b 320e 658f 26ad 0f36 23c9 089e 0e75 019e
4376 287b 4843 41dc 7a7e 3511 3936 4697 21a4
3990 3729 33b0 3eb3 210f 30d0 3f5c 26a4 3734 1475 3f69 3eca 3a2f 2c7e 387d 3925 2d9c 0d10 358c 25bf 30e6 2e0b 320e 3936
5fa0 242b 46d1 4eae 4448 2ae2 67ec 11f7 3116
40c7 6d0d 5588 463a 7b45 6eb2 5360 16c3 06b6
4959 3c74 0647 0cbe 6104 55a2 6741 692c 2c4e
5738 49f9 5d9f 244c 16ae 123e 47a9 23fd 2180
12be 3185 6554 31b5 6ff8 53d0 625a 1ccb 35e6
45f1 5ff3 3a85 72f3 2c26 4e46 5245 344b 007f
6d84 20f3 4a18 7d7a 201c 50d3 059a 3d26 0779
7587 7009 563c 62cb 1232 75ac 6139 2fa1 5f10
1059 4fe2 2535 1fe2 395b 0b20 1821 6233 3f35
672a 6ed9 73bd 1ab3 6d34 1b1d 2e0c 138a 6d1b
04d2 4d74 50f0 1308 1143 7a3e 1d2f 39b7 64c9
03cb 7020 0057 3c8a 57d7 2b38 4c3e 1306 362c
4fab 1fa5 7c45 2cd5 3d98 6228 1a71 7802 0e69
52fc 021d 3c65 2f3e 00cf 1e36 0e09 3af8 2aa3
4d65 0b2a 24ce 3a49 48e3 303e 6314 4dc2 5053
09e0 5740 4dd8 2dbf 04fd 1b49 328b 005d 2478
14ef 7d86 3ebd 7907 3af9 377f 738c 7faa 636c
6dd9 0791 31a1 3e20 1c33 655f 61c8 48e1 6d4d
75c8 345d 05e7 13d9 7040 0e62 6253 3a2d 799b
5133 4477 0e04 1a32 1b44 2224 697e 5c61 1777
78de 5df8 1c10 7a38 4a7c 2b05 01d9 789f 56be
032d 26cc 2c06 5744 0617 7fe5 7577 7ce6 7413
2ef4 2bfe 442a 41c5 71cc 4880 654f 78b6 7e65
4777 707b 46dc 3058 3f6c 1486 54fa 6453 0049
3116 16c3 3c74 244c 35e6 3a85 3d26 2fa1 3f35 2e0c 39b7 3c8a 3d98 3c65 3a49 328b 3ebd 3e20 3a2d 2224 2b05 2c06 2ef4 3f6c
16f7 3bc9 6b8e 70ab 1f24 4de4 6e70 1e63 5f5b
1789 7abe 5446 3e8f 153c 3215 45ec 2b1b 1062
2200 478a 642e 3e02 3e6e 41ab 3cf6 3506 2144
308d 7774 4f72 7b73 7668 12f5 7638 1a8b 363e
7878 607f 1961 7625 362c 450d 7d63 5e35 3e41
2653 1f76 74c5 65a9 5149 408c 4f9e 0092 1e46
7d6c 3aba 23c4 7f52 5d95 7a10 6003 34ba 0939
63de 1d7d 5b2f 5050 51f0 6617 5473 2b4e 294a
5586 39fd 714f 6e63 10aa 3dbc 2465 5b4f 3d4d
083e 24f7 374e 23dd 15f3 24be 1e63 6288 1da4
3193 7b05 5370 163b 1340 72ce 257c 04c9 7824
326f 5131 39a9 294d 59cf 2c5a 680e 35ec 35d0
5e9c 376f 6fdd 0259 34bc 4c83 0fb2 731a 1ebb
064d 7041 31dd 1cb1 0b30 50fa 1d90 5be3 6616
6299 2942 0e6a 18c0 7e1b 68eb 4378 64e5 7e18
5880 0dd1 4852 16a3 2a11 6032 6600 1980 6143
6084 1111 4607 3a14 3e66 3fc8 1d78 6de4 5919
39e8 41fd 096c 3565 30aa 482c 2431 717d 1e99
12c9 751a 7129 3903 2517 6af1 0ccf 1442 3f26
5dcb 1f59 3557 6830 37fd 0e48 39ba 4b42 7c0c
2df0 268b 05a9 6bc3 493b 691f 6958 3a71 4647
115b 6936 6758 45c0 7f6c 4c21 0de8 48ff 6c50
3521 6919 4330 33dd 50d9 747b 25d0 52dd 5170
00a1 7aa7 1748 7dcd 47c2 5dc8 23ae 13f6 024a
3bc9 3e8f 3e6e 363e 3e41 2653 3aba 2b4e 3dbc 374e 3193 39a9 376f 31dd 2942 2a11 3fc8 39e8 3f26 39ba 3a71 115b 3521 23ae
2c43 0023 7d12 5afc 58ad 7d9e 59fa 4a35 2df5
34bf 1e6d 72e2 6d91 526c 336d 3861 736a 65e4
6872 2385 0fc0 0c3b 0c78 01ee 3160 6b39 3460
1137 5df4 53c9 5cc0 545d 56b1 2705 0036 02c2
06b7 56a3 795d 1916 05c2 068b 5a05 7226 428c
518c 62a1 12ce 342e 07dc 4d70 2509 6600 0602
329c 0731 5793 49ca 2c38 332a 2f68 2c23 230a
4e9c 0c37 49f9 3e95 1cfd 60b1 4e73 537d 272e
5ab8 1b04 16be 2a43 57c6 02af 457f 5b1b 2c67
76da 0496 4e0b 41c6 260c 2a7b 683a 355f 72e0
4502 72c1 6130 3b8f 3183 672b 21a3 79f9 61e7
389f 43d7 26f7 1a4c 3d37 432d 4ae1 062c 5e21
22f1 48d7 2240 20a3 2865 37a0 345a 2c09 233a
206a 2cea 6d7b 14a9 4244 0a76 10ef 632b 5b62
493d 6424 2636 2d02 275b 3504 77bc 6945 1ce4
32bc 6574 05d8 27f8 7844 6f1c 2abc 6303 3ecb
181b 53fb 572d 7480 36be 4cde 5ba4 2f85 6e15
52f4 3bcb 3ca0 69d5 0ff4 1253 5f0d 0fc1 7c1c
678f 038e 3635 5a90 3555 19dd 1d7f 42a1 5f76
2b8b 1c78 310e 7693 3572 7a52 5b4d 57ab 1749
1b37 42e2 49e3 7353 4f1f 421f 56fc 4f14 4387
1751 7922 786c 49f4 5938 784a 7a35 0b47 5604
1d11 1797 5459 729a 5f91 08df 1a5c 395f 09b9
1f8f 21eb 15de 12df 7566 4c9b 0051 77fc 6b97
2df5 3861 3460 2705 1916 342e 332a 3e95 2c67 355f 3b8f 3d37 37a0 2cea 3504 3ecb 36be 3ca0 3635 3572 1b37 1751 395f 21eb
2a1d 601f 523e 76d0 6f1b 69dd 528b 5272 6e8c
7b67 0db4 5f66 2c95 4d3d 003c 5259 6043 2bb5
4455 13e6 52ca 7650 4789 50fa 41bf 70f5 6ce4
4a0e 7e21 2569 11a8 1a3f 614f 6af8 5957 0b86
12c8 4f1a 6915 1f6f 3b09 5e99 22e2 0d61 6823
368f 36ce 2e68 1df3 7f0e 67ad 407c 2b1c 53eb
01c9 5501 5b30 204b 32ea 31b3 4c74 1920 7366
41a4 51d9 0fee 069d 62f2 257e 32e8 355c 41a7
377e 5b06 1fae 1f75 085e 2f0f 4496 5d92 1b02
4b84 29a7 3057 3677 752b 449e 6d98 320e 4c85
2b8e 1ea5 7f0c 0cb7 11d0 3562 04c3 5d9c 6ac7
3bb5 7ef6 56ce 0586 0cd2 00fe 347d 2d36 0a8c
033f 4db8 5230 62df 5cd1 7418 155f 7054 11c8
6ee6 60df 6207 3d98 6f3e 6862 6ef5 676b 0189
17c8 53e5 57d2 2371 1209 5b66 359b 19dd 12b2
5fad 3dd2 6b72 52e4 7c3a 7c52 3dd0 4f2e 7c36
3fc0 1ffa 287e 3939 4f3b 64e4 1851 0a5a 4237
64d5 5d36 7b37 682c 0333 11e8 008c 3b27 231f
7acb 4c7c 1235 5855 43c1 3f9f 428a 3c67 3889
399d 45a8 2177 14a3 39a2 7c5f 0b53 40b4 7a8e
2883 1122 3e0b 1a77 2cae 2d4e 6bc5 4ff0 6d66
2ba3 4d6d 49b6 55e7 3f1f 592f 625a 6aef 3b1f
1041 1c73 50e5 57b1 0c8b 5fb1 5d6e 0e1f 672c
3f0a 175e 18ac 0f51 76a6 3dd7 40d6 5eaf 3ede
2a1d 2c95 13e6 2569 3b09 36ce 32ea 355c 377e 3677 3562 3bb5 155f 3d98 359b 3dd2 3fc0 3b27 3f9f 39a2 3e0b 3f1f 1c73 3f0a
0cef 4465 4503 1584 2fb0 35ef 13dc 13bc 5f47
1a7e 3c27 0174 00fa 3d5d 352a 34e5 2506 08b5
1f3a 6222 116e 2731 7f64 1963 0618 66bd 3436
4a4f 5afa 0e30 4280 200e 067e 5e2c 4d3c 027f
14ca 473d 528a 52a6 0c24 2406 54df 0370 1f41
540a 04dc 1e7c 10b4 7809 5c79 5dff 65a8 6dc8
4bfd 2672 4ced 570a 3538 291e 1d55 6a62 1e7d
62fb 5b5c 5623 594c 0117 589a 4930 59e8 61b9
4072 34b8 334b 33b6 7820 4806 7013 2291 4ca8
1b65 6702 3db4 3728 1bc1 2e64 79b6 4573 1b35
67c7 08ea 2c38 27fa 67c3 6127 219a 269b 5edf
18bd 0564 4c1f 7bc7 71e7 5647 5d07 36a4 21b0
17f7 29fe 2ca0 0236 5238 0027 6c3d 7818 4bba
36ba 0213 5ef2 31f7 5a66 2023 04b0 738d 15bd
2d0c 5153 34bc 6bd1 54d3 62b7 0671 1f9a 216d
7bf2 7c13 67d6 5555 62e8 5bd7 5913 6fd9 32aa
0447 12e0 498c 2267 091e 75c8 2102 6f64 4178
5e0e 48ac 7edc 644f 2bc7 2247 1a52 5ac0 32cd
3801 4962 1577 6cd7 3012 6469 5b22 1b46 6715
3404 3f0e 15fc 064b 3565 48b7 6fb8 4cd3 567e
512d 545a 2647 7ef8 592f 6d61 3e4c 3dbf 3e73
5c0b 6305 5f42 19e4 7d27 23de 3336 635a 4b83
2dc7 73fa 08fb 7435 085b 7d3b 11c5 3293 55d5
6abd 59c2 1d1c 4762 167a 21bf 124f 1872 6470
35ef 3d5d 3436 200e 2406 1e7c 3538 0117 34b8 3db4 2c38 36a4 2ca0 36ba 34bc 32aa 2267 32cd 3801 3f0e 3e73 3336 3293 21bf
7fcd 6494 2fab 3f43 4e17 0e9b 3b62 2c5d 6852
0ad5 4433 519a 1b37 4892 63dc 69ac 02ee 45e6
43c3 33b6 5511 5f7d 4fb2 3df7 179e 282e 40e1
7518 6581 25e9 7c30 5dfd 104a 79b8 2f58 4e20
6a36 62ed 0d7d 39d3 59d8 1e02 0980 1cb2 4f5c
6ed9 56a1 228c 273b 0f56 1a07 66a3 1e0d 644a
5cfc 7a39 5573 0334 1e53 4716 19df 68b0 69ad
6bc3 7e3a 292f 6bc0 1184 6b41 6f5a 2eda 0189
6668 2df2 3a73 1244 4248 0738 691d 17e4 34f6
1fb8 488a 54b6 36ee 07fb 216b 54ba 001e 1339
0257 728e 1774 70f9 7131 7301 4644 57b9 02cf
0082 034e 52ad 64ca 6000 4308 7d8a 7326 48a0
5f56 6809 5536 0ddf 3f1b 459d 363e 0e35 45dd
49c5 0ac2 1f0c 2f14 43d5 34aa 7b82 44c3 0d16
51f1 218e 46f0 3d87 59fb 4f2b 0689 0ead 40b3
1c4e 0b81 6699 0e3f 4ed5 3ff8 639c 54f0 1cdc
5e3f 4ebb 634c 685d 5ce1 2137 53d2 3caa 6de8
3c69 3f4b 50ec 13a3 363f 798a 2906 7b32 1004
7a81 22fe 4754 6fe3 33db 1a61 277c 6a22 771f
680f 7d0c 70a9 6db4 4ee9 5b43 0350 3a2e 213b
01f4 5b3b 2ba1 5a6c 2647 6187 67e1 5867 7b01
2f93 1cea 2541 4fb9 3c1e 2ad6 3918 50c4 69b6
3dcf 65ab 1629 046b 6d0f 3e25 3c18 0a8f 63a6
4215 1839 6814 03c6 68d6 0925 0a9c 4922 3d15
3f43 1b37 3df7 2f58 39d3 273b 1e53 2eda 3a73 36ee 1774 034e 3f1b 34aa 3d87 3ff8 3caa 3f4b 33db 3a2e 2ba1 3c1e 3e25 3d15
59d2 1bad 4913 2377 1b23 122b 5dbf 4167 320e
0300 6ae8 3c90 4d0d 5a6c 5c40 65e1 440f 35fa
3ce0 412d 3365 00b2 585c 7f55 4fd0 199a 3f76
6e16 2165 31bf 7f9d 5aea 1dbb 590b 1394 0b9a
4677 1c54 6a2e 47b7 4f13 4e53 04e0 5186 70e1
571e 0830 558c 55d2 51f1 645b 412e 05c5 379b
485c 1198 2dc1 7996 05bc 088c 4ae2 33c3 198e
70d2 5f20 25d1 4997 1a67 0334 0878 4147 3de0
4be4 31ab 5c05 6c4e 1f22 18ee 26d1 14cd 4240
3778 78bf 6c42 78d9 1e47 6b86 0c44 5432 57b6
56e2 26d0 1112 6219 033b 7a21 3b40 4b18 4033
04ac 03dc 7620 7535 197a 7985 546d 647c 0969
16f4 3725 21b2 7a6f 39f7 62ad 7618 347d 7d84
0dfa 4425 4f71 1096 1dea 4296 7b11 5a42 118a
0d88 7f54 4349 6c53 75d9 519d 2c85 5726 568e
4a93 335e 4276 1037 18a8 68b7 78aa 28ad 3cc8
1e6f 1e7c 60cf 6fc5 0a20 1119 031f 21e7 17f0
212d 126b 27b8 1232 216f 0b29 502c 3115 4b1f
3264 6bab 6568 4617 28f7 173d 486e 0053 51ea
3054 60d3 0678 2a35 45b6 18d1 13d4 389e 760b
7a47 0d16 0256 0025 601c 7dea 03da 6633 0ee7
1b75 1ba1 119d 11b0 2e18 7812 299f 10d8 5ea9
389c 52ae 52be 32f3 3cbc 0b12 323f 390d 44bf
14e5 1108 5d3a 7f6d 1496 0471 3fca 620d 57ec
320e 3c90 3f76 31bf 1c54 379b 33c3 3de0 31ab 3778 3b40 197a 39f7 1dea 2c85 3cc8 21e7 3115 3264 389e 0ee7 2e18 3cbc 3fca
2e52 13af 6288 433e 474b 4b42 65ba 4a44 5cd8
56c8 6a50 48b2 0e22 01fd 5d01 66bf 5a5e 79a5
2e63 3112 6b1c 36c9 0533 5465 5710 76a0 62bd
1e57 1885 40e7 4971 4277 4ed8 56de 734f 6726
2b43 75b9 67cc 57d2 119c 291c 1b84 5e7c 25b5
704e 765a 03d8 2eb4 46be 3bc2 6f76 218a 7a1c
094f 4230 3234 18b2 3c40 0f3f 7736 067a 42c9
254c 1440 2bc9 69ce 34ce 324e 0b1a 28b3 1ec1
0c56 7506 3be6 0b04 3521 0106 6c4f 20ed 6cbd
6239 4a51 13b3 1796 4bdd 2026 3b20 7572 16a4
3b3e 34f8 531f 54b6 7423 45d8 7794 5bd8 2e7c
64e2 08bf 06d1 011a 7251 3449 62f8 04d4 6675
3320 0f71 7ba4 5f71 552a 0039 358c 509f 52f3
7ca7 7440 0b1c 1120 19bd 10e6 3f9b 6976 5d8d
6159 43e0 0bf6 6c5b 5f1d 1504 6dbd 350a 4b0f
33ed 4c33 21da 2a4d 1558 21e0 63e9 3f0e 70ca
1eb4 3eb6 278f 4578 276d 4c5b 4dab 7274 20a5
4c59 40ca 1928 7b90 68ba 1b3d 6310 25bf 0344
0493 69fa 078f 3039 57c2 3379 0af5 11bf 6491
2738 76e2 125f 7549 3185 7bff 6976 3d30 0115
01a3 2acc 034a 3a90 3d83 2606 66d9 3718 4d0c
22d1 2458 2514 2009 1500 497e 076a 2f06 74c0
74fd 319b 0301 5c48 50c3 6472 399b 722b 28ac
599c 661b 6e6e 7800 1e3a 656f 14fc 7953 1efb
2e52 0e22 36c9 1e57 2b43 3bc2 3c40 34ce 3be6 3b20 3b3e 3449 358c 3f9b 350a 3f0e 3eb6 25bf 3379 3d30 3d83 2f06 399b 1efb
64fc 007a 6ef9 0c62 1fc0 0ce3 0a48 5f1a 17df
3b24 4dd2 6934 2499 00e8 34dc 6246 232d 7c55
4156 2998 393b 34ce 4a15 5e50 1c3c 5472 448c
0c30 2978 5ce4 697d 3fa0 68c0 69e5 2d71 410e
3ffa 0269 72ba 0e03 5c31 04b1 1b4a 2f96 042a
3526 10a3 629b 7781 1372 5026 00e4 239d 3470
373a 5892 027b 5af1 328b 788a 0c3b 1034 7730
539c 1048 2d64 2614 2aca 53a9 5f8d 466a 0371
205f 5948 4800 2cc8 1ca6 50d9 7350 24b9 3885
0ce4 0cce 62b9 115e 2ae2 12f7 6e6c 621c 5d84
7f04 5c01 22f5 02d2 4bd7 78dd 2b7d 24ba 2c0b
3981 2ba8 4a29 44ec 1bd6 5f2d 75ee 0051 14dc
1105 0ea0 6dc1 25ef 6dcb 34e2 6054 08c1 2e12
1ff5 06c7 0410 7391 033d 164a 5b1c 33f7 5b99
2d8c 4b9b 307a 509f 3993 0530 5d0c 344a 21a4
2164 6780 11d3 42da 6b03 5cfa 7501 4e5d 32da
39c3 6420 013e 71d1 76a1 4c8e 2cfb 58af 59c9
07aa 4272 0387 2585 1187 44c9 6e08 3348 57b3
0b03 59fa 092a 07e3 6fce 4b06 466b 0c9d 1fee
7670 27e2 4a15 6927 70f4 06f9 51c5 2b68 4dbc
3719 748e 33c2 1669 120a 642a 6b9c 783c 5f4f
2002 6ff2 118d 0473 18e2 1cb1 78b3 1beb 3623
08df 5c02 7996 73c5 6c88 5c0c 63f2 5889 0ba9
6ac2 20d5 05dd 18d2 05f4 7e53 463a 0ef6 60f9
1fc0 3b24 393b 3fa0 3ffa 3526 373a 2d64 3885 2ae2 2c0b 3981 34e2 33f7 3993 32da 39c3 3348 1fee 2b68 3719 3623 0ba9 20d5
5386 40ad 6ee3 1984 0ad0 406d 24d6 6799 1ea2
425d 1850 4b3e 102f 51fa 22a6 7ce4 0a9f 6a8c
22e0 6603 263f 016b 30c2 17c6 57ef 1098 57c4
7a5a 3287 0c17 0c2d 330b 3018 533c 40c4 2eaf
6787 5a06 0fd1 33a5 5dec 2b94 634d 3cef 424a
08e7 54ed 16e6 368f 633c 38fb 1cef 1c9d 220c
5acb 0357 7ec9 2e29 14a2 0d49 2bfb 7e59 5489
555a 4182 04a0 3cd9 1015 4d88 7d17 69e2 059c
3957 796b 0ed9 1ccd 29a6 6c1e 5b81 1cd6 6459
397e 4762 515a 331e 2969 7a61 1f79 4107 79b5
5e51 45bb 00ea 14fc 4017 3eef 4a5c 4654 6f67
6c27 6538 3e51 6ff6 029e 5653 1d42 45de 14ea
1e63 2763 4935 71bd 758f 439e 76cf 76fb 22c2
5ba4 68f2 3af9 45be 2882 038e 0685 7ff6 3a91
58d7 1377 46cc 51c7 5b96 4331 0055 1405 722f
369a 734a 7ce7 4039 280c 3e8e 3a54 71b4 6fb4
5660 0f32 145c 3712 7d2e 0253 215d 2f62 2d2f
0f7c 2e5e 54d0 6c88 69cd 1aa5 42c5 04b8 5102
1c6d 50af 5677 6065 5fd7 275a 2b96 14c9 5b71
6083 4ab9 15b4 2d75 06b4 444e 6fbf 5b82 3318
149e 2f0b 185e 5984 2a8e 4695 2293 1453 6d15
439f 3463 0e63 208d 068f 42f4 6b00 4f4e 7f75
2003 42fa 4084 5443 4be0 07bb 0cb9 43c2 0dab
3cf0 3889 2a06 39ec 4c56 5734 48a7 6bd0 5181
24d6 22a6 30c2 330b 3cef 38fb 2e29 3cd9 3957 397e 3eef 3e51 2763 3af9 1405 3e8e 3712 2e5e 2b96 3318 2f0b 3463 2003 3cf0
7802 45bf 0161 57f1 68d8 2b3e 416a 44d1 1649
1f3b 4251 4dfe 5e2d 3bc9 2621 3b4a 1fcc 66b0
07c5 0567 5b28 6ca4 5b91 2825 2ba0 30dd 5e2f
49e3 2662 581f 5f95 2aa8 7eb1 6e07 2300 63cf
243f 4364 154a 7a15 301f 5c6b 3914 38b1 5aba
5be3 673a 1cfe 25dc 2f6e 3d88 7bc1 7ea2 7fdf
4f0a 4cfa 4541 2fa6 3a0f 306c 06c0 375e 6e7f
3e15 5b33 38dd 5567 550f 53a7 7ddf 4e46 2d8e
093d 7f74 1e10 2208 63d1 23ea 7a2c 6b5c 438b
66f1 50d4 3fa6 45b6 50fc 355a 013f 1888 3dde
77de 6403 030f 0a62 6579 63d9 2670 5dbb 641a
76f1 7908 1690 6cf7 6675 42dd 06e8 3153 2215
13b8 2394 5a88 7be4 4018 0c1d 3e28 0f60 7d6a
0316 6600 0638 7e55 46e2 255e 5ab7 0700 7458
2b98 540a 7ae9 6198 6122 6b9c 3675 46d4 14bb
7b54 0722 4b26 3b62 3150 115f 6b78 6ed3 2821
1443 7059 63e4 0e08 5ea4 32e3 2524 1273 6045
005f 5e80 2371 73b1 0785 3ee6 63b8 5d23 06aa
502d 2832 25c3 5210 159a 5b0a 7131 0ff7 23e4
6e49 25bf 67c7 68d2 16b4 6246 29e4 466b 5c26
74ae 71c3 156a 21a7 7528 67eb 7cc1 30f2 2730
5461 2226 6a01 7555 6802 457d 5930 4fdf 0a14
1856 53cd 6b59 59bb 1949 641a 6c38 698c 0f6f
0bf3 4a27 0873 56ec 7d1b 51f9 4bca 317c 7128
2b3e 3bc9 30dd 2aa8 3914 3d88 3a0f 3e15 23ea 3fa6 2670 3153 3e28 255e 3675 3b62 32e3 3ee6 2832 29e4 30f2 2226 1949 317c
70b1 413f 6ea4 73dc 4bf0 4719 33d6 1960 3b25
3ba1 7e8f 7e21 2c0d 4063 0c94 66e4 51ea 5611
78d3 541a 15b7 450f 2011 7aed 0300 19f9 60a6
225a 6b5a 22ea 28be 63f3 0cbb 12a8 01e0 4617
09c7 05b1 6ba0 103a 5375 5f48 6be8 10af 4874
2ff4 6f07 22dc 126c 5d73 56a2 4a76 666d 4d2f
4cc4 3413 7184 14df 10ad 0910 4930 6b12 121a
7640 7f4a 55f1 4cc7 0a23 3941 7f8d 3ead 7fd4
064e 43d1 73b0 0f73 1643 50ec 414a 7a7c 0be5
69a9 4650 5bfa 2b7f 381a 2f37 5b48 0eb0 387d
732f 5353 1f6e 642a 6978 5128 5055 553f 74ed
4430 7d56 51b8 56b9 3819 253f 6bbc 5f43 1731
6b2d 1ac6 2c9b 4541 2772 312c 0aeb 2040 49b3
3180 36b3 5a72 4988 4460 26d4 267d 1bb6 33b5
622e 4f42 2bcc 2a7e 088a 58b8 2f68 6e19 5133
38a0 4865 5359 6181 1abc 05ef 3d4a 5eff 4ac5
2222 6520 32ec 6aaf 7111 7a92 0088 5fc1 3d40
64bb 34c5 6d08 50d2 0561 713c 6fc3 4ab0 53cd
1897 445b 05fc 49c3 101e 2af7 727a 6838 6cd8
3a42 00fd 0d2b 7221 3247 60c8 20b9 0205 6d61
207f 35b3 6a46 72d1 1754 2219 077a 5c15 6a9c
6a42 4602 05ed 3ba6 1399 5428 5d94 2b87 2a3b
2379 60bb 5ff4 72e3 5718 411d 5a34 4629 5a05
3309 0e0c 4c05 2d04 4565 6ea5 4611 2f5e 4797
3b25 3ba1 2011 28be 10af 2ff4 3413 3ead 1643 387d 1f6e 3819 312c 36b3 2f68 3d4a 3d40 34c5 2af7 3a42 35b3 3ba6 2379 3309
33a0 4b41 3256 0309 39c9 6f96 1946 5d21 5396
6a6f 3826 6691 23ca 5205 06f2 044c 49eb 20fc
65c5 33f3 6300 5928 0601 4b82 0060 7e6c 0a09
4427 14db 1908 536a 5407 30ec 0ccc 7c09 56a0
70e3 2099 314e 75d8 7111 7f74 257b 6ed9 29bd
6f71 2de5 56c5 5acc 631a 4102 7185 39cb 5647
7be0 3e0e 5df8 1d06 0bd7 6082 6f5c 59e1 21d9
7c98 10fe 4298 6856 1b7f 214d 6d73 45ab 6bbd
3d35 0084 3e77 4217 4bc8 3c0c 7dd7 3dd9 033e
686d 3ad4 2c45 6113 61c4 4b8a 4bcc 3a86 59a7
3e59 5ba3 0c25 1124 630b 0f63 38c8 35dd 739e
3047 4ee2 29ec 3cd4 719c 0dc6 589a 49f1 1a51
589d 0af6 6952 6529 28c5 10bf 02e5 1b05 52bd
0dc9 1d4a 2d56 4cad 6c04 693a 55d9 7a40 03cd
3770 56ab 45d9 2314 07f0 33b9 6b61 3b58 1975
75b9 0aef 66d6 4a7c 0956 1330 3a42 2e29 2eb8
14a4 366b 18bd 6b3c 42b5 03d1 4535 6e8a 016c
6712 2b67 1fb6 3f62 1344 5018 3c94 20b6 0850
52c7 4c40 4ff4 21ef 6ff0 1cef 39b7 40f9 5853
75e1 24b4 0908 1697 196b 1a53 6046 339f 61dc
2242 032c 76d9 7469 5eb5 367f 36fc 0be7 691c
67dd 3983 7137 1628 31b9 1962 64d9 0fcb 3b7f
6330 1321 007a 75ff 0af2 702c 35b9 0583 08c3
2dd0 58ba 4dbf 2c21 0245 6f53 2bc8 65d2 03f0
39c9 3826 33f3 30ec 314e 39cb 3e0e 214d 3e77 3ad4 3e59 3cd4 28c5 2d56 3b58 3a42 366b 3f62 39b7 339f 36fc 3b7f 35b9 2dd0
4f84 6760 5bd0 3d30 136e 238b 3dc8 2c4e 713b
5b7a 2d1e 4d5d 0e33 7d2a 1cec 153c 10c5 1cab
5694 41aa 6dbb 6b18 6064 1a1b 27fc 0408 1509
4f02 6a56 5b19 14de 65f9 611a 009d 3d92 0140
63d8 6aae 1b2e 0acb 5486 4bf6 6190 0f3c 1cb7
4694 227a 3330 6e03 6d85 5272 06ca 121f 623d
1877 55c0 1277 55c4 2300 1b2b 0266 1cc3 2c32
33bf 0d56 4c0d 59ea 53ec 314f 33ca 60db 11f8
1b69 1202 6562 1b61 37ce 456c 22dd 66ae 01e6
74bc 7909 1835 28b5 6e57 7f19 3234 4c98 5fca
085d 6ca8 1070 3146 2270 6221 479f 7485 1315
16db 6d49 7bf3 5d6d 44de 3d7d 63b2 1d03 3c64
31e5 1253 43d8 1a39 40ff 76ad 45ea 30d8 2f00
605f 033e 16d4 01d8 0588 04f3 69bb 0eec 4d69
7f3e 5e5d 7dae 6a19 337a 6103 1141 27aa 010b
1399 6ebb 3a36 537b 5edd 2c5d 65be 6e09 505a
3638 056d 0a05 0290 5a50 370d 5017 4085 1084
0d3c 5eec 5018 5355 3878 00ef 7b72 2047 0da9
560c 4873 6fab 0753 29dd 2e4a 74e9 5305 103d
179b 47a0 5381 2d23 70eb 6ce2 6fb9 1e99 48e4
2178 154a 1ac9 1edf 0b94 19fd 1206 1b12 29b5
7211 4da5 0ecc 3593 2fa8 23b5 120f 4912 19e4
726e 7a0e 2995 0174 3db9 6d2a 0bae 7ada 00fe
708d 2e64 5d3e 5d00 6815 3b27 285c 2891 768c
3dc8 2d1e 27fc 3d92 1cb7 3330 2c32 33ca 37ce 3234 3146 3d7d 31e5 16d4 337a 3a36 370d 3878 2e4a 2d23 29b5 3593 3db9 3b27
3477 1d8e 739c 432d 7dc2 6f14 1683 3a21 7853
64cb 09d7 3fd4 30c5 6eca 20ea 41c2 55a0 5a7e
1a91 1125 0e90 576c 049e 05b5 0f8e 3f66 47e5
2c73 6aa0 303a 5107 270c 3379 0399 62ed 0f44
46a6 531a 0250 1eed 37dd 4754 56e9 0d22 2526
525f 5f69 311d 75ec 743c 0ed9 3a3e 5da3 2026
4d78 4efa 0f59 10e7 3e50 4393 3017 65d9 2d37
24ac 1768 2882 42c0 094d 3469 6f2f 2fb8 0b22
1f21 3e4b 67b4 012d 0658 0b5e 1985 02f9 0e42
248f 3734 47db 527c 5774 2444 01a7 436c 36a3
2a77 62b1 2c56 2598 2950 605c 2768 1457 41b2
678b 64d8 514a 591d 56d8 637b 465d 5168 79f2
0f98 0540 3afe 6cc0 3255 26bf 3489 147e 3fa4
7523 356f 1921 02af 6e0f 166b 2708 50d8 32ea
6b22 78c1 3b37 687b 67a9 0eac 7450 697b 6bed
35e1 1b72 7f8b 67e2 673b 4ffa 38c2 325f 07b2
6129 7b0d 3453 68b9 7c8a 6319 258b 39a2 0fa1
7ac1 3d11 1cbb 2a52 2f88 511c 3641 38f8 4ae4
7546 71a7 69c6 35a4 2c9b 12d9 75b2 09e6 1b0d
3f04 550a 0b40 7713 454c 2990 2f9d 3a50 6846
1eb7 7f90 5205 1fd1 7e01 35af 34c6 1eed 185f
48b1 676f 29f5 543c 3686 697a 675d 11d8 5eb7
1249 5aea 1a59 5533 58cf 6e21 109f 63d2 6a9d
251c 15e6 7af4 3fba 4948 6c34 3423 6159 07ea
3a21 3fd4 3f66 3379 37dd 3a3e 3e50 3469 3e4b 3734 2c56 79f2 3fa4 356f 3b37 38c2 39a2 3d11 35a4 3f04 35af 3686 1a59 3fba
7ea5 0754 0079 7944 70fe 5503 0ca1 2773 1673
5a22 4e13 258b 03fb 09e0 5f6a 1400 2758 365d
0f63 334e 3515 3679 4973 4734 4167 1ac3 3def
55e8 3d7d 0505 0d97 2824 2a43 3050 08c2 5548
0031 7133 2ced 4133 52ac 16b1 3d0f 04d0 0455
0351 782a 3c4c 0d12 7421 455b 5ac7 13dd 00c9
11a4 2c55 09ab 150d 4c72 6a02 1c37 5f3a 3de3
5fdc 10e9 25bf 0cc4 6541 0a16 3a4e 6fbe 3bc8
09c3 5ef3 6d91 13b3 0437 6e39 7cec 7121 2c05
1933 4d08 6f1f 5083 3d76 0f6d 7c75 7a3a 1988
280c 3685 71bd 02d2 2a24 33c6 06f9 2c1c 4f71
5edf 61b5 754d 59e1 7b01 1acc 0491 4d2f 7a05
42e3 41a1 4ffb 046f 2a3c 0dfb 7641 284b 7d4d
0a85 0fd0 1558 38c0 009a 2b8d 4e4a 2e05 019f
4095 5fc3 55c3 3be6 684c 048c 4e5b 6d3f 38a5
79e0 0a7e 2a94 3e61 78a1 6f8d 550c 23e9 2c1b
4486 517e 0a11 2dbe 30d7 5035 754a 3b52 1289
507d 0731 3280 1a32 5237 13bc 31f5 4cac 48e4
5212 492a 2d9f 3546 76a4 6d30 1dbd 7fc5 5ac1
6799 3f63 0b69 6114 2a59 5e8d 043e 3a31 2d00
63d6 5ac1 53c6 0c25 41a8 2289 5e24 4d5e 0ad5
68c4 139e 4fad 4f5d 7ce6 3935 3958 185c 298d
03b8 56b8 6ff0 7129 140c 3db1 5ae4 196f 5484
7412 1886 376b 5c5b 1185 7472 3026 2676 115a
2773 365d 3def 3d7d 3d0f 3c4c 3de3 3bc8 2c05 3d76 3685 1acc 2a3c 38c0 3be6 3e61 3b52 3280 3546 3f63 2289 3958 3db1 376b
19a6 24f8 5396 5e05 5687 1a88 6fe9 3d7c 6a7d
7963 5f77 7826 38f4 0eae 3dc5 4964 1753 2a36
7360 7774 6d60 05b6 57d8 2757 16f7 3344 4b1b
645a 37b3 3129 20be 1699 4a2f 46b8 5992 7d48
5f99 3731 6a8e 080d 5bfa 28cb 43f3 1e46 0220
6eec 2515 1c35 7bb9 788e 6a9a 10d2 7804 09db
03ea 4b3e 50f4 0910 03c2 506e 1a59 081f 10e9
66c9 7e30 6b81 4fcb 039e 3662 5cbe 04c6 7834
04b4 42b1 5e7d 5eca 5a37 5003 587a 01f7 37cc
10d0 615d 5a7f 7bac 6333 6e30 2de1 780c 6608
5c48 342b 257d 32e3 3eec 586d 480f 16fe 4aff
4063 07c4 076a 11c9 0c5f 34cc 750e 0b1e 1563
3b60 2db8 10c7 69c9 0965 24f7 66ce 4dc6 5e37
0996 2d29 06e2 3185 7cc1 1089 3326 4930 0c16
4f09 4fb5 5ab3 3217 283f 52af 5a61 1612 52e9
4719 3b5a 535e 6e64 10e9 27d7 31e6 6e16 04c9
1d70 71c6 5dc9 584e 7276 01f6 701b 58f6 500d
2c09 19d1 5039 53ec 469f 4d3f 170f 2f4e 7b15
0eda 6669 53b1 4626 750d 1d6c 2c1e 4c73 2225
10ec 26b8 3b84 6583 2049 2c39 4900 7d67 5493
5625 1023 02ac 6b4e 3d11 14e0 2751 1244 2b11
7036 3664 1379 673f 073a 0c69 2859 7aba 3c6c
337b 7317 29b5 79ca 43f3 6910 7704 509d 7390
025f 1bdc 2196 56ee 742c 7f7f 29b8 1a61 3c41
3d7c 3dc5 3344 37b3 3731 2515 1a59 3662 37cc 2de1 3eec 34cc 3b60 3326 3217 3b5a 1d70 2f4e 2c1e 3b84 3d11 3c6c 337b 3c41
36ec 5490 26d4 7033 4836 04d8 6dbb 0b0e 3c93
2470 3ebb 5eb7 6298 0773 02f3 7298 170d 5ace
4ec0 005c 5e1b 2a80 34b7 702b 66fc 0d9e 75b0
5b79 7004 1ec2 68e2 5a90 39cf 3116 44c4 7b26
5ba4 562b 2e5f 4451 4528 5ee7 4af9 6990 04f4
0b11 6a2c 6146 6e2a 6bc6 79a8 45c8 3225 282a
753a 1a9d 0a21 265e 2648 03eb 75ab 4efd 6d27
1986 7230 1460 1af0 79f5 063a 0598 2b16 727c
6365 6acb 295e 39ee 7114 5fb3 644e 669f 3eaa
5e93 5f02 5a0b 66ba 3f69 75db 5944 0444 3ac8
3964 54a1 2142 0542 5b9d 6d57 7eea 7d42 07f2
490b 6971 2c0d 7785 6d2c 0b68 413f 26c3 46bd
153c 0ac0 460d 5cb4 39e0 5e45 248d 71e6 45dc
041e 4d4b 2736 7d91 63be 6cdd 5c26 7244 2d89
3ae4 41c1 6f42 1013 3d85 299a 0652 3cfb 5d63
648f 516c 6321 04ca 3817 6fb4 72e1 25fd 3db0
0941 62fb 3947 306c 7a20 4ffd 47fd 349f 5f47
4b21 0d62 65ae 6939 7f46 61bf 45f8 2852 78be
401c 0711 4280 2da4 7555 1822 1033 3b53 2e54
66f7 37e5 792f 5a6b 060c 67ef 5255 1235 2e6a
0641 7182 0c02 219c 0e02 4bf7 13f3 43d7 2916
3eb7 30ca 7c95 75c8 6140 0cdd 1176 3cd0 4277
04fa 76fd 17f0 61b9 27e8 7521 2d10 1788 0384
3072 3357 2043 6317 189d 65f4 7cf2 7407 4d24
3c93 3ebb 34b7 39cf 2e5f 3225 265e 2b16 3eaa 3f69 3964 2c0d 39e0 2d89 3d85 3db0 3947 2852 3b53 37e5 2916 3eb7 2d10 3357
267d 5339 4637 2fad 21f1 0ebd 6ed4 6015 60a8
5914 3e82 27ec 3e39 03b5 72f6 18dc 3e8a 5c85
00ff 6d14 6060 0fdb 7c37 4979 2cce 5b20 5046
6b8d 3bc4 26d5 073b 5819 401b 4b97 5b34 57b9
64e4 2b26 6ea5 1770 5bf2 0a6a 301c 73fc 45e8
513d 4a4b 367c 5a8d 71d1 521e 4ab2 3c33 70a7
11a7 7b3c 75e4 1ab8 05f0 0a24 036b 05a1 0b1b
2145 7bf4 05f6 104f 490c 785e 3aef 2c70 79ce
5b0d 7f73 098f 4860 3e16 57aa 4f28 0826 0807
1d5c 32af 3290 46b8 0041 513e 08d5 150f 6636
0a0d 2985 6327 5532 019c 2cc0 48c8 2fa1 0e5b
0f77 0f04 0725 3359 01bf 4ff9 490b 7537 3b09
5d88 1017 65f7 52ed 7938 6fcb 50cb 4877 3e2c
68ca 5a50 4e08 2b07 2d7a 4b7b 7f16 763b 046a
3205 2f2f 4b8a 42cf 55db 385a 6ed6 749b 5939
390d 75a4 04ca 4e0c 4a01 414e 01b7 3f82 3bca
11b3 0af6 3050 07ba 59f0 0906 3e70 2b06 3c38
2948 4b71 62db 6a60 368e 37b8 6ee7 34c8 75a2
6e73 5d0c 11b2 5e63 3e8c 1def 0997 1272 5068
4cc0 5c5a 6ef3 286a 4520 7f64 734d 0ea5 062a
5a05 668b 40e8 7368 13cb 4a0b 0c8e 3e05 3059
657f 1418 10e4 0acd 1ce6 6a80 4108 4097 7131
2f7b 708b 7efe 636c 4330 41d0 3dcd 43d8 191a
15e5 426a 7a22 1ee2 1ee4 0f4c 54ad 22a9 48f3
2fad 3e8a 2cce 3bc4 301c 3c33 1ab8 3aef 3e16 32af 2fa1 3b09 3e2c 2d7a 385a 3f82 3e70 37b8 3e8c 286a 3e05 1ce6 3dcd 22a9
4a91 3438 5c26 5c71 20a5 634f 1ace 4a4f 79f3
2b7d 7cde 735f 5632 1dbc 27ee 5103 2d1c 119e
720e 4bce 0853 1388 632d 0f83 704e 3c62 0d5b
08b4 2d7d 56b0 60c4 30ac 2299 16c9 0a6b 6e1c
6ceb 0073 78be 144b 4497 1d5e 75c5 7b1e 4158
6d2d 31df 2c90 0a3d 54c5 739a 590b 361c 7e86
5789 4535 6cc0 2199 03b3 027c 5fcb 22bc 2168
5fab 7260 589b 2027 22f3 1d87 07db 617d 3f59
2120 2d82 4747 45f6 66ec 7da7 16b6 27eb 5916
76ff 5a76 591a 0fcb 4249 49f3 6d00 7c69 0cda
5b23 1eae 0e6c 64bb 7e1f 6f64 171a 523b 3a36
17a5 0cdd 44cc 39fe 5404 5fd6 539f 599e 1d62
13b6 2458 04c4 4b9c 0d21 5c5b 0628 2a42 7b50
7f40 3a45 193a 2bdc 770c 6d91 1dfb 3c31 4f35
4888 46e6 1677 12c5 2aa6 0c85 1649 131a 441f
3088 149c 4604 4b10 01af 34d2 6d7a 4095 7f7b
3907 11a9 2fa8 61db 5b09 38c6 1ea9 6d43 297d
29e6 2624 223a 6f86 094b 6949 7b17 26df 6f12
5c41 6d70 7ec4 0a01 56e4 49f6 3015 4b96 2519
4229 2651 5b6b 1617 3646 0787 3d79 2fc7 3780
3e08 5ec7 0fc2 2a25 13ce 79bc 4d7a 2fcb 3cf0
228a 1be6 4b5b 4a91 0947 6302 23f5 2317 0593
1894 4f66 63f4 598b 1bbf 615a 54db 7d7d 0974
03f2 4290 7e92 69a6 42c3 7649 6815 4d1c 2fd7
3438 2d1c 3c62 30ac 1d5e 361c 22bc 3f59 2d82 0fcb 3a36 39fe 2a42 3c31 2aa6 34d2 3907 29e6 3015 3d79 3e08 23f5 1bbf 2fd7
3d95 1d88 2fae 2155 708b 3923 4bcc 4ca8 49d3
3690 654a 4288 5b3d 675d 1751 1c90 45e9 2eae
0b56 45d0 7453 0a48 2712 69ce 7270 73d5 1e1e
0ab1 27ea 59ad 7500 2742 7d9d 620f 1c5f 38d2
5e22 0f68 2e50 7342 6d29 734b 4399 2cb4 624f
7e3b 46e9 23f5 1373 70c6 69b3 4188 668c 1a2e
3a87 256f 67f8 552a 2f07 2e03 0057 7a13 52db
5dd5 55a7 2904 3df0 47e1 6e64 0e24 1db5 2528
793b 0de8 48a7 42e9 5213 4d77 07a2 49e7 0806
363d 4642 13e9 279b 2db5 5a8f 7e1b 235a 2941
13b1 5e81 39b0 5bb5 53e0 2fbc 2f5b 6c24 470a
176c 4d77 3f2c 2ac9 761b 33d3 2615 4133 5339
5486 7cdd 4707 0ce9 0d92 2d3c 5c14 675d 0ac3
6bb7 1864 32af 57ac 43cc 21e5 28b4 1c83 56ff
6001 307e 02f3 4d2c 258c 32dc 585c 7c29 29f0
0451 651a 5e1a 0771 06cc 5866 7670 45b5 5515
6825 7af7 2a94 7965 3a66 50a1 7327 49db 2d89
1e64 2a78 41aa 4d88 430b 0d08 0da8 5cb6 089b
2d58 3348 6cd3 4d6d 225e 011e 6970 5d0f 25e6
6ddb 4f7d 461c 2a03 7a24 29fe 0a22 7458 1f7f
32a1 2334 5bb5 5e10 5460 1981 1c60 6b6e 2a22
14ca 3aca 3e31 729e 086a 430d 02ee 2410 2fe4
4788 1956 113f 68f7 7437 08a6 3377 2582 0240
0f9d 4d2e 6cd2 0043 077d 028d 0a28 11f8 73aa
3d95 3690 2712 38d2 2e50 23f5 3a87 3df0 0de8 363d 39b0 3f2c 2d3c 32af 32dc 0771 3a66 2a78 3348 2a03 32a1 3e31 3377 11f8
3ac6 5cf0 329d 5838 4af9 6cab 0182 726a 2c44
5e32 06f6 2a20 2281 2c9b 1263 0e9a 6aff 2750
18a7 577e 7778 5d65 1e47 3608 31ed 2260 482d
45e7 7b2e 259c 7805 027c 4959 6af2 7d8a 2115
791e 7d37 1b4d 1dd1 51ba 2c44 379e 01a1 13de
13b2 6c27 3dc3 51ee 4ffd 6fc1 6fe5 4bd1 1a7d
133c 5aa1 41f4 0baf 52b6 02ec 077b 782f 3f32
7cef 259f 4cc3 5464 1716 7751 1a7a 60dd 7f2a
6685 29a1 0c17 02d9 3bab 3ed2 30ee 0324 6766
13b7 64ec 3806 41f3 042c 0c1f 25bc 4c05 55da
1daa 6b91 1016 5ddf 359b 102d 4dd1 7d54 1c72
6ac7 6d7a 618e 78c0 0a61 24ba 643d 6c0e 4d6e
4bd0 1f38 1bb8 2099 5351 5513 6dad 5c88 0f94
42d2 3043 5de7 2da0 1243 2bf2 26b4 6834 7ef4
7d09 08c4 36f0 0bd4 4e4d 26e0 75d5 5c73 1c62
316e 180f 535f 55b9 7142 70c3 39fc 324f 6c5c
4fbe 6136 25e3 779a 1c33 19ef 00f9 17a8 724a
0fe0 2a08 1003 6f2d 6297 4b7e 55bd 5e57 2141
1af2 0dd8 3d0b 2003 0555 4788 1fe3 262c 6722
1521 4169 2812 5629 3f7c 4273 2afc 7ff2 4fa0
653c 28d5 5c3e 3b87 0f00 589d 72dc 4338 30f5
0544 11a2 3025 5786 418c 138a 76ed 7132 3b63
5d2d 3a39 4c76 56bb 384c 49c4 7847 41b6 20ba
22c5 565e 19ba 4404 7d33 526b 0d02 1bc3 5439
3ac6 2c9b 3608 259c 379e 3dc3 3f32 259f 3ed2 3806 359b 24ba 2099 3043 36f0 39fc 25e3 2a08 3d0b 3f7c 3b87 3b63 3a39 22c5
64f3 6cb5 5fee 2c3c 2939 40d0 2fa5 3dc4 0ab9
1985 0767 06f2 6d81 5a96 2eb1 15dc 2a24 4681
6d9b 5410 4dc4 509d 3a76 74d4 64b4 3c0e 1851
3778 7e4b 6913 0968 1047 533b 0f72 4784 474e
735b 18a5 1da0 3e34 2b6b 5c6b 538a 5b14 768a
282b 4f62 05e8 11a7 7de7 6cec 5621 4b34 6e0d
0eec 3956 2aef 4723 42ca 4505 3212 0bce 75d5
1827 447c 4723 21ab 6fc2 75f8 5691 6c69 0ce3
7f57 3a1c 51c8 0d7c 4733 7f6f 25dc 09b6 3c7b
1e3a 2ae0 79f3 130f 1a76 027e 0a94 5b83 4bde
23cc 74a9 0e29 1fe1 1e76 1f29 038f 6f94 334a
66a2 4458 37c1 2901 5d59 5967 54d0 194c 2afe
362b 0803 7503 0ee3 1c48 05e4 468b 3aa4 52c1
56e0 06d2 5abf 0093 366e 2436 6d1f 604f 5771
40e5 42a5 521c 0866 2fb3 786a 3e23 5f38 1387
1108 3d9b 175f 35ac 1894 6503 5bc6 1d8b 21e1
79d8 7752 7938 3434 4b76 219d 6d19 656b 5115
6355 13bc 5b15 3456 19d9 21e1 2ad2 02a2 2ea4
3d36 45e0 4015 2101 2fc4 543b 2837 5346 4402
274d 6d36 22c0 0768 292a 7c98 3226 48fa 7b90
71e8 1fc0 780b 33d3 6be1 3c4d 4415 6d55 7799
5ab7 3275 59f5 23b5 07f4 6835 69e6 400b 4eb0
2417 7a45 510a 1871 0648 7ecc 49f6 414d 53ff
46f9 4e4c 572e 4a7f 43f9 045c 7b3a 4a40 4eea
3dc4 2eb1 3c0e 3778 3e34 282b 3956 21ab 3c7b 2ae0 334a 37c1 3aa4 366e 3e23 3d9b 3434 3456 3d36 3226 3c4d 3275 2417 045c
0350 11c2 332b 62a4 09d1 7a6a 6c60 272d 7b43
2755 720b 2560 0e90 75b7 0afd 379f 14b2 0779
19a5 5094 6a1b 34e8 0e28 57fc 4796 062e 2aa7
4d96 3ee6 57ba 7e73 2bda 1fd5 0cc6 738c 2662
452b 63aa 53e5 2444 078e 30a2 63b7 3f77 0b9f
2c6d 5945 65f7 6ea8 7816 16b5 70d9 7935 1119
3a0b 4fc3 7748 253a 5e57 0047 00b3 744b 180f
19c6 7ff5 117e 4a91 76ec 4360 44b3 7294 3e51
608b 0360 30bd 6499 2b93 67be 523e 2825 3722
5a36 7e2f 11ed 4c3e 46e2 09f3 1889 0f55 7fc7
1220 1d67 5ff5 3cef 5bfb 2c3f 58cf 3af6 0e62
32d5 7ba3 0625 58c8 418c 5ee6 2c54 477a 7bff
464d 7e05 11b5 6630 7ed0 7bf0 5ab2 2809 08d9
5e4e 00c7 324a 2c14 5dad 41a0 2b3e 15d8 05d3
52aa 1716 7335 3f8e 7e53 7269 342f 7346 5cd1
7da5 2551 303c 4460 5301 4f0a 67b1 613a 4472
6b3c 61c3 4017 52e6 623a 1108 24ca 377c 61e4
6198 1271 3793 6f1b 3a1f 2cb3 5ce3 2630 3823
5477 7328 3756 030c 16ce 0784 6aae 6cfe 3f67
2dc8 724c 3078 2860 1f16 300b 1ec1 7383 5708
181f 4b94 34a4 092d 3c6f 303a 205f 4efd 67da
33e5 10e2 5ae5 48a0 3865 0d32 0f77 7dfe 33b2
694c 5498 2268 45bd 6501 28fb 33e0 4d01 31a5
1e6e 6698 6bb5 5ccd 7d8b 014d 1f86 6ba2 0df7
332b 379f 34e8 3ee6 3f77 2c6d 3a0b 3e51 3722 1889 3cef 32d5 2809 324a 3f8e 303c 377c 3a1f 3f67 3078 3c6f 3865 33e0 1f86
39be 3968 602a 43b3 435d 07e3 4aa4 258b 6571
0236 4b55 67c0 0330 4ed8 158c 7573 7a9a 38b1
05d7 28b5 22b0 171f 3046 653e 2e03 1a78 5032
61b1 418b 3d6c 3e47 3d65 6aa4 5110 7e20 54a0
7556 3248 09e2 689a 3ff6 24ad 29f4 009b 4a3e
232b 3aba 2e0f 26bd 4e99 2119 570c 72a1 2dee
4ae5 3833 706f 1099 2234 76ea 1c93 0f26 57c5
4338 7eb4 536b 402e 00aa 60b3 7b52 0ee9 6092
0f13 4dd0 027d 4d69 751d 2475 4037 418b 5977
2f57 0d9d 0870 1ef8 6981 1219 2084 2abf 6d08
46ca 3073 524a 5397 2c96 0b74 1e85 3718 0812
4789 6aa2 0d6e 0d86 20b2 51b7 700d 31eb 5461
70f6 33ef 1895 7a53 2032 56ae 3e95 0c6e 5632
31e2 6b6b 5ff0 408c 0d14 52ac 0c97 3008 036e
549a 013d 33fa 1c6c 6e53 3d41 6528 528c 24cf
0b2b 1f8d 4bdb 072f 73de 2280 3837 5f43 1e79
176d 7eb7 0bf3 0d77 7eb4 402c 5f4f 0de4 73be
6136 4960 758d 1e51 5a9d 1e1e 070c 04fb 3e0d
0dfc 21ef 7cbc 4556 6b0f 6bae 5be6 74bf 380e
6b91 0b66 6389 4979 1921 669d 1dce 622c 4ce6
6846 2f00 5f04 73c4 4586 28fd 6196 0625 5c2f
59ea 2c59 6282 5d75 558b 5964 08ae 47ed 5e09
07e4 2d91 3b1c 10c9 69d9 0e47 334b 7876 4324
6c3f 2e5b 1827 1374 5fe5 22db 145b 4554 3059
39be 38b1 3046 3e47 3ff6 3aba 3833 0ee9 2475 2f57 3718 31eb 3e95 31e2 3d41 3837 176d 3e0d 380e 1dce 2f00 2c59 3b1c 3059
36e2 08ad 3558 32d7 3b10 6144 4001 509d 22e6
0cdb 7955 7865 66fa 7ba2 263e 6bf1 4ac3 4889
01e0 0925 224d 0ae1 275d 698a 7f7d 058e 4477
6456 2498 2ba9 569d 5811 08b0 2da1 0da2 02f1
466f 4993 00a0 4796 2f66 34fc 0c73 0151 5293
4db0 6061 419a 280c 4b4c 66ed 63d4 6b9c 5199
22b6 689f 1020 42af 74ec 5a54 1e1b 3017 2552
3e46 25d0 3494 1e25 5d3e 22e1 5a1f 2731 1700
7c85 55b3 48f1 6b94 3616 69b0 11b5 087f 018b
35c8 1fb1 6cd6 41ef 7b8e 7aaf 719b 20a3 4c37
6ce3 2066 5b10 3063 1fe7 6299 2abb 0921 4c7a
4558 099f 1f1f 5197 2b66 5929 4f84 0757 5f28
2357 1e49 092c 114d 6e29 2a1f 0a3b 0047 7f83
5e89 1c61 04a5 2acb 391d 6d01 509a 7f28 5e5d
2cf5 4374 70e2 6a65 3568 670d 6daf 20dc 2ee6
4e61 55e6 77a3 5365 3774 1a91 5800 6bf6 62c7
70ce 0c3b 4bdc 59fe 47a9 2ab4 6043 3ef6 4830
670d 002f 4a35 7173 013c 5ec3 7c16 41cb 54ac
6566 5373 4128 360d 4282 45f4 5a29 07d7 049e
71d4 4ed1 60cc 7caa 4893 65df 41cd 6d46 17ff
01b9 2a13 008c 0cf5 0dcd 7769 335b 4acf 269e
68d3 6688 10a1 3232 5729 39af 5037 37ea 2e75
48cf 5362 296b 71a9 7dc4 76cf 4ce2 5f51 1d36
3f51 2c08 203c 5a7f 2277 3bf8 0976 485c 0e38
3b10 263e 275d 2da1 34fc 280c 3017 3e46 3616 35c8 3063 2b66 2a1f 391d 3568 3774 3ef6 013c 360d 17ff 335b 39af 296b 3f51
5720 24e2 36eb 0d07 546a 6308 77e3 3413 1c5b
2edf 24e8 71be 744d 311e 606f 2886 47dc 3a7e
6c79 173d 3006 50e3 222d 5c6b 03b3 7def 7646
6241 30cc 55a2 06fc 36f4 253c 4107 008b 2441
26cb 54cb 7578 4965 64d4 712e 4e2a 6cb9 02ff
4937 6ef6 1b6e 48d9 1fe0 7f43 6cd4 116d 7878
0b25 0122 2531 1b4a 1c50 6857 6c6a 1e9b 04a1
3cda 080d 4124 1a0a 1d6f 71b6 0e5b 7dd2 6aa7
357f 1c92 46bc 407c 135d 78d9 443d 7232 7410
178f 6b43 2da1 1f46 37c0 134e 5b91 03c4 5727
6610 3f01 49d2 4e7c 2efe 63e9 1e73 0343 2275
5abe 5ac2 0ccd 5c8c 37ac 025d 564a 7543 1e26
2b9a 10ab 2de9 16df 1c46 3d5b 1166 7d3a 2030
6cc8 4cec 2deb 2ad4 0bde 3377 7e90 3a4f 11cc
5b7c 2a31 5849 5f69 4350 3926 555c 7e7e 1ccf
5d0f 40d0 3bcd 6f02 2d45 529b 69cf 3cae 27d9
223c 098a 1d5a 3f06 49d6 0b24 6f58 38a2 50f7
3b0d 70c8 621b 3412 210b 739b 5a57 20fd 610c
69fd 2cdf 3c8a 7a2d 24d2 197b 472c 525f 0363
6033 080a 22d8 4b1f 7d93 1928 4ab4 5690 3c05
09d2 6e2f 0efc 18a2 35dc 682c 0bf6 5411 495a
3be7 6c6f 7c96 4a39 4044 0924 053c 102b 6b3d
3d1a 1912 6b8f 4ccb 04a3 36ce 7dec 1c86 6ee7
1545 4024 744a 71e9 586c 2b31 678b 3386 50ed
36eb 3a7e 3006 36f4 26cb 1fe0 2531 3cda 357f 37c0 3f01 37ac 3d5b 3a4f 3926 3cae 3f06 3b0d 3c8a 3c05 35dc 3be7 3d1a 3386
7159 78ef 1ffa 4157 7c54 13a5 077f 2292 0570
0e96 5a71 0970 00ec 3949 68ad 60ee 7d53 34d4
4527 5f05 5c25 58b8 14a3 32e7 187a 0a24 417d
1cf3 1510 48ec 5174 6fdf 73b8 402b 7175 51d6
3dfd 54b6 1695 5e96 0780 4731 6252 1de7 5c01
3d9e 202e 2308 3a0c 38aa 021b 414b 555a 57ef
6deb 2f22 2fcd 4d75 6109 0e29 0a2e 76cd 77d8
4bdd 4e76 55fc 3f65 7e4f 026f 6950 1905 1134
3dfd 0c81 5297 48af 0c93 4be6 3508 7224 5de1
6829 0dfb 1fb7 0f5a 41e2 3d9f 747c 53ae 100f
4eec 3e21 51bc 492a 33b6 490a 39aa 01b1 28bf
5a70 03a2 7264 39e1 1469 0c4c 7018 79d9 499e
2666 1a15 5c1f 26ef 32f3 547d 752d 2540 0481
723e 0278 50c8 2fa0 7267 5ef4 7563 07a3 0e13
2a6f 7f8e 35bd 71e6 0879 37e2 305b 7beb 12c2
3bd9 3b70 1282 2abc 313e 534c 2579 5216 7c39
2fb1 4d28 4f44 0993 73c0 20cd 1612 3392 0fd8
22a2 3f3a 71d7 5742 6e8f 5567 6284 2050 773a
6b25 725b 2d67 57ea 760b 6089 4fd4 26ff 2475
6dd9 68f2 00c1 0874 33fb 4158 5d79 5300 36b4
47d9 0929 562c 785b 5de2 2b54 6f4c 5878 09ec
70d7 1b61 41d5 2e6b 0e60 0c3a 76e8 353a 4ec4
198f 1d93 42cd 69ee 152a 6808 3651 2b7e 1e25
31d8 58e5 129c 2b5a 3178 5ee9 3251 3112 5af4
2292 3949 32e7 1cf3 3dfd 3d9e 2fcd 3f65 3dfd 3d9f 3e21 39e1 32f3 2fa0 37e2 3bd9 3392 3f3a 2d67 36b4 2b54 353a 3651 3251
2955 655a 68be 7261 077b 73d3 5c5e 0e72 1aae
459e 131a 5011 670b 7c6d 56d1 09cc 4d79 43df
700b 1c56 74ef 4edd 6d5d 490c 518f 0d24 0580
120b 411c 121e 0e57 4621 4ce7 692e 74db 74a5
62ea 5bb0 6b31 63d7 6138 79cc 20e4 1a7d 2d08
171a 4c5d 214c 7833 477a 6a9f 01c9 0dac 378f
55cf 5680 7fd6 4475 4824 3caf 74ab 727c 7cfb
52be 3cfe 1240 0ffe 2735 2ce8 3004 6476 7848
73e9 6681 5762 349e 682c 274d 2af1 1810 5643
2866 79f1 307b 575c 11d7 655a 675b 0e41 4f34
7896 73cf 1f92 031d 7489 2dbf 0003 5798 6af5
455c 5f8a 663e 212a 4672 0cf6 0593 67d4 1f2b
5fc1 382d 36c7 1e09 29fa 7af6 09a0 5c4f 250b
7419 3c97 3188 1db3 06c1 39c4 08a7 7f2c 7d33
48b6 08ea 071e 5288 2ff2 59a4 48d5 57df 364c
5aeb 4269 7f01 05d0 5413 042e 4a41 597a 4399
3860 7abf 099b 49b6 672f 5b30 1df7 3775 2cc6
49ad 4bad 58ca 25db 5bdf 2698 2295 607a 1c4b
0c96 5c9d 2e49 587b 67af 53ee 5cba 4772 73a4
6779 4b7e 3705 1547 2a33 3486 69e1 18da 12b8
1220 66d8 4951 1722 16ec 0747 6afd 21d9 620e
7f01 573e 754c 57f7 6254 1919 06b1 6299 610a
3cb7 2904 5479 3308 1238 5f9a 7781 7af2 7e1b
5167 191c 63e2 5574 39b3 0c44 007b 6ee0 0468
2955 131a 1c56 121e 2d08 378f 3caf 3cfe 349e 307b 2dbf 212a 382d 3c97 364c 05d0 3860 2698 2e49 3705 21d9 1919 3cb7 39b3
6cf9 7040 3305 0b11 574e 3b3f 76e4 7ab5 737c
3d03 0791 1d82 644a 1c0e 7f4c 7f75 1447 245f
28bc 186a 05b2 64a1 7b7c 420e 64df 0c62 6a95
0b5f 3c71 3e9c 6b9f 2a07 20b6 6ba1 2e96 6539
2e8c 4fc1 5df0 48a8 4143 048e 64fe 01e2 09dd
1518 7205 0448 0cbb 2834 1fd3 741c 3756 69a7
7b4d 47c4 55b7 5311 2ff9 7a28 4399 7cd2 3a9e
29bb 45f8 0169 330f 45c0 667a 2039 5e78 5a95
49de 35f3 5170 3507 306b 0889 2b93 5311 7d92
2068 4ed0 0564 62ad 525c 6d33 68d5 35e0 559d
4b67 7207 7bd7 4165 4572 602b 14ca 5287 768b
1eea 6107 1cf1 3018 1c65 62da 69a0 1b8d 5a7b
40ac 465f 5792 7ef4 6ada 751e 3ab9 5cdb 33fc
7699 65c2 26d6 3e3b 5f01 7461 51b1 29ab 2cb1
0bd3 72ac 6b8c 5315 7abd 1166 20a7 0fc3 64fa
1ad9 2028 1250 34c2 0fa1 53bb 3d42 61a7 716e
373c 468d 5ae2 65a8 252d 6c4a 2623 5e3b 16ae
4e2d 0e90 1b94 4f95 260f 2d95 38e4 7b5b 774d
2a79 067a 2a16 3403 6bde 5d88 6a15 58f2 7852
183e 525d 106e 3f78 6cea 55c5 7fea 36e8 6c1d
329d 281d 6832 1e47 1f35 6445 1968 5b2c 735d
6bf7 7c9c 5dd5 4777 080c 3ce1 3ecf 5778 1e89
2661 0091 6c58 3beb 1783 2632 2fe5 6a23 722b
1978 4e1d 162f 5241 27d8 45cc 4751 54fd 4709
3b3f 3d03 28bc 3e9c 2e8c 3756 3a9e 330f 35f3 35e0 14ca 3018 3ab9 3e3b 20a7 3d42 373c 38e4 3403 3f78 329d 3ecf 3beb 27d8
7e26 4c80 70a5 4bfe 6e90 7385 2176 021b 56e2
7a91 4a46 094b 1fdb 4dff 4c26 0e90 0fff 685d
4605 4ccd 7fab 1507 6598 5c98 0888 35ad 69fe
78a9 6ef8 3800 6437 27f6 2325 1bba 4e74 2a95
7371 71e0 121a 1a25 5f17 0f66 447b 242b 6428
3fd1 5dae 0e4f 3e27 19ba 7df3 20c0 5a07 1162
1213 08b6 60da 538f 5ec2 1a51 5924 6fe3 6b1e
3298 4967 651f 12ce 0c4f 5534 5ba7 1563 4fcf
0387 7a27 0707 024d 59b8 5256 5a5b 09d2 2cc6
6a5b 217b 4ec5 4bdb 49f5 015d 0f8a 2adc 3039
0a68 7111 09bf 7722 6a3e 458d 2e72 4efd 0753
0466 6f5e 5416 0c1d 3797 3988 43f2 7a6c 15f5
6067 5c7e 69aa 0be7 15cc 1297 4c2c 0f0a 6aec
3dc7 044a 3a9a 6c61 6c70 4ad1 1b6e 2a09 05c6
5efc 1355 3196 7e8d 3efc 3c97 2ac9 41c5 503a
5c19 5819 2fa6 6214 6ced 4e45 5ee6 4fc6 2a0d
2c80 6b13 0e83 4ebb 5acd 461a 4aa5 5ab6 702e
267b 2361 12bf 1ec3 543a 06e0 263e 1d09 5aec
29f5 3b33 03b3 57b2 5fdf 5056 30bd 2053 465f
2c74 480c 18fe 4925 258f 33db 0165 4595 15f7
22dd 5f19 1f2b 1847 3d35 49a3 5442 1a6c 236c
73c6 19b9 313f 36e1 2825 702a 219e 0c67 34e3
7ad3 222c 1149 441f 7c56 79c6 1220 4b08 2466
011c 7dda 0949 2eed 088d 7581 6e02 1e3a 3617
2176 1fdb 35ad 3800 242b 3fd1 1a51 3298 2cc6 3039 2e72 3988 15cc 3dc7 3efc 2fa6 2c80 267b 3b33 33db 3d35 36e1 2466 3617
4049 2653 0b99 240d 540f 628a 16dd 451a 17a4
7380 3866 7405 4c82 7815 25ce 6cca 6c56 7a2e
5e13 2705 3557 1d07 22c5 510a 6ed3 10c1 13b4
4282 0474 5e4a 5ea0 0c33 7680 75cd 44d1 658a
6801 0e52 5887 5676 04a3 6ace 7031 3c7d 6a97
510d 64f3 5c8c 32c3 548a 183d 071d 29f5 307d
4f2b 1166 11f7 5e26 2bd0 4498 5a0b 31f5 6cde
2e76 2f16 51aa 10ec 784c 75b8 0eb3 1ee8 2480
2319 20c7 2cd5 3303 24b1 5add 56b3 0b91 4e1d
01f0 5013 55dd 5f04 5b66 62c7 1007 76d8 68cd
754a 7300 5e56 7d09 0ae7 04c3 68bf 1df8 5258
6c69 42c4 5591 70dc 12d0 7910 7ece 6829 064d
75ff 728b 4402 4363 1ad8 05b8 40c7 1243 5887
1dc3 2220 5d2c 4082 4d60 2cb0 2094 21b5 3661
4fb4 4eae 0f9c 518d 6624 39d5 5c8b 57ab 588a
39fe 5275 0d73 2f31 5cb5 10a1 141c 6245 499c
3dc8 387a 3b11 6063 7814 4146 0a3d 229f 0941
2a50 577d 3504 3920 60ef 6f11 0310 0522 35d7
2b3d 55fd 6a40 2944 33b5 0e8e 0968 2b38 3cfd
3379 4c1d 710a 12a5 2123 2238 11a1 69b6 00e0
227a 5fc0 4332 1b77 655d 3282 6ba3 3e74 240f
47d0 54dd 1f41 5351 64ae 1ce0 4d3c 1ee1 6f8a
1df9 4b56 427f 252e 4366 274a 6c54 0e7d 291a
42af 0be3 2fd2 773e 5e1f 6710 3cf0 5436 39bd
2653 3866 3557 0c33 3c7d 32c3 31f5 2f16 3303 1007 1df8 12d0 1ad8 3661 39d5 39fe 3dc8 3920 3cfd 3379 3e74 1f41 291a 3cf0
4d7d 32f3 037f 0524 115c 73c7 72e3 2ad6 655b
3a2b 733e 2479 2731 539c 0c8e 29f2 5aa5 3663
13b5 0aef 786d 460b 5f06 0b55 33e7 0764 47f1
242e 1cc4 2fe7 71b2 751c 5088 3a97 0872 5ef1
43d9 0329 55e7 59ed 419b 54d8 5fea 1ac4 3a7c
1f7f 66bd 40fe 3396 3102 43b3 1610 2961 41e3
34ad 0d14 119c 18db 2fc7 36e4 2334 5d50 3461
1d5a 4b16 4d23 2eaf 1bde 56df 5628 4590 1812
4a99 5cb6 74dc 23f3 21b0 279d 328e 227b 7c6d
40e5 381a 7494 6926 680b 76fc 289a 4aa1 75e2
58f8 5981 453f 35d6 3917 7436 3b68 4e2f 5a88
5feb 6d80 0fef 3650 6d33 7f9b 4b8e 6d0f 5415
208c 0e01 567f 41d6 67af 26f0 6ffb 4c2a 00a7
45d1 1bbe 2b8e 001c 3565 3197 741a 64bc 140a
1f3a 7656 7d90 7657 0f9f 41d8 4909 3973 6a75
5203 5b18 7685 7d5e 606a 2186 1531 787b 50ec
7259 40a7 6f7b 7c5c 0548 1642 7681 6986 5f8a
2a62 5b59 3f46 0948 167e 61c9 4c4d 3835 27ee
3599 1437 3634 30a5 549d 254b 08fb 613a 234d
356e 0e30 4283 068f 06b7 05b7 1716 5daa 6538
003e 6dc3 18d5 3bb1 0d6f 2253 473f 3b18 5d32
4e8b 3feb 6829 4c2e 1c0a 15fb 5375 77a2 5527
4304 32e3 27b1 3942 0b46 6dfb 555b 6cac 6286
4333 1fd0 26a8 4a05 22fe 3f8e 697b 75bc 196d
32f3 3a2b 33e7 3a97 3a7c 3396 36e4 2eaf 328e 381a 3b68 3650 26f0 3565 3973 2186 1642 3f46 3634 356e 3bb1 3feb 3942 3f8e
579b 5e84 1dd4 0864 70f1 790f 0785 1fe7 7615
39da 21ee 387d 75b4 3a9b 25b7 7e1d 6cb7 526c
0979 3bdc 5704 2a92 3cd8 423f 0d1b 67aa 2be8
203c 7f27 26bc 412a 551c 65ba 79ac 2485 5d9d
2ec0 45f3 7bb1 1882 72e3 0e17 2c3c 3ebb 11d3
6742 3695 416a 359b 31c8 39da 7b08 3fcb 1533
4a28 35e0 154f 7a1b 637d 083e 4a20 15a6 39a4
69bf 39fb 54cd 1ad3 1464 7ec4 4692 73b0 4f12
57a5 171f 22c8 1cd9 4959 5e7e 411d 6d07 5f9b
1caa 7a55 4511 04ad 510b 1dd4 1644 4c13 7586
56bc 51eb 4ad8 110a 5f1c 14f8 444c 48b3 3c0d
62aa 68f0 38a9 5c63 2727 5c4b 2f78 469d 4f72
62aa 3636 3faa 1aa3 1c17 3e0d 31f3 70bc 5024
4c88 2890 0b38 2796 7332 2f57 4248 3c8b 6db2
5d34 5834 4b80 2df7 7a1b 7461 7b87 4d4f 0df3
0fdf 2542 2a02 7ac5 61d0 1965 41e3 5cd3 1d9b
5bde 3fe7 70b3 1f0a 5923 13e3 3cc5 50b1 5c23
4cfb 0c78 06d2 767a 03e8 157b 1402 55a9 0391
6849 044d 7bb0 5917 0a01 7125 0210 25fd 7c82
63ed 6396 2bfe 72dd 0fee 06e6 3ffd 222e 12b2
7500 0d50 034c 6068 3135 3000 3362 391e 0447
2071 378d 2fee 1315 43c9 6915 0418 50fd 769e
4c7c 106f 2f45 2b4b 4357 1e29 73c5 2070 3c5d
0d90 3389 5bf8 3408 2eb2 1a20 0ed7 285f 00e4
1fe7 3a9b 3cd8 26bc 3ebb 3fcb 39a4 39fb 22c8 1dd4 3c0d 38a9 3faa 3c8b 2df7 2a02 3fe7 157b 25fd 3ffd 391e 378d 3c5d 3408
1807 24a3 5b46 4179 5168 53ac 62eb 1f52 715c
0ded 1b7f 44ed 6166 7084 5350 490b 0ae0 2fb0
5e91 0943 4b5c 4ec5 001d 2a30 5001 6578 5c52
3373 6709 5985 1e30 0e38 5050 069c 46a6 2b66
3b43 0987 073d 055f 6e98 1f9d 285e 3211 3740
1112 38d8 6d65 41e8 3633 137c 275f 1fcb 0258
5e84 75ce 7585 35ae 6f37 5d2c 0755 7c0c 3da9
2bc9 58ea 7540 3563 5f22 4c27 15b4 238c 0d3a
439e 6191 2557 0a5d 1cfd 6216 3b0a 5e6e 7322
7677 7b91 205d 6bf0 13b5 204d 2c9d 142f 2f42
7a3f 058c 1476 6ac7 1d07 5b51 180b 3f92 055a
4d40 7268 0ce4 015b 47a0 3f9b 577a 4100 4ad2
4622 4b47 4c7a 412d 6054 2e2f 227f 6c92 2306
112e 7d71 03d1 46d4 6d8e 7f21 3d5c 7c58 4776
703b 10a7 08fd 0b68 3d97 4f31 296b 187f 5157
087e 230d 17f1 5cca 5019 2ae1 7695 1fc4 507d
2400 3d60 339c 5dba 2bc5 63d3 362d 52a3 68a4
2c43 2630 3af4 63d6 64d6 108d 1bd6 4296 507f
1596 714f 57f1 297d 67fa 737c 65be 44f7 5d4a
35f4 4e8e 39f6 364d 00e5 2504 0620 3d79 44a3
3350 5f05 24ab 31fe 734a 377a 370b 7bd4 68c5
78c0 6d6f 5592 6bf9 7b63 346c 126f 442d 0715
23cf 7608 5518 6eb0 7f3f 6153 0198 098d 4250
5fe4 4b3c 1612 34e0 0b03 57cc 2d4e 1825 6918
24a3 2fb0 2a30 3373 3b43 38d8 3da9 3563 3b0a 2f42 3f92 3f9b 2e2f 3d5c 3d97 2ae1 3d60 3af4 297d 3d79 377a 346c 23cf 34e0
3d84 31e0 268c 0998 286b 3839 0ebc 2a55 0eeb
1478 256b 4a5e 6550 284b 7176 154e 0ecb 6cc4
32b9 2951 004c 159c 445c 1bd2 73f7 27da 5dbb
23dd 7017 0d6d 30c3 4f26 38e4 7efd 61c9 2830
788e 168d 1c34 1863 3a74 077f 4fb5 535a 2fc6
65c8 7760 3afd 2c0c 7b9a 01c7 16ee 5c7b 202e
1ab8 65ce 2a82 535c 72c6 7bab 28a3 67b0 064e
765c 4e85 1bb5 5872 3a00 3520 2608 6cd2 2b0c
41cd 08b9 14ed 7179 2636 2d84 5f82 192c 40ae
0156 4a8d 1e96 0bc5 061d 5bf1 4111 280b 6b4d
5348 6542 7b4d 083d 7d54 24ee 6ae6 7645 126e
0981 37df 1c18 1b14 1006 720c 4ae9 5c7d 0d2a
60b2 1af7 57bc 2cc5 7d05 3eb5 2ca6 14dd 5472
20ae 7aee 24a2 29b9 4e60 5231 6650 5590 062a
7e89 7bf1 628d 714a 4f53 430c 74f1 0dc5 0d4f
3001 07cf 60b9 7d79 0839 77e5 5383 133e 3219
2223 5d5f 073c 2b11 2e7a 5d7c 1a6a 6778 6725
192c 4693 6d38 0c63 0173 7495 36cb 54f5 48c0
624c 214c 26d3 5919 4a05 6bb0 1357 6f8c 100c
2f75 771d 088b 3490 7d4b 7c6f 33d5 2d6d 7ecd
4255 1886 14ba 664e 7a2b 4c9d 6d9a 7e6b 76e6
112d 156f 1e8e 03ef 63a8 6802 1488 1afc 23a5
0f45 0c24 4784 26ee 345e 2acb 4f87 4e22 09c9
3ae9 243b 597a 23dc 65dd 0e53 7abd 1d28 51b8
3d84 284b 32b9 38e4 3a74 3afd 2a82 3a00 2d84 280b 24ee 37df 3eb5 29b9 0dc5 3219 2e7a 36cb 26d3 3490 1886 23a5 345e 3ae9
17b9 7fc8 7cb3 7444 357f 2527 1790 2cd1 161e
4b81 6330 20a2 2b74 69f0 0a1e 1f72 4463 2a70
4e96 0447 27c6 7e5e 5b04 7e41 2d28 0bc8 308b
3bb1 74eb 67ea 675c 2fe7 0869 2363 151d 7a66
7a0b 3b83 359b 2cb2 00f9 2225 6c51 20e8 3b84
2e7b 68d9 5bc1 3038 7713 46e0 65fc 1b53 1bd0
67ac 7b42 37f9 29c3 4cd1 7e08 63d9 6e2e 60ed
1dcb 2619 6848 314a 764b 2c05 30f9 39fd 4b53
4fdf 6bed 65eb 4a9b 2222 0e5c 53a9 4589 7619
0401 4984 4aa7 338d 1007 2032 7e86 2e62 483a
3818 3459 0047 2439 0603 0ddc 76eb 3e4c 6206
7e88 7a89 24ee 6a29 656c 6caf 6219 0406 732a
469e 46de 1f41 158b 0045 2b08 2502 463b 3350
3423 4e5a 7f8f 2eaf 114f 04c7 3305 1ef8 146d
770a 41f1 2940 7ac6 7fa2 547f 7775 3c04 0679
5a31 49e7 4a33 7a46 77f4 0db8 11a8 6e18 3737
53f4 3fe7 533d 2b5f 572f 662f 2e4c 7b32 1bdb
7d86 5fe3 4155 02a6 0561 338b 5f29 14da 1573
3111 290c 3c78 59df 4532 4881 3152 1610 670b
24b6 7319 09f3 3e93 4a92 1c77 589e 5be5 696f
321e 6148 33ff 5074 0092 5aa4 106a 68d7 439b
40dd 0b24 788d 0e15 7a4e 5472 3c03 436c 16fa
49bb 6af8 5329 04a8 518c 7e2c 4179 363f 402d
3d1b 1418 234d 7fac 6e24 4e7d 09ae 1cb8 409b
357f 2b74 308b 3bb1 3b84 3038 37f9 39fd 2222 338d 3e4c 24ee 3350 3423 3c04 3737 3fe7 338b 3c78 3e93 33ff 3c03 363f 3d1b
6ccc 1ab0 01a8 5868 11c1 1dff 7f99 0301 60fb
7a9e 767b 6be4 5b11 012a 34d7 32ef 71cd 18ba
5081 3ef7 2c74 79bd 4209 5f08 0047 6691 6a30
6aac 1b9a 414e 5e99 7ba6 2d42 5a1b 7bb8 270f
62ab 7781 34e2 00fe 7e3d 4a3d 0b58 0d1e 20c0
33dd 2088 5d44 0957 0178 1b5c 3b22 1afc 48a3
189c 259a 05a8 2520 7a7c 0795 11fe 3c3f 5c32
363a 1e1e 4405 70a8 229e 04dc 1b5b 114c 6e9e
0f55 3c50 3206 5c8b 08e8 498f 1168 3334 5c45
6ac4 66dd 2491 11f8 67d5 6c16 170f 6ad9 7b39
2ab4 5a55 5a32 7bb4 1fe0 04b3 4141 64bf 0bbb
43ff 0c9a 5d18 6378 6782 3bde 68bc 7d81 7f6f
0ffa 7009 4d6a 4db1 3400 1c45 1c03 3389 2836
49f6 2d85 0baf 4d44 2c4c 7f47 04cc 577d 7370
61a2 2b3e 3051 26cd 6b40 46db 3d5d 6259 1d20
493b 10f4 12ae 67e5 0c74 770b 55ce 3e23 7d60
1f26 1e95 2ce5 2ae2 4c9a 6ff5 44fa 00f1 0b65
2f79 56af 7c79 056b 3126 3bdc 406c 5157 23a0
66e5 2c0d 2e25 7335 6e9c 1558 2694 01a5 25b4
7747 19be 7ef8 0557 2023 6661 6c34 68f8 7ec2
3317 6266 07fa 50bd 3bc3 07ea 5fea 61ac 6eaf
65e8 28f7 7b28 155f 088c 7684 30bc 7249 1f25
4a75 26aa 6d7e 0e23 212e 1e2b 2f3b 58e5 76b3
4887 7d63 22d0 4b72 7b48 2b49 306f 0b1b 1712
1dff 34d7 3ef7 2d42 34e2 3b22 3c3f 363a 3c50 2491 2ab4 3bde 3400 2d85 3d5d 3e23 2ce5 3bdc 2e25 2023 3bc3 30bc 2f3b 306f
07fb 5c81 4274 59a6 64b0 0c41 0536 1037 794f
54be 205f 24fd 0318 6eba 5b83 4b03 6227 082e
3776 465f 1bfd 4252 11b6 7c2b 5f76 4112 7cdb
57cd 7989 7498 0b0d 2eaa 6ef9 3580 1998 4b3e
1e1a 49b4 0cb8 55c0 20cf 5d91 5454 49d0 2371
789e 5f73 7433 405a 0072 5985 45ee 621e 176d
1cab 30e1 40bb 47cc 430c 7b72 63f4 1453 7136
36cc 0ed2 2e26 216a 5e52 3e47 4129 187f 0aab
1374 559f 0436 7914 4058 62ff 17ee 1a7a 02e5
0f5d 763c 6bac 0a10 6111 5f3c 69b9 5b8a 3955
7e06 5d53 4ff3 0ba3 3730 412a 5f3b 7202 3a9b
3d6d 4c00 01e4 0e67 1416 01e0 1f62 665e 3de5
5a2f 3269 66cc 4dbf 4ff4 7485 5871 76d1 5617
54f4 57ff 5219 2b5f 6fe2 4178 1ff3 5f45 4715
5831 0822 268d 5f3f 4f63 5c20 4080 73b1 2da5
5a2b 46b4 62a7 10a8 4d99 73bd 0b74 3bb5 751a
5598 07bf 08e7 6aed 00cb 0e14 39bf 02e9 42c1
10c1 56ec 1fd0 4bb7 4409 1157 44c0 0cbb 7b77
3e73 3fc3 2c8d 75d5 7564 3186 1945 1603 6610
6fcb 67b6 1a5e 5beb 6867 37e0 6e6d 08f0 08e1
3424 7498 44ae 3e43 68f8 73c7 28ec 424a 75a6
11bb 6071 56b9 7ca8 6d6f 4e4b 4f28 5894 0ff6
0a58 124a 698a 0bcb 705d 758c 7c91 06d9 3b7d
4726 1ec1 30e9 6984 3047 16b5 4b78 51a5 5fcf
1037 24fd 3776 3580 2371 176d 30e1 3e47 1a7a 3955 3a9b 3de5 3269 2b5f 2da5 3bb5 39bf 1fd0 3fc3 37e0 3e43 11bb 3b7d 30e9
29c9 32de 2d3a 72f4 2e7b 5925 4fb2 4eaf 03c1
4ef0 0620 0abe 2de8 5f07 772e 5995 1c9f 600a
40a0 7cd7 6468 3003 3ddc 6ea7 09d7 5a82 59e2
65c1 1b3f 6a58 2f26 55bb 2819 09c5 011b 4952
1e11 67fe 2f32 356c 422e 4a1f 5696 7934 4a61
4d11 54de 4a74 3eb2 6873 28ad 74a2 35be 79a8
7295 05d5 2d00 4784 20a8 21d2 0914 79ad 1fdf
40e8 5c52 09ec 1917 5c71 5c75 1925 0344 60f8
0a5a 399f 3627 051b 00f4 72ec 3cfc 46cc 46b9
3e03 4a93 3e9c 1cf0 7edc 68a3 13f1 59ba 7145
5128 1ac1 24aa 62bf 4a1c 66f7 08b5 6bbf 2c65
0e16 1162 142d 4e96 10c9 6e2f 2416 71eb 7982
486a 77bd 1dd3 31ef 43dd 2fc3 351a 023b 5c0b
1c90 42de 110f 514b 5e7a 7729 6a66 11cf 6435
6538 6d85 52ac 68ad 18d8 3847 53f0 0ecf 2ac4
370f 7092 3c82 1f43 6b22 0f54 7076 4a79 1c14
6534 1115 7028 409c 6e74 3896 4c6f 77b4 66ec
2bce 10da 31aa 43d8 5af7 30b6 5b05 1712 1c14
2deb 0067 6dfb 01ed 41c5 1a30 179e 5e9b 2d0e
341b 14cf 3ca3 5feb 201d 453c 1fdd 66ec 6453
5fce 4337 7e0d 2cef 3280 5211 3358 5a84 6df3
5194 5cff 14e6 748a 2d6e 78f2 1480 219a 255e
13ca 758a 4a8f 0ab0 7b07 4b6b 44fa 199b 4cdc
0b3e 0a88 7e40 1d31 0616 50c1 7421 4456 7ba4
32de 2de8 3ddc 2f26 356c 3eb2 2d00 1925 3cfc 3e9c 2c65 2416 351a 1c90 3847 3c82 3896 31aa 2deb 3ca3 3358 2d6e 199b 1d31
0bc1 0418 47f7 2870 03cc 066a 7363 48fa 300f
2216 3caf 72e2 1219 71d7 5318 63f6 7f63 7c7c
1d8c 1c85 2ea1 57d8 691a 6488 7d26 76e3 0fb9
4cf3 6fb8 1c14 0ef6 5566 3c55 4dd8 3423 5d7d
4af6 4722 7e2c 5a9f 4588 6840 210a 2eb7 13c2
4553 6c89 2c10 799e 6572 4e9c 5f4a 5df1 6c52
13c2 02d4 5418 68a6 7c00 38b9 7aa4 115d 3276
0c65 78f7 2e20 02c9 2963 0111 0394 69c0 0c8b
49a7 584c 387e 4b2d 38ef 686c 18ef 6532 4967
3101 5599 4acc 35ac 2fd0 7633 16fc 08bb 2507
3ea0 07fa 4c32 05e4 6c27 3879 13a3 2dba 1db0
2bab 7598 681e 42d5 7987 6818 24fd 58ce 1168
341b 3794 3392 739e 058c 26f3 68fe 692a 2353
7b44 5d75 6058 5e9c 4f2a 056f 1747 2141 09e9
361a 53ed 078c 0a4c 0616 487a 7139 17aa 1958
6acc 726c 3554 4e91 20a0 2bfc 06bb 5f93 638b
38bd 643f 7120 7835 62d0 6888 6f1c 1ee8 0603
2e7a 206c 3275 55f5 7da9 1b8d 0a42 5e88 5df5
5b44 23b0 5cb6 7339 17e9 07a4 2e14 1ebf 59cd
4c00 4e6a 38cf 4b62 7d29 3cf4 0551 0038 5813
7116 3f4e 6ed6 7951 7217 633e 46ca 5fa4 6cfb
551c 68d8 0d59 63fa 5895 4c8c 5591 626e 33d4
049a 43e3 25c6 6bd6 51a2 0dbf 2904 2b92 3178
323f 25f9 2816 58d5 4cc6 020f 7cf9 380b 0161
300f 3caf 2ea1 3c55 2eb7 2c10 38b9 2e20 38ef 35ac 3ea0 2bab 3794 2141 361a 3554 38bd 3275 2e14 3cf4 3f4e 33d4 3178 380b
0c5f 4a87 4fb7 7c54 7086 759d 0f98 532b 6e9a
1a06 6f36 0eed 63ff 1f97 71a8 6bee 2fe2 5827
368c 2f51 03b3 70de 7b0f 7824 3cf9 49c2 2aa6
2043 0764 6394 0997 7da3 410e 098e 3672 13d4
645f 7127 48eb 7dec 287c 4172 174f 0a9e 1aef
46cd 4860 2e0e 0804 3dda 46eb 3cd7 33c5 330d
62d0 3252 199e 423a 2524 40a8 5af1 573b 17ad
7a08 6145 5b98 6bfb 73a4 4c38 5f78 2b05 1c1b
6c4b 4df0 3089 1b43 369f 4402 59db 2a8e 2984
7dd2 0590 3034 074c 23ad 7f75 636c 64aa 7bad
539e 4466 5b76 08bb 6f64 01ce 4fc9 750a 6fb1
0bae 641f 74fa 0d1e 6641 08ec 4e62 7ac0 2871
11ce 0f6c 123d 4147 5a05 2150 1b35 334a 0b3e
1bfb 512a 022d 238d 3d26 1c6b 5e78 2956 2cba
7aac 6ceb 57fc 601c 1c18 138c 1297 5b5d 68fa
132f 5808 3f9a 63ec 3250 1ec5 5913 0bea 5d5d
25d0 0ad5 65d2 2792 4353 7b07 4d20 64b2 0763
5d8c 0eae 4fba 672f 18e2 42f6 5962 1c4b 7888
282f 27ec 1e11 7048 79e6 46e2 1736 3ec1 7fa4
3a06 43ff 0049 0bb8 5f62 0f37 54c3 5e04 47f1
3ab1 6bd5 1a75 10d4 21a8 241c 47fe 1abf 09f8
6d9b 52f2 552b 59d4 6485 3057 3b64 3c9c 5ec8
1357 69d3 71f3 03e8 0da1 1e6d 656d 0a95 7856
5e62 4687 487d 2d21 29f0 1c32 0c2f 0b18 5b92
0f98 2fe2 3cf9 3672 287c 3dda 3252 2b05 369f 3034 08bb 2871 334a 3d26 1c18 3f9a 2792 1c4b 3ec1 3a06 3ab1 3c9c 1e6d 2d21
42b5 5396 60b8 5c96 4050 0656 5b24 6998 5832
6c26 0f98 5084 0b1c 036f 5cba 461a 6b2b 7784
7ee9 4748 51a4 48b7 591f 2ed8 279a 113f 7ec1
6ce3 170e 508a 3fa5 2dfd 4f3d 3571 5ba6 2161
7eac 0df1 612b 7e09 67e7 2b8c 3bc2 184a 24e6
313d 5bf0 302f 5d08 22aa 3907 6f40 172a 7f4a
542e 0c1d 1b7f 5a83 24e7 4da6 5555 093a 5ba1
0165 7f07 14a5 17c6 24fa 5f2a 3e03 2db8 69ee
66e0 7a78 6f75 34c1 79cd 7d89 193f 6d6f 007f
18a2 1bfd 6e5c 4bf3 77b1 474f 3f02 2eb8 47a6
2bca 224d 3c70 6fb6 3120 4951 1c72 205c 583f
15a8 5f24 02bb 4438 6805 21aa 7c5b 0279 486d
6129 21c9 0314 381a 0a43 4f2e 12cd 7e87 3774
4048 15f4 2d1b 2842 1570 3f0e 3b78 0c7c 3200
55c5 0a07 4a36 55fc 63db 6f98 392b 0f02 5cbd
3721 0399 1e4b 30e6 50e8 6d77 7241 2a1b 5b5c
7bbe 74b7 1eef 080e 52e3 12fa 21c7 067c 1d64
2d40 270d 77a5 101a 2990 0af3 29de 6996 0d54
2a9f 536e 5ea4 4001 53a3 3727 4071 659d 2363
0999 2aa2 2c8e 62c8 3867 3640 0144 013b 6b28
0117 7711 1e74 4f82 2efa 32f1 342d 6592 3f5c
311e 6eae 79a0 2b65 4c9e 1f2f 0444 10e4 0334
3e72 1c7b 5c0e 6037 0fd3 5063 7c7b 0333 7a9d
4e75 5c0e 0268 3df8 4f0d 258a 3244 3ad6 48da
0656 0f98 2ed8 3fa5 3bc2 3907 24e7 3e03 34c1 3f02 3c70 21aa 381a 3f0e 392b 3721 21c7 2d40 3727 3867 3f5c 311e 3e72 3df8
260f 662d 5d9f 36ba 39f4 3557 226e 21ed 2839
5820 02df 46ec 64d1 229a 4e7f 4cfd 705f 7d73
1040 7251 789f 5c46 5a25 039e 26af 71f8 4b06
2231 1d64 1211 3974 5303 6f1c 4953 3bda 2d65
3e43 1378 02d9 03a2 1b28 7da5 4cb1 0c6c 70cf
7802 69cf 6c19 7072 1d72 5aaa 51cf 6c9f 2917
5a24 4720 6b08 01c5 0124 2f78 43eb 38a0 1ed2
6152 3f66 4514 39ec 0453 598c 0ef8 1639 0bc8
0d8c 5ba2 0926 341e 3622 1df5 3c77 5ca3 5eb5
413f 0604 4e14 6d4e 1ca4 4fa7 5fba 2b7e 7705
7f68 5f9c 3ff7 3e30 78f4 1c6d 4499 5b1c 6e05
172e 6808 6cf6 0407 6a77 47ad 1016 7838 0471
056c 3ee2 46dd 6e6c 423b 3f6b 6405 1a79 015f
617c 7b60 4730 5ffe 09f9 4c64 26a8 5eeb 7e53
0a74 77c4 74c4 6704 7cf3 4fa2 7970 2012 06bd
6f06 46bd 7e0f 0a35 7283 1235 639a 241e 4ba8
326b 108e 63c7 5ad8 580c 62d9 396a 2c80 1ccd
5a17 0250 27ed 1f0a 6aa9 1743 2bf5 736c 03cf
24ed 6605 6821 2835 5860 3429 4f0c 49c8 12f3
1df8 59c0 6b06 060b 3e15 6f17 4d49 6937 1c8e
3051 0157 0713 6a46 7f70 16e3 16f8 0cdf 08eb
4e5e 5f70 6146 5169 586b 39b6 2de6 0a6d 303a
34d1 64e1 589c 0f85 4905 1649 0c3e 1b69 4de3
35f1 324c 65d1 0da7 0cbc 6998 614c 05da 1c30
39f4 229a 26af 3bda 3e43 2917 38a0 3f66 3c77 2b7e 3ff7 172e 3f6b 26a8 2012 241e 396a 2bf5 3429 3e15 3051 39b6 34d1 35f1
7d1b 55c8 71c1 7d47 5579 60b2 2976 76ec 2d50
2b8d 3b50 7d7f 5bb9 3b97 3aa0 79fb 7f40 0241
3a4d 7010 2090 5b8d 49f8 018c 0229 28e6 3eb4
5398 6d49 2cea 1867 527e 0e26 31a2 7529 2366
6c6a 657d 4285 117d 2bd1 509d 1bbf 7dfb 73c1
2379 7049 0d72 66fb 67ef 4ea3 183b 6c26 5995
05b1 206e 28df 0548 246a 4980 443c 0cf9 7501
32e5 50f0 22dc 565a 50cb 41a0 4c6c 0a12 45ad
2103 6f19 3a58 2f33 5687 6679 70e0 7eab 407f
66f8 055d 6c25 179a 30aa 395f 07ca 025e 5cc1
4e3c 4780 124f 3e9e 598b 2597 1127 62cf 09b5
1931 3675 17ce 1317 3468 0772 7471 56fd 0fa2
686d 55f0 2444 16a1 63dd 104a 3fde 2f16 2934
6d29 1a41 61bb 47ef 372c 419d 22e7 2b83 0d0f
390a 6040 4c1b 0c15 2d8d 62d4 1774 57b6 7844
1e92 000b 75d5 6692 5cd1 472e 1630 462a 45eb
45e2 6bbb 3d82 0574 1f44 018f 6e0b 0582 7304
35c8 0132 485b 32e6 1460 6f0d 7ff7 3bc9 7f53
6b71 4d69 3a48 079d 73db 5d50 046b 3cb6 7587
636d 7359 77ba 2222 1eb2 6584 3c7c 0d03 3158
078a 21ca 4fa4 0e5c 08b5 72ad 1f9e 6eb5 3727
2808 2735 2abf 6df5 242e 33c2 15fb 317e 395f
5458 313a 44a1 189a 36a3 7308 565d 46dd 0aac
3eed 146b 68a0 14f8 6120 2359 7c95 5194 160a
2d50 3b97 3eb4 31a2 2bd1 2379 28df 32e5 3a58 395f 3e9e 3675 3fde 372c 390a 1e92 3d82 3bc9 3cb6 3c7c 3727 395f 36a3 3eed
059c 7184 403c 4ee0 2e5f 2243 17f3 4bb8 30ee
18b3 0d93 2901 0373 4e70 7071 2521 425a 45ff
1dfc 016f 2988 6524 7fd8 0ff5 1b2d 77ae 5173
20e5 2c93 0569 1221 541f 6573 08fa 463e 0ae6
55f6 1b6f 666e 211a 74ad 43f1 47c3 7cdf 29a6
76dc 4e19 0af2 1b6d 58fb 2b4c 0897 4328 7231
04fa 4895 71e8 5814 7083 73dd 6a9a 24ea 4156
4d91 22ea 79ff 7882 6706 655c 596a 46a2 384d
3cf1 71eb 098a 678b 114f 240a 581e 0dbd 523c
3808 5bec 3260 5062 7768 1676 7403 3afc 57a7
2d3f 0be6 5a81 656e 2a2f 174a 7f40 1f7f 36c7
0ea8 0acd 3d28 7d98 2094 72bd 6d07 6c76 0a5c
32f1 7bc4 4073 7056 47e4 51f3 0432 5eb0 4016
01c2 1b4a 0bd4 6c7d 413d 4fe4 4478 51be 7d4e
2e2e 3bad 02b2 6d50 447c 0e65 2d31 5a15 24b9
1730 3ea0 4b77 6045 2808 599e 2a3e 0081 6afe
2246 4179 1b30 5f4d 4429 3cb3 7b72 5ebe 501f
0fe6 101c 2633 75de 2145 497e 56ba 0e39 4b9d
747e 7c92 4046 76b9 6915 5456 1e17 5d25 4a7e
378c 4cfa 0487 6a3e 0da8 2486 69b4 72f4 4bb1
15d8 3afe 6e24 7957 081a 74da 0bfb 7b25 1a29
6be8 717a 37ee 0da3 605c 0667 3e30 3e35 7664
2a05 2a4c 2eb4 34b7 0866 65e8 0202 470b 2e4d
46e5 3152 601f 00c5 7e7f 1177 33b7 3e7b 58ee
30ee 2901 2988 2c93 29a6 2b4c 24ea 384d 3cf1 3afc 36c7 3d28 32f1 1b4a 3bad 3ea0 3cb3 2633 1e17 378c 3afe 3e35 34b7 3e7b
4696 4889 5209 36fd 76fa 19f1 0db8 4e9f 1883
2451 011f 6866 5068 35b7 258b 764d 483d 138c
21ff 73f0 1d73 0c27 311a 5e1b 39b2 6e3b 7b17
7bb1 7600 3a23 3ecb 782d 29b8 73cf 734a 4212
004c 35d5 02b1 069a 6805 0475 5f73 3acd 64a5
61bb 04b0 03be 09ee 3e33 1d09 4fb6 6f56 4b14
11fb 0fec 3dfb 2ff7 1f54 4c1a 4b97 62e3 2e35
4e54 2929 020a 795b 0023 1da3 62a1 044c 2ff8
0e80 67d3 41a3 5400 3725 5f26 32c9 4fc5 487a
010c 3bc1 7788 7b81 5d60 78ed 6cb0 0a14 063c
14ae 1eb7 1a5d 4e4a 7b0a 53e5 1c1a 57b9 2854
2854 269a 103c 5994 205a 2957 4240 17c3 617e
1f06 6c89 5892 1269 400c 7a53 1507 0057 2fa3
462f 6bde 4418 19d0 1cf3 4442 3d29 550e 2b88
3563 40c0 778b 72ff 48cb 79c7 2f75 030c 4a26
60b6 5c1e 11f2 568c 248a 2569 618c 1e71 714b
4f57 31b9 4512 2803 2679 67cc 6d7c 3560 1b8f
3922 6367 5a3a 6077 6b14 1df5 25e1 7cb7 5671
09f6 2749 3a46 730a 51f1 5574 6d0d 3c43 0737
5e46 0373 0c07 0cac 61e6 27c2 2f6b 5aa5 429d
7224 6bce 301c 7939 076d 758e 050b 6c66 4883
7aac 10ee 30d8 700a 6eb9 0a8f 0f85 2e1a 29ea
58dc 35a1 60f3 74c2 76f1 5812 67ff 23b4 748a
4210 1fac 11e8 6539 654f 5dca 75a8 2cd9 000a
36fd 35b7 39b2 3ecb 3acd 3e33 3dfb 2ff8 3725 3bc1 2854 2957 2fa3 3d29 3563 2569 3560 3922 3c43 2f6b 301c 30d8 35a1 2cd9
3d8a 312b 55d5 2f04 32af 38d7 4ce8 4f66 7456
3e87 156c 1ebe 722f 6a13 151b 60d1 5492 559f
6ac5 3008 5e7a 4745 2b2a 3722 7e49 259c 5046
6e0b 1435 3272 1ae9 3788 2e27 6b1e 6fab 3710
1450 663b 4dac 5949 17d2 39ed 3ff7 03dd 1dc3
0a9a 1787 10f3 2651 1bbb 67d9 132f 4ffc 4b07
50e6 4e84 3a44 4dd0 19a5 75a1 5396 19be 6225
35da 1232 7b2f 3f58 73ba 060d 2233 37f4 566f
3a6a 041b 6243 1c62 2eac 5cce 5969 561f 4649
2291 7194 2595 1d74 3e76 1e47 3c7f 5902 3248
2995 0981 7553 5a65 36b5 61c0 52c9 703f 5f62
2e60 4ed8 4788 02d0 0d35 1d6f 028a 35c7 40d8
0fc0 60f9 7053 0cf7 512e 6aa1 097a 4c8c 0944
1d70 4be1 16fd 138e 74cd 67ac 3013 79f1 37b1
22c5 00ef 11a5 08ae 71b0 22a5 7691 6cc9 0b46
4159 3c15 5b9f 4774 1e9f 77df 637a 1a51 2e93
449e 4816 3fac 7e5a 75a2 05a4 76ab 01e2 1bd5
0b86 32c7 6a28 3874 0722 4212 5ced 5bd3 62c6
713f 43cf 3df2 66fa 3f05 75d2 5ae8 40a8 2230
36dd 107f 68db 706d 4f0e 23b0 1f22 2c04 7d0f
22ae 7c57 2d9c 58aa 7bc5 5929 45ca 08cf 5c3b
5f82 6551 33f0 6916 51e2 1dbe 7182 0050 500a
1bb1 52e2 5d88 7d5a 6916 0a56 5d81 1eca 0bd3
2520 61d4 362b 495c 5a66 5b75 43bd 2832 002f
3d8a 3e87 3722 3788 3ff7 2651 3a44 3f58 3a6a 3e76 36b5 35c7 0fc0 37b1 22c5 3c15 3fac 3874 3f05 36dd 2d9c 33f0 1eca 362b
249a 1852 4aec 3a8c 6d86 3440 3efa 1128 7610
1b3f 5c37 70a9 7822 1679 648e 330e 2ce6 3f56
325b 3d48 748e 2c91 587f 45b3 5032 23c5 6bad
7057 24d3 2f29 346b 606f 5986 6ca0 29d0 6fa2
4775 3e8e 7410 19f1 569b 07d0 3ce5 1ba8 7436
2270 6377 52e2 2b7d 17ab 75b5 27d2 4fe6 70b4
7868 5c74 0b9f 3791 311d 275d 2cc6 73e9 323f
457c 559b 32ae 739c 290f 3bd2 4c5f 0505 2f20
2664 3635 36f5 4d78 7d41 245a 4dd4 1856 2b1d
1f62 0e94 6621 1167 23ce 00e6 624d 29af 2919
0dc2 1987 0f2d 2f14 36d0 1076 40e6 673e 4dcf
33f7 39a0 1829 55f6 3ed3 6f9a 54f8 01d3 1852
6d65 106d 0a44 5a76 4cda 5647 77d7 50f3 5866
21c6 5f00 5ae1 023a 70f1 461b 3ab2 1e46 784f
2588 26ba 54dd 19fc 60bc 7a88 5ce3 1c2a 5b1e
1657 5626 5760 4411 03d3 3732 7704 02e6 3f8f
3ec9 353c 4914 29ba 3468 72d3 09a2 3876 570d
631c 6f66 31db 1833 355b 5a43 3dc1 717b 1e35
72a3 4f66 3871 4e09 6dfb 5f97 58d5 2bbb 581c
27ca 6976 0014 00a1 3fca 5011 1f3f 3cc4 19e3
6e4d 3c2f 4c33 64d1 5694 6adc 624d 3f8b 4d48
73f5 7625 46fb 0e1e 126d 57f7 7acf 5de3 3aba
6a33 15fc 6986 1044 3d10 3f9f 6dde 09ec 5001
006c 65e4 6a16 085d 4dfb 24b0 6c8a 3641 2914
3efa 3f56 3d48 346b 3e8e 2b7d 3791 3bd2 36f5 29af 36d0 3ed3 106d 3ab2 26ba 3f8f 3ec9 3dc1 3871 3fca 3f8b 3aba 3f9f 3641
744b 5356 350b 3d06 7171 5b6f 757e 0f8d 76e8
498a 3549 3367 5e0f 69f9 66d7 33e9 1cb1 6f87
5c10 6cd1 4cd4 0dbe 3704 032b 3f2a 75ff 3791
080c 2655 471a 2557 04c4 3c6f 40a1 7081 0cd4
1321 6089 0efc 46c1 3bbf 5eb7 4838 149e 435e
1134 643d 59d0 645e 17a4 712c 6a0d 4385 57de
4946 6f7c 7eb8 2fa6 12b3 22ad 7910 2ee2 629a
584d 25c0 6ecd 3917 71ae 54ce 3206 2681 58d0
55a1 74ff 49f6 49c1 7803 53ca 2615 75ac 02b6
6418 2666 74a6 0549 53e5 3833 7e36 0b94 0f99
0df6 7be7 3247 6cef 2507 1c60 2db2 1cbb 327c
4391 2259 5140 637c 6576 5a93 0dd0 2f71 338d
66fa 7217 6d81 708f 760d 3e6d 5785 4fa6 181c
7261 33f3 40d8 62ce 2f8a 23e9 7d33 3423 57f6
097b 41c4 741e 652a 7beb 4b8b 3d2a 24e7 7d77
4118 5457 595a 776a 4ec6 1533 2f2a 77ef 568f
484d 13e3 04b0 1542 6cad 0c17 46dd 075d 0550
2f75 07c2 7c00 451e 02eb 79f5 3ca0 500d 7fec
562d 63ed 7377 19af 0ff2 7a99 7658 7df9 4bb5
5098 7fbb 3444 7ac6 66e2 5104 5666 3a8c 2c8e
3a7a 17c3 445c 0083 03eb 2c89 03dc 6848 3e88
4521 04a3 29de 4798 3044 6884 2e80 420e 23f7
21da 68bd 24a3 65a6 54f2 2ff0 2918 2058 4760
7e58 5136 430d 0e24 7847 49fe 68a9 3c9c 0eea
3d06 3549 3f2a 3c6f 3bbf 17a4 2fa6 3917 2615 3833 327c 338d 3e6d 3423 3d2a 2f2a 1542 3ca0 19af 3a8c 3e88 3044 2ff0 3c9c
4c16 0900 5430 0e67 023f 4b4c 1576 6a23 422d
29cc 66d9 18c8 5fa6 3aa9 4ad4 4480 3c51 214f
512f 40ae 49a1 2121 14ca 33e6 53ae 399e 1138
063c 07c8 6f97 00ae 137d 3600 3e92 21b7 571f
739f 2709 6c54 09d8 6408 1585 1322 1677 790d
1555 6d7d 7e7d 5652 44ef 2650 2725 5d8f 0f29
4c0c 0ae5 2b7c 439e 4dfc 5733 6c67 2260 35a7
3356 3b0c 2e9e 23ef 2e99 6803 3425 5936 584f
04ca 3c26 1b6e 6252 2f27 60d6 70f9 4bd5 2a4a
083f 62fa 4ee0 6e58 6b42 782b 39a8 4215 49a8
0bcd 67b8 7ecd 61ec 2eb2 2394 6a26 6850 377a
73bc 6d8c 0e16 2337 046b 540b 4e56 7393 2904
7326 2be5 4001 065c 093b 0bbb 760a 2d12 5a5a
1f9d 7f79 3edd 5599 2dfa 155b 3bb4 202f 523a
09ad 2c4d 55f8 226b 5565 12fe 78c3 58f6 5490
2cda 3d49 73dc 44d7 139a 3ff4 4326 0fa3 610e
7c4f 2759 552b 45c5 251f 473a 099e 46f7 2caf
18a6 37b4 3459 3e80 458f 3a57 5aef 53cf 3c38
3504 1f82 3e73 0e49 4ccf 179a 11ca 3deb 7d2d
0424 4a67 41bc 5f16 2bae 5b30 7ce2 368e 5778
5a6e 617d 3b30 05e5 7ed0 6bc3 39b7 2351 75ef
7d07 73ff 2d66 5fa9 684f 5519 0b8a 7008 653b
4749 045f 30f7 5737 5a5a 5f64 46f2 0c9a 699b
2f24 3543 347c 2a85 60b3 6d49 2cda 082c 03d0
1576 3c51 399e 3e92 2709 2725 35a7 3b0c 3c26 39a8 377a 2904 2d12 3edd 2c4d 3ff4 2caf 3e80 3e73 368e 3b30 2d66 30f7 3543
5d38 6a9a 47fc 08a1 1382 247b 4dd2 72b9 2570
1035 6e59 3b98 7917 21b8 27de 5d8d 3371 37d5
03c4 6c69 7af3 1dcf 40e9 0ecb 2ab9 0b2e 4ee7
3a5d 145d 7077 6c28 50cf 4248 0afa 7260 7bbd
515b 745c 137a 7f83 76f7 1e55 5713 19b5 59cc
2e2d 4895 710a 02dd 7df6 6114 60ae 78ac 2021
0d92 12c5 34f8 2566 6ecc 728c 6d62 6bf2 46e5
3de0 6128 7fc4 206d 12ac 6dd8 1f91 1686 0b97
3a8f 5f02 6a77 4f27 79b0 79b1 21e8 6028 4540
1b00 484f 0a26 0f83 1987 3cb6 0f2c 436d 4f9e
4948 5f11 4203 6991 5d81 3878 2087 5d75 0eef
07e9 5dba 2620 1840 585c 7423 0ade 61e8 2ac8
2d9d 5aec 7dd2 478f 391a 4769 1b35 2011 0175
154c 3536 263d 4085 0b84 1ded 1d6f 77b8 065b
5bdb 6897 17bc 7429 2398 2488 3529 1a56 0f1b
533e 7571 66ab 77a1 0838 43fd 4e08 2313 3045
44ac 3440 63f9 6a02 6bf8 50bc 4bb4 1422 744a
6cdc 440a 58ec 36d3 340d 489d 573f 6b69 6619
5ccb 6330 22ed 2044 3b03 3646 6fe5 118e 3f7b
149a 2551 52a6 1183 0b63 5ed6 2d35 6226 7c77
46a1 2b0d 22fb 0a3b 7ba4 73a0 59ad 4052 6459
310a 34a9 0d95 0308 3325 2539 7871 45b2 46eb
391c 735f 1730 69e0 6fc7 6784 23a7 3c14 104f
5d5f 717b 4315 73ea 7319 191e 0f2f 5e3f 2f77
2570 3b98 2ab9 3a5d 1e55 2e2d 34f8 3de0 3a8f 3cb6 3878 2ac8 391a 3536 3529 3045 3440 36d3 3f7b 2d35 2b0d 34a9 3c14 2f77
243a 5448 424a 62ca 186a 3514 2d65 7925 48ee
75bf 033b 58eb 158b 08a4 5ea5 4d3d 6e08 3870
3185 79c2 7e19 6fa2 0465 19d4 1a92 64f6 07b5
2f9d 19c7 4839 0841 2929 7f0f 2b6f 16cd 480a
00c4 63bf 130b 4591 17a2 66ba 381f 5a48 108a
2f39 49ca 2327 5baf 6641 581e 7ab7 5010 72b0
0989 5ee4 0474 104a 0600 2253 2f0f 2121 1a6a
2848 326a 1691 76fb 1878 092d 52e4 3408 7e16
2c33 3a59 021c 23a9 0bb5 3b15 426e 6928 298f
4d71 338f 13c8 4844 7f90 67d4 1847 41eb 124d
77b5 10a2 5127 0326 6695 4520 6926 7a44 6ab5
2dbc 0f58 6788 6cf1 00ed 14d3 20f7 1689 7e1f
7e92 23c2 708d 10f9 1312 55a7 0988 3b84 4fbc
435b 0236 6d66 72e9 6725 2190 7432 6532 3dce
4f91 4cf9 20a1 4bcc 2d53 1e77 2eb5 0fae 1bac
5f5d 16e6 39da 5526 6ca7 7d3e 5410 0e36 7794
5d6f 0dff 2f31 28fe 7c9a 4a73 5e16 1ba5 17bd
4a89 5912 6d15 131b 303b 3dd2 7db1 097b 6d08
3e84 7a32 0cd2 6695 3036 5439 655f 7a74 3e09
3187 51ec 0e07 7864 49ed 5c3c 3a47 03c7 19a5
0a4b 32db 1e77 43ba 7be0 2ff6 4516 2028 48d4
0f0d 7036 768a 30b2 5909 735e 6806 2ed6 7245
12f3 0bc5 6e57 3ac7 4dc9 7cdd 1a06 37e7 5411
0155 6762 40d3 4c35 1083 0420 76fb 3fc7 490a
3514 3870 3185 2f9d 381f 2f39 2f0f 3408 3b15 338f 10a2 2dbc 3b84 3dce 2eb5 39da 2f31 3dd2 3e84 3a47 32db 30b2 3ac7 3fc7
7b81 7a04 1dc8 0588 76c0 4b1e 4af4 2f52 689c
628b 7438 64ef 7bb8 5b41 6f1b 159f 3a50 3cf5
4305 6f4a 2fad 3f77 06c1 074c 7824 0b50 4565
560b 75f2 0850 0e4e 4e1e 7410 2930 2f45 32d2
25b3 680f 54ed 7f41 2648 36f1 6e2e 7567 6a22
5f5d 616a 6035 1e6f 35e8 5765 0048 0183 27c7
1493 526a 6e3e 6374 5a9d 0950 27e6 0a00 1ece
302c 0e07 5fc6 7991 7fd2 0535 5334 70ec 5d2a
0d0c 12a0 5caa 6815 76d7 4a44 638d 5c3c 29ca
16c4 4fe0 691c 45cd 1c46 42e1 11eb 2b56 6ecf
5634 2b6b 1679 7b32 5fb2 3ae9 4548 0b43 0e82
79f2 6ccd 6830 29cc 4d35 25b9 0d5e 35eb 70b4
19fd 160a 0aa9 7a39 2885 15dc 0987 7303 7522
2bbd 6e70 761c 3f8d 4679 5e46 4dd2 1074 02c4
5bc7 0c45 48ba 76c6 08a5 0417 47c6 1d15 56e5
76ce 12d9 1e52 57a7 48a9 7c1e 5bfd 0d0a 3c02
54ef 462f 709e 54c9 62eb 70f5 6835 239d 2339
44d2 2fd6 4a29 4f8d 03b9 1ce2 6b31 3b59 7dda
1708 0f86 3187 50a9 4658 17b7 180e 2c26 0bb1
109c 2d42 66e2 2d26 519a 41ec 175a 04ac 279a
0565 0713 7fa5 3316 3c90 60c7 5d73 04d3 1f4a
6fda 6d63 2e06 2277 5226 2f61 1170 0127 71e8
10dc 734e 5882 293f 1a01 4e9b 01f4 6ba2 3686
3acc 72c0 22fe 7488 2c9f 4e09 63b7 6908 2e83
2f52 3cf5 3f77 32d2 36f1 35e8 27e6 302c 29ca 2b56 3ae9 35eb 2885 3f8d 1d15 3c02 239d 3b59 3187 2d42 3c90 2f61 3686 3acc
0603 2b35 376c 78f2 58bb 62f5 265b 70e3 719c
4b40 3c29 6aca 1e44 2856 0c30 236f 3fb7 43bf
7440 1deb 2f12 24af 724b 7796 3bee 00d7 1389
2597 7263 784c 02e1 2082 5011 41e5 2d7f 7e42
4eb0 4976 22e4 7e25 4544 09d7 2423 4c80 23f4
7006 4557 2ff8 33d3 11d9 028f 686e 7c83 2131
6b20 4640 7380 17ce 63bb 0f26 11c0 77ec 28da
7dde 4829 1c57 6fd2 2478 4ef1 7d86 2ce1 321d
2c00 4610 08a7 6a7b 66b8 05cd 3d0b 7fbd 4b60
6546 3858 7464 0260 664a 1b84 5b9a 1f74 7fd2
5757 3561 44b7 0b6c 296a 0395 389c 3c95 271a
2461 64bd 733f 0568 743f 7c25 6802 1ec7 530e
0fea 2c18 16a3 4b1e 1441 4fd2 7d27 0074 726d
20d4 712d 7624 1bed 5faf 30e7 0f06 4ec2 28b0
60f9 2f87 7fbf 0c95 02aa 4e53 5451 3371 2b90
33b0 6424 10e5 4bca 69b9 06d1 1728 60a6 0c26
2a6a 1e46 46b4 390a 1b51 10e9 0dbb 6bea 3d4b
3703 383a 29c1 5c04 1653 33d6 31b7 7ea5 3471
78e3 2f59 5b8d 7c77 6409 1aee 05d2 5e53 3585
4be4 0826 3044 50d8 5475 2c3c 782e 7a1f 1bc6
247e 2864 160b 4532 7c15 6d8e 57f6 6db4 4a2a
01cd 7edd 69d5 2e63 33d8 250c 0df8 18b5 387b
0db0 66e4 6f91 57f2 461e 5b9d 6ec1 1936 7eea
4205 6c06 2900 481c 64bc 1365 3b9d 40fb 563f
376c 3fb7 3bee 2d7f 2423 33d3 28da 321d 3d0b 3858 3c95 2461 2c18 30e7 3371 33b0 3d4b 383a 3585 3044 2864 387b 1936 3b9d
334b 44bc 3f6f 17f0 694e 55d4 0a21 4169 353a
3ab8 5a16 0be8 2629 7c11 76ff 44a6 6d8c 2cbb
128a 4e2b 7d22 0c12 3db7 7d46 5377 440a 406b
62b4 5640 714a 13dd 62ec 6132 4397 5ddf 59fa
0312 02f8 2c9c 1c73 7527 3fc2 574b 286a 1765
5179 3425 6551 448e 1f5a 771d 6d92 3763 672d
753e 2fb3 3a07 72f0 01ae 5314 29fb 6c3a 1234
01ee 2d7b 334d 7368 6037 0190 733b 5492 585e
135c 4c15 3e54 107b 6133 563c 3436 3250 1351
1122 3f37 24d7 4ef1 6230 7491 3f42 1cfa 28d1
2e9c 4d6c 1a26 56f7 7ea6 64a7 12c2 25ff 49c1
2609 0e46 2bcb 7a90 21a6 1d01 1397 6d37 7819
3160 73f5 409a 1157 4723 4c54 2564 3f92 523e
39a4 500f 48bc 2381 57fc 72b2 2c99 2e51 1662
50c1 2944 407d 49e6 4e44 3f8c 4fda 64f9 2d40
124e 1525 7af7 2caf 039a 60c1 3eba 4112 7154
7827 454c 630a 23f2 597e 6711 5a74 2b1a 2966
4f6e 5901 3e0c 32e7 07b9 6c55 2c92 19ca 387e
347b 1cfa 19d5 0b3e 1923 3046 1855 26d4 6a60
7d41 5243 4c87 486f 16e5 499c 7459 4aff 342e
0ba7 268c 134a 174b 7d60 3245 0f6f 320d 642e
7bf8 1db7 4ade 5286 156d 4f83 1633 2bbd 6238
7417 268b 7a52 33bc 5b40 2705 6be8 776d 529a
70f5 02ec 3004 6c76 56d0 397c 12f6 0a0a 34be
3f6f 3ab8 3db7 13dd 3fc2 3763 3a07 334d 3e54 3f42 2e9c 2bcb 3f92 39a4 3f8c 3eba 2b1a 3e0c 347b 342e 3245 2bbd 33bc 397c
179b 057d 1905 52eb 696b 41f9 645a 0e9c 39a5
6451 37ed 25d7 691b 1317 7cc1 1467 0211 4974
72d3 591d 533e 1940 1ab6 3e01 3408 5a64 7e25
339f 0f3d 7682 3627 651a 6d87 4077 00c9 59b5
7a51 2e0f 7c44 4ef5 6865 6a23 1d1d 0508 4145
2d8f 35d7 1bc3 63a5 10ef 1dfd 21de 3d38 463a
06a7 2860 0ec1 1ec3 1499 676c 0cf7 2d71 5cd1
35ab 5724 6c31 7b30 5bb2 4cf8 0a1b 5b94 6ed5
3a85 4ce6 653b 5f95 4d30 559d 3e1f 598d 0f88
35ac 44c4 5ff0 37d1 302d 0a7b 3658 44c7 32a4
3f6f 4109 6308 2791 7895 11c5 4c64 65b3 5ce9
3958 51e6 60e8 222f 3825 087c 100a 6a48 7df1
1e12 2605 64dc 2939 5f21 7223 2e73 3f68 68d1
0570 40a5 5536 64b3 0218 7acd 43f2 123b 5369
5f5e 0f7e 30d3 0d2b 3924 6d23 24e9 598e 2acf
55ea 34ab 334b 0c1a 78d9 4de8 7305 3b7c 4483
1fab 7a68 17b6 6fa9 5176 3052 0c42 7a9f 1d69
06c9 41f4 54c9 7991 4554 7765 030b 4399 0892
03a4 755d 5b85 5302 1e99 3996 01b2 5311 145e
4255 20fd 455d 7bed 7c36 7b82 0fdc 1498 0c8e
3a18 532c 5cc1 2fb5 4678 49c9 2971 1b7f 2666
41ab 03b1 6344 597f 15db 72d4 0e28 7d19 3a4b
0236 6f99 20bb 04c1 381e 3070 6662 706d 5e45
18ac 1903 2b17 1e01 726d 13e4 67f2 79d9 79c1
39a5 37ed 3e01 3627 2e0f 3d38 2d71 35ab 3e1f 37d1 3f6f 3958 3f68 123b 3924 3b7c 3052 0892 3996 20fd 3a18 3a4b 381e 2b17
2fe8 5381 0a3f 5b84 7e19 5959 1514 1d6c 4bc6
0eff 6092 602d 56b5 5144 43f0 0644 3585 14ac
11d8 24f6 7bb6 1d82 04b2 17c0 6288 3d78 5710
2d15 25c6 050c 56f9 0d42 01a0 55d1 69cf 1b48
5b55 2dca 6356 1dd7 5e15 3f88 0680 4caa 6d4f
6289 1c88 569a 2a23 7e93 1453 6c06 4496 7ce2
77df 38da 7331 5a00 23c3 1c01 3e03 5b62 7562
728d 3654 16e0 4dbd 3f3c 2aa1 7417 321a 21c5
65a7 0ac9 5614 534b 656b 7218 2dbf 5cc1 1510
60ec 17f7 0a40 7f4e 35c3 3ab3 1ec0 1125 15b7
42f1 239c 536a 06d7 17c4 772e 3ace 5ab6 5988
1ed1 7b6d 1977 2181 45e6 043d 3368 6129 2b75
0ba4 46f6 2800 2c29 194f 081b 63bf 02be 73ab
00c5 67ef 2468 2ccf 3a55 33f9 43cb 2c05 7ec4
1433 4c8f 2a7f 2f34 0d54 7749 4311 21cf 3898
6e62 408e 1f21 7378 54cc 5d9c 2bb0 0bbf 118e
5ca2 6841 5f13 45ed 2624 0f3c 32eb 41e0 57fa
3e42 18aa 6ea0 10a2 44a7 37a8 67cf 6ff6 6051
2d96 6c46 4187 475a 2e1a 7f59 557b 4301 4f22
25f8 3efc 4204 4a14 1350 30b1 75b0 4d4e 1537
1c8c 1b19 47c9 560b 6d9d 4c04 4807 13b4 277a
2350 0adc 0943 25c7 39c2 4458 362c 62ca 1a1c
7cb5 5ceb 5281 193c 107d 6887 3d54 1a36 372f
47b9 3aff 3227 2013 6958 2a4a 3f31 6b1c 3c90
2fe8 3585 3d78 2d15 3f88 2a23 3e03 3f3c 2dbf 3ab3 3ace 3368 2c29 3a55 3898 2bb0 32eb 3e42 2e1a 3efc 277a 39c2 3d54 3f31
673b 424c 4751 402a 5a83 175d 01a8 30d5 4c7b
6709 5b11 30f4 29d2 7333 5ac2 278a 1aff 0e80
7d21 023e 4072 6eab 56b0 18ef 0ec8 6e93 23b2
6cdf 435a 1081 7e10 0f3e 30eb 3d73 19fb 073b
601b 29e5 1ae5 48ae 5845 7811 5586 10d7 3636
7fb4 7040 4347 400b 508c 5d67 5483 0a4b 7a4b
60d8 59ea 6c9a 759a 1be6 481b 0e9d 129d 20d0
6a2d 0885 4cb0 2c72 2d34 3b90 43eb 002f 7788
7edf 0818 2b14 3a9e 64e5 7131 261b 315c 2944
7c4e 4286 4d7f 7db0 487a 05f7 7546 78ea 690d
2a0c 18cf 0ea6 6d3e 4dc7 346f 5622 588e 135d
424e 2c32 77bd 29d6 33de 59b9 3e9d 0df7 02b5
50d8 2d7a 7ed6 6216 0774 5047 28ee 3d6b 7248
1471 5d01 5331 635b 2b0f 3991 099e 35f0 5e4f
227d 5c96 1dd7 5ff2 39a7 0ab7 1748 0871 5bc1
234b 3041 21a3 6d04 5a82 4aaa 5211 6917 1d24
3009 2353 3ab8 11c4 25a2 13b6 0723 0307 661f
64da 1f82 43e2 67a5 490e 4072 4959 728d 0a3d
3844 4d91 26bd 25c1 513c 5c03 0c4a 1164 564b
5ddb 6110 4de5 1ffb 1c92 559b 42bb 78bf 5286
3e85 3615 4d4c 20cb 0413 35d3 31ab 263c 23c9
5686 7f28 6d1b 0812 2774 6231 3176 08c5 70cd
7846 7e99 22fa 01c5 55b4 032b 313f 1a52 115b
6209 6ff0 111e 5d12 499a 3690 2e1f 1433 337d
30d5 30f4 23b2 3d73 3636 0a4b 20d0 3b90 3a9e 05f7 346f 3e9d 3d6b 3991 39a7 3041 3ab8 1f82 3844 1ffb 3e85 3176 313f 3690
5506 3761 4ef3 1310 5776 710a 6557 5960 0c71
4a29 0787 2586 5fa4 47b1 01cf 1420 68a0 4fec
4e59 34db 167a 19a3 1440 1ae9 1661 5b9d 1bfd
387b 24d3 6a34 5621 3b6b 35a9 1dc0 0937 39f5
66f8 766c 6c93 058d 0c37 7c08 22bc 716c 3f26
199f 23b6 6a6e 67d9 7b06 5e92 0d60 7197 76f9
4277 0ac5 4706 53f8 4fc8 0c1c 49c3 722e 5914
0c7e 4caf 49bf 425f 4cd2 1124 25e2 53fd 33d5
6453 11d4 5be7 09be 6fde 6790 5b6e 7147 0aef
17eb 0143 16d3 6358 5a81 194a 1399 6dff 1e4e
569f 6fd5 1e27 1b65 6f70 6afb 2046 04f6 170d
1f15 6f4c 00f7 07d4 3882 0a52 044d 0e87 2751
5e25 5cc7 0708 4765 3394 0cab 0434 2b73 7c0f
238d 0c59 2c36 0c0b 7e62 6194 1b98 5a15 0352
7af5 1f8e 556b 6ef0 6026 2729 7fed 4c72 02d1
0e5e 3716 44e2 6a14 7a17 085d 0d2f 13a5 7ab7
4cf0 7303 193d 4c23 4ef1 471b 6370 111a 386a
1779 431e 3b46 3911 5f84 144c 0046 02c3 15fd
4ee7 12c3 290d 573f 734b 2714 32c8 184e 7777
37af 57a1 32a7 118c 633e 303d 397b 5055 5d74
373f 3448 1d8f 0f43 5aed 3e14 689b 263b 40a5
3d14 3cfd 469e 50ba 5511 3f14 62aa 6301 1e9b
17eb 6c6f 7d5a 3604 2e73 168b 2426 1932 36ad
13d8 42dc 4b6b 5e7c 75ce 0d3a 4fdb 6ff2 1499
3761 2586 34db 3b6b 3f26 23b6 0c1c 33d5 11d4 1e4e 2046 3882 3394 2c36 2729 3716 386a 3b46 32c8 397b 3e14 3f14 36ad 1499
04db 49a1 0a67 3579 2b28 5724 3978 0330 5709
10df 54b0 7ef4 5bb5 54c5 0082 0279 07dc 25f8
7041 50ea 7b1c 0160 29c8 1b70 7d37 5e0b 0b6e
29b8 2d58 11c1 07e5 022e 2151 16a4 5cc5 3c28
248f 0c88 3a0e 7177 62a8 5264 0f1d 070a 64d9
3667 44a0 5207 773b 6cbd 3028 1971 0561 5614
6222 60b7 0865 6ee9 2ec4 7328 4a92 304d 6297
0453 78bc 3fb8 66c3 057a 3a1e 15af 4278 77fd
655f 53c9 660e 6db2 35b3 03cd 5a3f 71c9 3fcc
3a76 1725 46a5 66c7 0f58 7c23 33b7 4dbb 1a57
2620 790b 71a5 1362 7bd2 2bc9 2fd5 28e3 3def
29a6 31ad 44cb 520f 23de 2394 7ae8 75bc 7fda
277b 10f2 12dc 5e78 6205 439c 3174 334c 640b
2cf5 479b 3a08 2081 5dde 281f 4b16 6c94 76d8
1029 0432 2c3d 2252 666b 21f1 49f2 6dcc 2830
29f8 6517 743d 0d73 0115 3733 14ef 15aa 18ba
7879 764e 6ceb 0198 0d46 5a13 3fcc 6350 0755
06ef 1f6d 784d 16bd 35d9 0b5a 3a65 49d9 7c17
4711 6a1f 0075 16df 7b96 0a7d 54a0 6aeb 1443
1c92 11de 3e1a 23fa 351c 1b37 455a 0bda 7e3e
39ba 67e0 42c2 0daf 5e1d 22ae 4d0f 3967 4d58
2799 2995 1647 215e 1d13 215c 6554 4a8c 7b28
5f94 7ad2 5e66 3f0d 29e9 5c8b 3dcf 255a 6d39
70b8 7424 1777 3176 66ba 0759 0189 2c43 452d
3978 25f8 29c8 3c28 3a0e 3667 304d 3fb8 3fcc 3a76 3def 31ad 334c 3a08 2c3d 3733 3fcc 3a65 16df 3e1a 39ba 2995 3f0d 3176
5978 7a08 2e1d 0a31 02ad 0af9 6fe3 3820 5d05
6257 0f54 2064 316c 652f 1277 119e 283c 71ee
57db 346e 17d0 6172 2a0d 5108 0ee6 1c55 50b3
2f0f 1078 6858 544d 2455 4d25 361e 1c1f 0786
5656 1828 409f 5902 3785 64e7 5007 2cfa 1a39
1609 4ada 4d2d 15c3 43b9 1fe9 5b4a 144d 1dc4
6bfd 7056 2a8e 08e9 4c22 5c74 2867 43f9 1c24
38ea 387f 3f29 191c 76f7 7c36 7ed3 71b8 6093
34e0 079b 5ed5 11e9 1ad8 6863 2432 717b 6454
010f 2cf2 0f10 0e01 5f23 1d15 09bb 73e2 4bca
378d 3b76 4df5 2bbb 2272 25ed 617b 4469 5567
5d88 420e 1d2e 6589 2006 4691 07a6 0abb 006b
5c60 6d9a 1f86 2f55 6947 70f5 5a9f 072c 22fa
6d0f 4eaa 6558 6d32 46cb 0ada 0636 31bf 36a9
188a 5553 03cb 1a62 7574 7c08 0cff 7f2b 09df
509a 312c 358f 2f4f 2b8f 61c2 6a04 00ae 34fe
3ba0 37d3 4903 0a6e 2a29 35ea 3eca 5864 163d
4b63 6096 2794 3c8f 0f8b 76d0 0053 7543 6185
041b 4b31 2613 663a 1bda 24bb 0280 4c5c 051b
78f8 5998 68a9 268f 6d78 208f 3e01 4fc3 0507
66e1 1aec 4630 72de 3b8f 1a65 41ea 3b36 2d9d
0a55 09a8 6a44 1b9d 4a71 1ab9 09bd 2db3 6bd7
48e6 4ef3 190b 3731 451b 7722 2c2f 3d12 3625
0195 21f8 54d0 26e6 04ad 75f0 0490 57fe 1956
3820 316c 346e 361e 3785 1fe9 2a8e 3f29 34e0 2cf2 3b76 2006 2f55 36a9 1a62 358f 3eca 3c8f 2613 3e01 3b8f 2db3 3d12 26e6
352b 5dfb 626c 2a34 198b 2a6a 7ade 4d64 0fd2
2661 2db1 5c41 6f51 2995 4f97 1003 2681 015f
0c88 147b 0888 0cc9 6a2a 5bb4 0dcf 5314 3bbb
1143 73e3 4ace 2018 5853 767e 46ab 2ac8 4344
02a2 39b0 1c54 1c2b 7870 352d 39c9 6714 222e
6b4c 5fd6 65ba 5e1a 72c7 4af4 0f65 7c0c 644a
7470 76f8 50d7 39b2 7e25 2a01 5fc8 442c 07d9
62e5 2ce9 1f47 217d 62ac 4720 7c69 5d28 6b7f
7056 7a76 08a6 135e 0483 3555 4638 74fa 0d6c
1617 5d92 77db 3747 3a69 05cf 0072 1c16 7df9
13eb 643d 54b4 4a3b 5099 74e4 50dc 505b 6afd
0942 45d2 63aa 3ad5 6cde 369e 6e5e 71c5 1c3a
6ca8 568f 0c83 0750 4186 46cc 008f 6bc6 01af
7b1e 1e40 58c2 4113 0c05 63ad 0873 6e7b 1710
0c89 402c 1314 470f 568c 5a97 0578 7720 5f86
5a21 05ad 4f3a 0b08 4ab9 2ab3 69ab 188c 3a56
4f9e 165a 549f 0867 378d 6766 5f35 54a5 40f7
59a7 6a09 53b8 5ea5 62bb 7f83 05c4 6969 34e6
257f 036e 6017 2961 46fa 3d5c 20a0 559f 4a57
400b 6b8c 3498 16c4 2878 4bc3 5b6e 3b1e 3b96
3352 3095 50fd 09a3 5d83 299c 28c2 7203 79c3
7843 3f11 28e1 6b76 56b3 2a36 0a64 508e 2aa9
6e7e 6d06 105e 5633 7e82 6d63 2e3e 394c 0f68
4793 27e6 0b09 4215 35b8 08b6 59a9 6886 19c1
352b 2db1 3bbb 2ac8 39c9 0f65 39b2 2ce9 3555 3a69 13eb 3ad5 0c83 1e40 1314 3a56 378d 34e6 3d5c 3b96 3352 3f11 394c 35b8
1f71 7f58 0a01 5e29 5cc8 3e73 7840 1f45 67df
38ae 5673 6d17 49bf 7dfa 0ad7 57fa 3338 3d72
7bfd 0f90 0db2 56a6 599d 719c 018c 7456 6251
1658 70a2 3768 7f74 08ef 07d7 770b 46ca 1fcb
02f5 4399 497c 031b 0d60 6d01 070d 0f90 3094
2bdd 06ba 4925 7207 4638 79c4 4026 0a01 6fa9
08fe 56ba 60eb 76d5 5adc 004a 656f 37b2 3066
6597 781f 0c3c 624d 3011 77ce 6d50 76d7 72fe
2004 5c48 2c45 072b 3ba4 6646 0df4 167e 458d
3ea2 35b1 28e1 297a 142b 21ec 18c2 383c 2a44
363e 7a8d 30a8 7187 5c99 5439 3358 44a1 7841
4a06 7e54 0ae4 0ff4 0a56 2e67 5f52 10c7 1519
10c5 26dd 3b85 3018 7dc8 20cb 0118 3321 2cd0
4d3e 02f8 4d09 6227 5891 1b50 6cc7 3970 432e
3136 3633 6916 341f 7094 6a2d 23a4 3f14 2aa1
070e 1df9 2c35 4230 1179 6eb9 1534 39e4 71c1
7d45 6be3 317b 25d6 2d5f 1157 2941 35b0 3087
52b1 21d7 596c 6751 0036 3b9b 0b2d 63af 2ed7
46ae 6fe3 71f3 1724 459e 33fd 1cda 4e8e 407c
3267 250f 0833 09aa 425a 58da 61de 58ab 7f8a
027c 4cc3 641e 3a43 4ad5 0a6a 3e79 7bae 25e6
499c 6e4e 0b12 404b 4129 6a6c 2bf4 6a1c 75bf
74e0 3b32 1274 470d 1afa 465d 0b96 1b56 6736
4173 30fc 6043 12e2 50e5 2b6a 7762 6599 3f90
3e73 3d72 0f90 3768 3094 2bdd 37b2 3011 3ba4 3ea2 363e 2e67 3b85 3970 3f14 39e4 35b0 3b9b 33fd 3267 3e79 2bf4 3b32 3f90
2a52 5448 0f8e 3618 437e 303b 2f22 16dc 7e11
2112 703a 00a5 0155 60d0 7377 69ec 3bd4 16bc
4d31 3eab 6578 33e7 4423 0a9e 3d6e 0971 0e00
3c6e 5611 4392 4486 5942 6fb7 4de0 0946 3e4e
4ed1 0660 3515 2cf7 7234 592b 677f 31da 1157
008a 1991 6161 514f 3d4d 3c02 390d 4d44 4321
1290 118d 7878 475d 702f 2d1d 2fb1 6af7 697f
51d9 570e 2b15 21f1 06d6 4f9f 78f5 5235 496c
04bf 3a52 2fa7 6944 57a3 62ce 791b 74ae 62f3
6672 5c7a 23c5 2992 1da9 36bd 2de5 2627 377c
288b 06bf 47df 09bc 002e 20a4 55a2 0f71 331a
71f5 5462 4368 27b8 51ae 5122 6119 497b 27af
089c 2cc7 01cc 712f 254f 3f14 527b 6f40 0d4a
6e1b 527b 3969 6be3 2d1f 0f7a 767a 2a8b 0856
6f41 7724 4f65 44b5 0382 55bf 3d35 5d3d 273f
2cfb 3169 7367 51eb 7e46 3e17 24c9 3f86 2e20
5c9e 4cba 524c 4671 7212 0331 65e7 3a1a 3013
3e99 5454 3ce3 5d46 00ac 53bb 01c2 78e0 79ec
7a2f 0263 0485 6eae 1305 3ca2 733f 7526 0823
109a 7f9b 4910 6353 28f1 580e 2e0d 2c5b 13d8
05b5 5a06 6e75 1fd0 2ad0 5117 484a 6eb6 50f0
0452 1c0b 0f93 4ff8 020f 0281 6c8b 7a3d 0600
346e 0cb6 7595 3200 7f64 29fd 0ce3 666a 71ce
3385 1b18 47a3 73fb 5cb8 3009 68cf 7308 057e
3618 3bd4 3eab 3e4e 3515 3d4d 2fb1 2b15 3a52 377c 331a 27b8 3f14 3969 3d35 3f86 3a1a 3e99 3ca2 2e0d 2ad0 1c0b 346e 3385
3a4c 5d8a 21f6 086d 6bc0 253c 05a8 0cd2 144f
136d 4196 51f3 2c1d 1cc8 05fa 1a17 3fe9 03b0
68bf 7ac2 2f80 2878 5deb 41ba 3042 3810 2a1f
614e 100f 7627 6b8f 67a4 1545 6cbf 3dc2 71e5
68b6 0c7e 7094 1fc2 1e4b 075f 0628 6be0 5324
3b94 23a0 222a 1116 55c2 2e46 418a 480d 2335
4fac 6c0a 4f86 5a46 33e8 173e 6ca6 024a 64c0
61d7 66c1 70ea 6009 16e2 51ed 4391 2af5 314a
01ba 3aba 06ae 0f2d 2fd8 78de 5854 3354 3642
0c67 67ab 05cf 4f29 21e9 5f70 7cd9 255e 0815
3f81 301a 199a 29a8 3a82 0bec 69cc 5ada 0984
34ae 0fd6 7e35 0ca6 5fdb 74c5 6bbb 0620 1254
344a 24e0 5288 5f41 1286 53ae 681f 0267 70b1
77ae 62c1 14fc 0e2f 1900 2a98 39c3 43e4 2a0e
5d59 7477 7a29 0563 6b74 0efb 16fd 0c38 3817
2be0 4a01 7701 41ae 51aa 01ff 3d14 278e 2a07
0afb 041d 550e 18fd 40d7 096a 14c6 2cc3 462e
02a6 0150 727f 2ff8 78b9 5e93 1f72 2fec 0bb4
082e 558b 6fc5 4bba 2542 727c 3956 1260 17a5
1511 7cac 0cc5 59f1 0ef3 7b5b 1597 35b7 2c6b
6e0b 46d0 2b58 7927 4b36 381a 014b 2530 0f56
613e 5f4e 6f5a 33fd 688a 14b8 49d2 03b1 36de
611c 3d5b 5aad 7695 1f4b 5f41 1d29 7b9a 2cd8
0f91 051e 34f1 749a 05b8 0e13 35d9 60f5 32d1
3a4c 3fe9 3810 3dc2 1fc2 3b94 33e8 314a 3aba 255e 3f81 34ae 344a 39c3 3817 3d14 2cc3 2ff8 3956 35b7 381a 36de 3d5b 35d9
370c 31c2 09f6 11e7 22ac 0fa3 1ad6 36b5 3649
4655 55d4 35f0 1acc 7811 3429 23ad 0674 66d1
1438 2e65 70bc 3348 039f 1d5d 329e 338b 6f04
7c05 58ac 1588 51fc 4ce3 50f7 0a32 2c5e 60b6
7991 29f4 6fa4 2ad0 6cbb 0a0d 41a3 62ca 530d
0081 5413 6d6a 11ff 652a 2566 0360 468d 6333
045c 5d58 5893 3873 7665 7871 7b44 5f2e 1c3c
3ded 7c48 5f66 52df 462c 4bdf 750f 2de3 3e47
6085 1225 6a8f 206a 154e 4854 2373 5b0a 3522
473a 10a2 35c1 607e 08e3 4e61 21e2 39d0 79f2
6a8f 2ba4 04da 43f0 6e53 7777 3660 1910 3b53
3752 0c2c 2867 0b0d 76fa 3daf 2290 487e 05d8
4275 7418 0b9d 7ebc 17ba 5cc6 6bca 12bb 7aa8
7f95 15f7 507b 55d0 3267 36f7 3d14 0cf5 7da5
3cc3 3cf2 0f11 4f66 78ee 50a7 66bd 3c36 36bc
2959 1a24 40ef 4112 7ea3 4802 762a 5a03 08a7
184f 7a47 738f 2145 3c00 6467 01f4 20ee 6847
200c 7d8a 3fe0 023d 598c 2322 4251 4871 64cc
0e29 3375 013c 0d93 238a 6b51 1bbb 0dd3 249b
0e55 723f 3ffc 49a3 2607 3d79 78df 203e 25d7
7e86 252c 690c 3b57 1928 556a 2233 0f94 669f
3cdf 2fdd 4e56 1b1a 6fbb 5728 1a59 7441 6530
642e 502b 4fa8 0322 63db 74fc 2480 327d 2624
4ac0 7392 6b0b 587a 2280 308e 3281 59fd 604d
370c 35f0 338b 2c5e 2ad0 2566 3873 3e47 3522 39d0 3b53 3daf 17ba 3d14 3cf2 2959 3c00 3fe0 3375 3ffc 3b57 3cdf 327d 3281
5d4c 20bf 6405 3091 6744 4d93 593b 6c41 29bc
3383 07a7 152a 06d4 571e 0c05 6d0e 2cf2 2c97
32cc 1749 6171 2d9b 3f14 0442 45f5 2606 1b31
6612 0626 34d7 2ad9 07fe 62bb 5016 7d6c 2ca6
104a 126d 391b 6947 1d32 56de 4a64 2f6e 76fe
0025 7a9d 3a27 42f8 5161 64aa 23eb 5cc5 4e0f
3de7 76fe 54ac 44c3 101b 0f46 02e4 25dd 539b
3bcb 5105 51b5 7829 7988 4372 736c 5ae7 4f4c
63d8 5d9f 3380 1bff 635d 7ea5 1491 00cd 4975
79a5 1483 7dad 2769 1400 49ce 7151 4304 52bc
171e 49d2 1fab 007f 7489 11fd 5d9e 08dd 1673
4ed3 651b 264d 41ab 46cf 7e79 774a 5d9d 0204
5a65 70d2 644a 7bdb 0e4f 7c46 20b6 5f93 15c1
1ca5 6f87 65d7 7c05 195a 2767 0388 69ef 226b
1540 3efd 3dce 0bfe 4871 6a6a 0751 51b8 3f50
1094 7dde 2323 382e 224f 07ef 12d4 2c38 125c
42de 7907 16ce 6b07 7069 42a8 1bdb 398d 7b60
4e9a 3976 3939 2873 7440 1c70 2a47 7d72 1bd1
5222 7e49 5aaf 2ff7 6406 463c 15c7 45ea 3920
760e 6112 7cc6 49ff 78e3 7603 70ba 43fd 7ead
3594 0ff2 585b 303e 55da 5b42 70ae 43ee 5ee2
6642 321d 0913 2c12 63c1 71fe 2ad8 2811 37e8
2ae0 7216 35f1 757a 0931 53b9 4f2f 54f3 71cc
5cfa 5e8e 21e2 0f20 3e09 5cb6 186e 1fd2 4e0e
3091 3383 3f14 34d7 391b 3a27 3de7 3bcb 3380 2769 1fab 264d 20b6 2767 3f50 382e 398d 3976 3920 7ead 3594 37e8 35f1 3e09
066b 58df 7ed0 400e 680f 0117 6c7d 2eff 1c2f
3849 5dac 7f41 61bd 5c7c 37bc 5c6a 6c8e 48dd
01a2 5b1d 5126 4dc4 2d58 4a97 63d6 55e7 7f1c
2ba7 16d7 3e01 7710 0bab 141d 789c 0911 1387
5fd6 2da6 47fb 22c5 1896 5363 4f21 0697 25f5
1889 6031 042a 012c 67c4 13eb 5aff 340f 555d
0d56 3ea7 0d81 394a 79cc 3fc6 1640 1d4a 6c04
7902 1eae 6a0b 1214 5f5b 6d97 720f 478d 7ecf
786a 7458 0f9c 7474 40ad 5fd9 7181 040a 3470
7d99 0537 563e 1ce2 553e 6253 3ccf 5b72 491d
263e 12d6 3a65 34fc 1c2b 7c07 5481 3de1 2b7f
7e54 0a50 1913 505b 4a41 282e 4992 2ae0 7276
0eb2 0ccd 0c09 242f 4288 3747 10d1 39ea 433f
5f35 5fb6 406c 4f4a 0049 13ca 2dc7 2c8b 785e
083a 0a81 052d 5c27 0b50 5ee5 2c5c 03ac 05c1
2437 4028 47e9 3f56 7c4d 2a2e 648b 5a21 524a
7661 5f3e 50fe 7fe6 29c6 6ec2 38e8 3dd0 551f
3e0e 7de9 1975 7575 48dc 2765 2c09 7d83 6898
7899 523b 296c 444c 16f6 4e4a 63ca 4afd 16d2
5abe 32e6 0975 0aed 4c63 06b0 1d17 2f20 150a
04fc 0284 6335 0398 3139 653f 6342 7b69 24e2
3a93 1014 2644 6532 0ec5 7e1b 1dcc 2928 2012
5982 1105 5ef3 0284 4306 3140 6e2e 557a 1610
55b9 0102 48ef 3e46 72b4 1db6 21d2 172e 4aa6
2eff 3849 2d58 3e01 2da6 340f 3fc6 1eae 3470 3ccf 3de1 2ae0 39ea 2dc7 2c5c 3f56 3dd0 3e0e 296c 32e6 3139 3a93 3140 3e46
4ef2 3d23 2511 7805 6c78 48dc 7003 0d69 5556
130d 0231 1862 4c6b 2dd5 3bc1 5008 653a 132b
6b0c 39a1 6c7f 136e 2a3e 7df7 0879 07d8 2049
5bd3 6966 3cfc 3a93 2ab4 2cf6 4a38 39bb 137b
2d77 4ebc 426e 09b7 2a59 6d4a 3ed7 5801 6d63
36f6 4a8c 59cb 7daf 5dae 5923 1431 54f6 7a3b
6d7f 6f0d 5f56 4b74 18c6 036b 545d 6972 4da1
0c2b 73d8 40a9 43ca 0915 43e6 201a 49cc 12ae
2e01 1428 1561 428a 79fd 4b55 04f6 7e03 49b0
39d6 736a 5d1c 0f8d 2ff9 0fdf 4b28 49e8 6c82
63a7 4b1b 6035 6032 5097 01f0 3444 0168 15a5
4d76 529c 1fe2 24e7 652b 4f63 078a 563e 4e42
7822 2041 75c8 5aee 2869 4235 18c0 08de 3087
4834 010d 36a6 3b83 2010 55dd 16d7 030a 4e6c
3528 2199 3ad7 2d1f 7d42 6d43 39a8 70e1 08a5
4fbf 7226 5d8b 0864 13f3 2181 747f 6fd7 1a4b
20c1 23a7 1170 1356 30e8 50b0 09f0 5b1f 79db
6c96 44c4 29b2 2db6 6a6e 28a5 7a03 7774 5c71
31c8 5c13 2787 4b3e 4ee9 7bc5 6f36 67bb 7976
7341 7731 670c 27a2 5324 05a2 14e1 38f7 3582
095f 46de 69c2 3eaa 0256 1499 563b 0ea6 1c1b
0abe 4d42 0de2 201c 3cf4 7516 3d21 4162 1e18
2366 239d 32ae 30f3 0e6b 3e9c 1ba7 3937 3cc6
0caf 1c0c 5031 32d6 4ae6 15da 2383 148e 2e43
3d23 3bc1 39a1 3cfc 3ed7 36f6 18c6 201a 2e01 39d6 3444 24e7 3087 3b83 3ad7 2181 30e8 2db6 31c8 38f7 3eaa 3d21 3e9c 32d6
3f94 3217 025e 5cda 1e40 777f 5d8a 1520 0546
0e73 7509 11ed 7ea6 771b 43b1 4b2a 56bc 14f4
5db3 1665 4e75 4d9e 2d7c 6236 3381 4e6b 6a2f
282f 11c6 1a8a 2af8 75fd 2b97 048f 6f71 60c0
7552 435e 7497 3ee2 6d2b 356c 20fa 7a98 1491
02f7 0982 2d3e 29f5 4609 42ad 456c 7afb 499e
01b8 5ca7 072c 7e11 0597 5780 1666 306a 4f7c
69ba 3bd8 46f6 6cd4 2279 05e1 5eae 12f1 5e33
3021 468e 3df3 3a62 48c1 62c1 62bd 133e 345f
74cc 2987 49a6 4e04 3332 088f 0287 02e5 0e88
18a6 3783 57a8 59d6 324b 5c0f 62b1 712d 605f
0569 5ccf 4164 0ad9 2e4c 2861 170f 25ba 41ff
0005 4bc0 1b1a 5024 5c13 0d2e 1065 3a18 7763
09e0 6e9e 6ec6 7093 57eb 789a 32a1 204f 1d5a
50e9 633f 3c93 3c90 4416 7cd6 3f84 3a41 54e6
2a9e 4286 270e 5598 36ea 2657 79a5 4511 7069
79a8 7acb 4b5d 4162 14fc 245e 2146 08d8 246b
744e 515a 3730 111c 1ed6 338e 7bba 4c0b 6400
0bfb 2cb3 06f4 341a 2d34 13f7 02bc 47e4 7829
579e 5874 0dbd 4380 078c 3c56 0145 2513 6809
17e1 56e7 355a 47c6 06de 0c84 0399 6c59 3509
44b5 2cbc 5f45 0ca2 2d92 3e2a 1e1d 1712 4775
0d7a 50b3 16ac 6f4f 71b0 5dd5 41d0 0f8f 79e8
1379 030e 45db 4e12 3cb1 76b3 10a5 7b30 77ca
3f94 14f4 3381 2b97 3ee2 2d3e 306a 3bd8 3df3 3332 3783 2e4c 3a18 32a1 3f84 36ea 246b 3730 341a 3c56 355a 3e2a 16ac 3cb1
1f86 66bd 29e2 4528 5393 4457 2c80 2285 43a0
6430 182d 2829 4db1 31f6 3800 5f33 041b 5c90
7237 3879 553e 4712 07c8 3b48 29ef 4d3a 6484
4627 7eaf 1327 51f0 218b 140d 10ee 2f04 1a3c
4e33 78f0 345e 529a 0b92 2088 2c1c 2474 5c12
0af6 1fae 4235 6c74 4fd4 69a2 45bc 32c9 2fde
7934 642f 3dc6 5087 43ec 5b32 2c75 6ff9 2db1
55eb 2740 1d2d 4623 7941 6315 726b 41e8 62d6
171d 35b5 4a8f 6690 07bf 7ae8 4814 4ccd 54e3
24a9 7e5d 1ed3 7122 032c 4b3c 09cd 34b9 5819
5892 0ee5 7447 0373 1b46 29b7 37af 482c 66be
7a43 026d 2084 200a 64ee 4fd4 1011 3dcc 6003
728d 7548 7ebb 7509 2758 0c57 068e 155f 493e
0d33 58e3 3485 52cf 13c4 4281 2429 45c4 25c7
284a 5408 2154 0d8a 62d4 7c87 083b 5529 75e7
56b8 092c 48bc 2ec3 73e0 3b49 4613 3657 30e0
5d1b 2e02 60d2 02ad 43cb 7df5 51ba 4e74 51ab
4aab 3ed0 52e1 52a1 6aa1 70ef 4186 1d85 440d
5704 43b1 5b42 01aa 3823 2795 16bd 7858 58c1
684e 27f4 6e08 0a7a 3cb2 662b 54bb 3883 352f
4a29 7713 7a32 47a2 0504 1b9a 2004 4a0f 2126
69d9 1ff4 0dd9 24c9 1e27 2dc0 69fc 6969 5af2
073d 019c 5188 7d9c 3226 2915 4520 4a41 6612
2c20 0671 075d 5437 07d1 5598 4c3c 2ddf 160d
2c80 3800 3b48 2f04 345e 32c9 3dc6 2740 35b5 34b9 37af 3dcc 2758 3485 284a 3b49 2e02 3ed0 3823 3cb2 2126 2dc0 3226 2ddf
7b7e 32b7 1366 68d8 2855 21f3 0a4f 20f2 6b84
3ee6 2d24 211b 507d 18ea 100e 201c 246a 606a
21ef 6697 13f9 5a1d 1ffa 1356 581c 0e18 1886
750f 4be0 1d2c 1e6c 2c6e 5b43 0271 179d 774a
2c3a 35ce 0aca 0785 0d2a 7d17 0070 5332 6773
7e1a 338b 5ad6 231c 0214 4c89 66ea 61b3 4590
7f37 226b 63e2 5eaa 78a6 7bcb 1415 755b 296e
23a9 5c6e 6542 3474 3b03 1545 2bd9 6a10 0112
57a5 2df1 1a90 09b8 73ef 5a0f 53c0 4e71 0524
582c 4e62 06d0 0129 1e5b 3524 5aa2 25d3 3cdb
4bb5 4122 1a13 2dca 6f71 064e 0063 2de3 68f8
6f7b 3796 0492 5a8c 656f 1972 199d 05e5 25f1
193f 7c41 5ab6 3ab3 39b2 6610 78d3 7bc9 6426
2cc2 0453 59a5 2cf0 01c3 4c3d 7150 77a8 3148
0bc5 2368 3e7c 576c 7b9d 0c14 2455 5a13 6e4a
1969 6be4 74f0 5dbb 1f49 25ae 5dfc 38b6 4335
6281 774e 2cf5 7aa8 34a1 153a 23ac 4dfa 1140
66cb 6d71 7e17 0140 3912 3aa1 1cd2 1ea9 382c
7d68 7199 2695 3e65 52a9 065a 3c72 6d4c 6e82
6d3a 47f1 58f7 0d2f 0771 1061 1723 3e5f 13b9
1af2 2928 489b 6fdc 11a4 5ed2 3833 5110 642b
2647 54eb 671e 6676 0aa3 5a76 75dd 56be 2378
1ccd 308c 5181 66e8 6721 1127 5097 1b57 2e77
315d 6743 73f1 7014 2de9 6f30 3c78 23a9 1bc9
32b7 3ee6 21ef 2c6e 35ce 338b 296e 3b03 2df1 3cdb 2de3 3796 3ab3 3148 3e7c 38b6 34a1 3aa1 3e65 3e5f 3833 2647 308c 3c78
3ce8 7de0 4aad 2b02 5414 1f27 10b5 159e 26d0
0af5 4d74 5f0b 41ec 5102 39dd 0a70 2bb2 58f2
4737 4f3a 4047 10c8 679d 66f7 54bf 00f7 4a55
29eb 3c70 4ee1 06f6 143e 2edf 2842 05ab 388f
7b9e 3b3f 20e5 0e7e 0721 66c5 7c26 59d1 6b64
45f1 22b8 3570 4ba1 535c 7d85 2c13 20c2 55b5
721a 4caf 027b 03ad 0623 16a2 4df0 760e 5d51
52c3 53d6 5dd3 7a15 603f 555c 1867 5dd2 4750
366d 6818 22ac 661d 27b2 41b8 4559 4cea 670b
6dec 4048 6e80 3da0 56bd 2699 2fe6 1bdf 000c
16b6 45d0 5109 446b 57e5 59d4 208e 52ab 74aa
2691 1202 449e 56b2 649b 52fb 0b79 5cb3 7e99
5e08 1194 3ce6 335e 07b5 2c8b 0a57 7982 76ca
5dd0 3dad 04e3 2e12 28d1 3d2b 2f1a 6fbc 79de
78c5 1c53 19df 4ac5 2193 0b44 3d33 33ce 0be6
27b3 5116 6493 4208 7f0a 2117 404a 3aaf 1c86
5c83 5383 732e 020c 5a59 3655 5cef 0c9a 4214
79ee 7fbe 3b2d 5a56 0630 289a 6037 3f15 7a43
2091 4764 521c 053c 062e 6790 395e 75a4 3ef9
33e2 312a 5d0c 3fe5 7cc6 1f44 4106 764f 59d9
4455 2a82 4487 4258 1542 1752 741f 6883 17aa
419c 6031 29a8 77e3 48d9 513a 1b1b 7df8 1764
7793 7470 20a2 03f9 5ef9 2d98 71e7 004a 117e
450e 07f5 5491 725f 3b35 5373 71c6 635e 22a0
3ce8 39dd 10c8 3c70 3b3f 3570 16a2 1867 366d 3da0 208e 2691 3ce6 3dad 3d33 3aaf 3655 3f15 3ef9 3fe5 2a82 29a8 2d98 3b35
62fc 06a4 3d12 18b6 4d86 72eb 0262 13ed 52cf
0ae2 6d77 22ed 6c23 2840 715a 3269 1754 4dee
53ef 656b 60b4 54a6 1628 5f4b 03e3 4070 48b6
151d 7ae0 63f7 1d9d 2437 7007 312c 3271 632a
056f 7273 3798 1a65 2d06 7d72 5e29 63a1 1859
1f69 1132 5acd 7144 7667 509d 52da 5b8f 7c05
0fea 4071 065f 571e 530f 35a7 155d 5b5f 1047
6443 3287 694e 4783 780a 0f97 6e54 0950 6cc0
1372 14e0 762c 56b2 6259 6e52 5351 4b39 4f79
0473 5362 6642 1246 47b0 540f 1d00 0435 306b
6201 7930 4efe 5961 3e20 3ad9 2565 51b1 3295
14b7 3026 2b80 71c7 4b03 1f3b 0d00 15b1 1e75
6870 5755 7c5d 068c 79fd 1330 3f4a 6209 1826
7fa2 3ad4 7631 7cf0 478a 6632 7588 6423 2230
7b71 4ff7 43cb 27b4 0c9a 34fd 20ef 46d7 7e21
19dc 6c00 32f1 11c9 1122 27d3 187c 5531 0774
0003 67e2 4208 206c 332d 1114 2115 0124 14a8
0f35 0421 7fe1 18a9 7c15 40af 62cb 338b 698b
4cb3 5157 37d6 2bca 408a 0fae 5163 16f9 0336
4ff1 57c3 67ff 16cf 40c4 4c5b 04d3 18e9 3d7d
24ab 5b8b 5eec 701b 4a9e 4fc7 5480 53c4 6227
705c 60b0 5ad5 7908 342b 5d79 1b6f 1264 1657
4741 1d6c 4244 68c8 3f0b 1195 11dc 65a9 4515
461e 0c7d 6e2d 041d 4952 2e7c 5f5f 628e 45aa
3d12 3269 1628 3271 3798 1f69 35a7 3287 14e0 306b 3e20 3026 3f4a 3ad4 34fd 32f1 332d 338b 37d6 3d7d 24ab 342b 3f0b 2e7c
43ef 5905 06dc 097b 0689 3c01 2305 322c 002d
5442 501f 4233 5fac 130d 0511 5085 532e 4c08
24c4 024c 7da9 210c 4451 6d7b 3f30 5197 5b49
36e2 507b 32ac 1f96 5249 42a5 266c 0568 32a2
0bb2 0af5 43eb 1ed0 216b 0051 3ce4 7c14 59b4
6142 615e 109c 3260 63fc 5677 78dc 2f17 6134
6e6d 6cd0 0c6f 071d 1907 3607 11b7 53f9 7bfd
1eb4 3f6c 6238 2125 0ad8 74c7 56e0 1afe 1e35
7f6b 740a 2c46 1986 7630 76c6 2abc 2d83 39c2
024f 4ab5 1c6d 135c 41f0 3ad3 16aa 3959 2a29
4292 3557 70ff 3f4e 561a 7506 4836 25c1 5ead
62c0 1665 7321 1431 5b3f 1f47 4cd2 0fc2 6044
3305 339a 689f 0835 302f 4e49 6879 3e80 6beb
418e 740e 520b 20e5 7d96 3e59 3ff2 1e58 5629
7732 4353 0d55 0bf1 2d2c 2466 2774 402e 6dd6
085f 169f 6a93 5f90 5ae4 5666 4e04 74d6 2f72
0fd4 46bd 339e 5d55 1f2c 3d27 5a48 40d2 425e
6190 546e 5dfe 7329 2d70 44bc 0553 7296 1b4c
72cb 1377 7cdf 06ad 29d4 741e 088e 0183 15a1
1020 1744 7128 6718 7d94 0b2a 2895 7ffe 50d6
09b0 5cc6 55fb 0a05 0bd0 5364 1e1f 3711 0091
0b73 315d 3ea6 0cdd 3eb7 70b1 6c2f 6e8d 59f6
6fcd 7a10 0b58 734b 15e5 5094 164a 458a 5640
0770 0b9a 7667 7c0b 1634 635b 472a 696e 18ce
3c01 130d 3f30 36e2 3ce4 3260 3607 3f6c 39c2 3ad3 3f4e 1f47 3e80 3ff2 2d2c 2f72 3d27 2d70 29d4 2895 3711 3eb7 164a 18ce
27af 0db8 4bad 622f 2490 5908 670a 02d3 735a
4e76 6abd 62b6 0655 6204 124b 281f 1698 4c68
16b7 0cc7 5e2d 4bc6 131d 024a 0932 1712 4859
5055 738b 527c 1dc7 1caa 3922 4cf8 34d1 5d36
52ba 11f5 3bea 4e6b 4b21 6f79 69cd 7416 7e29
3600 3756 2a6d 79b7 521a 1067 5a05 7fb1 118a
7483 4637 12b2 264a 0892 2792 1fbe 4cbb 3b00
7f17 4e58 3aa7 7fd8 54c3 5d72 0b26 6767 3b7b
38f3 1406 3bf2 5f28 5c9d 4ada 55dc 5cfb 32b8
1e44 55a7 4119 4491 0edd 2853 02f9 1aa2 0f42
1f2d 5903 3d8d 5979 7e95 43c2 41f3 427a 2846
61c1 7c1e 7ebe 2d11 3234 5cd4 0f39 3f64 4f76
49ee 4447 31e8 32bd 2957 663c 1151 0f86 0ae1
4449 7fed 1965 417b 5208 6791 0045 7f9f 5940
5453 439e 0d8b 732e 4f86 3264 2536 5f8c 1451
4a32 720d 09ab 2196 58a3 57e2 4f06 72e0 416f
28c2 0504 3d57 4369 015c 529b 41b5 7036 6ebc
6c1e 165b 070e 087b 279a 283d 018c 4c0e 1710
0bd8 38da 41fa 5213 0b75 52a9 3423 55df 02aa
44a5 72ef 4720 03ce 6e64 7b66 5188 7923 54e6
029b 55c5 3dbc 7cc6 6daf 4578 5219 7502 6048
120b 5f14 238c 6fa6 50f9 4961 56f0 7b2b 09b5
78e7 55d9 48c4 0665 284e 64a9 7b02 5b7b 419e
27d3 1974 2258 1835 3e50 3a74 06ae 4ace 695b
27af 281f 1712 3922 3bea 3756 3b00 3b7b 3bf2 2853 3d8d 3f64 32bd 1965 3264 2196 3d57 283d 38da 03ce 3dbc 238c 284e 3e50
7bbd 4044 2f33 191a 56bd 0428 41cd 5bbf 5350
5fd1 431c 4872 77e2 79d8 6b64 7926 04c2 3337
0136 28cf 4610 24a5 017f 76cf 343e 2ebe 0328
3cc5 711d 160f 2674 05de 3c21 7038 234a 6794
5216 647b 4166 6d00 13e7 4860 142c 77d8 7741
248b 711a 4d1a 2ed7 17c6 1d0e 3cf6 6103 7783
690a 0213 6817 1d4d 084a 0499 1c5d 18c2 13de
354c 7609 2e94 6a97 7b14 269c 031d 4694 2772
5b70 5d27 7101 2895 360d 0046 60ef 27bc 3c8d
7f91 79c4 7af8 6ec1 6587 5b79 151f 780a 057a
73e7 789d 446d 6847 549e 7e5d 3581 766a 3d21
5699 4653 0ec0 3e71 28ad 71f5 561c 2412 3323
5fe0 7c15 6d14 2fc9 0d0e 0105 74fb 292b 2116
68e8 7dfb 6ad2 7927 413c 0c4d 6f6b 39cc 660a
029e 4bdc 0519 4ead 0de7 1f85 5e30 5e7c 625b
495a 2a92 554f 0426 4c2a 000e 3890 50c2 5179
2382 5e60 6491 1937 4c2d 1ac5 3854 50ed 2ce6
213d 41e2 0fea 464b 0cf2 32c8 2e7b 6f2b 06fa
1412 6a4a 085a 7dcb 7b95 61ba 1057 0f20 542a
3b4b 76ad 21be 5a2d 168e 1b0e 08bc 2a0a 7458
577e 2ee3 5ff1 7f10 698c 1725 7e4e 5c8d 1b52
42b8 40df 5b33 5290 773d 67f1 5949 16bd 088a
7b4a 1af1 2e2a 6294 4124 7367 5f3d 0df6 5680
17f7 0e84 605b 590c 1c45 26b7 433c 7db0 7bd8
2f33 3337 343e 3cc5 142c 3cf6 1d4d 354c 3c8d 151f 3d21 3e71 2fc9 39cc 1f85 3890 3854 32c8 1412 3b4b 2ee3 16bd 2e2a 26b7
7f21 7cc7 395c 20da 1bf0 1dc7 6a78 1e9a 56cf
2674 5936 40fb 577f 5f34 623e 08b2 7ead 6b1f
625b 7e04 6ecf 6195 6395 24dd 7120 5f47 671f
2fa5 5e51 6bf6 17c6 49e1 35e8 72c3 3222 4112
1628 4c33 0c6a 7e8b 2dcb 5004 09f1 2f4c 40d9
2bae 1fb6 587b 7a64 5aff 475f 282c 68cb 7580
2705 2dbe 747f 20a4 37e8 6c5b 38b5 255f 6711
1e38 5e85 2137 3fe0 2b5a 5ab1 566a 123b 2793
249b 2920 1604 20b3 1edc 586b 114b 3477 03fe
5c76 4529 10fa 2eea 6338 2c11 4165 5a54 7555
68e1 71c3 206c 4f81 02a3 2ffe 33fa 7a9d 78bd
0042 4623 1ba8 51e9 0741 7f7e 56c1 5a68 3f85
011d 2d1d 27a6 57d4 7b4f 026d 11b7 2471 2ae4
3830 7dd6 28c1 17a9 5c27 007b 3ab5 77fd 7bc7
011b 733f 386c 0160 1019 0542 0c40 01a0 1972
69f9 4d33 47d6 0b55 1ca2 7c34 367f 32f3 6f2f
7cc5 2a07 4bbc 6fd6 1288 545b 270a 52b6 0779
2f82 69c7 0a36 35e5 75c4 4179 559e 1bed 4e24
41d2 4ee1 2469 1f40 538b 4220 4080 2ad2 1dc0
41b6 394f 4db6 5078 7772 5840 3fd4 2fc5 60f8
4e30 77ed 558b 18af 4edf 62f7 02c2 1af2 1804
542b 59f1 3968 7292 488f 7529 1c15 01f6 5002
2445 64ed 49de 2f46 78ab 68ba 4a88 63b4 2cba
7058 66ff 3d16 5b91 0ba8 212d 0962 3a7d 3572
395c 2674 24dd 35e8 2f4c 2bae 38b5 3fe0 3477 2eea 33fa 3f85 2d1d 3ab5 386c 367f 2a07 35e5 2ad2 3fd4 1af2 3968 2f46 3d16
504b 66aa 6d95 5563 350d 2f20 5420 0ea2 05b1
7b12 5c56 7a71 235e 1508 3b56 6d01 52a9 097f
121a 2eae 58cb 141d 51f8 53d9 0f0a 5896 5a35
6120 646a 24c3 19b3 62be 6abc 5d48 55f5 3b64
33a7 0276 0267 29f6 4545 7d50 4f5d 4a6e 14d9
64d5 191f 22e9 0c4a 5f14 1512 6f2d 12a1 70f3
2e3d 2e36 25db 7485 09ef 05d9 1341 45d0 44df
6b36 2d19 3470 3a6a 25ac 1e10 7d9a 2fb8 6315
686d 6d2d 0596 537b 6166 618a 0ea9 66fa 70fe
18be 7d86 7256 028b 2b9a 1ba1 2a41 70f7 1bf8
1386 49b0 1a89 6714 1a77 76e2 1932 3892 5da3
3bc7 1702 36f4 2f43 63fe 5582 38b5 6430 351a
3fd8 346f 63a9 1f3b 5f00 65f1 0605 648d 65a0
4cc1 7173 787a 5d57 7626 1a1a 2e62 0444 4694
3357 7c24 6088 6ba7 6a06 5186 75ea 513a 0922
1008 0424 1280 7bc8 2602 3d8c 6796 69ec 2b0e
6fba 3f9c 4a39 6cff 19f0 30c8 5476 5ab9 4249
13e2 771e 471c 43ac 4db8 29b8 3456 24b3 12ed
00d7 3758 4e0d 2058 24f2 402e 5116 33ff 7b55
57cc 264d 7fd5 0e34 24ba 4783 2ae9 2fec 12cf
47d1 3adb 1e13 3129 28ee 08c1 5496 3da5 49ae
6b01 542f 3d7f 00df 7bfb 0296 2cb4 0d93 1f37
490b 0017 7080 7308 38eb 62a5 6ca9 6a3b 7fba
1e92 4799 7b5e 3e73 2886 5247 3096 41d2 60eb
350d 3b56 2eae 3b64 33a7 22e9 2e3d 3a6a 0ea9 2b9a 3892 3bc7 3fd8 2e62 3357 3d8c 3f9c 3456 3758 2fec 3da5 3d7f 38eb 3e73
53ae 102e 037f 09dd 5259 0a81 3565 6ac4 3020
1af2 3a83 7564 6258 57aa 5c5d 298c 377e 4cdd
0492 616d 56bc 24a7 583a 4707 759b 1013 6a5c
16e3 6ea3 28ed 5898 37c7 7ef0 0e0e 3b3a 7274
7487 5919 2343 4efb 03e3 10ca 7b01 53a3 7bc4
406f 1b67 58c5 0ef4 0984 5ad1 7fc9 52c1 7793
0254 0484 4fd2 2753 2070 7d37 5ea2 5777 717e
60bf 51be 1542 709c 0e81 4de3 348e 28a0 4c1f
4db3 2350 0453 73df 2876 648c 5965 43bd 13bb
5b11 20b5 2f17 2853 2532 45d0 2d3b 7282 7658
5dcf 0afa 48f4 5e5c 5e8e 6049 4e2f 1e6b 588a
02cb 3550 0c4c 6c92 16ff 3510 5e95 3a66 762f
303c 4c2e 1bb8 3ea6 76ce 604f 5c4c 418e 3281
37b8 2d4c 061f 5338 5440 5f09 1697 472f 2c25
1328 4935 72bc 1acf 6514 607b 3f62 5716 5c19
0687 16bb 0be7 70ef 370e 4487 366b 41d1 2997
54ab 4064 412a 5c75 037b 10f4 5dde 0395 7938
0b7e 2aa6 5893 333b 6891 416e 06c6 18ca 5d2c
26ee 389b 78f2 2b4e 115c 2606 7077 3091 2d6b
247f 68f9 4371 552c 41c8 38d8 3ec4 2590 2e99
551c 2a71 0cae 5b4b 768e 32aa 5888 1067 659e
44de 4854 68fc 12cb 5553 388e 134e 5344 3f4e
012d 5cee 5872 6cc2 6702 19ef 2384 6cb4 6e1b
30e1 35ef 5c3f 070d 2471 4ebf 4353 0e2f 70b4
3565 3a83 24a7 3b3a 2343 1b67 2753 348e 2876 2f17 1e6b 3a66 3ea6 37b8 3f62 370e 10f4 333b 389b 3ec4 32aa 3f4e 2384 35ef
38fa 6a81 7b1d 730f 4793 30bd 69f4 7566 4452
0d27 7578 11cc 55e6 1c8c 2b54 2968 40df 001e
4e6d 4b81 6683 5abc 6b55 22d2 376c 4334 70dd
4556 12a6 10b3 36ac 7d85 6950 5b9c 4f54 5ec1
4edb 207f 730a 2697 6e85 3127 2250 1e9b 59ec
4045 5caf 7139 56bb 0630 6f10 021e 2a7f 2dd1
5207 4e12 5988 0cca 2ceb 4092 4254 2b53 6251
590c 32b0 1b2c 3b0a 54d3 15ca 31c3 3ee3 36d8
17b0 3674 15a0 21a6 08d2 6d9c 7732 24f7 0216
2add 14fa 0f7b 74f5 6c91 5e01 6c9f 15a8 472f
468b 3f85 0a3c 4bd6 675a 569b 42b9 796f 1833
6eab 686d 0400 2c58 61ec 4dcd 1657 63c7 2fd4
3435 5891 0f43 2420 0275 7440 6f1d 636b 1032
26b4 4541 6571 3011 262f 3f29 469d 2cfb 22ee
7c8d 0ef6 7923 034d 3dee 4175 390f 2d52 7725
4ee5 052d 76f2 22d3 4f8f 129b 0d4e 07d9 764c
2708 593d 0717 0c37 4fa2 69c8 1eb9 6df7 544b
20f3 3aa6 7b54 30ba 4c8e 239c 77d9 76ce 3055
35d9 7d58 5397 54ca 617e 60e8 2b03 73a6 0344
2924 275d 68c6 60c7 4906 1c99 673b 532e 7417
225a 7b70 60f6 3973 7fef 0677 6179 6db5 283c
039f 2e76 0cff 5fda 6515 67f7 58a6 0935 3373
201a 4d69 2d94 2d4b 202c 7a65 72de 641c 5546
700d 3031 33a9 062e 7b1e 2a4b 6236 63f6 23c7
38fa 2b54 376c 36ac 3127 2dd1 2ceb 3ee3 3674 2add 3f85 2fd4 3435 3f29 3dee 22d3 2708 3aa6 35d9 2924 3973 3373 2d94 33a9
3491 1897 7c9d 5cfc 348b 3cf6 6ff7 0c2a 38ea
0af0 70e6 12dd 5b67 55eb 097a 240f 0bd1 5b33
4c7d 553a 7b47 7153 0ca5 176f 153a 7a7c 49d7
0812 74d0 5e36 4264 084c 04a0 73ce 0f04 76ba
7c50 6cb2 63ad 6d79 5c4e 7a55 3d60 5a3f 7282
035a 1bca 7a8c 20de 3e92 68c0 6587 305a 5f51
72ba 23bf 40b4 14e9 1d4f 19ad 38c9 783f 4bd5
35e1 1686 65ab 76cc 674e 71ed 0d79 7ee2 52e8
3c11 5b73 7e71 5718 347f 09e3 4ad0 3305 26c0
418a 4aec 0a4d 4eee 3906 1b52 62dd 2660 6f46
4df5 65d2 5061 6cf2 4548 0074 6d26 7206 3264
4545 2c90 31cc 227f 5dd9 19be 399b 7a2c 7a0e
10d2 584d 27f9 5ef7 3284 463f 48ab 1a3f 0947
0907 3822 2f70 479c 4787 6ee2 323b 38d6 7585
329e 6556 396a 14f2 2818 2463 2093 5c33 5012
0dce 55dc 4380 4875 03ae 754c 70ef 78de 57e9
6c9e 32c2 67cd 158a 2f75 658e 7a02 41cf 7435
7966 5625 536f 075f 0b76 2c41 4bdd 7035 5083
6e6d 261a 3f8f 3b93 5f46 3c22 4040 6023 31b9
3a29 7e7a 6cd0 7db8 2a2b 1af3 013a 0419 03dc
3ec5 12c8 3980 6ea0 1df4 3534 67b1 0ac5 26d0
040f 446b 4e65 65ef 7dc6 158b 04db 7b5b 580d
26b5 28fe 493c 1a34 6bca 00d2 78d1 5a4b 516c
4803 2b59 7f29 0f04 2216 37a2 2447 6146 2b3f
3cf6 240f 176f 0f04 3d60 3e92 38c9 35e1 3c11 3906 3264 399b 3284 38d6 396a 0dce 32c2 2c41 3f8f 3a29 3ec5 158b 28fe 37a2
1483 30f3 3caf 5087 1eac 18e2 5d80 5497 7776
7fc2 3e01 3d12 2574 760a 56d4 3de2 5924 2225
62bc 7bfc 547b 2fc8 7a6f 67b7 22cf 3e1f 46bb
43fe 34cc 1c26 161d 4715 3a69 121c 7114 4e4e
3824 2b46 28f8 3d10 26e7 3037 3c61 0fbf 567f
32fd 4f1d 0893 3164 3c59 2ea0 22a1 29a7 271f
4cf0 22af 171e 737c 0d0f 48e2 4cea 7581 6e4c
4aeb 06d6 7db3 4827 56cf 462e 432a 092a 4031
6200 2ec9 5519 0005 51e7 0cb8 3d78 3e31 563c
2399 67b8 67cf 281c 0f1d 203f 69e7 2b4d 7d74
7555 06b9 2b32 5f5e 0097 78b8 5e1c 4908 03c6
0c42 742f 16db 1cf4 1961 04ce 4206 0036 4272
4a86 3e33 7463 73d5 665c 0b27 30e5 5cf9 7e0d
4477 33fe 1935 74eb 2627 0566 5a14 6409 2198
13bc 1cd9 1cb4 303d 4777 7580 5581 6a63 6f4f
72b2 430e 2c72 1afd 693e 2038 5067 6211 13a9
0425 114b 2e8a 3e0e 0a32 127d 2968 603f 0bf9
118e 5b62 689e 7914 0e45 45f0 66b4 5b0c 7c29
5870 5986 1eb0 57f7 179e 6a3c 0de6 37dc 08a2
21e9 2e69 68b4 3520 2717 5b89 4312 0143 4baa
5bd0 1d11 622a 71f4 7319 24c4 51a0 27e8 1b2e
519d 5539 4326 40e6 171b 25ff 1824 5bd1 5298
2383 2fb2 0b93 5aed 1978 4793 0ff2 7441 20d4
6d1f 34c4 0ee7 39e7 3b2e 4963 31fa 00e9 5c38
3caf 3e01 3e1f 3a69 3d10 3c59 22af 092a 3e31 2b4d 2b32 1cf4 3e33 33fe 303d 2c72 3e0e 118e 37dc 3520 27e8 25ff 2fb2 3b2e
5e0c 1267 7657 5111 36c1 12d3 37e1 6085 67e1
4f0e 28dd 1887 28bb 7373 2d59 6555 2f9e 23ce
6eae 5b86 60a4 284f 4df6 79f0 6be7 6aeb 08a6
2bd8 6364 33e7 6a6a 6bd1 12e0 4c80 5ef0 0be2
4e9c 33c7 1fed 4267 1a46 1127 6d66 1cd8 41d7
0967 4218 4588 48b3 054c 7c47 483c 4a34 6baf
63b1 7ef8 0185 69be 4774 0dcf 0118 4ab2 5e57
18be 5333 0ecb 6a3f 7bdc 7c1c 1dec 5c7e 7572
7673 0cf7 3ce6 0346 6ac1 55c3 482d 31bd 2c5b
5d75 38b4 7f17 516d 316c 5163 39ef 2e81 605c
148d 056c 1f99 0eb2 528f 762c 21f6 47cc 0a3f
38a8 561f 68c6 78f5 3efc 14ce 0948 07bc 3334
5058 6d14 62e7 1c95 5efa 1032 1e28 5cb5 7aac
10e4 0048 0c74 5f5c 1b8c 177b 4b18 6aa8 5d61
0c26 6f88 5e7c 1afc 6e24 3ccf 047a 39ce 3f39
5baa 7518 218a 1e14 08e5 7775 7ba1 1c2f 2fd1
71cd 77ea 328f 13a8 6189 6ded 58ed 6a6e 6f2e
1d38 2ee1 4960 07a7 3361 6d27 6560 5f9f 59af
2166 5cb2 1856 4571 483a 4e32 3e26 6715 3864
0db2 28f2 0e6b 63e9 6a2f 3c37 5f17 4154 227f
03a3 3005 2181 36e7 10e3 1dc3 54ee 18dd 11cb
2c13 6c50 0003 16ae 54e8 1103 7615 39d3 4a3d
4c31 39d0 732a 229c 2764 39c9 4505 1c08 4b5a
1dda 0753 69a9 2704 401c 56d9 31ab 13a7 769e
37e1 2f9e 284f 33e7 33c7 0967 0dcf 1dec 3ce6 39ef 21f6 3efc 1e28 1b8c 3f39 2fd1 328f 3361 3e26 3c37 36e7 39d3 39d0 31ab
6603 2d08 49be 069d 7be1 502b 2240 0be3 7c23
1697 48e6 7d4c 34bb 294d 1898 210a 2b0f 60bb
7bc6 60a0 5731 1bcc 0066 3e1b 7cb6 1daa 2369
3708 4f25 1a2a 6fbe 118a 0655 057e 63ec 1902
3a74 0c0a 52cb 4fd8 3320 404c 66d9 1c6a 768b
5658 7803 4e9b 1813 4c8f 4b27 75f8 7872 3634
22ef 7e9e 02db 2bec 22db 1187 6aa5 06ae 0e12
01ab 0c80 501b 3a22 0cd8 794c 2983 6f84 6440
38d1 60af 7025 5c7e 69aa 6600 6f6a 35d4 1b0c
31c2 35b0 4ba8 40ed 5cb4 5e33 04ff 2880 5fbb
0f22 15cb 70f2 5002 1611 4f91 6ddb 5bad 1332
0b6d 6892 249f 6a81 5e6c 5559 6ca1 6389 3674
4032 0bc8 791b 39ae 44c2 5712 0705 102b 3914
4365 2d68 7842 4599 0fd2 66af 0d6e 2839 136f
3898 2e58 7f7f 5791 557f 704c 2838 05ec 4c3e
4582 7bd0 27d3 7299 522a 1d14 1486 4953 5187
314a 7246 1fc8 1088 1b27 61f7 7722 16af 0766
5fc2 4594 4c82 47ad 33e5 5b65 6042 290d 57f3
1777 0034 7add 5073 4e78 0aa3 5cdb 2097 613d
6bc5 6c27 1bc3 19a2 3c1a 73d7 2355 7951 7aa3
24d2 77e7 5b2d 47ac 526d 7458 3c15 133e 0806
18cd 138e 0131 0c0d 61ac 41ee 54d3 4717 5742
106c 5960 408d 5708 632a 7b30 659a 74ba 16f1
33e8 4cd0 7169 678e 2096 1642 02ed 4cc5 6551
2d08 34bb 3e1b 3708 3a74 3634 2bec 3a22 38d1 35b0 1611 3674 39ae 2d68 3898 27d3 314a 33e5 2097 3c1a 3c15 18cd 16f1 33e8
0f06 518d 4428 7271 0a70 4013 5aa0 414d 158c
66b6 44e9 454b 3f7a 4556 5b35 0800 1e9d 07ca
4cf8 6016 0ef3 2a0e 4408 6480 4efd 6d10 6199
3061 5c9c 5092 2b90 4d72 70a9 0951 574b 1af8
4402 4f99 27f5 6fbc 386d 5070 7a0e 6fc5 2209
055b 2a1d 5628 58d4 49cb 3b68 33ea 2650 145b
6589 7b52 6d06 6a9b 2584 7aad 7c81 6329 6273
1c75 2f4a 31cb 1933 0208 7e56 70e6 7d79 22c0
5ca2 027a 1871 54a6 0f05 73bd 26f4 4f99 78f0
4c75 18f7 3c52 05b0 0541 78b2 012c 3f29 2cc6
0095 0c66 17ee 25f0 1529 1dfb 4688 7487 2e34
1f93 5623 715f 0b66 5a92 6b77 7cc5 149e 44e5
6ed2 4e42 0c3e 20a5 74d9 22b4 07dd 4250 54fa
3437 3f8c 13e4 4793 79e6 0c06 52ca 047e 70f7
0944 6767 0131 4fd8 5945 2bc3 2426 4057 5d9d
5130 2aa4 1a75 5ccc 32f7 7141 5b69 17f9 6f8b
67e0 3e3b 3641 0040 30ce 73f8 4737 40ba 099c
2464 36a3 4171 15a8 43c5 4297 5f07 7421 6563
58a3 2e79 1f72 6959 2da1 0f01 114b 42f4 1965
020f 1fb2 5069 14a4 4017 69f2 1e66 39aa 1a2a
12cd 4f60 67a3 5109 4e18 10bc 12ae 4595 791c
6561 71e1 0f91 694d 58f7 670e 7ab1 3568 4498
6f65 5429 4a1b 3032 1637 24c7 6943 1284 6f59
07ec 739e 724c 7d2e 608c 292e 2d7b 6346 0652
158c 3f7a 2a0e 3061 386d 3b68 2584 31cb 26f4 3f29 2e34 1f93 22b4 3f8c 2bc3 32f7 3e3b 36a3 2e79 39aa 12cd 3568 3032 2d7b
4c0d 6756 45d5 66c5 3bee 6f9d 4705 62bf 1eb0
79f3 4dfc 203c 1dc3 5212 1810 4a75 35bd 7a26
31cc 3098 67be 6d27 52be 0a47 04ea 7a43 24bd
3f16 4dba 0a39 1ac5 0393 5fac 718e 34a0 2d59
5ad2 0410 1e5e 7b71 3444 4644 791a 4712 447f
5bff 45f5 4140 6326 795f 0370 2147 1f19 6c75
6c5a 4a9b 50d5 1276 221c 5cc4 4431 3793 7b0e
6c8e 6a24 174f 676f 04af 78c2 3df6 1137 7397
7363 58a3 114e 5f4d 2ff2 5166 7150 697f 41f3
6002 6d8b 461e 64ee 3d8b 6f02 3b7f 0565 5285
0c01 51cb 7fe3 1270 2d3a 567b 2306 48d4 2971
10ff 0850 4817 3e84 7bef 0f97 5c62 2c0f 2922
29d2 7483 3ac1 2169 6396 0112 558a 3ffc 2845
2d51 3cd5 53e6 7767 5108 0597 3ac1 16d6 2216
37b4 29e5 1e64 5353 5851 1641 4594 169b 069b
0da9 652e 7c27 2629 7cc1 04ff 6a97 068b 6634
7c2d 66d9 1b9b 1c88 442f 0f1e 7276 5506 72c6
47e4 1650 1555 1ebd 63dd 65bd 47c4 2094 7800
2302 6f34 7dc8 623e 292b 0895 779f 582d 21bc
7cae 658a 6856 019d 53f4 0753 0b89 55c6 1045
7ed3 5db4 5ebb 1659 1576 1c8f 2b98 7b16 663c
0df2 78ce 5698 223f 1315 3010 19a8 54f1 5d01
73ae 5a7b 5bb6 5ee3 1865 17fb 2fac 5810 2f91
3e2d 2a25 0228 5483 5af2 22db 67ff 0f6c 7631
3bee 35bd 31cc 3f16 3444 2147 3793 3df6 2ff2 3d8b 2d3a 3e84 3ffc 3cd5 37b4 2629 1c88 2094 292b 1045 2b98 3010 2fac 3e2d
671a 7008 5a53 6547 7dbc 168b 76a4 3f91 50d0
490f 3817 29a4 3c91 5315 4fad 56ba 6968 5da5
4381 0676 2171 085d 03ec 13fa 2e0e 149d 4168
7382 79c3 1826 1c19 27ad 6308 0177 10da 4c25
01b2 3bbd 512b 36f2 4c81 0836 4a4b 617d 6966
6c65 4058 0ca1 4314 1360 5a6d 7927 3dfc 1496
66c9 6ef6 0d0f 5b23 0f65 3b06 7484 19b1 7857
6f58 5250 695a 1316 6484 012d 689f 22b9 4bcf
5525 589c 39c7 6bb4 5e93 35a6 7e16 5381 197f
09b3 63c0 773e 633d 0bb1 097e 6802 7c8f 36d5
5643 0237 5640 7dc4 5901 1eaa 6aa1 7c30 300c
4b03 05e8 3ff7 55cd 73ec 6172 7540 631c 63de
0376 797f 1634 1f94 573a 2843 5854 7893 28d5
6536 413d 05f4 09ca 452f 4e65 67b6 787b 3d9f
053e 2280 481f 442d 2ebc 27d6 66cf 63a5 41c5
18a8 1ba1 5754 7883 11d1 4fa5 64bf 04c0 675c
6cfa 2d9b 3d0d 3115 0c18 5665 7e07 3651 4fd6
3cc4 1706 3cf1 3e2d 321b 408a 41a0 2b41 33a1
1b31 6de6 053b 7b52 3ff5 5167 0664 73e9 393f
0776 0813 3541 22a6 15ab 4d52 4c05 0779 4a38
67e3 506f 63cf 1dad 4c40 18c3 0e8a 7072 1001
286e 434f 325e 0e22 065a 7244 72b3 0185 3bab
3b22 65dd 3232 1421 07b4 3928 4bb6 789e 39b7
323e 7692 7da9 5e3f 6854 7f81 3030 719d 5d8b
3f91 3c91 2e0e 27ad 3bbd 3dfc 3b06 22b9 39c7 36d5 300c 3ff7 28d5 3d9f 2ebc 1ba1 3d0d 3e2d 3ff5 3541 1dad 3bab 3b22 323e
74fe 2ae6 655f 54e3 14a6 1678 111e 2749 6725
780f 17f6 6b07 4f93 41f2 540b 52d0 6746 5c60
07ad 333d 0c90 198e 1761 6229 5223 1c61 53f3
56e5 165a 2f2f 4ef4 326c 302f 3d55 52a8 3ec3
3b41 4997 19c9 39b2 0d1e 4c4c 0e4b 0cea 1c85
11ef 7c47 5e60 14ff 06a7 6a72 66ac 177d 203a
5435 58f0 6863 2574 12a2 3188 41b6 5bd7 66fc
40eb 1e18 116a 4b35 4d78 4bc1 6e2d 2870 3cdb
5f53 3501 492b 73be 5432 5a58 1cb8 4a15 5bff
1a50 1cf4 7e23 25eb 44b3 2189 638a 69f4 11f7
3a3b 7564 6fce 00b3 33d4 1345 5ff9 4f7d 0c7a
739c 2b43 56c3 089e 26e9 3b5c 79e9 2f51 119a
75fd 6639 0f1a 0061 75fb 5ce0 7f38 2b1e 284f
44ea 4e9d 62bb 0ac0 7d8c 3282 0415 3b7f 02a0
707d 7d9b 722c 1e1e 66ae 100c 59cb 7882 0d39
7c27 0d18 2c72 7037 0b08 50be 5dae 008b 2601
5799 0b47 4b8e 620a 7d24 7443 4ffd 219e 2678
65bd 2f62 5c87 3b08 7a29 47da 6624 70e0 1437
6fa4 7212 3b24 0488 6bd3 6bc1 115f 4ce6 4745
2683 5401 5a94 5e60 5a18 6c30 5a48 1351 0d7f
35f1 0fe5 422d 6fb3 6d6f 6e9f 5426 2a10 2aaa
5119 5b82 7cbf 2d10 7dc4 1229 6a39 7c37 1dbd
3027 6e73 6517 4617 138b 27db 59e0 5d6c 2961
049b 5c90 562a 5353 4335 4c40 27fe 1cd3 2b89
2ae6 17f6 333d 3ec3 3b41 203a 3188 3cdb 3501 25eb 3a3b 3b5c 2b1e 3b7f 1e1e 2c72 2678 3b08 3b24 2683 35f1 2d10 3027 2b89
5f5b 029a 2fd6 6108 787a 7cfa 5814 39eb 2a0c
6082 4781 5d65 2a05 4b35 3c8e 06ac 369c 350e
7e40 57ae 5c00 1f0e 4ad9 16c6 3e5f 4cf7 778a
585e 0270 2864 2488 0edb 3ff1 2eaa 6bd3 3e5a
7bbf 70d1 4cc8 669a 6ed4 1d7b 6889 27e8 7168
00e7 1c2a 03cb 69dd 4538 5983 7dea 0ec5 466c
5a5d 15a7 7d31 718e 6e76 2cf6 2ca8 511f 37c4
1194 4d8d 4ca6 0ea0 1e23 1dc2 7266 3dad 300a
341a 0783 1e88 2da4 351a 40ba 1518 21f1 54f5
1592 39e8 7aef 3919 21e4 0a60 5a51 7d21 70cc
0031 2070 0d5e 7b96 4048 6c7c 7b18 7f7a 432a
7e5d 3501 1222 1587 4b5b 787c 2092 602c 6a9a
3e3f 2c71 19a7 0ff7 7dd0 7d24 38cb 1d3b 6f23
6f75 34ba 6c36 7389 3b1c 6b41 763f 0638 5634
098f 4d77 6129 2b0d 3acf 55c8 73ff 6d15 6ed8
5914 4278 516e 20de 35fb 383f 7cef 6347 516b
6827 46c8 7f3b 52e9 644f 4c63 2ae6 0cb8 5feb
2f3f 7020 5f84 2565 5b6f 3de5 1dce 3797 3d1f
5983 09ee 6246 2cde 26bd 642b 16f8 512f 02f1
1970 4057 66a1 6551 41fa 06a3 4a96 3eeb 64f8
2c69 53e9 7818 2d13 1ee5 597a 5158 19e4 2318
663c 65e3 6a6b 3ad2 554a 1f74 31bf 7e3f 5ddf
58f2 4ce8 2b7f 5526 3194 488c 1b93 4bd6 6d84
2e42 5d34 34da 24a5 2a5e 3f6c 139a 3404 0e6e
39eb 3c8e 3e5f 3ff1 27e8 1c2a 37c4 3dad 351a 39e8 2070 3501 3e3f 3b1c 3acf 383f 2ae6 3de5 2cde 3eeb 2d13 3ad2 3194 3f6c
4afa 30a6 5faf 1710 52d0 4fb6 34ce 7b86 2f83
5a6c 076c 7abf 2169 0722 1ddc 5a6d 12cb 185f
5b7c 5537 4b38 79f9 61bd 6cbe 0d0e 6332 5cac
0882 743b 5d80 6f83 4008 732a 4b6e 7a41 0c6f
27a4 74c8 5d68 561c 70a6 4ece 7552 444e 45af
20cf 05f0 29d5 4846 4340 0940 794b 33df 5137
6423 7cb1 3313 6eef 3d57 786a 5f43 6927 7054
579a 3d69 1dda 09bb 68e6 6102 6cd4 2951 5967
16be 59c4 7670 665e 1d71 6ee0 063e 7caa 78ec
4485 5ca3 3313 50c5 1b36 0196 6949 07d9 242c
3771 5b30 67a0 35d6 2797 199f 0061 004e 056a
3935 1f9b 7392 27f4 6202 3044 304b 5778 7804
6737 57bc 1cb8 4fba 2147 3f19 3ecc 425e 01b4
08d4 517a 7711 1042 7fdd 361f 6b66 026b 5992
60d2 150f 1436 768f 484b 2e62 7b94 39ff 6c9b
0361 09ec 6cab 41cd 3f6a 08ae 43d4 5bec 0ef7
75e4 39de 634d 29d5 4269 7fa5 37d7 41af 51e6
0aef 34fc 726c 680a 626a 0523 28b3 2736 3516
017b 0ff9 771f 765f 54a5 26d9 1d8d 0bcd 018e
15ea 3096 1aac 59a0 0577 1ba5 1582 121e 3acf
05f1 2445 6493 141e 6987 206e 479a 520f 0b5e
04eb 636d 6cb6 4675 425a 38a9 52b9 7a34 5eb1
1bf1 6322 6add 6aea 7f61 2f6b 03b5 544e 2792
709e 6497 2ff0 65f5 1b32 4d8a 6034 41d6 2e86
34ce 2169 0d0e 0c6f 27a4 33df 3d57 3d69 1d71 3313 3771 3935 3f19 361f 39ff 3f6a 39de 3516 26d9 3acf 2445 38a9 2f6b 2ff0
4c5d 310e 5a74 1329 0497 3b53 5f17 4619 4a0e
6960 2e6f 2a7f 4c06 7894 7a5e 4ace 3194 628c
6307 7eb2 5ed9 1b17 084d 52f9 4caa 2998 29fe
353d 61d8 0d49 7adf 13a7 3955 3ef7 7732 170d
29c5 2bdd 2468 0b6b 2e5e 30d5 0370 2235 7e0a
56b1 3bbd 10c8 59c9 2222 1732 7d86 4c1d 6be0
4cb0 593e 0015 4318 7113 01e7 1fbf 7493 6523
5561 5542 34f6 0ee1 773e 2eff 0774 65c8 0611
1db7 743d 4990 5719 282e 004b 2e9a 290d 1df8
5827 7a07 3087 7c18 11e0 346f 7eff 2380 799b
78dc 58da 39ec 62b5 4664 287c 49df 31fb 10f9
357a 307a 420c 3924 631e 465e 1720 3c45 5b22
44b0 3be5 1ff6 0087 1e1c 546b 2d7c 1f8b 7c17
0ddb 00c8 54c2 56e3 3a3b 01fb 7ad0 79cd 37fa
72a2 13be 1009 0197 30c0 0403 0dc1 0709 5458
0aec 0688 1d6c 223a 4266 4e72 0299 1161 76b4
708a 7a39 7243 2bae 7764 5ca7 6775 2912 635f
5387 3c7e 4890 09c9 116c 2ef1 7ca9 4c08 38ba
762b 6696 4011 18a8 1f9a 1f6b 59cd 11b0 7ce0
14f6 1096 3126 7be3 423a 359e 5a12 4a18 071a
50b9 5b60 41bc 0d30 3706 4163 5b35 41eb 67be
6c0c 24a3 6267 4b62 0a88 3d23 039f 72c8 2a21
3988 4f4a 008a 4d68 17cf 3604 1b9b 045d 0d17
16ac 4b6c 5a58 4662 5923 16a3 3c23 53bf 0b7a
3b53 3194 29fe 3ef7 30d5 3bbd 1fbf 34f6 2e9a 346f 39ec 3c45 3be5 3a3b 30c0 223a 2bae 3c7e 1f9a 359e 3706 3d23 3988 3c23
5d53 715c 4377 335f 3d44 41bb 1eb3 6ea4 4fa6
24e1 76a5 59e9 13cd 236d 0c53 5e3d 151e 7073
7071 4675 6c78 2799 698a 52f8 62ce 3b7a 68a7
0541 62ea 0b7e 201b 1855 5381 7984 7e38 74c3
619b 2b4e 0a0a 31ab 1aeb 2a99 656e 64d2 7154
230a 29b7 4dbf 6589 2472 0025 7217 1a82 776d
2d2e 2b58 479a 75b5 62eb 28c7 6dc1 4ec0 4937
25e6 229e 3bcf 7abe 05b7 63ca 56f7 6d50 28ea
12f0 5d8a 678c 2586 6144 5fba 0fcc 3acc 0447
011e 673f 20f4 5b0f 20c3 16ba 3b3d 2fb7 05d0
48c2 7db6 5cd0 5c04 339a 4317 73fa 69ed 4a5d
146f 44f9 4926 395b 1a43 1e91 45f3 1afa 72ca
15da 3654 03ec 4020 1c3d 5695 30e2 419c 1c9f
6cfe 1d1c 4bae 4a65 3cdf 538a 0770 41fa 2e60
5164 261c 7c38 6b1f 7835 7d34 574a 612a 7f8f
4afb 0a50 5073 77b8 377f 6fae 6822 53d1 10e1
0364 3a8c 0031 6fbc 162a 4d46 72df 574f 4951
73c9 1e52 7dc8 0ac3 5db0 4b54 277a 470b 3462
22e5 522a 6820 2a5d 556f 3e52 501c 1156 39fd
5de1 4ded 64a5 448c 4d0d 1728 2226 21c8 02e8
3b89 4afc 4c4d 4587 2019 665f 11db 560e 6586
748a 7349 4935 2c5b 7110 4837 4fd6 3c51 246c
7552 7032 0cfa 3177 4146 6e74 6661 64b0 49a9
6fd9 4ee8 69b2 06e8 2a9b 42d9 6020 0090 0bd4
3d44 24e1 3b7a 201b 31ab 29b7 2d2e 3bcf 3acc 3b3d 339a 395b 3654 3cdf 261c 377f 3a8c 3462 3e52 2226 3b89 3c51 3177 2a9b
727a 2ec1 2982 3242 551c 3933 4f68 17d9 339a
5be8 7bf4 76d3 78fb 4272 648f 31cc 7328 2a4a
29c2 7e77 2c9d 6364 5138 619f 4d54 31e4 73a5
3d97 0dba 2035 2314 69ff 0ab3 2ad3 54ce 08c0
0864 1f49 2d3f 2ce6 3f15 4395 1862 1195 24a9
31f4 58fa 6c4d 28c1 379a 5f31 3f39 6c51 5abe
1d10 0589 62f5 5ce7 54f8 52da 05e5 06b2 41fc
7234 0cdb 5007 47ac 0d2c 6afc 15cb 0441 35aa
0d37 01bf 3323 70a1 642d 379b 1e9e 51c9 7b24
0691 172b 3966 3037 7a1d 19f5 00e7 0d2c 72e9
7880 5615 7028 6ec5 5eb8 0e09 5542 701a 6155
0b07 6713 02b6 4a25 4b2a 607b 2132 41e6 53c2
6e57 19df 6e08 49dc 07b0 657a 5687 385a 0171
042a 2116 0432 3b5c 7711 402d 2284 1d15 1bd4
43ac 123f 3192 2e82 091a 42ef 3a7a 19ef 37d9
0f55 71fa 5716 42aa 2df9 5e0e 115a 49db 2bc5
4678 4983 4b0c 7b62 25f6 5d24 498e 44fb 58f5
4106 5312 4d52 5dc4 7761 750a 1e52 4812 05d1
7783 2c11 1351 624c 1b17 17b5 67aa 7f32 6f77
614c 7f37 6f5a 7982 2f60 7c6e 18da 7c93 6639
4973 2db6 0a6c 6188 0298 32fe 043c 4ff0 225f
70bd 2503 38cc 30d9 759f 7e5c 002c 7c53 769b
1273 4829 08c1 73c0 0978 367b 5e09 0080 13a0
0b82 30b5 5651 683a 2f7d 65d9 7ddf 2fcd 4af6
3933 31cc 31e4 3d97 3f15 3f39 1d10 35aa 379b 3966 0e09 2132 385a 3b5c 3a7a 2df9 25f6 1e52 2c11 2f60 32fe 38cc 367b 30b5
523b 5537 3966 1f93 519f 6f07 165a 29ad 1cd2
3602 5279 2605 0f76 6c52 0488 647a 4b72 3570
1391 450a 369e 549c 58fb 68fc 3f01 3005 674d
0710 6296 7bbc 1ed0 5846 0dcf 785a 3cbb 0795
7286 0ccf 0776 13dd 7784 694c 235d 71d2 3ff4
7d44 235a 519f 18a6 199c 7882 7393 43ce 3131
287b 75ae 6418 6873 274f 11d9 4010 37ac 4b60
1094 4a2e 6fe2 0ef6 0421 05e0 0052 2a74 5713
26fb 6710 09cf 0964 61db 07c2 6d37 0b4a 08d0
45f9 1100 7152 3b1d 22bb 07db 1a23 5417 4b45
20ba 6ada 01dd 4e66 196f 30a8 6413 57bf 0ef4
0a26 2004 43a9 5af3 4ce9 05e1 57ff 53f7 4153
490e 3420 07a5 444a 1b0d 28b2 184c 2875 2d17
2155 3dea 77e4 26c3 18c9 4fc5 6db0 67d8 0274
4e81 2182 529a 3af8 07bf 1d96 6c27 5446 6dbd
040c 5394 12ad 3787 5a52 30da 023a 7428 5dc7
1faa 07c2 7e3e 5f09 16e3 1df2 5db4 1349 2b7d
6ce4 0127 0587 1f22 0477 19f2 16a0 76db 32ee
5277 3856 4b9f 32ea 17c2 5d56 762e 6e4c 7934
1e2e 0713 4ef7 598a 0ca0 68ce 650b 22bb 0c12
45fb 3133 614c 4224 35de 1f05 1f16 59f2 7e50
011e 0e2e 173a 3e16 79c9 22f2 6dff 1ecb 2c49
0632 016a 76a2 3e54 0451 2d42 0989 63a4 5bcc
40af 3605 6936 1377 60a6 263d 7fc5 4747 475e
3966 3602 3f01 3cbb 3ff4 3131 37ac 2a74 26fb 3b1d 30a8 2004 3420 3dea 3af8 3787 2b7d 32ee 3856 22bb 35de 3e16 3e54 3605
47a2 7218 3608 04f8 251e 099d 7141 006e 4a54
7350 69e8 6fcb 3784 6675 6d7e 2982 07fe 5d7a
41bf 022d 4946 0b01 5732 205b 47ae 5215 0b1f
2f8f 5b6a 2fb0 4842 0374 6069 4a80 72a3 3083
74a7 3b7e 1b44 4475 4888 3b19 4608 2003 2ed8
047b 06d1 2144 28ac 1b4c 188d 3393 15e7 7ead
7bc7 034e 5480 7362 5e70 695f 5564 76cb 0932
76ef 08d5 7043 4bd9 3b01 450a 428b 795d 7dbb
6eda 147e 446a 7099 4f2c 20c2 2918 534a 7783
21e7 511c 3537 03b2 4fcd 018e 51ea 1d67 4851
0c3c 3876 3ea1 241f 6b9e 260f 2aca 66ab 4693
4874 58be 50d0 441e 47af 0cc8 42ab 090f 5af0
01c9 781e 1e73 1626 06dc 531a 705a 19d7 2306
4e1a 7401 285d 59a2 250d 4d32 523c 1cc0 015f
3638 6472 6aa8 3cdb 1f55 0053 59e1 73b6 7ef9
5c95 4251 759f 180a 046d 7356 0206 30bf 614e
0f4f 1e46 42d9 4c6a 0b73 2023 2c97 74fd 1b0c
1036 1b99 6802 3b58 6188 1603 3828 02b2 64ae
0e1f 0447 226a 5b25 62f2 0620 3811 1bc7 5e98
64df 2400 5809 3b00 4741 2762 5930 1c83 3da4
2c9a 031e 46b1 3a88 123d 7ff1 65c2 4510 7ace
29a4 67d5 6316 643b 3744 4e59 3c4b 4931 41b4
4eea 5b9b 7d1c 0a84 2467 0911 28f7 4c30 00e1
72ad 662a 1f72 063d 51ec 4e17 1439 5878 50da
3608 3784 205b 3083 3b7e 3393 0932 3b01 2918 3537 3ea1 0cc8 2306 285d 3cdb 30bf 2c97 3b58 3811 3da4 3a88 3c4b 28f7 1f72
1397 33b3 0679 73d9 33b3 66f7 27a1 1307 29ab
2816 7ed0 5b73 4e33 5c80 59be 5826 4159 548e
417c 116b 450f 1003 6fe5 6548 4684 2873 6051
562a 2a25 7aec 63d1 12fa 39fb 16dd 6938 160c
7c7a 1eb6 4437 6c58 0d88 6c63 421f 3c5f 7884
68bd 1669 16b0 4785 11fd 30f2 0788 2b37 00b6
1b65 1d3a 1229 1ba0 25c4 73f7 259c 6623 61a8
510f 0768 3282 7fe0 677a 3393 5236 1b81 6958
1cc2 02a1 2095 68c8 4287 29eb 6ccd 522c 3718
6335 3252 0cc3 71cf 4769 0415 11f8 2aa3 127a
0999 468b 514c 444c 4604 3ce4 6ee9 70a5 5708
75bc 0ca2 1b35 1839 7c37 3226 474a 4284 31ba
1067 41ed 1903 7ef1 1bee 0cea 1a59 0905 32e6
1943 251d 4c03 1eaf 6369 5250 1dfc 17a0 73f4
6a86 630f 6463 5da1 3c19 3faf 69cb 3b0d 0d7a
2414 195e 29d8 5d2d 7954 7b99 483b 1516 603c
607a 5fa5 789c 0626 287c 65e2 7bd6 0391 4ff0
1011 0fbd 2991 4640 7643 0907 3682 5b45 1f01
4d66 7c40 3009 2962 7057 3164 53d4 1d9b 38fd
52ee 1ce5 0cef 4371 0ac2 49fc 2aa7 1a5a 1b6b
6cb0 3a09 5d0c 4a91 2c30 075f 5746 1ab6 701a
268a 3905 1b29 0325 562e 1cb3 3ef7 5c6b 49d4
6082 4e4c 18c5 6c5c 04fb 48a8 563c 551f 6002
0c56 7212 42a7 34cb 1b5e 1bf3 3956 16b1 4bc6
33b3 2816 2873 39fb 3c5f 30f2 25c4 3393 3718 3252 3ce4 3226 32e6 251d 3faf 29d8 287c 3682 38fd 2aa7 3a09 3ef7 18c5 3956
18a7 39a3 212e 5ce4 30be 516a 4589 6aad 166f
41d5 4e4d 7fab 5f96 1901 7bae 6d2e 4b86 5cd7
698c 1082 37a8 09bd 5efd 5cab 3e03 01eb 5354
362d 5829 7e61 5162 0b30 4221 2816 4fa9 639f
1e6a 550e 286c 07ea 4c5e 0776 3eab 7485 45ae
5b6d 5220 670b 1f64 1ae6 1d57 6890 2693 11b4
6360 7006 6094 1bdd 3806 167f 7c4f 3e17 54d1
7acf 77f8 113d 6952 5488 2681 3171 4100 7add
678e 4d8b 3924 3125 10a7 589a 12ee 5844 78f1
6bda 685f 1afc 55a7 1c08 5fbd 606c 7718 79d8
6f68 263c 677b 6205 7d3a 2899 71db 0f3a 7e94
511a 7965 69d0 779b 6781 2596 10ef 409e 7a0d
0cc1 64f4 3e18 051f 5c68 757c 22b1 6ea7 775a
6b72 5dfc 6041 3242 4861 5536 5681 3cf1 7ee0
2f7c 1fb9 6737 2e32 3845 6f10 28a5 2f4d 6394
56bd 0c77 7deb 01a3 1047 4072 1050 3f2e 300b
59fe 2e3e 145f 0f05 7199 03c1 3570 4f53 2149
7007 0c8a 2744 14ec 7f2e 0b16 0022 48c8 0f5e
3470 78dc 7b88 3aa7 28ef 4f3e 652c 6096 7176
156e 4537 03fe 0b5e 68a9 39bd 1930 3247 22b3
2cc7 44fb 5175 5339 09ec 295e 1952 2333 1dee
225d 65b5 4162 44d7 429c 0ab2 732a 2adc 0400
05d2 49c1 716d 3576 1a2b 7cbb 0509 2e6f 2999
64b6 6c62 4866 271a 354d 3145 218d 004a 3836
39a3 1901 3e03 362d 3eab 2693 3e17 3171 3924 1c08 2899 2596 3e18 3cf1 3845 3f2e 3570 2744 3aa7 39bd 2cc7 2adc 3576 3836
64f4 6efa 06ae 04e8 2c9d 61cb 04b0 664a 712b
2b23 5adb 20ce 1074 22e2 39f6 6ce3 2b1d 0f32
070f 1e92 2c45 0748 00a9 2fba 7dc5 7db7 026e
2ce5 7aa3 2c6a 3d9c 4561 0a66 11d2 7cce 1c9f
32a5 3588 49f7 6105 1e58 69a7 7216 2f71 77ff
0d08 74d9 54ba 7d7c 42fe 6492 0167 3af0 2f06
280e 4056 4328 6f36 2bf3 095a 0cd2 482f 30d8
4f82 3bb5 7696 51b0 4d83 640b 1784 5c22 5696
2178 6f93 2530 7f0c 3847 438e 3c64 7690 18de
0d9b 2390 401e 751f 552b 24c0 65c4 3679 1e3d
4e85 4e1d 78d4 3d0f 4138 70ea 346f 1c49 7a62
45fc 239b 43d5 77ec 6951 4651 5d21 3bdc 6e00
3dbf 7f5d 00de 23a1 25e4 6014 52a2 247e 486b
128c 6ad6 1cb3 3b9c 098e 3fdb 593c 4ae5 3cf8
5085 32bd 6b26 7758 2010 5b62 34c5 7619 2f6e
64f2 0a21 7b7a 6da8 54a5 18d0 574a 0f0e 7cf0
21d3 182f 0b40 7c04 081d 61fa 0c81 24f3 0f0e
1e4a 65a4 7d41 7fd3 604c 1e15 05e1 35e1 0b59
4b7b 013b 629a 11f2 65f4 0856 6fc2 468a 2289
0893 4b4d 2242 3362 30e7 2d19 5df5 6982 6cde
4a13 11da 5e02 29de 686b 74a0 539c 50cb 16a8
352f 43e4 26a7 20b8 1696 6b24 139a 15a7 55ba
67b9 6e4e 768c 5cd6 3c3f 13be 7887 609b 3725
204d 353c 33e2 0bca 07de 4f6e 67b1 28ab 1c5a
2c9d 39f6 2fba 3d9c 3588 3af0 30d8 3bb5 3c64 3679 3d0f 3bdc 3dbf 3fdb 34c5 18d0 24f3 35e1 2289 3362 29de 352f 3c3f 353c
1697 7cf1 6161 0d60 2f0f 7f5b 4fa4 795b 50bc
7dcb 6566 3fd5 2ee2 638d 08d0 6ac9 2acf 6dcd
3a0f 11fa 4348 2899 31a8 2fc9 3a18 7b1d 5456
58c2 06f8 10fd 04b4 4ba5 2b3e 397d 6776 1203
4276 516d 3f5f 64ba 0c77 5e2a 79a0 3846 0bf3
4269 4bb3 5183 4960 54a6 5446 68df 77f2 4a4e
4757 5929 6bf2 04fd 7e5d 73a4 378d 38a6 2a46
035d 03e1 132f 5f13 36ff 356e 226b 0243 7271
493e 0a55 2bf5 3d61 4362 2196 71db 555b 242b
343d 1214 7137 448e 260d 406a 7885 3824 5189
054a 53db 6dee 0b33 7ce9 5ba9 663e 6c76 7369
5492 4361 4014 137c 4b93 6f8f 7f77 2529 4c09
332f 774e 3b5c 0f2a 0570 4cbc 5385 504c 3a73
28b5 16a8 2f23 1a8c 6777 51a8 784e 02de 6a94
17e6 36b7 29f9 5a79 4b8c 6fa7 646f 687f 172a
27c8 2344 609c 6866 3dc4 793c 0bd7 0f75 4b97
6680 6298 4c94 70e9 6fe1 251f 2dd8 5ad1 1a48
79ff 655d 4bba 7067 695e 6a34 1758 3096 07dd
3da9 1519 37fd 6a7f 3a48 00fb 39a3 7bdb 5641
68b5 4e2b 1259 28ea 2bfa 3176 66eb 1ddf 1c9c
4bef 46c6 1cdd 4740 6310 060d 3f12 258c 4457
0b84 3646 5cf5 16e4 1c06 12df 4107 11b0 6f83
6f79 5350 65bd 5e0c 00a1 0ef8 384e 07e5 585c
3a39 079f 4d42 7575 06ed 52fe 5d51 5bee 7d09
2f0f 3fd5 3a18 397d 3f5f 77f2 38a6 36ff 3d61 3824 0b33 2529 3b5c 2f23 36b7 3dc4 2dd8 3096 3da9 3176 3f12 3646 384e 3a39
05d9 6a15 09a8 1164 5d1d 7fe2 0654 746d 1a70
4ce4 3b9b 05cd 5d37 089b 589e 27d6 58af 2a8a
003c 62d3 3e8f 6f78 031d 7c75 7698 03ba 319a
7994 5cff 01c5 2644 280a 4e79 4862 6cd6 00d4
7921 08bf 61ca 77d3 104b 0fb1 4c96 3fde 3c30
430c 1378 548a 4472 02c5 1bab 6b7d 13bc 3e35
3c22 1f0c 1526 1b8e 2e84 0b77 373e 7ada 177b
06b5 5bb6 4798 7bcf 5cd6 721f 1e4e 6f39 5f52
36ba 2eae 5aaa 0616 2192 30f5 2452 06f9 5049
5830 6bb4 3fed 5ed7 23da 1643 7752 6922 4c5b
3675 40ae 4d94 0eac 374e 7461 2526 0ebe 08fe
0d7d 5d95 0453 1c07 0fa9 3544 6b3c 7635 2e99
1646 5537 74a8 631c 3b57 00be 3cf3 1fab 41f8
4375 3edd 26c1 1f52 78d9 60c2 6cb5 5720 73ec
08d7 52b5 62f3 193b 67ed 59f4 1a71 1ab6 3e39
448b 2e45 708b 54a2 0e1c 4377 0ad7 239d 1601
1524 47e9 4e7e 2de8 482b 4364 2f86 6db4 136e
7638 7c9b 1847 02c8 1938 7b67 2241 3ac2 33ec
4f8b 0795 49f8 04ab 45d5 7bda 1460 3963 3ea4
6b0b 521d 2d42 05b7 4521 4653 0454 718a 28e8
4b85 1207 3d7c 420e 38bc 415e 75a9 7b30 6d84
592f 3eb9 49e3 6f71 2dc2 0b4b 766a 2a69 1498
5215 262a 03f3 0c7d 2c9c 264b 120a 3f34 19af
2b10 1f4d 07b3 24b0 7f0f 4418 2e5a 6220 7474
1a70 3b9b 3e8f 280a 3fde 3e35 3c22 1e4e 36ba 3fed 374e 3544 3cf3 3edd 3e39 2e45 2f86 3ac2 3ea4 2d42 3d7c 3eb9 3f34 2e5a
00a0 0f51 59f5 276f 2a0f 5dbd 34c0 4e47 7b16
01b9 4eaf 1545 6aa7 4832 6d40 1b6f 44be 17d4
5539 666a 24b7 3331 6806 3ef2 734d 2936 3b76
7641 614d 0db7 4117 2d5a 3266 59a3 7e24 4ee1
57e2 5cc5 72da 6495 1ba2 413a 7571 60d9 5fca
4d1e 2196 3f6d 2a0e 2433 0167 7e60 7825 1ad6
11f8 0210 622e 42b3 60aa 5b43 2fb9 3383 7e47
1859 6932 7639 3ec3 6a30 0ed6 253a 0fbc 0b30
516c 2251 527c 63d6 5ddb 6c93 3091 7895 62d5
2286 79b7 09ad 6ed9 7c81 76f0 58eb 3b32 31a5
7ed3 7914 6caa 192e 5da9 1cea 04af 59b7 30ad
4632 1d5c 5692 2ffe 5626 513a 62e4 40fb 037d
78e2 12a6 70cd 1b48 599a 20eb 0606 0cd6 7e1d
10d2 034f 4cd7 63e8 3476 309c 0c4b 4672 5d0e
24f9 4d43 5cd3 005d 6d34 279a 7228 4532 14a2
7616 1a84 7ad1 696a 2a32 10f0 10da 767d 6e09
3865 4481 79f7 6904 78c6 600a 1f53 09fc 0d16
5ff1 234d 102d 37cf 22db 45c1 42c2 6e26 7b7d
6e19 61d7 3774 20a4 260e 108a 29b3 3b60 4347
0017 717c 0d7b 6dc9 0e5a 3d24 7f5b 5311 05e2
23c0 33f6 6c1f 09f4 4358 4db9 634f 6293 7704
5bc0 607d 77fa 38d8 4e6a 1284 0f83 6ccc 584c
594c 6a4f 42a3 4ae1 0034 52aa 4e77 719c 5d03
6104 5ff6 4120 049b 093d 7d9d 5f69 537b 16d9
34c0 1b6f 3ef2 3266 1ba2 3f6d 3383 3ec3 3091 3b32 30ad 2ffe 20eb 3476 279a 2a32 3865 37cf 3b60 3d24 33f6 38d8 0034 16d9
6d75 12de 49e6 1388 26c6 1a17 071e 6ccf 40a6
4384 12ce 5760 09db 23a2 585e 5498 5bca 3f65
612b 1ed9 41d9 04db 6314 2ad7 5752 65dd 215a
5f48 7e4c 34ef 5829 2624 6421 7c1b 6ec9 6911
786d 20bc 0b9f 4a78 4686 3b5f 7f2a 08cb 023b
0385 7a64 6416 1aaf 0ff8 37d9 2d7f 7d18 416f
4746 31e7 0501 3245 4900 2fab 3b8a 72f4 5c71
5b55 068c 294b 60a3 0988 4ecd 1178 79ba 0607
3349 1638 3410 5c88 0104 0062 73cd 0902 72d8
6ee2 3550 0943 11b4 0ab3 0c07 4567 2a68 1c66
2618 7167 529c 0d27 069a 3bb1 2073 0189 7ab2
093a 074e 7205 5f5e 1072 26c3 13ac 0f12 2dbb
29fc 3e52 4ec8 3ba3 74e9 7abf 1863 2213 260f
3ec5 1ff0 60f0 4c34 4471 6b8e 46e2 19e8 54d5
529d 704a 7120 417a 455a 75c2 4eba 43c3 66de
36d3 0564 2a9b 5980 05fb 088a 55a5 1aba 47cb
02f8 19aa 3124 30a0 3bcc 2eda 41c3 2ac3 484c
004b 2caf 0ee7 6804 7491 7c21 52fb 1666 457b
3865 15ee 29e5 70f6 4aaf 404b 7ea3 4459 7f56
41fc 4d00 7fcf 5c10 5156 5913 2c9b 5ad2 35b0
662b 53c0 5c5c 558f 0a04 4304 109a 646b 70f1
193e 6596 2344 3238 7121 0894 6902 1efd 1206
38ab 0a22 58c8 277b 4d32 4b6b 3390 550c 7088
3b26 59ba 0822 477d 58cd 0cd0 1e9b 3dd6 67a5
26c6 3f65 2ad7 34ef 3b5f 37d9 3b8a 294b 3410 3550 3bb1 2dbb 3e52 3ec5 75c2 36d3 3bcc 2caf 3865 35b0 109a 3238 38ab 3dd6
0300 10fc 211b 0fe4 7e79 61ed 1d6d 520d 06b3
7cfb 78c0 4b9b 5569 284b 17b8 1b14 0aa2 458f
4c74 1e66 431e 0d47 2974 669b 4da0 0a9c 17b0
77e6 370d 346e 08dc 57aa 02af 1f6d 1be9 6188
6aad 00c6 3ee8 17e7 0d68 3dd2 091e 1a26 1750
14aa 0405 05b0 69aa 3baf 634e 4796 6561 06c1
1ef1 2a21 5fec 6142 7f09 584c 0a5a 6940 72ef
1e10 7f7c 216d 5059 2365 2a54 3748 5b3e 0b08
276a 4b97 14c1 55d5 583e 2930 31fa 475f 5839
6215 7848 690c 5cd4 00b3 2b60 5088 08b5 5561
6bd1 78da 3b23 18b6 6372 281a 50c8 3e47 0368
3cdf 06ef 2ac0 6be1 2a84 4fdc 49b0 12a6 565c
0ef2 0c5b 7c0f 3701 74e9 5002 58ae 4870 6796
7f1d 31de 7a06 2b1c 063b 5abb 1416 7457 4ead
526f 3075 326c 67a7 6e80 4e28 19c6 71f8 78c6
059c 3af4 0632 6911 1b64 72fd 3245 258a 504a
25a0 3d10 5079 273c 289a 3f96 30e5 7f65 7013
7039 2dee 01c4 4631 6f17 0585 3b1c 3e8f 424e
778a 4d7c 3464 4fb9 6c01 62eb 7f1c 25f2 17b6
19b2 5ee4 53e3 6e3a 61be 4c55 5a10 10ae 4782
746f 77a9 4362 0fac 095d 6d3b 5bc0 258a 2aed
212c 6d6e 0533 6e7f 33f5 2097 7fb3 393b 17b1
5d43 79c6 6d2e 22dc 15a9 1310 520d 0c90 561b
42f0 7792 5d18 1bd9 1c53 2d4b 181c 04cb 683e
211b 284b 2974 370d 3ee8 3baf 2a21 3748 31fa 2b60 3e47 3cdf 3701 31de 326c 3af4 3f96 3e8f 3464 19b2 2aed 393b 22dc 2d4b
6041 0b78 06c8 3d89 1f3e 2aca 3cc7 5456 3652
62e5 6a28 5053 0ddb 3a97 2d0c 72a4 357f 1106
2460 2e18 443e 7283 4f41 7d55 7530 7ada 7f14
2146 5faa 3d05 0c4e 66d1 6b40 37bf 4c93 7717
3e83 3a8c 164e 2c5e 5643 7204 748a 593d 5d99
0519 125c 7c8a 636c 6595 66e4 6cb8 70df 39a8
4abe 3292 2ead 7752 7b01 33b6 76ba 0f5d 1504
5739 5e84 59f3 2754 1efd 7855 02dc 046b 775b
665c 51c5 4671 3608 2737 557c 01b3 000a 1f52
584e 6ce8 584c 36aa 2228 731a 1a59 1437 01b5
786b 124c 1174 3d78 59f9 4831 2412 6338 0503
2bdd 3197 40fb 3659 4b29 7c3b 3531 1f08 35c8
53ec 5830 649a 34e3 5def 23b3 7e42 629a 4014
5fe5 2a27 6ec8 7b39 06c0 1f38 0682 1392 2846
447f 2cc2 6add 10cd 22c4 79a9 4d17 0aef 7404
4af5 76da 73f3 47a6 1751 72f5 3d4e 18e9 6a30
3df0 3311 3c1f 21df 2be7 09b0 303a 59c1 30fd
3886 0ace 51e8 4be0 0634 5e73 6e8c 2a3b 63d2
572f 7889 72f9 4f42 2f80 3719 2f3f 2749 40b2
2f56 3fcd 5740 66f6 0d01 6e08 013a 6006 553c
631c 236e 1ef1 2e3e 0001 78ee 6d8c 3941 3b8b
5f15 5efc 0554 6bf1 5482 389f 0c7a 2910 6dce
071e 3fd8 767e 4884 4bbd 64d7 3115 1ff2 29a5
6f9c 47e2 0a06 0c46 0931 6c7c 1cde 0026 563d
3d89 3a97 2e18 3d05 3e83 39a8 33b6 2754 3608 36aa 3d78 3659 34e3 2a27 2cc2 3d4e 3df0 3886 3719 3fcd 3b8b 389f 3fd8 1cde
645e 27a6 36a5 5d79 11d2 6da7 1adb 2d10 7525
2f36 56d1 15cd 6de9 0a0c 499e 4201 5071 2c77
7d95 0079 7461 33fa 268a 51d9 797b 1284 4f5d
7294 118e 4d34 7c11 631a 4051 0479 20b8 5db6
201b 5fbd 1abe 687b 62e7 6803 2925 1059 0951
1e30 78c4 35dc 4b0a 6343 3987 6348 5e80 0335
31d5 4579 004d 1448 6c0f 7fbe 2ef4 617a 2fb8
447a 6927 77a3 1cdc 1e1a 42f5 0a3e 35b5 5d91
2a66 3d7c 4cb9 6558 532b 63f9 0df8 2633 5901
5635 2432 6b05 207d 302c 329f 1df8 5872 3dc4
1774 1591 227e 5d4a 6d6a 5e95 5581 709a 1162
61a6 3f72 1151 193b 7091 3922 4e1a 72e3 37a3
1700 20eb 5f9b 67a3 5c1e 54e9 0c77 53fb 7d21
0cc0 07d4 0b0f 4751 549a 78b9 7612 6034 050e
727c 3c7c 67f4 0705 3237 475c 19d7 2705 4f10
5a80 07c8 093c 029c 6dbc 59f6 0338 0fa9 1fec
5152 4095 68c6 362e 5a23 3b48 1e29 43d3 0579
666d 14c9 194e 4609 17a2 533e 5036 0c5a 5924
2c70 1eb4 6133 3bff 68c3 6387 381f 365e 6404
312a 445a 3c06 3509 02cc 4c0f 018e 5b6b 7146
19b1 248b 5306 54fa 54c1 32ea 231f 0785 65af
48c4 3bbb 5442 76ff 2b31 0600 6b81 377d 10fc
5ac9 17f6 1fc3 3b58 10a4 6152 261f 78e1 4fac
2c84 2ee5 42af 1c24 5b79 176c 19fc 1adf 1fe4
36a5 2f36 33fa 20b8 2925 3987 31d5 35b5 3d7c 3dc4 227e 3f72 20eb 0cc0 3c7c 1fec 3b48 194e 3bff 3c06 32ea 3bbb 3b58 2ee5
4a1e 67c9 6939 1398 7258 48f6 21d0 5867 510c
5145 79c9 2f5e 2e16 5028 259d 5193 4305 3562
7b6f 2863 381f 1eed 1687 374a 210b 1eef 186a
76c7 6721 647b 056c 1278 5f04 7f4e 52e8 735b
567d 1901 2806 60c3 67f4 0cb4 62ee 61b4 684a
329a 035a 0cd0 6673 7bb4 4cf3 3d8b 6ea6 7599
3da3 2458 02f7 1c6f 6e87 33d0 5fbf 61d8 14d0
15bf 5aa4 6e59 2a62 321e 77f9 117f 2644 516e
5efc 5760 0173 7b7d 15d9 464d 4427 5b53 1810
310e 7349 7d53 3943 7429 40df 29ec 61b4 23f6
5187 07ae 3074 7e31 07c6 627a 101a 3ccb 069a
1548 7df1 172f 70b8 13f8 2228 4350 73fd 64b3
053a 6184 03a3 5753 4668 5b27 38f9 5505 0060
4aa4 3088 5277 5f0a 6a4d 17fb 2781 13ca 36f6
7cd8 5803 1ce1 2396 7aa9 04aa 2c27 1208 5439
4383 63ea 097e 33df 3478 38e4 1789 35f3 27fd
0d24 54b4 51e3 43c0 1693 05e5 5883 3993 29ac
63c8 6280 2963 1811 738a 17d2 5a34 352f 119d
252c 7522 21c8 6ea8 5c01 5885 1622 47e1 3502
275c 34a4 20f2 0800 6ac5 33a0 0e28 7af1 0fd6
6883 153c 28e1 3b6a 262c 7e9f 5661 535a 4771
7bd8 4b2d 32ad 0296 37ea 20e3 7ffc 6231 7d6b
5c0e 20c9 7904 77ad 23ca 61fc 1402 3b97 4bf9
4216 20d2 2a0f 0a8e 6fd8 62b9 6ff7 24f9 3499
21d0 3562 381f 1278 2806 3d8b 3da3 321e 1810 3943 3ccb 2228 38f9 36f6 2c27 38e4 3993 352f 3502 34a4 3b6a 37ea 3b97 3499
7be9 518c 79c2 6b7a 0dd5 58ef 7bc1 1974 6906
0e20 5048 286d 3eda 434f 2cb8 1da4 34f0 4e1c
6e7f 47e7 47a1 4f52 7804 07b5 1ad9 1abe 5671
4929 7e3a 0ee8 0890 22cb 4f2f 5b03 624d 47f1
26fe 5f6e 68b1 65fc 548f 6250 4b00 1610 5801
06fb 6f8a 3ad0 215e 17dd 0d0a 49c5 58c6 67a4
5056 52c5 4cd3 2249 2902 1036 7246 5c19 6e4e
1076 1d4a 1ee1 0669 2664 6905 2a27 24a9 0db3
5459 6017 27e1 5918 1dc1 3312 2337 7363 5d90
0bc2 54f3 3a3d 63f2 5343 1382 1886 5d16 6e66
2a5d 7b02 0922 3fc7 0289 134e 7154 752a 4d67
4c7d 0aa8 5476 345f 6644 349f 0ce3 0279 0871
5323 622d 132e 2597 5c17 2d82 6302 3a20 38e6
7be0 431f 2627 7825 53bd 225a 4026 546c 0fd3
73b9 6ef1 662f 2915 5a67 6dc8 5b1b 7e68 0a4e
462b 4a05 49c9 539c 79e0 74db 12e7 4381 52b5
06ad 148e 0591 200e 42a0 3147 3cff 5dbf 337e
541d 2c0c 1ca2 5b9a 0bf6 488b 5764 1c5c 13ba
42de 2572 776d 5946 78f2 21c2 1e93 776d 0e19
63f0 6a69 05ad 3715 75c4 6ae8 281c 262e 71ef
7377 2d6c 2c32 2e2c 7ad5 1b04 5ead 188b 670b
3ce2 6058 6cbf 4cfb 16f4 598f 2306 7e34 4e31
57bc 3afc 2c18 2e20 352c 1f9c 6293 5575 7c49
599a 0c8e 10d4 656b 4e77 3ad8 5ef2 2e2a 207c
1974 3eda 1ad9 22cb 26fe 3ad0 2902 2a27 3312 3a3d 3fc7 349f 3a20 2627 2915 12e7 3cff 2c0c 2572 3715 2e2c 3ce2 3afc 3ad8
4acb 7f5c 636a 2fb1 1a22 0b6c 28bc 0a9d 19e8
0688 530a 71b2 48b6 792c 0eae 5484 36d6 4f37
2ea6 23ef 19b8 3634 7396 2e92 51ad 1a20 31de
47dd 4762 227a 2e66 6e3c 62c3 4c7e 0074 7766
01dd 0578 3cb0 1fa1 7997 6be1 1b1b 309e 46b0
0c0a 5750 520d 3067 7632 33c2 343c 69d7 1492
37da 3bf3 14bb 39dd 6073 0295 78a2 74a3 4966
441f 42cc 3952 6ae2 0044 3dc0 0652 35ae 07d4
7d55 4976 164e 1460 1f5d 3d89 216d 63c0 7bb7
6f38 54cb 375e 41a9 7f1c 6150 0258 0c88 235e
2367 7736 417f 7f19 7ffc 0de8 21fa 57b9 6b84
2c29 4dce 0c3c 240c 527e 1f5d 45fa 0ac7 1375
61f9 4439 1a75 50be 3071 6b3b 7151 4dbf 726a
57f9 64e7 21af 0819 4bf9 7f33 3668 69bc 51b9
7e0d 6a65 7c1d 6454 71fa 70d7 04d4 1d2f 7a6c
524a 0ed2 6db5 0d8a 09ab 3382 3aae 7915 4417
6b5b 0c3b 20a8 5eea 29d5 7501 5ee0 325a 6952
6949 3579 460a 6e4b 2935 6672 6916 0df7 7356
7699 7376 3a85 31a2 136d 29b6 1b4f 2e50 71bd
7469 3cb9 2802 0a36 41d6 02e3 7f57 6862 684d
34a9 0c50 74db 73df 22ad 0a66 7746 65f1 6820
5d13 647c 2c35 31e8 0936 477c 19ab 106b 3352
4c76 3660 5731 4e96 1a66 6dea 28d1 14f0 5b8e
7e22 6b15 69af 5e61 7f98 46af 564c 6dda 789c
2fb1 36d6 3634 2e66 3cb0 343c 3bf3 3dc0 3d89 375e 2367 2c29 3071 3668 1d2f 3aae 325a 3579 3a85 3cb9 34a9 3352 3660 7f98
3219 0077 6d90 171c 228c 256a 5c33 1d81 73bb
4569 41da 0b77 5245 7011 7e63 2254 7779 390d
1510 357f 053b 173d 21fb 605c 1aa5 65e5 3a42
669a 4495 3a1d 7631 7f01 540e 0149 7834 676a
0667 2c13 5d78 5aea 65e9 6db5 7d12 6317 0679
6ca2 0eb4 1581 05f3 366f 799f 2e49 0aed 5e82
0292 19a4 2eab 3e09 42db 0814 5720 5f75 3795
6080 174f 4063 4783 26d8 4920 577b 345c 6897
7df6 2e6a 7fb6 3905 6341 4bac 0419 103e 1c7c
5a4f 053c 324c 564f 1ba5 2cb5 6082 02d1 6041
7a7f 5bcb 3941 7530 178a 6722 1295 32d9 33f1
25d8 0103 17de 79c7 48b3 2537 5e92 1e0c 64f7
0a09 4b78 12a8 42f7 051b 4705 5279 6184 231a
0cf4 366d 2a6b 56a9 1880 07cb 5e3f 75e5 7c77
2e45 20f6 2957 1c4d 0fa6 2008 2113 6739 75f7
5243 71de 2273 1ddc 088e 586e 6770 6666 6d31
6883 4b48 20a5 1d78 4cf6 46a0 68dd 6df1 66b9
1fa7 6835 2e69 7cc4 3d89 6c91 5da2 6e6e 37df
7f4e 189a 4d5e 64ce 0027 109a 3775 528a 12f5
1210 57a0 26fd 0911 238d 2a0d 5442 17fe 0d63
1378 44ea 75e4 4164 4743 7f01 36e4 753c 1a25
6e46 3024 6963 5b11 31d7 2ef0 0842 0f10 7598
2deb 2eeb 20f3 1afa 5a39 17e5 78de 5b28 4f49
7937 3564 6fa2 6132 5436 678d 6f13 624c 09e6
3219 390d 3a42 3a1d 2c13 366f 3e09 345c 3905 324c 3941 25d8 231a 366d 2e45 2273 20a5 3d89 3775 2a0d 36e4 31d7 2eeb 3564
0470 6a7a 4bdd 76a9 691e 268a 2a40 14a4 6d03
6e00 0a75 5253 06ac 3c9f 31ef 3b8c 4f97 717b
0e05 7550 0e0f 0fe2 74f0 7ff4 0ae4 2306 023e
0682 11c2 2988 0da2 2c27 5344 0551 159d 14de
3aa0 7f87 28e3 7d5e 5ff3 7a09 2569 0fd4 4d0d
00c9 5db7 7f7c 7c6d 374b 35eb 2d9c 2274 4c2b
28fd 3a20 7ff4 63a5 5504 1a57 0ed7 4021 7899
750b 662f 33bf 1fc9 2b76 0aad 0044 6fe9 6920
1dc8 7244 7a8a 2254 0fd3 1d8c 7e70 3395 2565
22a8 525a 456c 0797 77d1 1fc7 4a8a 7f75 518e
5f45 1ce8 25fa 5692 3dc2 561d 6c69 29c5 5522
1e17 4961 5655 7285 69d7 5bcc 04e5 150d 7c6b
3dd4 2e19 7495 70e2 6a53 4556 1ade 372c 04f8
6d53 67ab 2151 41ef 1cbc 3569 3d71 58de 5a97
1c1e 6a71 4b58 1cc7 6c15 678e 24b2 0286 3a16
6fe7 1d65 30b2 7541 682f 5b6c 3ec7 1aaa 74c1
16a6 5737 227d 477e 56ac 5c75 3326 3cb3 2726
0346 12c4 3e95 10e8 438b 4da0 5a1f 3efd 1a4d
046a 6da3 1625 1ca3 52f9 5caf 6d4c 1cc9 3397
72b0 5569 3b76 7d3c 752e 0e5d 6f49 11fb 5ec2
5c12 7fa5 0bd1 1d80 6031 3022 261e 3708 0162
365a 594b 45c7 207b 7c31 1e3d 3b51 6d93 7d23
0469 2cb1 5812 3616 64e4 0cd3 155c 7fbd 415c
0734 5c83 1aa7 3294 2187 325b 71bd 1fd3 1e58
2a40 3c9f 2306 2c27 3aa0 374b 3a20 33bf 3395 22a8 3dc2 1e17 3dd4 3d71 3a16 3ec7 3cb3 3efd 3397 3b76 3708 3b51 3616 3294
34de 184a 7a4f 164a 235f 26ce 65b3 0d42 4ce8
460e 1faa 0ea3 602a 0e69 7f8b 6ecd 290b 5498
6faf 36ab 4428 136c 42fb 7685 601f 0646 1a28
2182 14ea 5ba7 0ba4 3f6e 32e8 01a7 2d68 1ce3
5df5 123d 695a 36c7 5092 57ef 63bb 2c44 27bf
414f 43de 776f 55ee 6f6b 1dd5 7838 39be 4d1b
3b16 5a48 3737 0229 1f0c 68ff 4742 57ce 4aa0
4342 5bbc 3d5c 5e43 663a 72ba 4cad 2350 506e
52d1 7e91 5570 261f 015f 3869 19ed 2bb3 2112
284b 2e14 6f65 2941 1740 41d5 4aaa 7b2f 5137
191b 6650 6b59 360c 00fe 3f3b 0d99 743c 11f6
2476 6e0f 789c 308b 1529 6597 618a 10b1 4ed7
3851 19c3 717c 7504 3cc5 2b1d 42e8 1e53 3595
624e 08da 15b8 5141 102f 2cd4 5668 0d30 0bc6
645b 7747 1c0f 5b48 6fb0 5b76 5e6c 5d77 54bb
072c 6841 4d88 1bfa 11b1 7181 23cb 4f97 74a5
7bf8 6d82 369f 1088 33da 7c6b 55cc 02cf 7e44
01e1 3308 64b9 2389 62a3 47b8 35f6 024c 450c
4fdf 5a92 6b39 3dff 7bb8 239b 5417 1142 5431
2e18 4960 1e1d 46d1 6c81 7a67 4c90 1007 031c
06f7 1a3a 673c 54b6 4b38 5bb9 4c5e 00e8 5b78
623d 24f6 73a8 4b17 2e08 6472 6558 6817 02f6
2d86 0e06 0000 370b 186b 708f 2fed 0fe2 3a2a
0fbb 798b 7456 3fc0 01ee 2d7b 5381 6fd9 511d
34de 290b 36ab 3f6e 36c7 39be 3b16 3d5c 3869 2e14 3f3b 308b 3cc5 2cd4 1c0f 23cb 369f 35f6 3dff 2e18 1a3a 2e08 3a2a 3fc0
3226 203b 5049 308d 43ef 1d61 6a59 555a 3550
1a68 1f79 2d6f 2efa 4866 7e6e 6908 221a 2457
34c8 3c62 20d4 26d2 3657 4017 3b40 00d3 3af5
3145 5d25 33c5 30a5 5744 075a 15e1 5aaf 141a
6fbc 374e 30ea 5d65 272e 42c8 3af0 1ec3 3b1f
48c7 34a1 1892 3225 3b23 2a99 1c93 0d7d 2bde
68dc 2031 42ff 318e 603b 1f7d 594c 2e56 32b0
54c2 5286 155f 615f 03ee 0978 7562 2c8f 3a98
687c 38c5 51d4 49f4 4a8d 5712 0c39 09f1 4b55
1009 0c97 0e9c 06ac 4fee 5c62 3780 22f4 47ad
46ab 4d96 7ae9 1ad3 77e5 10a4 5a8c 3c78 52eb
65a1 79a5 2e98 54fb 7652 6d4d 6e3c 641a 697c
4b0a 7dd0 3e31 0892 6509 4293 0e50 25fe 6c5c
3612 4944 6dd8 070b 10ba 000b 38c7 4a7d 43fa
0dc8 13b7 37dd 2563 46e9 0060 449c 490f 0ccc
0736 50c1 13e3 0add 38b6 27f1 316b 0896 0626
60c0 2718 7430 093d 35e7 796d 60b9 2918 350f
7fbc 3221 5df6 2e8c 3b8c 3bab 13f5 1402 0b83
6e0b 0d62 6f1b 5392 2f28 0765 23b3 4e0e 0bec
745e 47a3 1cb6 3703 07a4 79c6 65ff 5049 7028
436f 49bc 3e44 70ce 4587 6364 4649 4ea6 5e59
1e65 5e5a 12d8 49e6 23dd 562d 10f9 2940 008b
5148 697c 469c 5a89 36e6 578f 1bb5 61bc 1a6a
690b 3ddd 4c56 3837 0ce6 574d 6be5 7b39 375f
3550 2efa 3c62 33c5 3b1f 3b23 32b0 3a98 38c5 3780 3c78 2e98 3e31 38c7 37dd 38b6 35e7 3bab 2f28 3703 3e44 2940 36e6 3ddd
012a 4d5a 430e 7cb5 749a 1649 65f9 4053 2faa
730f 761f 7719 593a 75cf 7d5b 674f 4da9 04b2
650a 264f 75de 4b97 66c3 202a 7dff 2b1d 3db7
70dc 6046 389f 64dc 1716 4d81 2152 78a0 7dbe
185f 63c2 5bb9 336d 0b72 08db 5079 6e2f 68a7
035b 5f41 3b00 3e0a 116f 7126 3ede 6381 77a8
5f66 75f8 40ae 10f9 0b6a 5518 0a4e 2d79 21ad
040d 5c50 3020 776b 32f4 602a 2916 65da 418c
43a0 232b 1115 78ca 1697 6d5e 1d9a 0a7f 5171
26d6 3f43 7348 2083 62dc 0fda 6495 388c 0a3c
7964 2314 376c 07b2 5252 53d4 223a 4211 0c37
37ec 07a0 0c58 67c9 0394 2a25 4214 2377 6443
4fc3 672a 1e1f 0f85 5f71 18e1 4492 3cbb 226c
100c 084e 192e 0e91 1f98 769c 1916 60b3 7bee
6815 0985 3b1e 4eaa 6037 3a30 6157 39dd 3d68
1b41 4bff 00ed 1144 4cfc 0500 1d03 448e 6934
79ab 583f 750e 7365 74ed 4815 3da2 7c4f 5e72
4d2c 0c92 5438 421c 62f2 3a0d 48a3 2d8f 3fa7
54bb 6417 1114 263c 4069 4dc1 5a3b 5a39 0340
680b 456e 79d6 42ef 5e4a 132f 127e 5944 798c
0193 2d60 7226 48c0 1bd2 6058 3a72 2268 2424
3795 211e 5797 5887 6f32 194f 1a5c 7a8b 79f0
5b18 291e 7abb 5386 5739 096e 391b 25c5 1f36
0a15 4dfd 3ac6 4731 6dea 118d 29a7 7947 485f
2faa 04b2 3db7 389f 336d 3ede 2d79 32f4 232b 3f43 376c 37ec 3cbb 1f98 3d68 1d03 3da2 3fa7 263c 132f 3a72 3795 391b 3ac6
28ff 49eb 18e1 7ebd 6e49 2c74 1c25 51a0 6011
61a9 39bd 77cf 64d3 1a98 2ea2 6458 7c6a 38eb
1120 3aef 1ba3 73dc 21dd 3176 2dbf 3a1e 61f9
3ba1 38b9 612f 38ab 6ec5 14b2 0ea9 51c5 5404
4335 3c8c 3379 2938 6bfc 0934 1464 36a9 21eb
7b54 73e2 0bb8 4f87 2cfa 081a 5530 38e7 2551
41ee 23ce 2a27 39d8 639c 5e31 1b18 39c8 4092
781e 444b 0563 63c6 3b3a 5b2e 2143 60b7 3882
6e32 06b1 59e5 0dbd 6ba4 63c2 473b 6411 423b
67bf 093e 38cc 619b 3c00 3f48 3353 3233 1cd3
6a86 7301 5a21 4d74 0a1b 3b60 6a90 1e0f 42f2
28d8 2335 4343 0276 7f7a 5b17 343b 72d8 0168
6bad 0a8d 1d49 5e7f 270b 6714 7923 0921 5c54
307c 3b8a 4a83 414e 5a5c 1ca9 0d23 4055 154d
3fee 3274 56de 1e98 3561 3af3 72ee 7a1f 0028
1752 7bc3 66da 3abf 23a0 7c00 667f 0464 03e5
6485 16cf 407d 7641 37af 5c29 5e44 2ea9 69b6
63e1 0f7e 1b4f 32db 12a8 3206 73ba 3c6e 1aec
58c8 4f70 254e 05bf 0479 791d 3bd2 58af 6393
5272 56a3 63d4 5eeb 5d29 7a12 3755 58b4 5b89
5591 0a5f 7450 7064 62a2 4d47 3d17 2955 5177
0f18 78e1 0331 25d4 123a 438b 53e0 59ac 0713
2691 2238 12b8 7c95 7a6e 5ea9 4dc6 43ca 3909
10ef 1506 23f3 7179 7c05 730b 30fe 3227 5658
2c74 39bd 3aef 3ba1 3c8c 38e7 39d8 3b3a 0dbd 3f48 3b60 343b 270b 3b8a 3fee 3abf 37af 3c6e 3bd2 3755 3d17 25d4 3909 3227
3cb3 735d 463e 2186 4bac 06c3 4afc 2430 2235
19f8 1c45 4066 0a5c 0937 277f 45f1 5824 4dc4
081a 6565 35ea 3e4f 21e9 078e 2fa3 042c 1a7c
1234 7f34 5557 2140 004e 4da6 4642 366c 5aed
3616 27e9 0f1c 7c56 319d 1515 2846 2227 7ce0
1e9c 5a09 4f8d 4da5 0ab8 6bd1 7bb8 16dc 7f73
4c6f 5701 329d 2bc6 6c0b 2a5a 32b5 1fa1 70ea
6947 06f1 313f 1597 0f8f 5c9c 764b 16e9 7a41
71f4 7c9f 6e0a 6d93 5cf7 4147 7859 1ed2 5eca
699b 64c2 3f63 749a 3d22 5e17 2479 2bba 798f
5107 3226 16e3 29f6 0bcc 5986 0c73 5640 2fd8
068b 7007 1b39 70cc 6181 0ff7 7acd 3aef 2d40
01e0 5b8d 5f12 4140 6f68 00a0 029d 7edb 2853
0bc6 549f 7879 58ac 5f3d 43b6 4b7e 70ea 0f00
60cb 77d3 4063 3b4d 1cfe 6d2a 5da7 3aa2 6aa2
5e1f 500e 48dc 5ee1 7762 69fc 0e53 4504 00cb
0c0b 3af6 4861 1069 139d 1c82 61ec 7459 44f9
396b 0cd9 44bf 317c 49a9 1790 5360 307d 05f6
6193 6771 11ce 76fb 0b41 4b3f 51cb 67b5 075e
719d 2402 4542 499d 07b2 2f66 5424 60e3 0860
418c 7598 649f 1124 43a8 74c0 5738 2466 1ab6
4e2f 5d87 4eae 4f90 26a8 5dc6 770b 0bbf 701f
1ed9 7372 307d 2a68 1dc2 6cfd 3c32 40f1 44de
581c 1013 307a 1ffe 7855 5b54 391c 06f6 1f9e
3cb3 277f 3e4f 366c 3616 1e9c 32b5 313f 1ed2 3f63 3226 3aef 2853 0f00 3b4d 0e53 3af6 396b 11ce 2f66 2466 26a8 3c32 391c
7a47 1a48 0a56 359d 0eb6 14f9 15c5 4bba 581c
177e 420d 399c 3b7a 57a4 72bc 5610 4694 48bf
6cea 4b33 3912 1266 4b0e 707f 3418 4944 42e3
2427 2be5 13a8 1255 2c3f 3adb 540a 5d23 3db6
576e 40c8 0622 38a8 61b5 2fc8 1361 0cbb 3a0d
0fcb 32d4 555b 5eb0 6c8d 2db0 2f54 364e 2ea7
71e1 1ada 7528 7ab8 46e0 41d1 05eb 7d74 6a7e
5d41 3e94 0236 4372 191b 43ab 41c0 3e6a 2282
59a6 5531 0cab 5e59 5e7a 2fb8 4dff 2b27 47e2
4497 7143 46f5 287f 5ac7 53dd 0488 524b 5e2b
7d5d 125f 079c 6e39 0935 7b5c 50e3 4248 4da7
092c 26ab 66f0 6fd2 4bc4 3304 0eb6 6018 48aa
3e91 5693 128b 55e3 17b3 0cd4 10c4 5077 5720
7d61 00a6 3709 1f7b 2b9f 63f3 4188 3488 4922
26d6 474d 2448 4a54 38a9 2fa2 76b6 27fd 49f9
0d57 58ad 6d11 4bf7 6ab6 01bd 2374 346d 7a46
39d4 446d 6296 34a0 5917 2769 6ff0 6bbe 7f8d
5311 59c4 51e2 5639 6610 4c79 3365 009e 28a6
16ca 2919 31c6 751c 1487 3e07 467a 42e7 15bc
1f48 242e 63a0 6827 0a88 4da8 0669 3557 1448
6de0 75cd 010c 625b 605f 1f4a 0853 2401 3fc4
055a 2364 5f6b 69f5 7dd1 7ddb 5452 1415 568a
1c70 0f9e 72c4 3468 3b10 551b 498d 28a7 0c5f
3d94 6eb0 2f5f 4cec 3155 3492 2eca 1625 7074
359d 3b7a 3912 3db6 3a0d 364e 1ada 3e94 2fb8 287f 125f 3304 3e91 3709 38a9 346d 39d4 3365 3e07 3557 3fc4 2364 3b10 3d94
218d 28f9 583b 0ecb 15cd 6075 7758 785c 165c
5e0f 6539 5812 0f6e 648a 4d8f 3780 27b0 6df6
4772 64fe 6b03 1d88 4599 4959 3e96 0af5 04ec
5e40 4344 2a59 1f36 5862 5b68 255e 4c82 78cd
0309 0d31 34e6 431a 207b 0f0c 2c43 6eb2 7a20
00c7 7e14 1043 0830 1357 0ab5 75f4 5a22 1468
3128 005d 291f 167f 4f45 2c2b 1f85 3a61 647e
7bb6 1986 32ff 5cec 003b 0937 2fa3 5848 5125
7fb4 42aa 7654 021f 49e1 41cc 57c8 5339 5351
5c66 5d96 695c 1ca5 1c2b 59f0 0441 4ec1 682d
06b4 30eb 35e0 480d 0880 1361 7351 7697 6f63
48d5 268c 59b0 1610 4add 183f 05d7 4412 1cd6
019c 327f 2d2f 52ff 56ff 0ef3 4cbc 5a01 3e44
5f1e 6c45 74c8 1b11 1a00 1091 65f5 45a0 6be9
4d1d 3473 0b32 6cac 2d15 1a35 635d 5cc3 0582
1fc4 3adb 5078 2392 1dd6 2d1a 7587 507e 1584
6e04 356b 5144 1c7f 2a71 5844 4254 336c 7a43
2bc0 28e5 48a8 7649 55d6 4790 0ad7 15da 2688
15ef 2fa0 671d 019c 150c 366f 32b4 6ab7 12fc
5b39 4f52 7148 5e9f 4b57 10e4 767e 221c 17bd
3a39 3459 795e 7ad9 6f26 016b 53bb 0eb5 6c0f
5f2e 3afb 7dc4 2def 2c86 38d5 30cd 45b3 621e
5b07 0f57 0d39 645e 1ae2 0504 28cf 634e 218b
0a5b 2a15 3d91 22af 684d 2212 2095 64a0 5b43
28f9 3780 3e96 2a59 34e6 1468 3a61 32ff 021f 1ca5 35e0 268c 3e44 1b11 3473 3adb 356b 2bc0 366f 221c 3a39 3afb 28cf 3d91
2c89 572a 65fd 25b4 7f5e 7de6 0546 6c69 6799
1144 3ba6 510f 1928 5897 289c 029c 6011 4623
214a 782e 1ff8 4e85 0636 2d83 3519 6609 7aff
5d88 0c21 5262 4474 3052 051b 4792 6add 4006
1b5c 7c44 1102 0a50 2756 3daa 71ec 6075 648c
2b13 0416 3c72 70bb 4b2f 15f7 000c 7b73 2920
58d6 3633 62c5 43a0 3b1d 6c12 5601 7126 21dd
2d1d 7caf 0bc1 426f 4d5a 13a6 7438 7d43 0c6a
03b9 2fe8 655b 7af7 6155 01da 431c 7a51 5949
4b8d 2176 4919 151f 2a4f 6026 04df 513e 6dcb
4e74 0748 4494 6035 2542 6a72 2d2c 4742 3c6c
558d 50d2 1efc 776d 27fb 1cbb 0737 6d74 00b4
164f 0dfc 0ce0 23e0 2f32 1955 2ce0 39a2 0931
7626 6d64 5921 1b4d 45fc 1bbe 28ba 67d6 4476
3b9c 1b26 5461 5117 5944 275c 17c1 6656 4ba0
11ea 2333 7f15 1bba 7ebe 6df2 07a4 30b2 5ade
5302 3c62 202e 2829 479a 13d5 5474 3e77 6a00
1cff 40c6 685e 44d1 155c 5a94 4d90 0c8b 34a3
152e 6fe1 3680 2a64 087f 65c3 5f2d 3f82 65c6
37f6 6af4 6da8 26e4 2ad4 446d 0c69 5306 0ff0
22a6 1ab7 0712 7b80 233b 76d9 64be 60f4 0ec5
0702 75c7 4a69 13e9 66a7 48c8 039b 61d6 139d
6cb8 6bbe 7e71 3452 3a51 113c 2b85 52f8 6ef7
0917 0733 53b3 3998 5695 14e7 4bb2 2dab 7eb8
2c89 3ba6 3519 3052 3daa 3c72 3b1d 2d1d 2fe8 2a4f 3c6c 27fb 39a2 28ba 3b9c 30b2 3e77 34a3 3f82 37f6 233b 13e9 3a51 3998
41e4 4241 5586 5da9 78e4 7e4c 6b10 20a8 0dc3
14d9 235c 13ff 194c 23c1 1b10 69e7 038f 68f2
43ab 47a1 1bff 0416 594b 0bc7 5da6 4164 120e
2667 61c3 7c68 460b 5c56 57c6 0c4b 322e 48eb
1e00 35e1 40cb 14ec 480e 63c0 7376 209d 0046
1062 2770 3727 7f98 1075 52a2 2f9a 3b9c 7013
7504 1899 310b 63e2 72ab 329e 2c7f 1cb5 737d
1b48 1b88 23da 30ef 5093 4ef0 200a 0877 1c3f
19f7 362f 07d9 0249 0d57 0957 1329 0cd7 1ddf
07a1 5252 0010 4b33 5bbf 5a47 0872 00d6 5ee8
027f 1e7f 3883 3e0e 49f7 487c 2b81 1cae 294e
7a80 7789 1f6a 59b7 1854 321e 44bb 4d0b 7386
3f1f 29c3 6b2c 1708 3dc2 79fd 0250 5774 5537
68f4 49c4 6348 4c5a 7f82 22e3 1d42 6df0 7a9b
6892 38c4 5069 7437 1e0c 110b 1dea 5bc9 18e4
72d9 46fe 3089 05b2 3442 29f9 3990 3696 0e6e
2959 12c7 39f8 1a5c 4553 21e7 632c 67f2 3834
4dac 2ee8 0605 7be4 17ee 5b9c 03d4 2fbd 5838
1833 7fb6 2bc1 2e63 4848 21f4 40d4 4aea 5ddc
5061 752d 3ddd 4580 2ef7 5146 12ae 72b8 10e4
1c09 5f89 5bbf 0093 69a7 688e 3e45 315f 21a9
367a 4de8 4441 1e03 2129 616c 5329 1848 35b2
6ad9 0bad 409d 3b0e 48ef 3a17 7abd 0831 0686
0e2f 6bff 76a9 1c11 209f 0d47 6cc1 47f8 5175
20a8 23c1 1bff 322e 35e1 3b9c 329e 30ef 362f 0872 3e0e 321e 3f1f 22e3 38c4 3990 39f8 2fbd 2e63 3ddd 3e45 367a 3b0e 209f
1dd2 1047 794c 3346 3843 291c 7d2d 725e 0fd2
46c9 46c2 70f4 323a 1d2b 60c8 7209 77b5 21a5
2869 1f69 7462 5424 03f9 40d8 0ca4 12d8 0afa
5bab 7369 5b63 5017 5d59 3a9f 3b1a 4765 20ab
3b37 73bb 54b5 0209 58b9 55ba 1077 2013 3952
5239 4cca 1a9b 698f 1d5d 551f 651c 2a62 2f4b
1410 36c5 623b 212f 6ffb 2fc6 2b9f 2e1f 5f64
0a3f 0f84 7591 0e64 3f26 46e5 0585 3644 0e10
22ca 390a 623a 7adf 3b2d 7189 79d0 6b63 0be2
61d1 5929 43cb 2f3e 0dab 7348 411a 1298 360c
3a6e 155c 7d60 4982 639e 5df4 749f 0187 23be
5e8e 79ff 0b6f 3f87 6e2c 1d27 158b 76b1 1b8f
0ef5 398d 4ee7 0e07 09d0 47a2 5063 2ee7 3793
5e8a 36fa 1276 0749 0295 027a 543d 3108 4d04
68c7 59e5 4704 1d6a 210b 75aa 44da 2f60 1880
7990 1ae1 015e 5bc9 4e14 339d 50a4 696a 62de
092a 6f49 201a 29a9 0725 068e 608d 198a 5501
4a23 0329 642f 4d93 0607 7ab3 0a94 1a78 0ff0
0c9b 6e27 20d3 5e04 0ac6 5005 18ae 7a69 7d45
2180 1a41 142a 1184 0d0c 1c78 7ff9 0f24 7b66
0fac 5084 2615 1231 02f9 09c4 249b 0891 4e5b
5639 1451 1a3b 573f 7707 25a5 62e1 69b3 00ac
47ff 1f92 2abc 6004 0959 62cb 756d 3db1 2ddc
4922 789c 4c37 6825 0f53 0ad0 40d8 6dc8 482a
3843 323a 2869 3b1a 3b37 2f4b 36c5 3f26 3b2d 360c 3a6e 3f87 398d 36fa 2f60 339d 29a9 1a78 20d3 2180 2615 25a5 3db1 0f53
433a 643b 7a23 285d 5a68 7ea8 758b 31b3 24c3
25a5 3e65 5ff2 2e9d 419c 4855 7159 2935 2b42
742c 4bdc 317e 38b6 18b9 53cf 4ba8 355c 4599
658a 5803 071a 27f9 1434 29f4 4be5 0310 6694
2b2c 715d 635a 1083 2074 1bd5 77b9 263b 3984
4a1d 74a2 695a 70ad 7770 37cb 44b0 6efa 7b61
72c5 51d5 13b5 3c68 6260 236b 070a 5dc7 258f
29b8 1757 122d 731d 1f74 14a5 6b02 2da4 3e93
1d21 7d13 2166 7b61 42a3 3108 347f 6a75 0069
1240 7a98 27af 6281 4ee0 011d 4a70 189e 7a84
6d62 3ce0 4f79 2003 787e 4a3e 2930 27ad 5735
05f7 33d6 489f 1bdf 6632 4e4d 0080 4cc1 4cb6
6219 4980 2a27 04ac 4a7d 79af 5001 40e4 4340
5c24 4c64 7bf8 7be8 597c 0593 737a 5ca7 167e
395c 0378 442c 33d1 549e 3f07 5f0e 6716 34d0
63b7 7aba 3b96 0635 32f9 04ad 7d34 47c1 3511
7be0 0646 37e1 01d3 2a2b 2073 3cdb 434f 6680
591f 6d60 6972 6261 6bb8 60b1 1e24 1763 33e3
6bab 5689 0966 7f14 343a 5c14 6428 76b8 6e39
33cf 6809 7cf1 51bc 3b4e 6a2c 286f 26db 12a0
3a47 5f63 6089 24b2 1f64 3aa3 77b2 312c 7e60
364e 3b65 48d1 63bf 35c9 5f0b 75b1 0841 0672
2d32 1bf0 7109 03d7 3321 4bf0 4eba 44e8 2ddb
55f7 3071 1cef 6fa3 2154 5d8f 4356 4369 66a4
31b3 3e65 38b6 29f4 3984 37cb 3c68 3e93 347f 27af 3ce0 33d6 2a27 167e 3f07 3b96 3cdb 33e3 343a 3b4e 3aa3 3b65 3321 3071
2015 21ed 4114 41d7 1099 221e 1b0f 1844 5404
1bf9 730b 415f 6018 6cea 24f1 688f 75a0 3f00
148f 2fac 66d1 45e5 3e21 4cbb 1214 5683 1b48
3a43 65ad 1789 71bf 131d 6bd0 4e84 3a08 5820
3117 1f66 1ca3 31e0 1076 0995 11fd 1a2b 2459
46ba 6954 2ce5 082c 4e9d 60bf 4891 4d1f 65bf
3bd0 2023 70d9 26ef 7d6d 2cb8 6051 3bc9 04f0
332b 78db 246e 3c13 2145 0b66 634f 0a07 64c2
2e7a 51cd 7d92 2b42 1547 5aff 5e73 62a1 3441
658c 1f8a 4d21 71d3 2cb9 74c1 18af 52fe 6f4c
22db 5d96 51f3 0d98 2fe3 451e 3f69 690f 3d5c
5f20 271b 022d 463b 28b3 143b 65dd 0780 6605
6465 1fa9 0f62 1b50 5c86 2753 1381 504e 5ff9
5887 6512 7fe6 596f 0c09 6857 26ee 7094 00af
7110 542c 59df 12e8 6522 627e 7a48 31cc 220a
6ec9 0ced 5062 75d7 6d79 6374 4867 53f4 5a40
0a5f 1e2b 0325 5934 4363 6850 42f5 24c6 3c60
3efd 06a4 0d8f 65a1 52e7 4f67 20d4 5014 2ddc
4d29 3632 54e8 02cc 4d7b 4dda 6045 40a4 369f
0243 2b6f 15c7 2fe7 0e03 2e25 49e1 3b3a 4b8e
6cda 15fe 41d0 615b 2dc6 6ca7 7de7 2ffa 6c83
6a1f 4ca0 67cc 6272 0473 07a8 05ca 13e5 6a1e
64b9 1fcd 088a 6118 4230 5728 3228 4691 33fb
5756 35b3 69b8 2350 6d83 58cd 6613 3e46 72fd
221e 3f00 3e21 3a43 31e0 2ce5 3bd0 3c13 3441 2cb9 3f69 28b3 2753 26ee 31cc 0ced 3c60 3efd 369f 3b3a 2ffa 13e5 33fb 3e46
17ee 08a6 0b20 503a 679e 7a0a 1500 3160 5ba6
023b 538f 108b 7c5e 3517 4e89 0e8b 349a 2248
66f8 54cc 2541 647f 0cd1 14c2 21e7 19dd 52bf
03c0 10d4 2d09 6ce3 4bbf 5abf 28eb 4dfd 477d
54f6 0838 21cd 781a 3d3d 451a 7e32 685d 036a
0cab 68d8 5e26 4120 5957 74a0 697b 10da 70db
425e 79e3 6d32 4bf0 3535 3d4f 5ad6 6bd6 121e
3b57 6ba8 6c62 4357 6127 6cb1 2a92 164d 3ed9
37cc 6ab6 1500 0792 4405 1342 530b 02cc 54ce
74c3 6de5 6714 47f1 3143 68fb 655d 4c8a 2264
7fc3 606f 1b9b 68e3 2ce5 6d4d 6a5b 2dfe 2068
0fe0 2d25 2593 3cbc 5962 2181 5a56 4ab9 042f
1c12 4ff4 3f2a 57a7 5344 2fe8 728c 246c 6b15
2d91 2ae7 5853 48e8 3d84 4400 6710 5468 3ac0
3b51 3ef5 41be 39df 717f 24e7 55e3 4aca 42be
6dfd 6fde 4bb6 4013 1dc0 14f1 39a3 7e1a 6626
0d71 7cbe 0522 2aa1 607e 571c 2aaf 011a 6ff6
4c9d 6466 52e4 43f3 6093 44ce 419b 268a 1823
78dc 6fec 7526 5544 6c04 5d8d 223d 1b19 0630
031e 5c9b 5aca 1d54 450e 4a4d 08dd 10ca 3129
1c6d 33be 620d 091e 2d86 1380 76c6 5ef2 7b01
455e 13be 1a52 76eb 14c2 4bb1 20ca 1835 09ee
1600 63a2 3e19 5a60 7d68 2199 227f 4291 0e5b
4fb8 75c5 0481 1cf9 0484 233e 4cb0 43fb 4364
3160 3517 2541 2d09 3d3d 10da 3d4f 3ed9 37cc 3143 2dfe 3cbc 3f2a 3d84 3ef5 39a3 2aaf 268a 223d 3129 33be 20ca 3e19 233e
56cf 570e 0e42 6299 7046 5526 44eb 577c 3e6f
5fa2 3847 284b 35c8 0227 59f7 7241 54de 0de1
66eb 0b0b 4bf1 64a6 7e89 34df 079c 3f3c 6aea
7e93 34db 762c 6e6a 2959 253d 34cc 6884 5a38
3057 7d5c 5679 587b 61ff 0b35 480f 7079 534d
78d1 229c 64ad 36b1 05ea 6015 6da5 425c 5efd
4198 71c2 4314 1855 3c88 6d48 7866 0c61 32d3
1d1c 2315 7e98 32ab 6a44 0aff 1c1d 20a1 4057
4224 00ab 445c 4a06 3e15 0e64 6ed3 4acb 0ca7
2ec6 55a2 28cf 7cbb 7fcd 680a 1ac0 0d2a 03c0
5d46 14b9 0340 0328 3191 1b3e 0fa0 0152 2e6a
5adf 1ff6 183c 3d5f 6b0a 11ae 49a6 29cc 4285
31ee 6391 1a37 6c99 342e 2cb2 6da6 08f8 01fe
6c38 4704 5cde 7ac0 4488 67ef 322b 1cb2 3d7f
456c 590c 5ea7 0c66 081f 54d2 24e8 6c21 4bc3
6a2c 1218 0273 05ba 4461 0a1e 145c 0c8c 1826
3b7c 2142 41f1 6d58 3d90 331b 082c 6773 41e4
758c 25d9 72d7 7e88 121b 68cb 530e 4972 62ab
194f 0f17 0154 389d 5093 5664 41e7 62f5 188b
55d9 3402 3c04 6ab7 2d65 1ba5 6456 2bcd 0a9a
416b 6838 4fd3 2c1d 0e93 76a7 4ece 15e8 7d82
42b6 69af 799f 3a39 25aa 09e3 59f0 0790 47eb
67e8 4319 2f56 7e6e 2315 263f 7ba9 6d6e 7c88
3b84 0861 725a 4d0e 0cab 30d6 7272 7882 52a7
3e6f 3847 3f3c 34db 3057 36b1 3c88 32ab 3e15 2ec6 3191 3d5f 342e 3d7f 24e8 1826 3d90 25d9 389d 3c04 2c1d 3a39 2f56 3b84
4786 03b2 50d5 3b85 005d 5778 419f 4a0b 3d1d
461a 572e 36e8 2990 200f 3512 0d87 66b2 4315
603b 22ed 14b8 0ce6 544f 6515 7206 3de3 5fc1
32c2 6c15 12fe 6996 246f 508f 7305 4965 1bec
12f8 230b 7ea1 4e60 5f7e 1319 38cb 0e95 2a33
6a99 315d 5d38 41f4 5ac8 374d 303b 0ef3 271a
6a75 54f8 4b1c 5448 055a 6e86 6c03 0904 391c
5dec 5228 47cd 3374 48df 5f9e 10fe 1517 5be5
094c 435d 1a02 60de 4dbb 1cda 58ca 7c89 67fc
3559 675e 55dc 4365 3d4a 7eda 08c6 23f0 0365
716a 294f 17d9 0915 630b 74fc 4cb9 71b0 74fc
26d5 5952 425d 64ff 7b1e 7979 5ad7 17b1 183d
7264 50a0 662f 3dc5 56d6 74fc 46e3 5c48 3f43
1f9d 72e7 5f1e 1f5d 68a6 2fa2 27c9 5b45 51a4
48d5 10af 4047 0b6f 58f8 4030 7304 2941 7b27
5f16 04ac 5212 0c29 3166 0a6b 2e60 5d5e 306b
50c1 498a 56e4 1d57 5717 69e6 7f56 035c 5212
59da 29df 5f3a 77c4 05c7 5aa5 5a52 6edc 40a8
3383 3abf 6328 2309 3e98 4159 5493 05fb 6b6b
6ee3 01a6 2070 3b30 66b7 3a22 0785 636b 0b0a
0457 5b48 2952 75a1 7f85 3853 715b 6343 5db9
21b5 69aa 5653 781e 60a9 5801 50cd 52a6 764c
4551 29e9 294d 52b8 12a5 6be0 6eb9 77ef 0d44
2638 22b9 72fa 1f00 0378 094e 6014 3783 13a1
3d1d 36e8 3de3 32c2 38cb 374d 391c 3374 1cda 3d4a 294f 26d5 3f43 2fa2 2941 3166 1d57 29df 3e98 3b30 3853 21b5 29e9 3783
3c1a 5908 4875 556e 224b 4806 5a9d 4aa7 66cf
1aae 11a5 3254 21a9 60d0 1904 74c3 5591 7875
5cef 5209 478d 4769 6d2f 4486 28ef 3c77 3c0b
7d92 1890 7016 0635 17fe 70fa 38f9 4b42 547a
7371 4808 6062 3443 3d87 684b 37ea 378e 493c
19b6 0edf 75ef 7851 0b0c 6644 0318 4f57 3b22
2c65 7462 6ea6 6f4a 154f 0b7c 61a4 2792 697d
1b69 3a80 5816 0ca8 0f48 162f 5fd8 1b83 58d8
10d1 4728 0aab 215d 5928 1c91 68f1 5264 5cdf
544b 55e1 3d7c 16b0 055f 5661 7f26 7bda 7fce
484a 5bc2 223c 0859 04e1 7cde 21a2 1788 142a
4d5c 4968 03f0 3c4d 2688 1e4d 3b32 594d 1f85
111b 4d23 6403 5ec2 4b86 4884 254d 197b 5d9d
642a 266c 5799 59ba 4697 0734 6928 61d3 1640
43a6 35ab 3f83 4567 61a5 7640 67a1 50b2 709a
5751 488d 197a 3c78 50a7 09c4 5374 792f 7733
6b3b 644c 441f 5326 02a0 0772 5ca0 7e0c 5962
1f6a 0ad1 5da2 496b 2f34 0248 6f81 2679 1437
4433 30b3 1fe8 1b77 432d 452c 737a 3391 3cd1
50bc 19d8 1d33 43f7 3e66 7403 6fdc 05e3 235e
117d 7d66 6d33 5cad 0bd4 4d16 12b2 118f 1019
0854 6668 6931 2e13 2fc8 3f0d 7a84 045e 76f8
6506 71ef 502c 7f65 6c6e 5f12 53d0 03e0 5625
2940 0fe1 22db 4925 05d1 6ca5 3b8e 1d71 6b64
3c1a 3254 3c77 38f9 3d87 3b22 2c65 3a80 215d 3d7c 223c 3c4d 254d 266c 3f83 3c78 0772 2f34 3cd1 3e66 12b2 3f0d 03e0 3b8e
7452 0419 703f 0aae 0382 72f5 7967 33b4 567a
3f68 7d27 6d37 2ad3 7d2e 4921 337d 0399 1a00
3a56 2b59 3cee 2f0b 54a3 4f51 3dc7 111f 678c
489d 7ce0 3765 13b3 5c7f 31ff 3997 69cc 7a8b
7798 5c65 0107 40a6 7885 58dd 6ea7 1776 58c4
2dd9 642d 39a2 520c 6d88 4254 6327 5cf4 14a0
26ec 3663 2d43 19a5 4ae4 7fca 367e 020c 333e
75fc 532b 3c2b 5334 25fb 705a 5498 1e85 5362
15a3 6865 5fe6 4505 5c55 78ff 6b4c 4e36 3e74
7456 6a72 21bb 3e5a 13d8 6bc6 6e34 70c8 53d1
31b0 3fd4 1735 72c4 4ecc 0353 1644 5bd7 12c9
0c3c 3ccc 3688 0418 29b7 79f4 3f7d 593c 6585
089a 21ed 25aa 637e 6ea9 4546 0cbb 32b9 54c0
114a 524a 29fa 2881 71ca 016c 1692 7a49 6caa
188b 6acf 4f7a 77d2 6ce1 2bb5 2f65 3050 6295
5381 04eb 0200 230f 3248 5c6f 1495 5a68 6f1c
7655 02a2 16bb 6902 4559 00bb 64ae 6bf9 4981
63f9 10a0 5ab4 2d70 2fbb 481a 5970 036d 6d54
7258 2722 221f 56e2 7b31 2018 48f1 4def 4bb2
4888 75af 69ac 5f50 300c 234c 1264 4198 4d1d
2921 673b 5d8a 2606 6db2 45a1 6b16 5fcd 035b
735c 68fe 25dc 2870 30ac 5d30 3f84 564a 5750
10dd 1bf3 0aa1 3330 781d 5475 35dd 7d3a 1262
47df 4b80 4b7e 21e2 2acf 66c4 3f94 0af7 08e9
33b4 3f68 3dc7 3997 1776 39a2 367e 3c2b 3e74 3e5a 3fd4 3f7d 32b9 29fa 3050 3248 16bb 2fbb 2722 300c 2921 3f84 35dd 3f94
1ea8 01d4 0a6a 6944 5dd9 14a4 6b92 6d34 6b17
5ad9 0b0e 4de7 300d 57e3 7edf 22cd 750b 7e17
6942 67c3 231c 0f74 3bd3 3d24 2071 0788 1f6f
3bb3 2388 4797 2410 13d1 3bad 57da 0c41 1bd7
488e 7ae0 28ad 0ef0 704a 7b83 52dc 4f8e 63b7
29e7 211d 3dc4 4f12 64c9 32d8 55f4 4739 4743
5c97 5c71 1522 5c08 1d5c 1cc8 342d 1ba0 176b
53b8 319f 109f 19a0 13c2 1e4e 126b 3276 1c52
74ca 6335 0697 2658 514d 7977 3488 60dc 6f44
322d 1596 2a75 3d7b 385f 3e31 3e91 24ab 57cf
489b 2cd2 44a7 1e07 3853 498c 1f5f 03ec 1a14
42dd 2ecb 4bc1 2997 1982 419c 0faa 7230 69fb
5fe5 1f56 1597 0d90 6ecc 5c97 70f1 4ad6 3353
62c0 37fd 1332 5bb7 47ee 08c8 622e 45de 5fe7
6065 45ea 2b88 1553 1466 79aa 3837 4fcc 3ea2
0de1 561a 7e36 1a28 2a9d 552a 4778 5487 2e83
53cd 3228 7022 56eb 3796 1a27 7505 6617 43ea
7e5d 65b1 2cb7 215a 05aa 7e4b 08f0 13b3 17fb
587b 0459 045e 7d92 51f7 6945 443b 6342 23a9
1a55 03e7 1727 5403 3989 79d7 688d 4a82 44f8
6d8a 7a74 2db0 1671 1306 37c4 372f 0a4b 473f
656d 512e 4c04 50c0 0c61 0dd0 4fdb 3a54 6115
2285 1c92 51b1 64fb 1a55 0efb 510b 52c3 6ddd
345c 425b 1f9a 4540 3b82 118f 0bd6 6ecb 1d13
1ea8 300d 3d24 3bb3 28ad 3dc4 342d 3276 3488 3e91 3853 2ecb 3353 37fd 3ea2 2e83 3796 2cb7 23a9 3989 37c4 3a54 2285 3b82
36ce 6b37 030e 3191 4804 03cd 0af8 2983 74fd
7abf 0ca1 5457 6e65 10eb 6ded 4e50 1d0b 1396
1e9b 026d 7bdc 7f57 1896 0ce1 736c 6094 62cb
2e51 7276 0259 27e9 3e09 1d9c 48b3 2356 0828
3ecc 0408 2b8e 7ab1 3989 6da1 010a 0a85 6616
7908 50e4 7871 731e 32ce 4222 7c17 6fea 7804
12f3 1dc5 1e3e 71e0 5bdd 7a69 04ae 5447 4001
6746 019b 323d 0daa 11d4 28a3 6a7a 28ae 7adb
5507 4fa2 6363 7563 090b 1eaa 7e6d 6bfa 7815
582a 1acb 71b8 1098 3ad9 1093 7baa 7705 4eae
6a66 1e52 5048 0abd 354b 06aa 457b 1d62 523b
7e12 5263 43c7 5481 32c3 61d9 4b98 611b 1260
160a 2295 6953 6530 5a55 2e73 3f48 6235 717d
7271 1d7d 5f8e 07bd 3dc7 1001 51ec 5581 3b95
3638 139b 23f5 0d63 7425 567d 57b9 1fa1 5077
04ec 07b1 4c0a 27a4 3b37 6b0b 0da8 56fc 7623
7693 6b3f 7d96 2a9a 275e 0b47 5631 67c3 2101
197c 4151 1033 10ef 4913 33ce 09fe 1562 0b7b
1991 40bb 01ab 4dbd 06e0 46db 022e 6701 33ef
3e05 5e29 39a0 2256 1650 592f 591e 1aff 68e3
0e8d 5d07 3a62 612c 1d04 7074 0267 15a1 4ff5
6e2b 22ab 6292 261e 6cc3 2c2d 19e2 7f7d 212d
394d 3a01 3aea 265e 104c 23a2 3bf6 1489 07f0
6ea3 6e1b 4bce 180a 6f3f 04cc 587d 4b8e 61cc
36ce 1d0b 1e9b 3e09 3ecc 32ce 1e3e 323d 1eaa 3ad9 354b 32c3 3f48 3dc7 3638 3b37 2a9a 33ce 33ef 3e05 3a62 2c2d 3bf6 180a
189c 4271 1d95 4240 3b53 2a50 49c3 7e79 78e9
6c71 6001 10dc 3086 7d17 37e5 0719 62b1 7bf6
4781 090d 7d9f 7060 0245 3f16 1784 58d7 1101
1385 5ff9 01e6 7a28 5cd6 20f5 5965 622b 4fc4
7301 1049 17bc 26a7 74d6 62c4 741c 64d0 250a
1b45 0572 5bf3 4cfe 634b 2d66 2985 5f1e 6070
78f2 3423 5843 0a1d 3800 6004 7ea1 680a 44aa
5e55 37ea 4d01 2be4 60c0 3fa2 103d 7af3 60de
383c 1197 251f 6a35 6d6b 1295 6d98 7cb2 5776
3fcc 56d2 6faa 32c4 3fe6 2ecd 6ab2 7a36 1e0e
7a88 5dda 6206 5de7 7c78 6629 4f29 0ff5 1d11
545c 0d1a 3e50 020d 1f9a 56c3 7ad4 077e 2ff3
24e2 380b 4ebb 7cad 17c9 42bf 5503 212e 4598
1750 608a 0f7e 1fc9 2c80 229f 7288 4cf0 3015
0ee5 1bb7 2698 34dd 02f5 540e 0f19 018d 4e17
0096 25d2 3038 1d50 4b28 6685 38a7 65fe 031b
4831 5c0f 7c84 4d51 69db 3174 6c54 2cf1 7b1d
0e85 61dc 6683 4956 7a1d 740f 6aa0 75fd 41cc
6b39 270c 6c61 4c65 08bc 7eb3 6e3c 38dd 4ebe
275d 3544 7cf9 7a62 5792 7afa 1832 5b68 290f
4d90 1c5d 6c34 38f6 1e59 6457 26f0 1c82 0c1e
726f 67e1 5732 20e0 461c 5c62 622b 50d6 2912
40d1 6c0c 5f77 435a 44ac 5e3d 558b 0e6b 4c85
64ba 5c73 78eb 50c3 430f 7e03 283f 3ae3 4d5b
3b53 37e5 3f16 20f5 26a7 2d66 3800 3fa2 383c 3fe6 1d11 3e50 380b 3015 34dd 38a7 3174 0e85 38dd 3544 38f6 2912 0e6b 3ae3
2e29 5c06 3976 7652 30a5 4362 700f 5f43 3673
03b2 1bbe 0c98 1b08 1f39 718c 7fd8 643f 736a
5001 13a5 324f 3cec 11bb 6307 3969 38c3 04e1
180b 2b42 7d7f 5d05 2585 5b5e 4981 4bd2 3147
3476 2a8f 312e 3d91 6d3d 71d7 0d50 2c68 390f
2cf1 6738 74d1 6e92 29ab 46fd 3ba2 7e56 386c
1a74 3eb8 32f6 548c 246d 728a 7d20 3796 16ed
0cdf 640f 54c4 36e7 4bbf 578d 61ad 7723 2519
2b17 3234 77c1 6bad 6441 45a2 38a6 3ffd 2c11
0ed4 64cc 6ba9 5ae5 3de9 2112 6950 30b3 1e73
5975 14ba 76b8 2e93 3899 385a 4a0e 52a3 140d
473d 65e3 70ad 2578 6ea0 00bb 7dc0 3be9 6446
7d2c 2b48 69ca 2cf8 6e47 19a2 32d9 246d 6d88
1772 5e43 0841 39ad 199e 574e 5150 7d74 1878
252a 1f5b 6103 32f5 248c 1705 05fd 0f26 12a9
22f0 5d96 3ac1 63d5 681f 13d8 4b60 4c6a 201e
15a8 5661 3cab 1104 3a56 79f5 604b 793b 24a1
361e 43d2 7e70 6448 5d44 5b67 68ac 3a62 0e2c
4f8a 04f8 17d8 3ead 70f5 1ad9 5ff0 30f0 0a8b
4ed6 0069 2f94 6cf2 12b7 136c 61fb 4cab 5e00
7640 724e 1fce 472a 3571 366f 1566 269a 7a59
1828 1024 2777 66fc 440f 3c8c 1191 047f 718b
427a 5fe9 0894 281c 4958 617d 1e7c 5b46 00b1
13c7 2c2a 2fc1 3e73 703c 542e 380a 0e12 28e1
3976 1f39 3cec 3147 3d91 3ba2 3eb8 36e7 3ffd 3de9 3899 3be9 32d9 39ad 32f5 3ac1 3cab 3a62 3ead 2f94 366f 3c8c 281c 3e73
21b0 3a14 2b88 6b5e 65ca 4c53 25f2 642c 74f3
30d7 3728 46ab 003b 3f48 2f02 754a 505c 0f3c
45fe 37bb 5ff1 1f7a 101c 2972 5059 60b7 4482
6b49 7df5 1980 3398 710a 4f93 36a2 086b 523c
6f61 4022 77fa 0c65 10f5 4ffa 7ed0 63e3 52b6
552b 41b9 3811 3806 129a 6ec9 034b 699c 0d77
4bfa 3b09 43cb 227d 3cef 1060 7f85 0e86 25cf
5533 2595 2579 4e35 6993 739b 76fe 4adf 42d1
0582 3e6d 4e70 5ec8 41b1 4545 1031 1ceb 5530
52ae 5fb2 707d 0d41 1d22 700d 524e 7fbf 5d94
518f 4759 161d 0d3e 4ec5 0d1a 2c48 2e7c 7734
1ce0 4b9d 22d4 2d77 30a8 4b57 4c87 74f8 6a74
24f1 7587 0dfd 33f9 045c 5ec4 3766 1992 3ada
2c6f 64e6 22ba 5b20 28dc 2270 3421 2a00 2a16
3334 443d 11ba 476e 02b0 19e7 5403 10f6 5b9a
15bf 27dc 494d 77fe 0296 6df0 5ace 1094 1bc4
489b 2f23 27a7 0b1b 7702 1536 4f03 3c11 7d50
42fc 7fa8 054c 0641 1c1a 1c8f 4e75 7a36 4c44
01c9 323f 0b98 0a5d 1600 457e 7acd 552a 4193
6768 121b 50fb 0349 2103 5a33 6fa5 1419 1881
000c 3156 564d 2e7b 5d6a 14b3 2f59 11fb 768c
0077 1407 5ea8 7e0c 3777 491d 20ba 1fe8 40c3
74d1 7c3e 44ee 2538 3878 6451 3e29 0559 235e
022e 358a 2c83 06d7 7654 2070 460e 5d04 7072
3a14 3f48 37bb 36a2 10f5 3811 3cef 2595 3e6d 1d22 2e7c 30a8 3ada 3421 3334 27dc 3c11 1c8f 323f 2103 3156 3777 3e29 358a
1468 7fd5 7ef2 08c8 38d3 2077 4b82 77e3 0606
43bd 6ddb 4998 2b44 482e 5b98 444b 01e8 0081
6c21 52b0 7216 393e 69f0 0e0e 228a 05e9 6137
05b5 3cdc 07ec 28b9 344f 6005 633b 76ed 5fd6
06de 5007 1216 3b2a 5bde 59fc 4d7c 741c 729f
7559 1c97 7c0b 01ee 1d81 10f2 07f0 71ca 2f3d
3d02 65d0 5209 7660 57ad 14c0 2f03 758c 685a
6790 33ee 5cb6 3ddb 572f 3a71 4500 4ff1 19b0
5e05 77fa 027b 2e94 03c9 3cdf 7841 57cc 2fd0
0f9b 7e1c 10f4 152e 74ae 5e00 63a8 2072 383e
4bb7 0543 2cd6 3c96 1a47 2d94 7c83 0038 7f54
47fd 201b 56ec 0376 5740 26af 335d 11ca 0426
7416 59ba 7023 36bd 70e9 1585 7300 5cff 1204
102e 30a0 108e 377a 7803 4dad 37e0 2c89 4e12
0467 76ee 353c 5906 557d 1d4f 1c27 7041 5e67
4e05 6614 48c9 3193 0f04 45bd 0ad5 0402 03fe
437d 15d2 4d3e 7989 040a 0d29 6f47 6b0a 58e8
6432 480d 31be 79b9 7196 7a43 543e 225c 1225
5e6a 67c3 53b7 6bd4 184a 5237 225f 2e0c 447c
2576 43d4 6e46 5d70 2c55 0eb1 13d5 2b7e 611f
2dab 3568 485f 2ce1 4ea2 3aec 7a58 75d9 2392
0873 6932 2b38 4da4 14df 64b0 0f80 5a13 2e65
497a 0f51 1c0f 0ef1 2396 6176 3591 13d9 55a2
4d4f 65de 3976 1698 6b7b 2ff5 170a 3422 09c8
38d3 2b44 393e 3cdc 3b2a 2f3d 3d02 3ddb 3cdf 383e 3c96 335d 36bd 37e0 353c 3193 15d2 31be 2e0c 2c55 3aec 2e65 3591 3976
12e4 7446 0ecb 4bfe 3326 0a11 249e 40db 27c5
41d8 091f 7890 476d 682f 54b7 677d 6c8f 634d
4a52 2359 0a7b 23ff 726b 3d21 1dc9 798a 3616
503e 665f 7196 13c0 043e 628a 371d 73a9 27ba
7ae0 76b1 760e 4c74 160b 68f9 6cae 1934 2680
665d 28e3 64d0 0df4 38f8 00a1 0fa7 0714 419f
79a8 783a 2e43 0bb0 3d7d 624f 0981 0fa7 18b7
0cc5 08ad 2602 54f7 7f86 16d5 54a1 725e 09c7
6995 06da 350e 287e 26d7 2f4a 4222 496d 5efd
4184 3cab 383f 1ff7 1ea0 6613 6640 2157 1894
32bc 2bb8 7a03 2c09 3518 67c2 0918 0004 5058
6b82 7f8a 46e6 0718 75d1 3af9 295a 7b2f 3b36
5b02 2c22 757c 565d 77e4 3f04 4e5f 1751 5b07
1deb 4542 1ca4 6fbc 1cf5 4ce5 27bc 61c7 2210
09de 0346 07a0 6297 2311 5e5f 7cae 7b39 1d25
11bb 334a 6b88 4f37 32cb 5813 3f82 7d70 641e
4c1a 7789 074b 79bf 1bfb 7bac 3a3f 11eb 24d0
42ab 5279 5e30 7593 1333 1f8c 735a 20b5 2c67
3998 250a 6467 1248 0aef 57dc 2af2 64d7 73a7
4b60 48f6 584c 5235 2cd6 0b3a 498f 1ea4 6c6e
29f4 5aca 62e8 1759 5bb6 7212 56dd 515b 7984
0ce2 4cb5 6e84 6dd7 3557 3e5b 6d01 7408 31b8
7256 00d7 02a3 5e9b 132b 7fc3 7fa7 38b8 794f
6b6f 619c 4016 174c 05e2 3efe 18e9 772a 737d
3326 091f 3d21 371d 2680 38f8 3d7d 2602 350e 3cab 3518 3b36 3f04 27bc 2311 3f82 3a3f 2c67 3998 2cd6 29f4 3e5b 38b8 3efe
6477 20bd 5dd4 361a 03e2 09f0 55c1 1daa 27f0
3e59 430b 2ea0 4ef3 36ea 7a16 63f8 6946 073b
1d5b 1f0d 6eca 3574 20cf 5414 51c9 5108 7446
3fcc 4c2a 6ebd 3985 510b 4a39 31fc 2fb7 63c8
51f6 277f 3367 391a 0e2d 3de6 2bc2 0c43 03a6
3d2b 463a 02b1 1d7e 6be7 40eb 59b4 7398 5d08
0c20 68ec 11b8 61ba 3582 5e1d 31e0 72b4 4e55
14ca 7db4 35c4 639d 28e7 0d81 3924 144a 3455
4bfd 60bd 4c91 3914 13f6 370a 01cc 7510 2237
2f7a 787f 7cdd 10da 3779 64eb 0991 6b18 6e86
1375 0a06 32b2 6636 57b5 22c2 4d00 2c66 65ae
7063 3a6c 3c14 6e54 383c 4175 3d4b 3c0d 1190
6165 3882 2f60 2168 302b 142e 5b74 0e0f 7967
50eb 60ff 3865 1cbe 01fb 39f7 6a5b 341a 0131
033a 4b43 7c56 5eb2 422c 07cd 0ee7 4335 56cf
5a4a 2e99 0c78 1a91 14e4 780c 4c3b 5d19 73e1
4f03 6a91 70d2 135d 70d4 5b0a 4521 4ba2 7d1a
5cf6 5173 1939 10a0 2ade 59bd 68d4 2d40 5f1d
6283 5d08 2a73 0bc8 4095 39b3 56ad 4e3f 203a
28df 076d 1462 7509 6953 1ca1 1a97 5706 06c2
0c84 23e3 0a6e 41e8 2fc4 06e4 362b 3358 2786
2c13 294b 4451 51e9 104a 39e4 7819 5d46 2426
2989 2bf7 4492 1344 3297 60d0 61e1 2959 6b72
0588 0382 3894 2338 22fb 2343 1507 72ab 7a9f
361a 3e59 3574 3fcc 3de6 3d2b 3582 3924 3914 3779 32b2 3d4b 3882 39f7 0ee7 2e99 135d 2d40 39b3 28df 362b 39e4 3297 3894
14ca 52bf 010c 4b14 3697 1e95 5a38 4b56 6153
1398 02a0 67d8 4a56 55f8 3279 1ab2 1e31 112d
6d96 6d9a 3fc5 2177 3b85 606c 12bc 746e 3b0e
1b03 431c 5454 0a95 35ae 2755 6d03 3579 112e
4538 69a1 7e33 3717 021b 48a9 1d68 3f72 7fc4
4f7a 19fb 04b1 713d 6f81 5d74 25ca 6912 7494
7b7c 4ce4 363b 78b8 06aa 4508 184b 0ccb 1344
0f56 786e 012f 0203 7d95 398c 0a06 2c0d 16c5
59be 6046 2672 5d55 2aad 2e0a 6e90 50d9 7696
0c5e 5771 5ab5 482f 396f 30fb 45cb 09e9 5192
2f96 7bf6 51d9 4fbb 0da0 28c1 7f71 4857 2f3f
4f96 1a0f 40ac 1422 1150 1697 6744 3a3f 0e64
7ddf 022e 1a09 4457 7a5d 0592 3594 387c 3774
188e 6a4b 3314 426e 5a6c 0c39 4b9c 6601 701a
64c9 49f6 06c3 5fa3 2029 5072 6d12 09ef 3aa4
7a8e 214f 7cda 7784 481d 3607 58a0 28d7 12c2
18c1 27bb 5123 3b1e 4cbb 5aaa 5c14 4dcb 6815
4b55 29b6 0cff 774e 00c7 2411 4bee 3d79 12c8
23d2 07bf 07a9 6f15 5751 2de9 37dc 3f8e 0433
7d16 34f2 0ff3 67eb 5136 160e 234b 4f23 66e4
02b0 670f 62bc 7507 5f4e 650a 6b1c 413f 2e61
34a8 13aa 2a12 3d38 24b7 7206 7f98 1e0a 10c8
1647 4063 3064 443e 4c75 4f50 4e8c 4f90 2a8c
2574 5b24 1175 7308 0488 76c9 26a4 2024 6c45
3697 3279 3fc5 35ae 3f72 25ca 363b 398c 2e0a 396f 2f96 3a3f 387c 3314 3aa4 3607 3b1e 3d79 3f8e 34f2 2e61 3d38 3064 26a4
0eec 22f7 1377 28cc 33b5 219a 416f 6bef 7f43
28b4 6a52 4c30 48dd 3153 5864 49c1 6b62 13f1
37fd 124c 3e39 59b9 42b6 4dcb 3a74 4cb9 0fcd
5bc5 08dc 1cb8 685a 3980 246d 7162 7b21 55e7
7a4f 7bac 1b92 6801 5af4 18be 2840 4068 43a3
7210 6477 7ace 746d 327f 1afb 40e8 7e85 0e95
5f60 32ed 71b7 5142 121d 75b4 7bd0 7617 6f47
4bdd 0268 302b 058e 3597 18b2 1425 49d8 3fa3
2f56 7b35 6b63 6c49 4615 790a 398c 2b73 253c
7a12 01cb 6b27 1ac3 3ac0 54a0 7fa2 59ad 383b
0b1e 7177 7457 5f52 44f7 7a2b 0c03 340f 74f0
5c4e 16f2 5dc3 4a0e 7282 6a03 3961 4743 423c
2bc5 0ee4 5e1d 35bb 32f0 4e55 35b0 6f8e 4ec1
0c27 342d 4749 7377 0dec 11c9 0a74 49a5 09bf
2c40 24e7 3bf4 02ba 6e94 54a4 7484 7b0a 5760
27e4 4d51 1b0c 0291 4384 040f 7562 3036 7c84
66c1 64b9 5c4f 2d22 7897 34fe 4be7 2bbf 0074
68e7 75b4 3819 0cde 40c4 5fce 3a7f 43ac 72b2
67e3 6755 7d7c 3f91 0650 2b19 76a3 273c 02ec
148c 0222 6ae1 7877 12e4 63ee 4085 0081 3e84
321f 1c71 5c7b 3c3a 427a 3812 4960 5138 4e6d
655c 76a8 12f2 4c8b 3135 68f8 6ba3 29e8 17f7
0b68 5521 3a22 1e7f 211b 6cf2 12ee 0b39 7965
0a75 2e4a 537d 5615 2b7a 5528 41ee 2e60 6430
33b5 3153 3e39 3980 2840 327f 32ed 3fa3 398c 3ac0 340f 3961 35bb 342d 3bf4 3036 34fe 3a7f 3f91 3e84 3c3a 3135 3a22 2e60
5263 0ae7 1d86 5a1f 4139 364d 2716 7084 0c91
6884 7701 2e5e 186c 443a 33db 4429 071b 7bdf
49ea 0126 2db5 6de0 197a 5afe 0be5 1469 3496
2b09 04ba 1169 3efe 6288 4d9a 46a4 7794 6ed7
7e71 3639 7783 1e98 4a46 3d5c 74ea 4c02 2128
3bf7 5fb6 3b90 018f 7491 4778 2781 2844 6c88
7ccf 189c 52f2 419f 2add 1a94 1573 1309 6f68
2411 3650 033e 1ff8 14bb 7f5f 2369 4832 735f
3eda 6cc7 1580 29f9 53b9 1a96 1649 365d 38b9
58fb 178b 49bb 22cc 3229 47a4 1767 2a05 6961
4da0 281e 01c5 4ff7 6ca4 203f 37ac 68d0 6087
03eb 1c4e 4181 7913 5ff8 57f7 0600 61f7 7cc5
2750 0233 6fbc 66bf 13bb 730d 1604 330a 0843
48c1 7e71 32a9 7cdd 424c 0fc3 1687 2426 6d6d
1f72 587d 7b6c 62c7 619d 51ea 1b4f 2544 289d
3c52 38f5 64bc 6d21 057c 2cf8 2241 3295 6d21
12fe 0b44 2ec1 1057 2e31 3e83 6e5e 6677 5796
2b9c 1a82 7a6f 4006 2975 5a6f 34be 0a33 15ae
5893 012c 5ada 678c 671a 2a1e 2f93 488c 4ac2
548b 0b1b 38e7 2b40 0d11 74b2 5948 1929 600f
12e1 7637 0366 75c5 5a24 4c60 6ba9 54d1 3766
6159 4bad 65a1 0dcb 29a5 3252 17cb 1156 7225
4a8a 407b 2686 5933 716a 247d 0f2b 20f5 1fcb
5808 2bbd 5be2 1a41 564f 21a2 0c39 720f 14e2
364d 33db 3496 3efe 3d5c 3bf7 2add 3650 3eda 3229 37ac 1c4e 330a 32a9 289d 3c52 3e83 34be 2f93 38e7 3766 3252 2686 2bbd
365b 0bbd 51cf 05f0 501a 0230 286d 2840 7c21
19dc 0fa7 0029 74d2 0bcf 5e3b 0fda 0d5f 2891
6d53 5b80 6c02 285d 1dff 5335 6f81 4d41 3ea7
6f50 74f3 5be1 15a2 4df3 2dfa 31f3 0e59 48e8
3505 3fa7 7e06 0640 1007 17e7 2334 2781 2e0a
1c6d 02cc 3b31 1624 2094 74e6 6446 2efc 10ed
7952 17b9 030f 08e2 15e0 3a59 5e8d 685c 2eee
7034 4ccf 7687 26ab 1bfe 5d3c 26e8 5580 4a01
6818 61b2 4283 03bf 3679 6098 39b6 44da 7c9f
7c3c 3783 79c3 2096 0ef2 12bc 2dd3 53c6 0783
3e62 6065 2a55 4849 2c5f 771d 5174 6986 3fd9
2e1f 7dbd 6ca6 7af2 752a 371f 5ad9 22f3 3513
1be8 3bbf 22e5 79ef 0ed8 1655 7869 5281 3745
57c2 3bb9 1de3 3bda 6fb3 604b 432c 516e 34e2
0579 724e 28fb 385c 0d0b 14e9 2530 5377 1b23
3812 77c0 3af6 4354 5cd0 29da 0dcb 2600 43e6
7955 5c37 44c2 6ddd 5f78 3871 039f 29d7 63df
2a51 116f 430c 4e45 57ae 7e89 1319 05f6 05a7
1b1d 4535 5708 6c83 2a6b 2c4a 090a 1afd 5409
1f82 3f2f 42b4 7950 5700 5e1f 2670 6eae 6989
10bf 3fda 2212 695e 36b9 21c3 20da 58b4 3214
2cc4 1c95 1b84 09a5 07f3 3061 3631 2dea 2bc9
16ed 5bca 248b 55be 4401 4f75 6b88 5853 226d
161d 08c6 44eb 647b 0433 0724 41c2 3e1c 4259
365b 2891 3ea7 31f3 3fa7 3b31 3a59 26e8 39b6 3783 3fd9 371f 3bbf 3bda 385c 3af6 3871 2a51 2c4a 3f2f 3fda 3631 248b 3e1c
013f 5eb0 08e9 5f4f 689b 5bb5 4894 20da 3321
5a26 747d 7059 115d 1b1d 642c 2d17 4f1b 1fe4
6248 6bb8 63d5 4cc1 2821 233e 5f56 5741 5f33
4a02 1f03 2189 7645 5986 6d3f 2b90 4607 77ea
1fb3 33f8 7370 31bd 262f 09c1 4199 4da1 6380
5bdd 6f6a 4e8a 6c4a 26cd 4fe0 66dd 7ee1 7542
6888 5a96 218f 513f 4b2c 2945 7fce 3833 72d6
5987 2287 2729 5203 0c5e 51fd 6db2 6dc4 1af7
794b 05f3 453d 3aea 1043 14da 2d13 0bf1 515f
6a33 5185 79d4 50b8 4fb1 0c07 49ef 2da9 27dd
5cd7 37aa 5fb3 5605 249d 7b5c 41ac 681c 40b5
1f2b 2d89 0db7 53ab 68c3 549a 78c3 362a 1400
606e 0121 54b2 4bb1 7288 5c20 401c 5af6 2a54
70c9 47e1 5688 45e7 478c 4f7b 10e1 5cce 5af0
69e7 06e0 5feb 45cc 4da7 4069 3f58 0220 0bce
0598 7084 54fc 1396 1c12 0377 1dde 1e88 1aab
7cfc 417b 1c74 3d81 5ba2 2219 098d 5715 65e7
06db 53f2 0224 004b 75e7 34ff 4b81 5585 43eb
56ec 4f74 74c2 256c 596a 4709 1bb7 173a 5ce2
0014 3980 5f36 53e9 202f 66b2 48f5 2778 1626
14aa 70be 4a8b 6442 5365 0882 4bb1 6ae5 3b81
2a6e 0c04 6608 4280 4a87 3929 3380 17a0 5290
48e0 66b9 7b25 3f82 136d 33c5 08a0 5679 0899
2c65 7935 1ab4 5639 3270 4251 21c4 6027 04d7
3321 2d17 2821 2b90 33f8 26cd 3833 2729 3aea 2da9 37aa 362a 2a54 10e1 3f58 1e88 3d81 34ff 256c 3980 3b81 3929 3f82 3270
5a7b 212e 7c36 5903 3875 367c 505b 1d94 792a
0062 48cb 6e14 1c2a 4628 1f23 3ba8 6671 6412
491f 6c7b 1cf6 7614 396d 5ae6 2395 11a3 5165
1103 2f02 6525 1d03 7cc4 2708 4b24 7743 3003
0397 5eb6 4b28 07c1 16a5 3ec6 64bc 5a98 1822
2160 2a9b 6e30 56e6 6ba5 7242 6c7f 5a82 667f
0800 2ac7 42be 570f 619e 532a 0ea8 57fd 5781
4748 4bea 56af 6b78 25ff 7bfc 7139 4017 4c69
7410 6350 4358 4966 274f 4613 6055 0be6 3d7a
28e4 4155 6e88 1a3e 0630 3012 1995 4b23 38d1
03bd 7bf2 7e36 6196 4e32 1526 607b 2830 4d78
0635 2447 5d36 02b3 2dd7 23f6 60b0 17b3 3aa0
4c9a 1278 5d53 0416 434f 5d17 11a6 5d4c 7e88
2b3f 31f8 46dd 0694 66b9 169c 4d49 2a00 3cf0
639c 1db6 6ed2 127c 1ff4 3a08 3e18 3462 4416
12a0 7146 71a0 216c 510f 6e42 62ff 75f1 4295
2b7a 385c 45f7 2621 4f0c 7cac 4cfb 19bc 4344
253a 0cdc 2fba 5a07 17ab 0bec 74ab 20d3 5686
04f5 6400 2519 43da 2411 5a08 190f 60c5 7da5
4db6 320c 7e55 11d6 714e 431d 67a7 4529 3cee
3083 2cd6 396f 7b5f 5a28 2b0a 54c2 19f8 0870
70ea 2388 3015 6ea3 480b 429a 44f4 6783 0a93
19b2 18a9 1b25 12bc 319a 03d8 3942 5c80 4079
4680 0918 0a0b 628e 4b0e 2590 5ff6 4104 3ac7
3875 3ba8 396d 3003 3ec6 2a9b 2ac7 25ff 3d7a 38d1 2830 3aa0 1278 3cf0 3e18 216c 385c 2fba 2519 3cee 396f 3015 3942 3ac7
41f2 72b4 4316 4700 675c 1ad9 2241 1178 0526
554e 45e9 17db 47cd 15d5 229b 7508 3f63 696d
5bc9 7cc5 5013 126e 12c4 64bf 1371 32e0 495f
7a1c 7d40 1a41 3e9e 71c3 3ee3 6f3e 68d4 317e
5489 0e15 6cb2 7f5d 5857 380b 6f67 2241 7eeb
0546 5d60 174a 5379 3bc1 7ee0 608f 68d2 70ca
2349 580b 20da 6c3c 7e35 3ad8 1c49 07ae 1cf4
5105 41bb 4442 269c 189b 7f0e 7147 05c8 36da
490e 7a8f 4843 3789 36ff 5519 354d 7c19 5a1c
76bd 10c8 2a99 5ca7 7d96 40e9 2adf 69d4 761e
3320 44fb 4aee 0828 0a2e 6f8e 2661 03d4 384c
3194 4ce3 7d64 72ee 5391 306c 4524 3ec5 6d77
5f8f 633e 135e 6857 498c 6054 51fd 2b12 3f35
40b9 27c2 6436 3d1a 0c9a 6f5f 35d7 1a92 6b92
3620 7006 1c68 119e 4ce1 050c 21fb 0a84 22bc
3454 0063 5961 0640 742e 1f6e 1f2e 074c 2964
556b 210f 0528 4a09 0adb 1631 59b0 1821 3cfe
0394 0898 7971 221d 084c 123c 2400 41ee 2367
647e 5175 3b65 05fe 2991 2abb 318b 4a1c 0047
2eb4 719b 6007 5ad3 1dc9 5c0f 6e73 1526 763e
1e72 5d91 091c 679e 0033 09a4 440b 52d8 7e56
3e49 1b3b 7fe9 7df4 7006 6491 0f89 7062 49fb
48c4 66cc 22f9 03d6 55bd 2137 3d02 1124 2c3d
62d0 2bf7 29bf 7501 6714 4fa1 2557 4ea6 3166
2241 3f63 32e0 3ee3 380b 3bc1 3ad8 36da 3789 2adf 384c 3ec5 3f35 3d1a 3620 3454 3cfe 2400 3b65 2eb4 1e72 3e49 3d02 3166
16e5 29ef 6ce9 2c3c 11f5 4b01 4174 38cd 781e
4e4f 1633 241f 57f4 012d 4947 7713 4842 002a
0614 53f4 24c8 42f1 7e30 37a1 36fc 19f4 0cbd
145f 3c5a 526e 74c5 249c 1686 1345 160c 4f5a
1f0b 7668 16cd 4ea0 1dff 7037 5261 5b5c 4bfa
7466 54fd 1289 439e 4b8f 745a 0c9d 39b9 3425
028a 61cb 4bdb 77a3 7fcc 0c8c 42e8 2c03 66a3
4c37 6241 1034 654c 3ba9 2478 35eb 1237 173c
52ed 0bb8 7827 6582 552e 5415 5e43 1718 3f2a
4356 52b5 12a1 1581 4b8c 0e2b 4624 046a 2d32
4089 18a7 76e1 5b9e 28bc 1850 7fe5 7908 5e96
1c3f 690e 17cd 2ef6 0ced 3f6a 09d8 7761 4d6b
1dc5 7584 7df9 5372 11fa 6d72 6f8a 4e6a 0e89
1edb 6466 63b6 20b2 6e55 400d 74b6 28df 7b9e
4cbc 53f5 75e7 4548 640f 70d4 60bf 2aad 1c94
5688 625f 2a29 75d9 6b62 591f 3766 3926 4e11
3be2 4309 2bec 26ab 278a 6f66 4d24 5b4f 28ac
4d38 572e 646b 7d9f 7518 3243 6e8d 4efe 277c
5618 23b7 11cf 119b 1bb4 176a 7f84 7b8d 15ef
63c1 3573 47a0 51a8 7d48 5ccb 4df8 0839 2925
20f6 7de8 3403 2983 7606 6a1d 57ca 00f1 5120
3d56 7b5d 72a5 5dac 09b1 05cb 1412 1b0d 4021
7884 6fb0 559a 423f 2c43 4e16 095d 473b 240c
70b6 37f2 3b74 698f 069b 3990 7fc7 6803 2bc7
38cd 241f 37a1 3c5a 1f0b 39b9 2c03 3ba9 3f2a 2d32 28bc 3f6a 1dc5 28df 2aad 3926 3be2 3243 23b7 3573 3403 3d56 2c43 3b74
272b 4836 49c7 6864 4f2a 3a5b 4b00 6b63 5cbb
6e02 420e 7713 546f 7450 0f3b 235a 21d8 6f92
4756 51cb 057e 0e06 7e47 614e 05b5 6b18 5b04
50b4 40fb 4fd3 52c1 6d21 59e4 27a3 77e8 7751
3ff9 4c9f 5e20 4be6 4ab5 4356 7690 5b0c 212a
4239 3dec 4571 3b2b 75c6 6139 2669 302a 2acf
5e55 51ff 3a67 05cd 6492 6681 58b5 605e 485f
3074 455a 70b8 5d89 5cf8 2e6b 076d 405d 769b
33e8 5d82 6fa4 1d79 35d0 5519 5542 21a3 1916
0d3b 5a3a 0394 3242 1e42 23d5 4901 643c 02d4
2d3e 7023 1462 6dab 0989 3d81 0bcd 2d1a 7efd
11e8 2a77 0f30 474a 7bcf 2b6f 2db1 6f00 3e4a
67a6 6011 15d5 62e7 01d5 3be2 49d1 54f1 59d9
7e41 35b1 5c2a 3d15 725c 2342 3c66 0085 072d
7f6c 0ec2 3fb1 40e9 60ae 4da2 387a 2725 5085
3973 52d1 1f3b 0fe0 6412 005d 538f 0a22 3826
7215 083a 502b 0e28 693d 23c6 4398 641b 4810
2d79 098e 1e2f 16a5 6f7b 2e61 72c0 1d6c 7476
34f4 7e7b 00a5 1643 33f5 04de 2afc 304b 4830
255f 4d3c 747e 25bb 4e42 2d2d 3402 67e9 644a
6d35 724b 6578 19f8 70ca 0615 426f 4286 5b78
20e2 5b47 4f06 5543 6328 7ded 5035 2aa5 4959
700b 2932 546a 4dbd 5a75 3667 6537 2351 37aa
3595 5945 4ca2 1932 4e64 43c2 16ab 748c 0932
3a5b 235a 0e06 27a3 3ff9 3dec 3a67 3074 35d0 3242 3d81 3e4a 3be2 3d15 3fb1 3973 23c6 2e61 34f4 3402 19f8 2aa5 37aa 3595
1083 095c 68c6 4c71 0f10 2a7d 063c 39e6 79fd
4d3a 5f42 6d1d 10df 154b 0844 62d3 3f28 26a8
480f 6d6f 269b 5180 6391 7eb5 3d68 07d8 7a16
1029 1847 652e 1aea 7baa 69e3 6588 07f9 7e51
7f82 6f35 39a0 0626 1bbf 7d89 7d87 48da 7c0e
150b 0cbd 22d4 11d2 09d8 3006 4044 54a4 7dc5
3319 5bb9 5eff 2103 6dfa 5c1e 7523 5905 5fbf
2e18 7c12 71ca 3073 64f3 4880 765d 410d 7044
37d9 5b58 151d 6c5f 1948 370f 6a07 5860 3c3c
5bef 66fe 7296 5b70 32e9 7715 56eb 5d85 522d
30d4 571d 7bcc 2978 51e9 1840 7184 33cb 64e6
3e18 2759 03f8 0bd7 2559 2541 32ec 6f2c 2069
1150 5b88 372b 65b6 1b22 5165 7a64 236c 68e0
5a6a 6c76 7986 38b0 656a 2367 4be2 5db5 652a
00eb 68bb 0aa7 5884 1c5d 419d 2645 4368 4c97
3bfb 032a 6f38 1de6 4fe1 047b 606b 6d9b 31aa
0438 5d72 443e 0817 7a5a 75f0 10ba 1b6c 721f
1306 6b00 2c27 4833 2ad2 385b 1b15 77e0 498d
0644 1d9f 292e 7420 4d17 380b 6511 05ba 1a71
5e47 224e 215d 32d3 51c2 4650 6034 7247 13ec
6faa 07c0 2ed4 0131 19f8 2a92 30e2 3729 6c33
63f9 332b 2b57 7bd1 6bbc 1a95 6f0b 5a98 4f9e
3e1b 5f12 4aad 582b 66c8 0e67 22b8 1a6b 2b58
73f2 5522 0301 24a5 51db 7a87 447e 4e24 1df2
39e6 3f28 3d68 1aea 39a0 3006 3319 3073 3c3c 32e9 33cb 3e18 372b 38b0 2645 3bfb 1b6c 385b 380b 32d3 3729 332b 3e1b 24a5
03df 3d8f 1161 03bf 2084 6520 6b88 1ede 6e4c
7777 4919 5a01 74db 28b3 42ea 138d 34e6 63c3
10fe 22ee 27eb 7480 073a 05ff 4966 549c 7f99
1f82 333f 0079 0c44 7d7d 1f23 605c 46b7 3dfb
6236 7c45 452c 6dac 61e8 0853 0031 76e5 459e
6477 07c1 2277 1e22 27d6 4589 59e1 68bb 2992
7393 4c10 4c16 569e 10d6 090f 728d 2019 12f5
048e 71a0 52a6 31e7 6a42 176b 5103 437e 28b4
664c 3ec2 7f73 53c2 7e77 45f5 45e7 64e0 148b
6b20 5576 10fc 6df8 3eeb 4c91 2377 42b6 67cf
53c0 51b3 1644 318c 6b43 7f88 2e99 0f03 1c1b
78bf 472d 598b 5dc0 7aad 5fef 1579 4dff 74e7
0734 4075 0e9a 75f7 5b06 2457 6a29 0b67 5b3e
4ce3 3ca6 0891 3945 0ef0 22eb 269a 3a36 17ae
507a 5675 0a63 18c8 241a 1770 250c 0389 0541
7298 4f79 7129 4162 1c1f 393e 4f44 2a59 3d1b
3a3b 044a 695b 473e 0662 6396 31b9 4570 5709
69c2 4593 302b 2b47 0b6a 282b 56aa 04ce 5084
1a8c 3d9d 6f50 4ebe 4b99 2849 4ce3 410c 22bd
2a66 6916 329e 141e 69b4 1e88 49de 2bfa 5ed9
6cab 296a 35a6 494e 752e 15af 6215 1124 7629
46ce 276d 5bd4 39d9 400e 47f4 7a5c 0745 2c4c
057d 1c88 5505 4ee7 1bef 13b9 065e 1328 54ca
53ad 1447 1aa4 7cd9 127e 3e0f 300e 2ecb 719a
3d8f 34e6 27eb 3dfb 0853 2992 2019 31e7 3ec2 3eeb 318c 1579 2457 3ca6 250c 3d1b 3a3b 302b 3d9d 329e 35a6 39d9 1c88 3e0f
2811 4be4 0cea 243d 05ad 5d7a 68b6 7c33 295c
6174 05e6 3659 4315 500a 6a58 7a20 4616 7def
3680 5dbe 70bc 6639 403a 29ac 63e3 67b8 52b9
544e 2d5d 6b06 0aac 59f3 0f32 4828 699f 475a
7995 0de8 2a79 6d02 286e 6e43 23d7 6623 4ad5
3dfe 2222 1466 4560 5008 25a7 5ff2 0dc2 0401
3f62 7d26 4588 2a78 2ba9 5547 4c41 47e3 0b37
7718 4a92 1ed9 1b26 6442 6998 2c48 71a7 7f84
1c00 22cd 281d 7463 096f 2aab 300c 5950 119f
619e 4555 4bc3 102b 6ac0 0abb 5dd4 135f 1baa
14ee 5974 53c1 7e8e 63c7 7017 7b24 3fb5 7c7e
5fd5 1ed1 69df 6853 6c5a 424e 49c1 333d 5ad9
2d59 6eed 601b 2a41 60d9 46a6 7a91 3f63 471a
5811 4842 4aaf 7535 5b19 095f 5926 691d 1561
5675 33e1 44a5 37b5 1438 2d47 638b 2ec0 50a6
270b 5eb2 5cd0 31fe 3e3c 4c6e 7720 0b42 2658
0640 4b5b 2f29 02a0 7438 399d 3552 3d52 50a4
763b 5152 6449 32ae 225b 486f 0e13 1636 69d1
59bd 3254 5d96 6cfc 1894 194f 0b1b 3455 2ab6
10e2 265b 02e6 408d 3fa3 73a0 04e4 227e 5358
5368 0f72 0ba8 4c6c 6a2b 6371 1271 60c7 5c17
1d94 4fd3 0756 7a78 5484 0b52 4e0f 7362 3228
5776 6d2d 20ec 49e9 7882 34ad 2d09 0adb 458f
3037 03ed 62e6 74a2 470e 220f 4c46 6eb7 1471
295c 3659 3680 2d5d 2a79 3dfe 3f62 2c48 300c 1baa 3fb5 333d 3f63 1561 37b5 3e3c 3d52 32ae 3455 3fa3 1271 3228 34ad 3037
2213 1faf 6958 0ae9 72fe 2f62 19c0 1283 4626
7136 63fd 78fc 5df4 2ea1 6beb 1260 4c0a 44b1
1c43 5756 2b04 1063 7193 35a1 3546 5326 068c
7254 71cb 69ca 13a8 0e83 0044 3668 752f 33d3
5af8 4ad5 3fa7 2537 4ff5 1d83 5e9c 00b5 5b12
06a2 3839 17f0 5553 2f9d 2c40 44fd 4f4f 561d
1ae1 5c65 3e9b 2543 5d24 5432 3bab 0d85 2d23
7962 6c2d 6d5b 4951 17f3 68a6 1330 6018 4a43
6681 3468 139b 2d81 01dc 6d31 4360 7273 542c
0427 61f5 3c1b 414f 38f5 4f0b 663f 1c8f 62a2
1195 055e 476d 1723 4eae 14cc 74ac 24ff 422f
641d 40b9 2457 722b 1899 2d36 7009 5032 5365
1099 1d6c 4dd8 3d3f 08a5 2e00 4987 13e9 0cc9
37f8 31ba 1dcb 5555 7dd2 5433 3fb6 4cf1 4144
61c5 306e 1e48 1182 177d 34f3 5be7 3a9b 265f
619c 6a7c 0b33 4682 4d5b 42b0 443c 1961 670b
4b3b 1886 006a 42cc 6fe1 4ec3 3877 1d5f 5145
6622 4e4a 1b94 5d5b 6826 0653 3958 5cb4 50ee
412a 3b5c 08f8 079a 2616 5237 79ff 5e36 185a
2239 7ad4 2309 3f08 7191 7e61 3d04 56fc 0dec
4d13 2270 4b0f 28b8 193c 5610 1370 5f97 6455
41e2 4c46 7e41 6143 3245 6668 1859 7942 2204
3917 6bdd 37e4 00ce 5819 7f63 6d2f 12e0 2f80
5527 04b3 31bb 7fbd 63e5 0ab3 5627 0e69 618a
2f62 2ea1 35a1 3668 3fa7 3839 3e9b 17f3 3468 3c1b 24ff 2d36 3d3f 3fb6 3a9b 1961 3877 3958 3b5c 3f08 28b8 3245 3917 31bb
5af2 10f1 64b0 227b 6c09 4e0b 2355 63e7 3e4e
2a16 6bd5 5671 1df3 653a 6d47 30bd 4d17 0679
6d81 1c8d 14e9 63d0 2b43 5b4d 04fd 331d 4721
6b0a 632d 1064 1999 5349 56c0 1af0 7bea 7d6c
1cf6 0a55 3b26 11e4 6d54 45ab 1104 6075 59c6
16aa 4004 0884 5e4a 6af5 4333 681e 5c39 4a30
61d0 21dc 4640 45e2 3a16 791d 29f8 3a63 7ffe
249c 5dc4 7229 120e 0636 09fd 75b8 05c8 408d
2235 40ea 251e 3920 126d 06c9 2a72 141a 3caa
72fc 1c98 1f58 0c6e 5458 331c 14d0 42a6 5e01
1c49 5d20 3430 4295 3d32 432d 384a 335c 4258
287f 3b2c 4e59 6fff 420c 34c4 1a7f 0c25 75d3
5d20 241b 1e85 48f6 26e3 07bb 13e5 7d42 2b12
57ba 18e5 34d7 38f5 3d2a 6906 1921 1dad 073d
3cb4 6fc4 524b 132b 03a5 6f4c 0250 791e 0980
45e1 28c1 201e 746f 259e 10d1 0437 3813 7bc0
7b7f 1723 0c96 40ad 4ae6 4153 7aa6 2857 1200
31cf 3a78 55ed 1c12 04ff 03aa 6669 0f02 4c85
7861 71ad 26d7 1575 1359 6c6b 1364 1f6a 5917
585a 5129 3b20 2ddf 54f4 1c11 478d 1d46 57b9
74e0 0bc2 5f75 16ad 26b6 6b3c 3511 6073 7c04
63e2 6de6 6013 456c 592c 3acf 45e6 2dfb 00ff
0c23 306a 1b7a 5a80 68c1 1f65 5ee8 2b10 5790
50a5 3ae5 484a 7938 27a2 5711 0fb2 4c75 59ba
3e4e 30bd 331d 1af0 3b26 16aa 3a63 249c 3caa 331c 3d32 3b2c 2b12 3d2a 3cb4 3813 2857 3a78 26d7 3b20 3511 3acf 306a 3ae5
688a 5e23 55d6 36a4 3981 53cb 2971 44d6 019e
66e7 5dab 149e 2f15 057e 5358 09d1 7678 0ef3
1010 7292 61ea 3f02 2704 77c8 5e0d 1d76 7afc
7735 49d1 505f 195a 2317 62c4 400a 6ff2 0587
48dc 0f72 6ddf 503d 267d 6d24 488d 39b9 1f43
0a7d 53d4 45f8 55fd 38dc 1d37 76b1 3b55 7de6
14c4 1f0d 1dfb 3a90 1d80 0d76 1710 608b 3cd9
2ec1 592b 7cab 220e 77b8 05ec 4602 1fc6 7461
12a8 0c0a 63da 5493 2737 1704 056e 3432 1919
0ccf 12d4 0cc3 67d4 14fb 06c4 3941 5a02 4e05
456c 4fd3 4bee 0147 6951 7227 3a56 51fb 586c
6bbd 0ffb 5762 06bd 4364 5f09 0463 76ad 285c
3969 19e0 2b66 13f1 447e 1705 3aba 12a1 7595
3082 2d6f 3a99 4083 25cb 38ce 2682 7e22 5842
6e60 3e5f 0789 63f6 3312 1003 0c76 54ab 7584
01bf 698e 6e09 2650 2429 4e04 72ed 6150 59aa
2286 625e 5847 5e22 5fb5 687f 60e3 1085 281d
6d39 2195 34cb 4177 0f5d 33ba 3c05 3233 5271
72e3 1ace 1a23 34d0 7b9f 0534 7568 18a0 0e57
4392 766f 20f0 7c11 05d6 05df 38cb 1bb8 0c02
3915 7570 3489 102c 47c0 562b 1a2f 3ac6 0a33
4a24 6af0 5759 09a1 33f9 5832 7394 11c2 6eb4
0ae9 2a92 6cd7 6738 0ece 61b1 6a4c 72d7 2658
7b80 78d5 6df5 72a4 69f0 4f49 7c0d 54c1 12c2
3981 2f15 3f02 2317 39b9 3b55 3cd9 2ec1 3432 3941 3a56 285c 3aba 3a99 3e5f 2650 281d 3c05 34d0 38cb 3ac6 33f9 2a92 12c2
686f 7c94 571f 1440 0b55 786f 083d 0e78 5d2f
617d 762e 6cd6 680b 57dd 2bb4 31eb 74a1 2ac4
2f36 43d5 4e26 4fa5 7753 1566 5287 33fa 3b76
2a56 5378 2ac9 7706 4da3 17e7 7baa 2038 1ce4
4290 561b 6170 1868 4385 472b 68bd 5e90 11c7
5df3 15f1 1230 11e4 282a 11d5 1ccf 4287 018c
0e58 6614 0525 2d45 438a 7edb 64d6 7a5c 213f
1d34 0e82 5c8a 6622 02a8 58c2 0b1d 46f7 7205
4523 718d 1d61 702b 3b0d 5aea 0ca3 0c7a 54c3
1d52 2f84 0b43 08df 50d3 0039 0d66 49b9 2481
6cc9 3c7c 0419 6993 137f 2666 53d4 0137 0a3b
5977 189a 536d 1cdf 6fb6 7b6b 1f7b 6060 60c2
36e1 1358 6dfc 0935 42fc 4fa1 52f2 7d82 53a7
0a39 2dd7 03d8 01cb 394e 68b0 3584 2b04 54f0
07b7 563f 4673 18e0 3e82 6dbe 7f39 0659 61da
4db4 68bb 196e 3ad0 3e14 0a99 4633 2d28 6b50
5348 07b6 2f4d 30c3 7490 32ae 69cc 4acf 3cb1
4bec 51b0 078a 49ac 6eba 7ee4 0922 7dda 4685
118e 2da3 54b4 175f 4207 4a4e 5f44 1dfd 5b05
7a4f 1fbb 744f 1813 5064 0e37 1d70 2fab 4d3f
26d7 618b 7948 40c0 2cdc 297c 2aea 212d 03f3
5e00 6d1a 5d61 3058 52f9 0270 0985 17e4 6dd2
3d2f 6b89 665f 5c40 3d44 0c95 3c84 4c3d 1caf
60e3 1ffd 3cff 78b9 4ea5 6a0c 48fd 46c4 79b7
1440 31eb 3b76 2ac9 1868 282a 2d45 1d34 3b0d 2f84 3c7c 1f7b 36e1 394e 3e82 3e14 3cb1 0922 2da3 2fab 2cdc 3058 3d44 3cff
0dfd 625d 672d 7929 032d 63a1 1709 5ee1 35a6
098d 00db 3730 6d73 2aa8 3b51 0af5 38fd 5939
2e37 7e31 5570 0ad2 6330 7591 212c 4a5b 39f6
506b 2605 6017 5246 206b 6358 3f58 5eed 6fb1
4fdb 0d1e 31a7 2d37 098f 500f 0128 19cc 49ec
5266 1e16 69c6 0374 4d35 0ebf 480d 009f 75f3
188e 2701 136e 3bfc 52b6 1f27 20ac 5c59 0e32
4357 7811 140a 2f38 4ae9 0a22 5769 3d3f 4e57
6b51 5fc3 1267 5fcc 3313 403d 1a5b 7fb3 06c1
6e40 3dd1 622b 2feb 47fe 129f 7508 6873 36f4
71f0 6c82 5f34 42ce 24e0 6e3e 5f7d 7b8e 7560
1ab1 6b8c 6a32 4e97 2219 7d1f 0902 7bda 0259
6400 53a3 0d24 48cf 5a55 78ff 587e 243d 6fa0
278b 0beb 7ff4 36b2 6da8 424a 564b 3165 31e8
2075 2610 5e18 4b96 100f 1581 412e 3736 3387
63ba 106d 4101 685f 1172 6a5b 3250 19fe 1ee1
63a9 5b97 2688 6e1b 48e0 5883 216a 0922 0d30
191e 39e5 3230 4b1f 02a3 5ff7 7ccb 01d2 7311
24b7 7572 748b 6422 0617 66c5 6aea 24e0 16fc
62cb 5c5e 41a7 6aab 58a3 7727 643e 1e65 3bb4
47a1 0456 1fae 52ef 151f 7ee6 4f90 6a64 631b
2d94 7095 40db 4ff8 3162 6840 66db 4d81 41c8
2162 6ffa 7749 530d 05ad 3f9d 0530 08f3 06b7
61ac 061a 1bb9 4a42 00b7 7af5 5ea2 7a67 250f
35a6 3b51 39f6 3f58 31a7 1e16 3bfc 3d3f 3313 3dd1 24e0 2219 243d 36b2 3736 3250 2688 39e5 24e0 3bb4 1fae 3162 3f9d 250f
4985 1208 7f7d 2e56 5dab 6288 68ef 542b 793f
234a 1fc1 7774 4994 2594 45d6 650c 4ed1 1163
72fd 38b5 573f 0236 62ef 0038 5f9e 4c3f 5a8c
5983 4793 69cc 5431 7d7e 539c 2a77 0ede 4c70
7278 3f04 3a6e 1b63 29f7 4484 0fff 6499 1a39
2745 527c 02b0 34f7 5531 3e27 317b 10a1 312e
0924 6199 2b53 58c7 1b8a 486e 31af 6aad 37bc
1481 3fdb 1c51 5760 171f 3dd1 4666 25b3 7c2a
4318 5d2a 4c6e 1827 37cf 2c48 554d 3ecf 4c61
2538 62f6 5bfe 2f5d 284b 14a1 6a08 4077 5ab2
4c9f 62fa 538b 4e36 14bc 0701 37e6 5d32 13d6
3e92 7d5d 3405 01be 74a4 2ddd 4de2 284e 6c73
3d5c 27b9 7565 4aa0 1f04 7a49 6136 29b6 5324
019d 27cf 6604 511f 7dc4 0e33 1c9e 20fc 17e0
4c55 5362 44a7 7873 06ef 49be 7148 20af 0b90
6bfb 5378 20a4 65ec 5bdb 772c 26f7 000e 5f5f
2daf 798d 0c35 3992 4596 1ca6 5236 0822 4bbb
28a3 6c20 264a 4259 5b03 2a5c 4baa 242a 21d1
05b4 5043 49bb 66e1 52cd 0f76 6be9 341e 0bf1
7853 121d 01bf 72bd 558d 5ce3 6445 199d 2341
127c 2a64 3be5 70d8 2285 75b4 1ab2 7c07 4a17
169d 599d 19b1 2a16 10ce 15ca 6877 69d6 3eef
25cd 39f8 6f7f 295a 08d5 77d9 6928 007b 3b72
6dc3 74cd 62e0 1162 2b5c 2692 167f 343f 2449
2e56 2594 38b5 2a77 3f04 3e27 37bc 3fdb 3ecf 2f5d 37e6 3e92 3d5c 27cf 20af 26f7 3992 2a5c 341e 2341 3be5 3eef 3b72 343f
7316 452a 51df 6ca1 5c28 6128 30a5 5e18 12b9
7021 0988 16e3 1d86 1ff7 204c 34d5 22d5 5a48
7d09 583d 7d2f 1b0f 4c44 2559 2ccc 5685 4301
3ccf 3fbb 23df 29bf 594c 5099 4ff6 7a9b 2775
0a5d 1d8c 4472 0152 1f6f 73be 72b4 4aef 0409
607f 0019 726f 1877 1d13 5f21 7bd2 278d 6cce
6c21 0990 34ab 0259 25fc 79f1 014a 09de 1e17
597f 46ad 263a 776c 687e 0e1e 2fb6 3ae6 7344
352b 608a 24bf 2bfe 1450 08fb 4330 0b18 755e
6178 2fd2 06bf 7abd 102c 3074 58ef 5355 6ef1
6c06 5456 508b 216d 744d 4f86 6566 5593 64a7
706a 014a 732b 3f9b 057f 507e 297e 2c29 2540
55e9 5858 0f97 3b34 3353 218a 6802 4266 22fe
26bf 6bb7 1a50 744d 1042 6423 3dd6 37ba 35da
7b7d 2fd7 15e8 5611 1f64 0afc 5dcc 7009 5f54
7d75 1b2d 12da 532a 614d 0bd6 2e55 7ae2 7933
58d0 556b 25ac 44d7 7d02 65d1 5d8c 5b78 4911
4a93 284a 07b8 1084 36a7 002c 2dde 08d0 2c47
2c20 3eb3 0cf1 2b05 1eb8 3921 2fe0 0da6 459f
006a 5ad3 4607 1040 0069 365c 2e7f 466b 70f0
0e0b 1029 4f31 0a35 2913 4c8f 645f 3ad8 1ec0
0a3c 6dec 5bff 2446 0dba 603e 700a 7d64 190c
3016 15b7 2ba6 5454 3c2c 4fa2 4d71 0f41 3bc2
72ab 01e6 57d9 6bb8 40f6 3c3c 7fdf 5f29 3f1c
30a5 34d5 2ccc 3fbb 1f6f 278d 34ab 3ae6 352b 3074 216d 3f9b 3b34 3dd6 2fd7 2e55 25ac 36a7 3eb3 365c 3ad8 2446 3c2c 3f1c
2cc1 6dab 1b7a 2089 56ff 4c92 2481 4dec 7613
2e3c 4105 6f3f 2c87 692d 2ef8 494c 5574 5541
5acd 4377 25d2 4c71 17e1 1a75 4b82 4ac6 6b06
44f8 13b2 22d8 5c9d 6dfa 300d 70e1 3ed7 4d16
02f5 215c 32be 370c 0128 3e97 0779 1281 2fd2
2e0d 156c 1074 7e36 7a58 2d1c 35ad 1514 5f24
517f 2e7f 1a9f 1ac3 6eaf 3ae3 6342 311f 2d1b
5a91 362f 6ae0 5368 3cba 0622 1ec8 54ee 4dc6
47fe 18aa 326a 417f 1080 2b32 4a9e 761b 3ec1
3019 7ad7 5c0d 2424 0b61 6424 0682 6fa2 5a5b
0b13 0819 51ee 18f7 2890 6f68 3aca 2afe 43f9
02ce 4567 3105 463d 528c 3c5c 0922 10b9 7fa6
2c88 1e09 7e4d 670f 5808 3a63 0792 76e8 0047
46ae 64a4 2557 4d69 4594 704b 43c8 79d9 200a
21d2 4ce0 0ac9 2805 0d4f 60bf 6a0b 1e75 17ca
1857 3a2a 66cb 411c 4853 0244 049e 513d 505d
40c9 3081 2aec 5326 6a17 4ebb 40a1 6d35 3c7e
3610 3c5c 077e 4674 41c9 0abd 1e7b 6d1a 5737
3263 7438 5899 28ac 2a17 2848 0aed 397b 5957
01b9 6761 67a5 02ad 20dd 505b 0813 24e9 65a6
1fae 4c99 64e1 0853 1541 4bd2 482a 59f2 5bfd
5ad0 1173 7a6e 4b92 0d96 2f7f 40b2 4b45 7e68
109b 4c70 3b84 327d 1d39 54c7 697a 1382 23fd
209b 7603 3d91 7e98 44b2 0770 4e84 6a19 1f31
2cc1 2ef8 25d2 3ed7 3e97 35ad 3ae3 3cba 3ec1 3019 3aca 3c5c 3a63 2557 2805 3a2a 3c7e 3c5c 397b 24e9 1fae 2f7f 3b84 3d91
4ee7 6664 5cda 3800 4d8d 6c14 310b 0f6f 4d9b
3a72 676f 3983 5904 4798 6d65 39bc 07bb 041e
1b5c 64bc 0d0a 4570 3b6c 2ec5 5a20 705d 42fc
746f 5390 23fd 2c5c 05a7 01d6 41d9 628e 0bdf
19bc 3ad3 4e6c 0b94 7a6d 7fb8 24ca 606f 73e4
4711 5624 5c71 0166 0ce1 0831 12b3 080d 4664
586d 0d96 2517 396b 1792 3a0e 1d3f 3ed9 1307
792d 68be 6b81 5866 1ddb 7974 0650 30bb 691a
48a7 52ba 056e 41c5 74c1 0492 59ba 04a3 2420
0955 3a09 1745 5403 3fb1 5273 7661 5596 25e3
163f 11c2 533d 000c 3bc4 75da 45df 4a65 1397
013f 364d 391a 4d14 57a8 2ecc 130d 1aa1 008b
610d 0af5 1591 311c 73f8 654d 7a14 21f6 3f0b
73fb 7b4b 1503 26c8 49cf 01fa 0ff7 3480 372a
36e4 2679 65f8 5826 6247 7baa 79ac 6b66 1721
22cd 4da2 47ad 1308 16bf 3fdf 3a5a 029b 7371
38d0 3703 6d51 5330 02fa 0416 4284 0db3 5dc0
3243 1235 03ad 67d8 2f84 6690 0ff5 7c0d 32cd
1cd1 7b0c 491e 50bd 22ee 6918 4515 7005 7bf0
67be 5d7c 6d21 443f 2ecf 3d25 43a5 6cf3 0522
25e7 7f42 1d02 2752 46d8 368c 4643 195e 2574
492b 0344 6be1 515a 2c99 131f 2612 3d34 6411
304c 3904 28bc 5f21 6e19 241e 5159 07af 2f42
0328 2093 63e2 59a4 7db3 32e6 460f 4053 34be
3800 3a72 3b6c 2c5c 3ad3 12b3 3ed9 30bb 2420 3fb1 3bc4 391a 3f0b 372a 36e4 3fdf 38d0 32cd 22ee 3d25 368c 3d34 3904 34be
0f0c 1f36 0508 424a 4245 6234 0047 5af8 4bf8
0406 2a75 2d11 4388 02ca 0f16 7af4 5366 6651
7fb1 7230 49e9 18d3 4339 27d0 478f 7b4a 1c01
68cf 7cfa 0e01 00ef 09c9 1aa3 4fca 605d 7976
724e 1f94 24b8 02c3 6b2c 32ad 52f3 6809 2cf6
2e42 2e65 4aa6 5768 1769 1811 70ab 5926 7abc
465a 5000 5d48 3eab 6124 1cbb 3d30 660b 7c17
6d0c 0adf 3f9a 416c 38ea 1fff 47c2 4c0d 3512
5313 0d36 6d1e 2554 3cfb 1b53 3cf8 248b 56e8
6ed2 14eb 21ae 2f5b 5596 1dc0 50dd 5216 6af6
7450 77f4 31fe 64ea 0683 53dc 30d1 2e87 4d8d
4f50 5cd8 73c6 5880 4d93 34b0 7608 3360 33a4
21d9 78d7 10ae 0ca8 4b91 0071 63e2 7a8f 08a2
17d5 256b 2bb6 6090 2b74 590b 3a9f 4be1 1799
077d 274e 7dd1 6438 53fe 6822 5754 5017 26cf
4b19 0cce 6271 524a 1abe 4693 02af 21e3 58ac
44ea 0e90 5e8e 3b53 4357 1af5 633a 00bc 75fd
6d7d 22df 71ba 6383 74ed 30cb 169b 7c8b 46f1
31f9 030b 79ef 7906 7d75 202c 57c4 179b 1cf9
5648 3343 356c 5107 7950 2db6 0b75 649e 3f9b
590d 7ea4 0350 2a8c 08c0 7158 370f 53f7 0ba5
3111 0f79 2e21 5b2b 0b02 2bf7 2db7 7a2d 6942
0d04 2fdd 36a5 2de0 27a3 6f2d 1b9c 0ec4 5d7f
4fff 54e4 27b9 577b 2ef8 2cb4 4d29 01b3 0c14
1f36 2d11 27d0 1aa3 32ad 2e65 3eab 3f9a 3cfb 2f5b 31fe 34b0 21d9 3a9f 274e 21e3 3b53 30cb 31f9 3f9b 370f 3111 36a5 2ef8
3a45 52b5 6b61 3cb4 7d4e 0fd6 3d48 28af 6fad
68ff 4f2c 089c 0dd5 28bc 7f31 4928 68a7 6c22
0aa2 194e 799b 6fbf 0b3e 47b2 5ab6 6d46 75bb
62f8 4167 6974 6046 3244 310e 0fa6 131b 543e
2ea4 66e8 4129 5892 0431 1cd3 3d5a 5894 4bb3
4bb1 0cba 159b 49c8 1ffd 294a 49b2 6948 2ff0
1a11 154f 7ab6 6d3e 6602 7da0 5a64 573f 47e8
2386 015a 39a8 046d 152b 2a1c 601f 7cf1 07c9
2f1a 7212 6567 31cb 7e51 484d 67e5 3198 46bc
534d 5df7 35fd 75fb 4d81 5875 645e 555b 74d1
4548 6cfb 038a 06fe 02a5 43d0 0ce5 40da 6970
547f 6c45 06bb 0c3e 30b0 0e1b 11b9 6370 2475
4ab9 1120 6ffb 0267 4e13 3240 46c6 28b5 5df6
17b6 0fa3 6416 4bbe 1118 6852 6933 15ea 63b2
64b0 4f2d 5683 3b37 6ab4 64f2 204b 6d15 479a
77d8 751a 3bed 6c51 3d33 456c 2123 7e6f 3fea
529e 73fe 58d0 2f77 592a 242e 6728 437c 2d29
0dc0 6ee9 52f2 5633 0423 442d 769c 68cb 6398
31ce 678b 2fa2 6e4d 5860 25bf 7e8f 1668 6de4
563d 6885 347e 2375 2a2f 76dd 1acb 6169 5873
4c59 0930 6217 5247 0dc7 3cf1 3111 6184 6e30
5e7c 6667 7b66 4a85 24c4 5c80 56a1 4c81 1fd0
2694 4eab 7153 7da2 0dc2 5561 3e75 0f4d 2635
34ad 114b 2bbb 0a0c 3767 142f 14d3 57ba 6cd3
3d48 28bc 194e 3244 3d5a 2ff0 1a11 39a8 31cb 35fd 0ce5 30b0 3240 17b6 3b37 3fea 2f77 0dc0 31ce 347e 3cf1 24c4 3e75 3767
701f 2d5e 66c1 5aa4 78cc 51ec 600d 2892 0114
0b7b 64b4 2a36 48b6 09c5 476d 26d3 4b73 74df
0d35 0f1c 3958 067f 1be8 612d 2e5b 54b1 7b5e
1915 512a 3f35 7547 1969 3b7b 4761 6de3 4f23
754c 2ebf 1d9e 6291 3975 513b 6a58 18e0 3a82
76b3 245d 4deb 2886 2faa 3345 76e9 1ede 6efd
19d0 65da 2a9a 2871 3b63 0458 3e39 54d2 4d2e
1363 0a41 5a1c 7ad4 02d8 1742 076d 17b2 27f0
490c 7819 2e52 2446 557e 6bb7 5509 144b 6dba
4c76 2272 12c0 6893 792e 1c70 2055 4a12 7d6b
5f5d 5d91 7116 0402 7bf6 54d0 31f7 6916 7627
12c3 2c1f 28b6 51fd 15b7 47b9 66b5 525b 1cad
20e2 1a80 6e42 633f 363c 26bb 3ee4 604e 796a
4f28 270c 6113 675c 63f0 402b 2ceb 58cb 7f6c
3f03 1a09 2ade 19fc 75bd 525e 04e5 00ff 0d91
5bd4 5b9c 280e 457e 676e 7c55 73d5 26c0 2c62
5abc 796f 68e5 5ea4 36e3 595e 2824 4fe9 2ad9
3655 26f8 135f 4b65 3191 2704 3602 7cf9 1ff4
2a62 7496 40b6 21f7 20d0 5d76 006b 2fc4 632a
7153 4234 716e 5333 0450 5734 5912 6422 2921
5050 5324 5615 66ae 22ca 7efd 4ddb 61d4 1676
2d3d 420f 26c7 777b 5d8b 4266 6386 283c 4049
3b58 47e1 6e23 354a 37c2 49d2 2cec 6184 71ea
32b9 63dc 4043 7882 6410 192c 5ca1 6f81 442c
2d5e 2a36 3958 3f35 3a82 3345 3e39 27f0 2e52 2272 31f7 2c1f 3ee4 2ceb 3f03 2c62 36e3 3655 2fc4 2921 22ca 2d3d 3b58 32b9
0d3f 011c 0f85 3d9f 02dd 29b6 6694 5dbd 4c4b
3696 2c6a 00c2 0728 6066 2c08 4fa9 5765 6105
77a9 3711 50dd 606a 1731 21ed 74a2 21ac 1ae2
207e 121f 2fed 5752 6e75 28e3 61db 4f20 4c5f
3bbb 556d 5226 7f33 773e 660b 103f 6ec7 263e
6e85 5bde 4003 29ed 1202 5e72 19d5 4737 3374
2c1f 1a92 0e51 2bf6 5e54 6939 1a05 654c 590f
2a7a 3a23 0225 283c 5c0f 59fa 3307 7b8a 149a
1c22 436f 0add 1b35 68bd 0e3a 1409 493d 4ece
088f 6263 3343 5357 1bc3 45ec 0c04 0f37 29fa
1b6d 2685 1813 4e8e 1ec6 5f0f 6071 7857 158c
0014 1415 783e 49bb 6779 50a2 3ee1 4c6d 7bc2
3265 4e02 45cd 5352 7d68 1fce 46ca 217a 4ac0
2eb6 2b7f 090e 2105 0cc0 7207 541b 104c 5a4f
70ce 5d8e 4425 6411 6d0a 15d8 107c 4af9 27da
21e1 7161 687b 2028 0db7 428e 3b52 40c8 4f1e
2c6d 1dd7 24df 19c1 2d03 571b 64f3 4f65 4cf3
0866 029c 62cb 33b8 5271 6262 07aa 07e7 1590
2d53 3da3 4a02 29d6 0525 0ea9 13fd 18af 08ae
2c35 03bc 28ce 0727 6abc 25b5 2d66 55a3 76db
2c69 20c3 2558 0581 49b2 0c13 1d6c 6c65 22d7
7622 19fe 4930 7d7c 4244 6dc5 1b74 53f5 7155
52de 4258 6e88 3ba3 1061 2f9b 4827 6723 2e72
11f7 2ad7 6839 50c8 34b5 60d9 1211 4736 6ff4
3d9f 3696 3711 2fed 3bbb 3374 2c1f 3a23 1c22 3343 2685 3ee1 3265 2eb6 27da 3b52 2d03 33b8 3da3 2d66 2c69 1b74 3ba3 34b5
7a57 5501 4825 59b8 5817 4719 33a6 5c0c 73ca
1bc6 7fb1 08c3 2439 4c24 2263 1e47 6ab4 05f6
11f7 04fc 1c99 182d 6748 7eab 374f 2e4b 4695
3b23 75ec 2e08 75c4 3816 3ef8 12b8 2b16 27a6
6397 4918 21bf 55e1 5149 0fdf 28b0 2ac7 6c77
3f5c 3677 189c 2f50 157c 53d1 20fa 6263 3b0d
1ac2 35fd 79db 48aa 129b 0e93 1254 6666 4ee0
324c 1999 089c 0f69 053f 223c 5992 0992 5786
6213 2bd0 39d7 76ab 0573 7bd1 3280 75d5 7140
3cdf 7fda 33e8 0419 1148 6c93 2dca 54a9 57aa
01e8 7134 5897 5789 5f42 2ac2 5ad2 2786 6344
5493 3afd 0973 4fd1 0d24 43bb 2f15 4607 2554
24cd 0ac9 7dd2 46b4 353a 4810 00f9 178f 3704
4100 1cd8 2c83 1c31 1f9f 6335 0c19 28a7 1e0b
272c 7560 1b9c 6de1 6532 38e4 6aee 09e5 19a6
5702 3786 6779 40ab 16f2 6770 7db6 3b8f 79c9
0171 4f91 185e 203f 3942 1325 0c4a 2531 45ab
6179 7d6d 4aea 3c6e 76f0 0a3d 1f2b 7c0e 1455
7fb1 7964 2778 1c82 7603 10ef 28d7 33df 6625
352a 2440 0ffb 0305 72a6 3c1b 34cb 775c 3ae6
7fe0 10df 2fc6 3751 0c3f 7b63 4239 17b0 666e
1a3a 1a3a 7f89 2e08 2998 7515 2ab1 1251 0a84
382e 746b 0615 07e5 3821 65e6 1ff7 33cd 3833
3109 66f3 321d 180b 6ca3 646b 31fb 66d1 1a31
33a6 2439 374f 3ef8 2ac7 3f5c 35fd 324c 39d7 3cdf 2ac2 3afd 3704 2c83 38e4 3b8f 3942 3c6e 33df 3c1b 3751 2e08 3833 321d
1b9d 5c80 3b5d 3bc4 4664 736d 7e02 6c34 2503
0dea 17d7 2098 29a1 65d2 5af8 3e1a 0b18 3b21
0ad8 0f4f 17fd 7054 7d1c 73e9 6c02 0c15 540f
5699 4ed9 13c2 13fc 16fb 121f 0962 3cfc 4c3d
60bb 04ad 2f5d 54aa 01e0 76d5 4588 50ef 705e
7e21 20a3 34fb 3395 5879 2098 2385 3ac7 140f
3d34 288a 58b7 1ceb 1727 65a4 0786 10b0 7315
67c1 26fb 19b2 1c1c 2a66 78c1 676f 2020 1be0
0783 648e 77df 3e6b 6ba9 449e 29fc 7198 5037
4624 0021 080b 64be 6d09 4b40 3180 1eb0 0a81
66ab 580d 004e 61cd 12d4 3c15 0a8b 6bc4 3377
1c07 476e 12c5 244d 2b71 6952 1f9a 4add 1b0c
363f 1b3b 6718 6847 0ad7 1f82 5548 3d1f 7170
5a6f 7cdc 5a2a 5c92 4eb0 1183 200f 3038 1560
23aa 582b 767b 6e3a 67bd 5c8f 76ef 228b 5b74
3575 28a2 0262 51a0 4ef4 2bc8 555b 0fab 70d7
6877 7161 574c 432e 6807 441a 6276 6c86 53be
3b08 1006 25fc 313a 1f01 1afa 60c5 2587 46a7
3896 5a88 024b 5be1 0d98 2cde 2200 76f4 5b5a
68c0 7648 212e 5ee1 2bf5 3551 58ea 2158 5fbb
1fde 1545 67b2 3546 72e5 5950 50b8 247b 2b67
1d0e 4793 1731 293d 6ca0 19de 4921 2bf3 1e41
48bb 386d 6e39 3cc9 49c9 60c3 6980 6930 30fd
5cb3 7ed5 43cc 0fca 49ec 7036 1d35 6eaf 25fe
3bc4 3e1a 17fd 3cfc 2f5d 3ac7 3d34 2a66 3e6b 3180 3c15 2b71 3d1f 3038 23aa 3575 7161 3b08 3896 3551 3546 2bf3 3cc9 25fe
5720 46e6 7053 6741 3d0c 0c13 63ae 52ba 3d4d
3719 1830 32f5 22f6 2adb 34ac 4c5a 59b2 3258
43d6 2e9e 4ebe 6d2a 4ee2 1c5b 3e54 1e4b 0c03
60ae 480c 0741 372d 7f1a 0ad6 5f6d 24a9 134e
65b7 2da5 18ac 4161 65d1 1bbf 2aba 253e 731e
6070 56a8 07a1 4968 4dc7 0f37 1241 47c3 76a8
789c 6f4d 4eb5 701a 7196 5a9f 623c 4319 0acb
4b61 0d68 0ae1 5b86 5e5f 07cd 6cd0 00da 54bb
76f9 657c 301f 1533 29d5 7236 2b82 5585 6c58
26bb 0ede 5cdd 5e07 224c 69fa 6282 426d 1411
320a 016c 521d 693b 09fb 34ae 0d4f 3646 613c
55d8 3fe0 14c3 3587 2e8b 16a1 60c8 2942 46a5
3a5f 7fda 39ce 2bd7 2787 1765 0e13 2084 30be
61d3 65fa 05cd 7e65 42b5 01a1 1779 37cf 718d
3630 0daa 088e 13b5 6d27 24b9 173f 470c 33df
68eb 04be 1a2d 549c 7dd3 060f 5112 6551 28d8
0e09 03c9 5794 4a96 35db 4e4e 695f 030b 2bcc
6d94 4aaf 4a80 3b66 4476 35cb 7068 7069 666b
3ca4 2920 60e7 6136 6144 6ea4 5e2d 0a46 0d97
0512 2bbe 0a4b 0f13 1107 1e9a 112f 44d4 7c44
7da5 35b1 5296 277d 28a3 4654 0792 507d 0b08
4fb0 69d3 3b31 28c0 66ce 7b31 7365 1eae 5105
5568 6419 2a23 3157 4351 411e 50ef 21ae 5de7
3232 296a 71d3 4f26 3d12 78a2 4bab 745c 2537
3d4d 3719 3e54 372d 2da5 1241 0acb 0d68 301f 26bb 3646 3fe0 3a5f 37cf 3630 28d8 35db 3b66 3ca4 2bbe 35b1 3b31 3157 3d12
6bdf 2982 3ae3 56ef 57a0 097e 2d70 6eb9 4d25
7f69 4d3b 2b9b 3dd1 6e00 2bf8 330d 42e8 7261
5dd6 38c3 21b4 0ce0 2987 5ec7 26bf 2c14 2a2c
3c7b 45de 233c 0718 2ac6 1709 18b7 1e78 6db3
0d4d 68c5 3f0b 7528 7ecb 6254 1634 01db 0504
50d5 775d 765c 6b23 3bb6 6c93 4160 5e4e 112c
1ffa 19c2 5ed4 6008 13fb 0657 77af 5ec0 0f1a
2ad5 204a 6a69 1fd1 1e87 5cbc 07ca 26f7 0329
5185 57ef 2cea 3360 2eaf 6056 1e31 7ba8 663a
3667 41eb 39a4 3da2 3415 2f33 4829 385d 1f35
2d6d 45e9 23cf 4cea 4a3d 78fb 59a9 5446 5fa4
6bef 26a0 3e60 4d84 7724 1c89 23b7 0617 5d8a
5fd5 646c 101c 2cb3 24c3 4e77 79bb 2b92 417d
4f87 42f0 5124 683a 4fa9 4ded 6b3d 59ee 4c85
1896 3356 0fae 02ab 21bc 65b9 311f 1b69 1f16
2590 1a80 7781 4230 2a7c 4274 134e 12b8 296f
7a20 5a04 112c 42a9 5b8e 5c67 58ff 6209 0497
2bad 1764 3137 41ac 790c 4d39 10ae 3c4e 6e24
670b 751a 0155 0478 467f 13ba 14d4 1090 00c8
288f 081c 014b 1fa5 28e1 5593 3d92 75d6 73d7
218e 47d9 0014 1b5f 7685 1fa6 5b33 32cb 1229
4911 3f00 1070 1bf2 336a 10c4 25f9 7bce 7548
6fcc 649c 574b 0d09 4d12 54e8 28bf 5c86 3338
4dbd 1798 3103 5800 2645 7371 2b97 1963 1777
3ae3 3dd1 38c3 3c7b 3f0b 3bb6 1ffa 2ad5 3360 3da2 2d6d 3e60 2cb3 6b3d 3356 2a7c 112c 3c4e 14d4 3d92 32cb 3f00 3338 3103
01ac 3daf 2925 6355 4d0d 7cd8 2fe4 3cae 4093
61d4 4b8e 79d4 0147 5c24 3890 49db 2960 787d
2c3e 010a 02ab 1260 52e7 381a 5e65 67f4 0e12
4603 2d8f 4c41 6d35 536b 210c 41ad 2e8e 55fd
4165 0cf2 72de 2279 1e3e 204b 665c 7e18 7fc8
0661 15f3 6f59 296a 5ebc 6590 52ca 05ef 6848
2c53 300c 386d 1992 465a 5e3c 4878 5139 6ac3
4e2b 732b 116f 75f5 71d5 1baf 77db 3409 3ed1
1f91 66b3 1233 66c7 1264 230e 39da 6081 518e
2b25 419d 5a7e 3da8 077b 6c00 2833 7211 51b4
11d7 71c0 2baf 20cd 592e 51c1 3e8c 10eb 3480
7be2 74c4 3de1 3633 76a6 5fdf 29c7 6947 7af5
74a5 0fdf 4d0d 2e89 638f 5a5a 7476 409d 41d3
48fe 351a 4684 4892 37a1 23e3 0bbb 1ea8 6020
125c 5301 4e3a 5c0e 2c8b 326d 6c86 1dcf 7751
47d2 1cd7 7494 40bf 11a5 52d7 53b5 4dbb 24ac
7f20 4fe1 0227 453c 5b7f 5fb0 7877 199f 1132
5486 54f9 417a 315d 6074 6c85 25d2 2cf4 5925
3bcd 5810 5f58 3245 4464 2160 5fa5 0d7d 7d51
152c 766d 4e1c 3fb7 7490 6159 4375 0122 705f
180b 554f 13c0 1756 765c 596a 32f0 0ab1 0183
6dd2 7069 4db4 119d 7486 269c 45fb 7335 4387
6e2e 5eae 5d91 66d8 332c 010b 269c 3aac 6d36
1c53 0a3b 5cc2 1ef3 2c3c 30e4 6376 76c1 181e
3daf 3890 381a 2e8e 2279 296a 386d 3ed1 39da 3da8 3e8c 3de1 2e89 37a1 326d 24ac 199f 315d 3bcd 3fb7 32f0 269c 3aac 30e4
7100 2a56 1e96 159c 0d4c 0494 7575 722f 2523
3fd8 7b41 2295 157f 27c8 2d7b 15de 5076 48ec
5e97 54fc 415e 6fcc 2026 3e4d 77eb 04da 2aab
0d4f 38a1 0f05 1a07 01dd 4943 4816 69f2 6e9a
5acc 2500 11ce 291f 604c 5b89 725e 0332 3fc3
5f7a 72b3 27d9 5892 722f 509b 1c50 4e3d 2a9e
722b 0600 64f5 7f72 29a1 51eb 4262 5c8e 7fad
3a78 2eb9 3101 5f1d 4d0a 3f5a 07d8 1b63 5e65
5156 15fe 28f1 3357 23c1 55ed 2deb 7614 47c0
4c43 3b85 7043 684e 0d04 5e8c 1049 3a1b 4f8d
3455 6c7c 6699 66e3 3196 132d 2fdf 1474 5855
5735 2e28 438e 2dc2 0e0e 49ca 0146 514c 1e3d
4675 521c 010b 2354 7aca 0129 39ee 1d9f 01fa
61c0 6749 387b 1f19 3f73 7ab1 41c2 094a 51e0
4a30 4f0d 7e52 7cc2 2e1e 1322 0fd3 4413 76d7
0131 0bc3 6ecd 24c3 1e32 33be 08bb 7ce9 7a21
1c2f 7428 3a2e 3c12 355b 1234 6fa1 6f60 1c63
7776 604b 064f 6010 3a00 3fc2 0d78 7428 4cf7
445d 25b7 77ff 2bba 0760 5d0d 1718 7ac5 13c9
580b 7230 20b7 30ed 1f59 025d 1034 5e9b 59cb
1c3c 7c49 1123 7776 2b0b 43c9 7940 5a28 3643
6806 26ee 1a56 1542 143b 1559 58ad 65b6 1ac3
1f03 37eb 579e 607b 6cd1 4e48 4b5c 47b8 465f
0c78 5cb5 4d21 464e 5a92 1e44 1bda 63e8 6e49
2a56 3fd8 3e4d 38a1 3fc3 2a9e 29a1 3f5a 3357 3b85 3455 2e28 39ee 3f73 2e1e 33be 3c12 3fc2 2bba 30ed 3643 26ee 37eb 1e44
0052 1cf5 6578 370b 1d2c 747f 3370 023e 1b1e
061d 029a 428a 529b 3af6 5773 5873 1d59 5fcf
6e3a 2283 2a35 2a88 4c4f 1a54 6971 4614 67e7
1c2a 1ecf 2a0f 45a3 660f 23b6 53d3 49c2 7e5d
010b 3181 41dd 69f1 1e21 5562 1289 58c4 6eb6
0202 0354 0a64 07fd 3cef 3c34 035a 2619 75eb
4c37 7c56 74a6 4928 0f6c 2c81 75d8 6872 11fd
2d11 2cd5 09c8 437d 54ca 0c7f 019c 2dd0 428d
122d 02aa 0bca 5a96 2ce2 43ea 38f4 53e7 01fd
1037 72b6 7e7b 3bde 7965 6bea 7c7f 3c5f 6be8
17db 618c 44d1 01af 37c0 0ec2 0427 2648 6a7f
3315 2900 4531 1a10 65a8 4fc0 4996 7831 2c65
1a20 269e 692b 586f 25d6 54e4 2482 4611 3355
0ab8 399c 7112 493f 6bb0 0fa2 4d14 6376 6ca3
1ae5 275e 63ad 5b66 0fe9 6cab 0360 1e19 5962
3a7d 2716 14a6 1f82 7baa 1325 2cba 1c47 3f22
048e 30a1 7db7 7dc5 6248 0ccd 0429 46bd 4b02
1d84 4029 7f6d 44f4 4a43 2228 5409 27ef 57c1
2b40 72b0 3a99 0351 3e59 6831 7857 6b0b 170b
343f 5fb3 6e2b 11ae 31db 4420 03ce 5516 0398
35ad 3e43 700b 7f33 64f1 1fbf 6b49 1e14 5f55
354b 3a1d 5e30 3fc0 4387 5f25 0ba0 4e0a 61a4
7190 0d8a 2709 7d3f 2991 583f 1764 1e71 3006
43bd 5f46 2b00 7a5c 08e2 00d6 6ac9 7fdd 7d7f
370b 3af6 2a88 2a0f 3181 3cef 2c81 2dd0 38f4 3c5f 37c0 3315 3355 399c 275e 3f22 30a1 27ef 3e59 343f 3e43 3fc0 3006 2b00
3050 1bcd 3ffc 292b 4263 3529 2192 79a9 5dfe
4d09 379e 5c38 5ee6 42da 41df 1e86 4141 2738
667f 10f8 2055 517e 7c66 043e 4759 77ca 3317
3c03 0f06 6dd2 5fd9 4b7f 116d 59a4 0639 6497
7f3c 267f 6810 6dce 63cd 61b1 60b5 6eac 11ba
3dac 7b5f 1be9 3bb1 02ea 6c6d 722a 0d12 4e39
6aa8 275b 4b86 2f22 6e87 268d 4234 09c9 1274
5a6f 581b 20b3 453b 753d 60f4 4912 7364 798d
349e 71f8 5e19 11bf 1df8 3866 55d5 7c81 5724
5c22 0872 1b7e 0070 048c 7a1e 14f4 4710 06b0
0df1 560b 3f73 0945 5f0f 39a4 78f3 790f 1ce4
1e65 327c 7d04 725a 3ae5 31ff 0957 2e9f 772e
6cf4 5bf2 25b8 4aa6 33dd 206e 59a2 21fc 1265
3ed5 1823 4165 0fa5 5d3f 4649 27db 49e1 0765
2322 7d6b 1b02 5fdb 7d64 4e6c 4c0a 44fd 78a6
1852 4590 0e0c 645a 7503 4fb0 22f4 47bd 53cf
6256 66c4 4102 641c 20de 2975 5c4d 4dc2 4fd1
1ac5 6e40 1628 014f 5331 37e8 712a 0a36 7e9b
6acc 40d2 307e 13e6 614c 2d93 6966 6457 0bdf
551c 43a0 201a 79f2 73b0 3b1e 2681 170f 38e5
3a1d 55c0 4605 7f80 1860 73cb 17a2 6a23 22fd
11af 7c3f 615e 7a49 26b3 1c6e 1f4d 62b0 4fd3
30bc 54b6 190b 0ea9 2d3c 7e88 5a78 7b82 3be1
3239 4b8e 7ce0 2c32 3098 326c 3a64 6892 3b5d
3ffc 379e 3317 3c03 267f 3dac 2f22 20b3 3866 1b7e 3f73 3ae5 33dd 3ed5 2322 22f4 2975 37e8 307e 3b1e 3a1d 26b3 3be1 3b5d
0e33 57ff 245c 72f7 653a 3c6b 3675 40ca 1335
6f24 2032 1b97 45f7 5c5e 4d17 538a 523d 7c6f
483c 7131 5466 4e12 5c4f 0d66 7e71 22b4 3e7a
628b 7267 3fc7 0f72 28bf 7f27 11df 7f03 57de
27e6 7e30 1f39 68cb 0883 1ee7 6f65 1d5e 7fb7
3a20 650a 2d1a 1188 7fc0 3bfa 0211 7dfd 1e61
5dbb 2b47 2b47 72e9 13cd 24f9 35bb 1690 5773
5b73 6a2f 4214 7673 17dc 11d1 3ad7 0cde 0f8d
1b9c 0034 581e 0b80 3769 4f3c 4170 0362 1f51
3236 6a5b 38fc 0994 442b 5b9b 6d9f 3475 101c
3915 368b 7452 7d3d 675e 66c5 2e79 5b30 5669
21a5 5c4c 5843 60e2 16d8 4560 0d70 1e52 48a8
51cc 6ad2 7639 02f2 1ac6 4678 1c86 23aa 0aa5
35c5 5176 474c 541c 36e9 0ba5 7a3e 5f4b 0b6f
7e3e 279f 62dd 72ed 5764 7eaa 0306 4b63 301b
579b 2bdb 6aeb 264c 1daf 4dc2 6e98 43a4 7b94
2cf2 019f 0c6f 0632 300a 75a5 3158 48b6 15aa
4580 7695 04ca 02e1 70b2 0a46 7012 0e4b 2539
76ec 41c1 5ee2 0808 54b9 7a11 793b 318c 6083
1e8e 4ac2 1326 06ee 6308 743e 03a2 3023 2b91
2afb 0aa7 0550 1c9a 32ad 168d 0ee8 7a77 31de
370b 7d85 60ad 2139 7df9 0b5c 7301 34a0 3d64
25eb 0dc2 6f20 792b 580d 4bf3 4ee1 671d 6f93
2d9c 2af7 69e9 0e1b 0753 6bf8 3218 6f70 4001
3c6b 2032 3e7a 3fc7 27e6 3bfa 35bb 3ad7 3769 38fc 3915 21a5 23aa 36e9 301b 2bdb 3158 2539 318c 3023 32ad 3d64 25eb 3218
5bb9 5c3e 6d41 67ac 7887 2dac 1881 62b6 2c51
036b 3373 6e44 1459 1f22 4a4a 47f0 4913 551a
0866 756a 13bb 717c 71c9 592e 524d 6840 04a5
3805 793c 50ef 7eab 7c01 5e99 2559 11b5 1f7f
15ee 37de 781d 0e93 2d38 7fec 7fa3 700e 40f7
58ab 166b 6798 2ad3 75d9 12ad 1ec3 786a 1054
2044 0495 00b4 1c1e 0da6 265b 5c4b 7fc0 4ad0
4348 3b79 5700 2327 7a97 14da 4c25 3421 558b
5ca3 0dda 1d46 6384 4c0f 5b4e 7f1f 2fa3 26df
0404 7d3c 5dfb 5d0c 4b6d 1124 633d 5988 2cce
3b1c 521f 03fa 5492 1b34 6265 5437 7083 4e41
52e4 3af0 230b 6c8e 2c55 667c 6ff2 0395 1c8a
0733 5569 34a8 0316 6cc9 6359 331c 4d49 4cc4
1567 6851 4b70 5a18 2ed6 0262 44f9 7e61 72a2
51c9 6184 0075 0ec6 5f9e 45c8 4ce7 6fa6 2a44
49cd 46a3 3453 5c92 2b8a 76fb 5bce 36aa 475f
0c8b 6feb 112f 5331 3eb2 5e27 23ad 5a8e 5dae
17d3 6cca 5096 3655 0937 2b3e 2777 2578 02c2
12ca 3c07 5466 5cad 6d3c 6533 39d5 1197 14d7
4198 5ef8 1ba6 5c1a 1ae9 0d02 285f 4def 77f3
46a1 64c9 5adc 27fa 3fa3 4b8f 104c 0b88 7479
2885 2d12 732b 68d5 5733 3b97 2955 0517 01e1
25e2 4229 40f9 7b7c 7b6f 1d6d 38fa 5f25 4f6e
0f19 506a 1100 4dca 00a8 4adc 749e 5311 16e1
2dac 3373 13bb 3805 37de 2ad3 265b 3b79 2fa3 2cce 3b1c 3af0 34a8 2ed6 2a44 36aa 3eb2 3655 3c07 285f 3fa3 3b97 38fa 16e1
5c68 513b 5711 7608 4771 32ef 2c06 6fbb 365a
2a9e 1771 67f0 6ad8 4e63 0f13 0a1c 380c 3608
5932 2b80 5938 2f02 4c04 58b7 1fb0 5471 2c55
65b4 4184 4186 2862 7f1a 4da0 277a 6d3d 5f36
0ad9 7f61 21cf 4495 36e8 2399 4ba4 0864 1e29
4ecb 3408 492e 2af9 1581 4d4b 00af 7395 2852
1db1 35ff 01f6 3397 4cd6 64fe 437f 326d 14bf
052c 0e36 4bb6 7720 4126 5929 7f67 4b50 03ee
1a80 19d3 5d6a 57ec 4f51 61b6 2b86 1715 4373
03a4 0440 1d09 4874 7ec3 0723 36c5 146f 4158
47cb 706d 76e7 29c9 4f3d 2cc9 180a 666e 4878
159d 1a92 07b7 72c0 3aa4 62fd 64a2 2770 0b8f
0096 4bed 63ce 1b07 7df0 5315 19f5 2627 16c5
3937 4b71 1047 3763 4937 65ef 2179 4913 1d8e
14ed 0c22 3fb5 6c40 65c2 6f08 29bb 4fbe 272f
57a9 39ec 4f72 6662 0758 0b2a 6809 02b1 6e21
1851 635a 31ec 0281 784b 01b2 2a96 53df 5323
0e35 63bd 0a8d 2a7a 25f2 76ca 7038 196a 5537
62b5 0052 08f1 440b 2ce2 1ebd 384c 110f 4e6f
191e 7870 29cf 4e64 7029 4c1b 2e59 43e6 5e66
284c 5445 77ca 31ff 1631 2485 4f21 0e76 5403
11ce 6716 682b 17e1 5ad8 065f 6b2c 220f 492a
750f 439a 054e 1905 1cf8 2853 1016 3463 5f5f
0ee1 6b8d 18eb 619d 29f9 203c 1bc7 6d8a 67a7
365a 380c 2f02 2862 36e8 3408 35ff 0e36 2b86 36c5 2cc9 3aa4 2627 3937 3fb5 39ec 31ec 2a7a 384c 2e59 31ff 220f 3463 29f9
10a2 4072 463e 0099 44bb 234d 4258 4988 77d2
4f60 5135 7041 6f6c 5f17 570c 319f 17bf 21d5
6ee5 1fe5 71b4 43e1 6915 7aeb 313a 0e82 1138
2e9c 5bd4 5db2 767e 4688 67a9 0264 1de7 4053
09fc 256c 64bc 4506 1668 1e6d 799b 6a04 792d
1834 41d6 7a77 2a2e 68ef 283e 4b8c 10bc 7ed2
2193 4c53 0bf6 0789 47ba 4690 0724 5709 0454
776a 6e11 6226 7384 35bc 4818 5174 245f 0f2c
0b7a 48a6 227f 2d36 3dde 5ba1 79c2 1c23 2584
020f 7115 36ae 4f03 2dc7 7f94 62ea 438e 1653
1ad6 24a1 5e92 5f20 6b46 43b6 61d8 3f5a 49c1
5814 3502 37af 17c9 6569 3734 2238 739f 64d7
0f34 27f6 0bd9 1c5d 11d2 2aa0 4664 6ca7 4c55
5eca 35db 04ed 1520 4231 68b4 6cd3 621d 4523
1213 7e52 2e4b 49bd 5c08 3685 316b 62a3 2619
79b7 23f9 4500 62ce 3aa5 727c 5c00 4e0a 6c05
1bd7 2480 6dbd 40ec 7ca6 3cbb 2ad3 5b9a 301b
196c 6280 6bd7 3460 5359 1e60 2065 7a00 1eb8
3d01 416f 283e 1d33 7268 075f 0cc2 1110 3b5f
7346 69c4 3a91 0b8a 236d 70d3 3700 3247 10a0
0c86 4ff0 6b09 4538 5392 1490 456f 6ab8 6a76
7ea9 6615 6105 262e 3aa5 0bee 3c5a 4e18 736d
2990 7514 47c4 14ae 2324 6bbe 62ad 2404 266e
4024 2d7c 3277 5738 7e66 5c43 40be 4504 55d6
234d 319f 313a 2e9c 256c 2a2e 2193 35bc 3dde 36ae 3f5a 37af 2aa0 35db 3685 3aa5 3cbb 3460 3d01 3a91 1490 3c5a 2990 3277
209b 4708 7810 23aa 00fc 46dd 6eff 7e36 0a7d
0402 1f30 643c 586b 1076 5d5f 027c 2994 0c05
5da0 0c5d 1c4d 45ae 7017 6e2c 3f8d 0aa8 4c4e
3d26 784d 06d0 3356 37e1 15f2 3816 6ea1 152b
29fe 5b41 2f1b 6a8c 20ed 6230 388b 3d1a 5242
3e2c 6b8c 1d31 666d 10b1 0f9f 0946 79da 4b4d
129b 4715 0fe8 12bc 318e 16d4 0d59 6075 65b0
5d0a 4926 030e 0415 029f 59b6 3df7 6271 2583
1ea5 56cc 426d 6442 4f7a 2007 1ef5 5f85 538f
6530 3649 34f1 5115 76d2 0256 77c0 449a 0c46
55d5 7dea 0273 0dd7 5c57 5fc8 25a7 1996 173b
5377 3783 41b4 4408 5859 5c04 3fd7 04be 1b80
0080 6b30 0b37 14ea 515e 506a 261e 1971 6ecb
1502 4aef 00d1 1890 719d 3a2f 76fd 7d08 0d21
7dec 6041 07d9 0e04 3043 716c 0433 6abd 49e6
0c9a 683d 62be 2b8b 23a2 7f0c 4dc8 6d1f 2b14
3b6b 6954 1239 2000 1219 30fe 05a7 736c 6fa7
02f6 6083 6aca 612c 1c21 50ab 44e8 72d4 7e6b
209e 66e6 529a 2dbb 0e6e 3c3d 789a 3198 1585
2deb 56db 3813 2cff 2069 6f55 58f9 1d25 64bd
4cca 7dac 2671 7c49 754d 09eb 5f7d 4002 4bde
2c96 30ef 0d7d 79e7 0aaa 3854 4a03 7504 0d70
1f3f 4514 2a76 0487 0051 2ae5 16e3 0591 653a
4a5d 322b 0e7b 14ce 6c0f 3298 0947 4bb4 09fc
23aa 2994 3f8d 3d26 3d1a 3e2c 318e 3df7 2007 3649 25a7 3fd7 261e 3a2f 3043 2b8b 3b6b 1c21 3c3d 3813 2671 3854 2ae5 3298
7aea 4aea 3aa2 272a 4614 0cfb 3a3b 4f49 56b0
07a3 65ab 4697 56e5 05e7 717f 4c13 6a30 5a96
571e 3b8b 1ac7 03db 1b51 45f2 494a 6254 75e6
3d0c 7105 10e2 6b90 2d87 2202 20cc 791d 7927
3f59 0ad7 0ca0 23a3 2a75 2952 2213 2108 4d50
49bb 3781 15a4 7926 7f07 23a5 40c7 120a 1500
045f 1440 3b0a 70fd 3bdc 4b0e 2b8e 1fed 625d
2b8b 2d8d 1853 386f 66fa 4a1b 37c2 5932 6701
4f79 2868 6cfd 267b 706a 0282 3ed7 0464 3023
64c2 3ab3 71ea 4a94 70f2 021a 7df8 3e55 37a1
7a24 5b29 3485 6ff5 01e7 6739 31c4 027d 6039
5db4 3f60 0437 4ea1 1fe2 2d0a 38fa 4f5e 0bc7
128b 2026 7a64 1698 07ea 6b8c 41f8 5e7f 6e48
229e 7950 5a21 6416 2d36 162b 584c 5c1f 7c41
2fa3 6a65 50ea 348c 6adb 2abc 1a1e 165e 2195
13af 0a91 1a8f 45a4 5c21 52fb 5dd7 555c 73bd
798a 7e92 4c7d 1983 3bd6 20a9 3a3b 242b 6b4c
3987 6839 53f4 492e 513e 24c7 0ca7 2d0e 7a77
2019 0064 337d 1826 78d9 1122 25ae 0a93 1782
0820 083e 465e 15c6 6d9a 3e2d 45b8 7289 45ea
02bc 707e 79e1 71eb 3180 595c 4741 255b 0f87
5109 527a 3c2c 5e05 3909 4555 756d 4420 11da
38dc 2039 40ea 37e1 040d 3184 579c 76bc 69bc
73d6 0241 4a4c 2453 0a71 427f 539f 132a 37bd
3aa2 07a3 3b8b 3d0c 3f59 3781 3bdc 386f 3ed7 3e55 3485 3f60 2026 2d36 348c 1a8f 3bd6 3987 337d 3e2d 3180 3c2c 38dc 37bd
6d75 1c6c 5fa4 70e5 5c9c 457a 3a1b 1ecb 5b78
09be 287c 02c8 01de 6907 12dc 3321 1e4c 7d5c
2542 4318 53df 515f 6101 7dc2 0f57 6c80 61b8
4263 3636 5e32 495c 4375 2105 4b42 55ff 0b1f
526b 634f 110c 3ba7 7f9b 65f7 1495 4127 4ab5
444d 206b 03bf 4ff7 3920 46b8 74ba 0e78 3c6f
7ccb 6137 1305 2d04 47ba 57b0 4da2 63ec 57bf
1ecf 2d20 4cbc 5bcb 202f 3124 3782 542b 1231
6f23 01a9 29f5 0ca2 137e 2fc6 0d65 6d4d 4513
273a 744a 177f 5a21 638d 2861 6405 0bd9 1c8d
30ed 2f1d 2059 0cfd 17b1 0616 6e88 1e6f 51b7
4f4d 4673 7d86 4863 484d 0d0f 3f88 524f 131a
4d56 2f6e 437d 76cc 71cb 45b8 2af9 03ab 4d56
0625 1371 2b6e 015f 269f 3744 13c7 1c8b 3c51
0d87 4d03 2529 75f9 3da3 4062 488b 4a1c 10c7
20fd 55c9 00f4 04e2 5817 4f88 2ac0 29c0 4c36
6763 4bee 5b64 057b 0d92 5dea 2c9f 74dc 3e14
0348 1d68 63c2 1660 13f6 06bc 3422 0ea9 4511
7819 322e 357d 2ac1 0553 600a 204b 1d6c 3e99
6db2 046d 49b8 41c4 6597 4d9a 154d 4675 12b9
5c38 039f 4233 353a 6518 1e9b 4ef5 2a50 10ca
5c08 1dc3 6012 4f0c 012d 487d 4e86 00f6 6470
591f 4542 5769 1859 7335 1199 6c1d 15d4 3741
6a31 3dd0 3b59 3d81 1760 69d1 7028 260d 1a7f
3a1b 3321 2542 3636 3ba7 3c6f 2d04 3782 2fc6 2861 30ed 3f88 2f6e 3c51 3da3 2ac0 3e14 3422 3e99 154d 353a 1dc3 3741 3dd0
352e 407c 1c03 4ded 72ee 65ed 6219 46c0 11cc
37a8 5a7d 0614 6131 353e 76c0 0041 67ff 5822
05a9 13b4 4784 2294 33e1 6e9b 3fa4 15c5 4b9c
6f15 0da3 409d 0e83 444f 3c59 2d40 295a 3f7f
3f07 6a8c 337a 631b 13b2 78b4 2bc7 6a98 249f
6ecb 13eb 011d 2182 6a61 4c22 538c 02e2 147a
017b 56f4 109d 6606 57eb 53ca 1153 53f2 3258
57f5 72e3 1652 4053 18ce 662f 1ea9 0074 1ba5
7498 2968 2635 3b53 3cdb 73b0 610b 128e 61c8
5453 0bf0 0f55 100c 7b2d 450c 6749 3f2c 1c97
6450 3ad6 79f9 1a9e 08a7 19a2 2fec 6a53 17ec
17fa 46c2 1ac6 6175 246a 1774 15f4 2ecc 2fcb
7ffc 2b17 6f50 6332 4fe1 7126 3aed 17f6 34e9
7518 74b7 212d 6491 1baa 7265 7b2f 2812 66af
2415 5446 0ce2 0a69 18b3 2674 439c 5810 1830
4053 378f 6177 3650 0040 3d2d 1a6a 11a3 6579
007e 4aa0 201e 25e3 3423 08e1 6199 7db3 60b2
48e7 2587 09b6 5049 5548 5303 4c93 57a3 2e8e
0cd5 3350 23b3 399f 1275 1be1 1046 2b2d 09f4
6f9c 1e44 444f 7c0e 19c6 5f3b 2ec9 1ece 5037
6eb5 4685 3672 250c 5e9e 6f08 2a29 680c 37f6
0df9 1194 3fef 7b30 3b27 20af 2cdf 01d7 2dc4
4b4e 0c74 7003 6852 7459 0e89 0a47 3472 2a8e
1771 3195 4035 56cb 0c04 53e7 1ff8 136e 6693
352e 37a8 3fa4 3f7f 3f07 2182 3258 1ea9 3cdb 3f2c 3ad6 2fcb 3aed 2812 2674 3d2d 3423 2e8e 399f 2ec9 37f6 3fef 3472 3195
5fa7 2a7c 0e56 1e35 674e 1bce 1aa6 0a26 65b9
0c10 6962 4286 4757 1745 4586 0231 6b97 6caa
6163 4326 2b3a 52cc 4e77 2c95 72ee 6254 76b1
175e 20f2 08c9 577f 7e20 0e44 7a1c 3ab1 18e4
5914 5571 2e25 3dbb 17ac 2e7b 2fd8 2520 6bc3
16e9 7336 4224 02b9 3903 1cf2 7f3b 1850 11d5
380b 7e77 361c 2150 6661 205a 71f6 4091 39ef
217d 3ab0 16c8 14de 619a 7792 4703 4244 24a5
2197 6812 14fa 3d3b 461b 4e4b 6237 6c4f 3e1f
394a 6f10 03c1 6b2e 1f44 3e16 63ad 7dee 27f7
6c6c 3292 1294 542e 3f36 5c40 504c 0241 76b0
2dcc 5c80 6491 4a16 3b38 1935 220c 1600 28c3
3092 242d 526d 2fdf 7870 2a2a 199f 17fa 4f82
3354 7548 2304 71df 0f9b 54e6 1ac8 7303 580a
5813 5bee 28cb 7092 5667 2523 62b7 772c 2fa0
05c4 64b1 166f 4bab 1045 1d45 4c52 5bef 6a0d
1375 7a3c 5937 6cc0 2a81 4bbe 3e62 4bad 0596
0eb4 209f 4ee9 47a5 17bf 5d0a 3d53 0be2 215d
6405 41a1 5752 30ce 4a97 4e50 68f7 04fb 63c7
01bb 7aef 0eda 70d4 4400 3ebb 5d77 12ed 559f
5562 15f4 2db1 228f 5f1d 2d3e 18a0 2446 5f4d
0254 58f9 16f0 46f6 7f62 69cb 1f2a 6cd5 5ffd
22a9 4071 58fa 75fd 57e6 7855 1825 3dc1 3dea
744f 5910 3bf3 02a6 56e7 1d89 7215 575a 06a6
2a7c 1745 2c95 3ab1 3dbb 3903 39ef 3ab0 3e1f 3e16 3f36 3b38 3092 3354 2fa0 1d45 3e62 3d53 30ce 3ebb 2db1 1f2a 3dea 3bf3
0348 0ec1 2a86 5fad 3c6f 72ed 319d 1dd2 0d9c
7b71 69b8 689f 475a 0a10 3fdc 02a4 7e67 2f4c
1b95 5438 498e 19eb 6439 6e3f 4882 732f 009f
163c 405f 7071 4539 7ab0 6523 0226 4c13 6c64
2c6d 2163 7425 3c8d 4d4b 3404 6b4b 3d2a 1a42
1d19 07cb 689d 3739 77f3 7d8f 642c 1030 4705
1145 2a2b 14df 5a52 0ca6 7a0a 248f 035b 5164
7de5 0b70 7719 45cd 0b89 16cb 347e 1544 7c90
6de2 7cd0 69cd 5b6b 14d8 31ca 0073 00c2 51b6
5b13 03f3 6d1c 0681 18e7 3ed1 64e2 7395 4dfb
58d8 741c 36f6 2eb4 1688 24b1 0fe1 167e 729c
5cc0 2b07 4a89 0888 1fa7 35a2 118f 5328 25cf
251c 59f2 48d8 2f9b 085e 0f3a 7591 0e1e 1e4d
6f35 18f1 3570 3d06 3303 5eca 3dc7 757d 5789
081e 4c4d 1989 4861 5cc6 3923 6838 67c1 4baf
6018 2815 1150 18c8 2e04 583e 6607 4619 4971
2613 476f 6636 519c 29be 715b 3aee 74f7 1ad7
0546 4332 538b 472a 0ab3 0376 2666 18cd 408b
45b7 0f56 5be2 3c3a 5cfa 661f 5c76 1660 72c8
7d1b 6804 4eb9 3a5b 28bb 5bd6 0dec 751c 1d11
745b 4e8a 7655 3efd 4a77 06cd 5ba6 4e0f 35f1
4534 5c32 6bcb 6a45 356b 33db 6fef 701d 5b73
1abd 6562 6339 0d93 2c91 5738 596e 0349 6dbd
2acb 0d5f 4807 0831 0de1 79b9 258d 4ec6 338e
3c6f 3fdc 1b95 163c 3d2a 3739 2a2b 347e 31ca 3ed1 36f6 35a2 2f9b 3dc7 3923 2e04 3aee 2666 3c3a 3a5b 3efd 356b 2c91 338e
6079 187d 374c 2cdd 7e3d 68ae 6f8c 6406 0cda
278b 7b45 3c3f 477d 2436 2880 6835 14d9 4f1e
7a1f 3d43 040e 6dfe 12f6 289a 6c13 50d9 5559
30a6 4020 7742 284a 743f 434b 6dde 464e 6cc6
19b0 739e 55ed 38ef 37c8 4bc9 44a8 1dfc 28de
4fb0 7223 02c8 73f3 5340 68dc 17b9 594c 6722
13f3 6759 6b6d 7f50 63dd 69a7 2138 51ac 2688
7502 2171 7aed 0be1 0a62 176d 4308 4255 7e41
0828 4cf0 298b 3ffb 446f 6134 7440 2e9d 6866
509e 24f7 21fb 670a 1070 3734 600c 36e3 0b33
53d3 5aab 7777 1f10 489c 38a9 2436 56cb 7f16
7ec2 4fa9 0a97 4be7 4337 3270 6b90 1423 2a20
7816 4d66 5ed9 171c 55aa 42b7 38b1 1240 6060
393c 0244 04b5 718c 542f 5989 03b2 2a0d 11d6
6dc7 1ecb 13f9 510a 3164 3b1e 6387 397b 6c2e
76cc 1c1e 1ecf 2490 17b6 4078 1e85 07dd 082a
4827 1ab6 30ab 7873 0ce7 5143 55aa 7b6d 1271
4b58 42b4 6e3c 7be2 5748 0ecd 53f5 6526 555f
33fa 3a0a 25d0 2d11 39c0 4837 12a7 4d31 7c56
1267 365c 14bd 2ce6 0035 5527 2363 47e5 49b1
6962 07d1 24b9 16ef 7516 63ad 3502 4d92 0f82
1634 05ad 509e 1dce 0c00 09fe 2011 447d 6c68
601f 0f94 01a7 161b 5d29 70a4 7c6e 1acb 5146
4cce 7b14 6127 6b56 5e6a 34e8 4051 61e8 590f
374c 3c3f 3d43 30a6 38ef 17b9 2688 2171 3ffb 3734 38a9 3270 38b1 393c 3b1e 2490 30ab 0ecd 3a0a 365c 3502 2011 1acb 34e8
7f35 0b65 63e0 44b9 0e0e 0a08 12a0 2f02 601a
3b67 336e 62a3 4247 7f00 532d 75dd 3522 5889
7a01 7567 1b7c 58ff 3cde 73f5 6a0a 6ee9 23e2
506b 0e82 7188 11e2 1961 248e 2ede 73d4 5533
12e3 5961 0af5 48e4 77b4 61e1 4e5f 231b 15d0
686c 66ec 7bb9 056c 6a41 16de 1989 21f4 5313
2f51 3d4a 16a9 0ade 421c 4be0 7140 1125 4e29
7a68 0108 5959 0f28 5c4e 25cb 5894 6635 1b19
0070 4390 3bb6 6f30 0ce0 61b6 6c84 424b 3bc0
2d05 1805 04d1 2702 5667 20f6 4d78 3504 499d
287f 5929 6613 624f 432a 61fe 5c6f 6c4f 4897
1c8c 3011 4648 03ef 0ad2 02b6 1d23 0caf 5290
5069 756e 464c 32bc 308a 077e 6f21 4968 0336
73ea 52fe 5867 3dac 19f9 098f 372f 3acc 739b
3e13 50c5 0738 6451 4b8c 06f7 323c 1a98 4e4c
1bf9 0923 2687 3220 26b6 3bad 1416 1054 1ccf
07a8 33ca 6137 1c0a 6810 511f 0e64 703a 6579
75c2 7e4c 57cb 1a15 2726 5fe8 2d99 6511 7e80
5bbc 0a61 0216 448a 75eb 1e75 5580 7a8e 7e9e
7484 128e 7777 1f36 22bf 51d0 1ff2 406a 6592
4a81 7b4a 2590 1e7e 132d 0938 4203 370b 64b0
6cf4 7256 0e98 6ef1 6dc8 43f6 1e63 621c 33f0
0e64 7ecd 5d45 4db4 103c 0005 423f 1408 4512
763e 1882 3ad6 18ed 5e54 1253 7292 61ea 6266
2f02 3b67 3cde 2ede 231b 21f4 3d4a 25cb 3bc0 3504 287f 3011 32bc 3dac 3e13 3bad 33ca 2d99 1e75 22bf 370b 33f0 1408 3ad6
30eb 36ac 307a 72d1 77ae 6bc0 2a8d 2fd1 7c74
302e 2255 6bb1 2e8c 3273 2c8b 442d 7bb5 69ee
10a7 44cd 3a43 001f 118e 219d 38ab 1a78 0ed2
33ee 6a1a 3b12 1862 3f4f 1340 182c 5f9c 72ef
5eb0 3763 2eb4 2c48 4a4e 5a9b 1ce3 4606 702e
7bf5 44fc 099f 0583 74c9 7336 2a77 2c92 1c46
5b62 5294 66ac 576f 2572 1035 4919 43d7 73e1
2839 6426 5a0f 00d1 2a25 39a4 20a0 2b3f 2de7
6f38 4805 02e1 171e 5465 3f05 2240 036d 2296
191f 6838 0cb1 255e 6bb3 5601 45cd 7550 655f
4329 01c9 19b5 7572 66c6 724c 2485 28b2 3f93
5e45 7e81 199b 2b5c 4ca4 1a0f 7f18 0365 720b
1c8d 4f78 4db3 7cce 230b 3105 3f91 6ffd 1a4a
6cc4 6868 5ee4 7c33 741e 61b7 3a9f 0e07 012e
3b7a 5f60 7f21 4335 66fd 4dac 726a 6f3a 0332
6aeb 382f 1d1f 7759 5b2b 749f 260b 3586 435a
37b8 43a5 1f43 5ae5 7cd0 6cff 2a41 0658 1d16
3497 03ce 461a 0004 37c5 5c77 1d1f 0f05 7f60
7cbb 75ba 27b1 2cdc 2b94 2588 55be 6c2b 6d7b
74bf 24d3 0845 5a7d 265a 02ee 6d60 31bf 452a
78c7 0de5 2cb5 7d97 2beb 0887 3beb 2e37 72bc
4aff 22dd 52a0 0b2c 2965 110c 72b1 6950 4d4c
22a1 358b 0771 7c53 4a0a 2e3a 2769 2a06 789e
3ec4 2638 78ab 377f 3a20 27eb 4ac9 1c9c 011c
36ac 3273 3a43 3f4f 3763 2c92 2572 39a4 3f05 255e 3f93 2b5c 3f91 3a9f 3b7a 382f 37b8 37c5 2cdc 31bf 3beb 2965 358b 3ec4
6cc3 04d6 038f 35ad 6e63 182a 4b63 44c2 113f
3400 6c9b 392b 61bd 05d5 5c2d 7e01 5587 4fd1
27f0 25f3 4521 43d2 7da6 353e 7198 11c3 2e80
0b87 1530 3909 7441 3908 57ef 79c9 59d1 0fb2
24db 7564 4453 623e 51d8 4d7b 5506 2cfa 3828
34e9 3de1 2755 009d 1039 3466 2f15 6512 4622
5cf7 6f6c 508c 5941 5f24 5969 2ebc 2f6c 7c75
3241 3df5 3362 5a20 6636 2733 5589 42b8 6f40
5eb9 3525 2915 00ea 7e86 22e2 2e9f 0df7 3d04
11f9 4e5f 7ff6 12ec 072c 79bd 4155 580d 727b
0cc5 1b18 45b5 2f36 202d 3a3c 1819 5af9 4f1c
5ebd 1718 570f 1c77 28b7 496e 28b6 6c00 7100
1b5c 05da 376f 5a89 6b08 0ee3 1ecb 56be 197b
1348 6a3d 7b3b 60d6 1166 522d 1ae0 47ee 58fd
4563 4db7 2bf9 0d8a 155a 0d53 7525 3efd 697f
1d5b 71f6 48be 0779 1b5d 2b4e 599c 50e9 32fb
2aea 20ad 41f7 22b2 5c1c 04cf 120c 7033 79fd
4ac5 6b67 56e5 6c4a 53d2 4143 45fb 402b 34f4
2e5c 4920 5456 700b 7098 526d 56c4 6af7 4582
3ee4 2a81 0a24 65f0 568d 267c 4450 17db 7ecc
4004 7e6c 0992 61e2 7967 2e63 5877 25ee 34a2
2235 1147 4735 31c8 6ae0 1888 34b2 2842 4235
6760 3ec4 18ed 7d20 18c5 7281 43f3 4fe4 6db7
0a4b 71c9 409c 49ee 7557 7e71 17b0 6ea5 41a4
35ad 392b 353e 3909 3828 3de1 2f6c 3df5 3d04 12ec 3a3c 28b7 376f 1ae0 3efd 32fb 2aea 34f4 2e5c 3ee4 34a2 34b2 3ec4 17b0
6c26 0782 6493 1f34 2469 39fb 343d 32bf 69b2
64d7 2c05 217f 5b23 0a4b 66eb 31dd 6d50 18da
4a5c 42c8 0017 38cc 31ba 4c1e 1174 6f6e 386d
25da 212f 6220 6e1d 7782 2cf2 44d7 526b 13b8
73f8 3798 4e68 4305 57d6 32ad 2a72 5421 7ada
3b3c 0e32 3dc7 31e6 7ce4 4500 3bfb 571d 0722
2324 4154 7f7f 7cba 4783 4028 0e06 3100 370c
7260 7e27 3d45 5136 1056 682a 5f88 0747 42f1
32cb 0d8d 4ecf 2cb8 23ff 2604 7953 0055 3075
7e09 29ad 0800 1d2c 6e52 73a1 0489 7279 47d6
26b8 3dc0 1b70 4aad 3fa4 65c3 7f75 1b06 0236
0114 4c8d 7095 0199 1bbd 74b1 7491 58bf 5269
668a 4d67 59c8 58d2 3595 7310 290d 0c94 433b
62ff 4ef7 3b5a 37ac 2f88 4805 279f 2394 32ff
3c1e 1f58 7dd4 4f57 364e 0b6c 4668 36f1 4c30
1981 1ee8 739d 781a 65eb 7ddb 1b38 2f42 4007
6cce 2c52 6d95 5696 462b 1ec1 4234 5c18 187d
3f67 276f 2029 5d64 449a 2f58 3a21 08f9 0f59
30bd 4ae6 2a14 4261 3ba3 59a2 0c3c 6c25 561d
4c94 4573 1f6b 0bf2 5538 4f60 7351 1082 2337
0293 066e 0e8b 5f76 64c0 5d7c 01d5 4936 0053
798a 04dd 322b 7a86 5d9c 01a0 3aec 7bd6 4b30
5e13 4246 4b2a 5981 248c 1fa1 356a 6167 3200
4fa2 781a 3abd 3231 20a8 1078 4360 2472 7ba3
39fb 31dd 38cc 2cf2 3798 3dc7 370c 3d45 32cb 29ad 3fa4 1bbd 3595 3b5a 3c1e 2f42 2c52 3f67 3ba3 2337 0e8b 3aec 356a 3abd
0c2f 7749 0ee7 4c80 7bee 67a2 5b15 1873 2351
4105 337d 08df 152b 6dec 6ee8 34aa 6b68 3b8a
3ed9 4cb2 6180 53d3 57c4 6c89 38d9 1a5a 589d
16ec 672e 79cd 2a0e 6f00 1366 71e0 3092 207a
403e 44ef 6472 6a56 0b1a 35fd 4ab9 7e92 6ef1
21c6 59c4 3541 6950 0b27 4e3f 0b31 6c78 397c
1ad1 3d17 35ca 2a2c 404d 795c 59ca 5b31 5672
0869 0a71 1513 7baf 123a 6f9f 01da 458f 44c0
6e66 4a66 7584 0987 3500 2a7c 0e02 6db7 4470
6c97 3a19 256b 54b6 09ae 0b68 4152 4bb3 038d
4e2a 78bb 136a 17f3 0f8e 0398 1680 40ff 4c20
0961 55ad 4b52 7edf 4e73 0851 033f 2874 1f1c
2c32 252a 7a08 116d 664c 44ed 5461 20a3 29ab
31ff 3211 6a21 3160 3b07 3f8e 3845 75cd 5f1d
53f6 7d5d 057c 1c46 782b 222d 1120 0ab3 47d7
6bcf 73bb 5367 4f59 1198 774d 26d1 4b82 506d
5771 41d0 456a 6b67 605c 0a40 562d 6394 61c1
2d7b 04f6 361c 522f 7956 7f1a 20ee 029e 65ab
5b07 578a 032c 02f8 6f06 0922 2913 3903 41a3
15f9 6af6 40eb 6ade 2c18 7f11 7a09 325e 3cc7
6133 1f20 5e34 5f49 4205 60c4 6158 2c3d 7723
3318 748c 6d5e 2bab 7320 3001 7791 0fc0 3089
511b 2a48 2ba1 3cb4 55af 7e22 22a3 1f66 2cb1
6bf9 2536 2b23 68da 3840 5bf7 72dd 2db1 4dd5
2351 3b8a 3ed9 3092 35fd 397c 3d17 1513 3500 3a19 17f3 2874 2c32 3f8e 222d 26d1 0a40 361c 3903 3cc7 2c3d 3318 3cb4 3840
4e8c 4bcf 385c 5e9f 0a1f 5b55 27b3 1234 285e
45f1 4245 0ba2 2f5c 716a 16d1 3e12 584e 55a2
4779 3924 77de 4ff8 0197 4e4f 70c7 4d15 0864
28a9 6a4e 0172 287e 7150 34ab 01e6 44ea 4f58
75c5 7cf1 066d 0bd9 4cf2 1211 702d 603f 3682
0aa9 0df6 65bf 622a 214c 205d 1fe7 713c 30f6
02a1 7226 0fcd 6b47 47de 7cef 72dc 386b 4ba6
1446 591c 00be 0ca1 23b2 62ea 503f 745a 04fc
4bc6 3903 4a60 5fb8 6a0f 0f96 01ea 1638 7edd
57e5 6d8e 2479 1a52 790e 6507 1d4c 53e2 10b0
021f 2711 2590 1805 4591 0f3d 1902 69fb 6bd0
303f 755d 5092 718d 147b 14d3 3d1a 574c 3308
4cca 6165 2922 53c2 045c 7017 7a48 1d6b 1285
3c1a 4649 42e9 6813 4dde 27ca 6e34 57b2 43f4
1499 6704 18af 3656 3037 5eab 6ed9 7705 7ec9
239c 62e4 43d0 4e31 08ee 5dc3 389f 6a47 0880
1d9b 3cfc 6bfd 5cf2 4593 7ba3 1410 63b2 657a
3704 7f4b 5107 05d7 6a55 4bb7 0aa3 39fe 6cc1
3d36 584b 69d9 6142 08fd 701e 656d 5486 3a37
243c 1be6 155c 48b0 2213 039f 4493 4148 4693
6582 3725 0362 1eac 2329 27e5 2957 6094 55ef
0935 79b4 74cb 6a78 4f31 6555 566b 3d0f 5a03
5237 1a80 5489 50b4 482f 5cec 5585 3ea6 7114
4e2a 4734 4b19 06f6 64f2 5d23 3f95 2cf5 2376
385c 3e12 3924 34ab 3682 30f6 386b 23b2 3903 2479 2711 3d1a 2922 3c1a 3656 389f 3cfc 39fe 3d36 243c 3725 3d0f 3ea6 3f95
3a8c 60d1 3589 1f7e 51e6 4884 4bb1 27a8 1001
0a9f 4378 2d15 64ff 2b0c 7ac0 01b1 2278 296d
6c86 7656 0dae 13a0 7004 527e 71f4 73b4 39e6
6791 0e36 54bb 4427 0ebf 1f4a 691e 042c 07b0
35dd 6ce3 41aa 5526 372a 760b 0009 05c9 6261
6840 1f06 5006 46b0 08d5 0f95 67ac 74b9 26c2
619e 2c50 29d2 5ae4 4d6b 0c33 7c93 2087 1406
7e78 268a 7c33 2ce8 71d4 3a4b 4835 2343 0744
316a 34b1 071d 026a 31ee 76a8 7c31 718e 18de
0015 3141 5c6d 221b 14d6 3b3a 26d9 3580 70dd
1804 52ea 78f8 18c5 1649 7cab 0a26 1ddc 5e66
56fa 1f27 5136 56df 1ce3 2f60 6e49 7fd5 597a
5f5d 2164 2879 6677 6d30 79b2 0867 7e23 7ac6
7274 57ad 1150 2dd1 34bd 0c04 1799 7646 5ec8
0072 393a 55b5 7cf3 6512 0861 0661 3025 0c18
556d 1439 209a 601d 3570 6624 5ca3 3ecd 4f7a
02de 58fd 77dd 286c 4f95 1749 1137 6705 70b4
76f7 1b26 6426 310e 098f 58e0 75c0 4f63 248c
0ad0 2573 5d78 0133 3621 3ae9 2e45 2565 4911
057c 7c0e 16d6 51ba 778f 1127 1409 53ce 3910
4a11 7bec 63b4 1b06 1a9d 2c6e 6331 60cb 4c09
77b9 583d 0024 0982 5bfa 40c5 7543 1bf6 35d4
26fd 6bf7 7ad2 0ed2 283f 0e35 0198 5964 480f
2c9c 20d0 086f 30f8 2f4b 1407 655b 0a4d 752e
3a8c 2d15 39e6 1f4a 372a 26c2 2c50 3a4b 34b1 3b3a 1ddc 2f60 2879 34bd 393a 3ecd 286c 310e 3ae9 3910 2c6e 35d4 283f 30f8
043a 18d0 23a5 34d3 26dd 561c 3343 0122 248e
5671 0815 3f66 73c1 5532 2aa5 09b9 5c6c 7639
11bd 7321 198e 7b88 1220 10a6 271e 5f55 5de2
4cfc 0bcf 0974 6a1a 3d2f 3d4c 4841 3a7d 6493
172b 0edc 73a0 6de7 280b 7916 1934 14aa 2ea5
7f79 1f32 1967 01b5 1592 59a1 6044 4a18 6b6a
6225 4e89 6d25 0275 1d4e 40df 2602 3822 0f25
556d 3e97 12d9 3d51 61ce 67b3 4730 0c3e 2e8f
55b7 5e37 1f7f 5039 3d36 6f71 1a95 7055 4004
48d0 4e33 3e36 7225 20fc 24ef 641b 090d 449d
5376 13b9 398b 68ff 11f7 29c7 2849 6c62 64fe
3988 356f 0735 4ea8 1cc7 3b28 5ab1 4cf6 20fb
46ca 0182 2d7c 5ac1 6afb 067f 3246 48bf 2afc
0eaf 604f 4fcf 3485 47d2 137e 118e 65db 26c4
678c 0595 7ced 439d 39b2 47bd 4651 1048 7270
4b04 10fa 375a 59a1 7780 33ea 0576 7c7b 1091
52db 48ef 79f3 2d2f 3678 5d15 6d95 4dbb 073c
4d71 51bd 4b1f 0a42 693c 3966 0cab 7cd7 0fb0
5bd1 0081 3638 0bfd 5f90 12bd 5f70 59de 426d
7d7d 7ccf 554e 5b58 7dfa 07dc 17dc 037b 53d8
7344 775a 18de 03c6 61df 7350 0e82 6e54 37df
0452 1b4f 49ce 5108 55d1 134e 6170 0b5f 2d97
38b9 65e7 47fb 47fc 28d0 4590 3fee 3acc 17e2
2e83 64dc 72b4 0e1c 0532 4b45 74b9 0b59 71bc
34d3 3f66 271e 3d4c 2ea5 1f32 3822 3e97 3d36 3e36 398b 3b28 3246 3485 39b2 375a 3678 3966 3638 17dc 37df 2d97 3fee 2e83
07a1 0555 6194 64df 73bc 0988 2e38 7bd7 47cf
79fd 34e3 103b 0f20 0d19 589e 2308 415b 22ab
326e 275d 2b0e 2266 6bbe 59b9 0f76 52f6 5a28
632a 3233 2004 110f 583c 4b37 252e 32fb 31d9
596b 06a1 7c2f 002b 7551 3036 112a 76cc 412a
51c5 0dd2 592a 38e8 510b 53d9 4578 40c9 37fc
27e7 6f05 5ec8 5ea5 3fc1 7aa2 0951 20d9 6522
4438 06ea 4332 3593 4f98 4785 2612 4176 2a1b
661a 768f 2ffb 14e2 7209 3455 580c 7694 63e4
21ae 0098 51c5 1ed9 170e 08fc 5dae 3442 3153
4cd8 1d31 18b5 3d06 6ac2 3c37 5c61 3cda 1dba
364a 4c1c 1bd0 05e6 432d 054b 2b3d 60e7 1ecd
640d 05a2 3c9d 6ab5 4a3e 74b7 33c4 6987 6e97
563c 5b30 6f1b 4db7 687a 0ef1 58f0 5cb5 0a9b
32b7 12ea 1fce 0d21 1e20 7e1e 56b9 3c72 726a
225f 63ad 73c7 21e5 7df6 36ec 01da 358b 4387
62a5 5994 66b5 66cc 6858 5fd1 7250 51b2 3c2b
30f7 0c3e 2fc9 5c70 2284 4ab2 7e05 1303 5503
2083 1cba 7a07 0f76 0356 7bd2 1987 6d26 3b3e
382e 1231 0bfa 46fc 354d 5fe4 6fad 670c 1848
2da3 6cb2 4f1b 2da9 0995 5417 3b61 1948 29c8
5dd9 5a3b 0de0 3d8a 0f4f 1e03 345b 2957 7fe4
5f6d 2817 3d5c 2a31 5f5c 4d68 265f 03ed 67b9
1f45 3709 047f 57d7 5abd 48bc 5c6d 072d 2fb6
2e38 34e3 326e 32fb 3036 38e8 3fc1 3593 3455 3442 3d06 364a 3c9d 0ef1 3c72 36ec 3c2b 30f7 3b3e 382e 3b61 3d8a 3d5c 3709
09a0 3db5 2c3c 05d9 6573 60e3 2090 48e1 7125
5b00 171f 51c8 29cc 0400 2e56 0f8d 20ca 7032
0599 0f80 6889 74a4 6f97 088d 5eff 530a 2109
6be0 5df7 7d95 1944 3f23 1ddb 5670 17cf 2b94
3187 78cc 092d 22e7 6f00 47f6 2a59 60e8 027c
46f6 530b 28b0 09f0 39ee 779f 1d1c 2d23 18f4
1b9f 6c30 5c0e 5a0a 5fc1 058d 5213 7fcb 2dbf
3255 336c 36b5 0f3e 3b8d 766f 6516 19ef 1255
11c8 43a0 089f 7eb1 3a57 59ce 1c88 40d4 6685
0734 7de6 159e 2e14 6917 3e66 18c3 7338 2257
75e7 5c52 4fe0 716b 0ee8 65a2 726a 39b7 297e
232a 5f97 2662 0c28 245d 7866 4b40 27c1 35c4
75ee 1429 568a 3d63 7c41 6b21 74c7 0a54 04a8
7da1 1983 7643 1753 3cc2 3f29 19ef 543a 1bda
2e11 5ac8 0056 787d 4793 0aa9 2692 36a3 45b0
5e65 6b5c 5f39 18f8 11aa 311e 219a 0318 6790
1fd5 7044 3e5e 4481 07f2 71a9 3a46 72db 016e
53b8 02ae 0238 40af 0027 1fbf 3f26 2cb1 4fec
5305 69f0 5a7b 3d5b 5dce 0c09 1ab7 0047 0591
140a 440f 7a7d 492d 77a1 0e24 5ef1 358e 1c2a
163b 6c1d 06ed 2914 5964 5c25 4c31 236e 0a57
07b7 62bb 02c0 1db9 3fc6 22ea 04bd 145f 7aba
4cc1 6ecc 7f68 58f8 31c4 68fb 7432 7c61 1f80
4075 1f6a 76a9 3ee1 2523 7572 4a83 1d7c 0510
3db5 2e56 2109 3f23 3187 39ee 2dbf 3b8d 3a57 3e66 39b7 35c4 3d63 3f29 36a3 311e 3e5e 3f26 3d5b 358e 2914 3fc6 31c4 3ee1
37df 0f1b 5f43 63e9 71ae 006d 591d 3333 6bcb
23d1 6797 334d 24f6 220b 701d 2386 501f 55a2
1018 7d55 3c11 733f 68e4 6832 6c3d 5274 49a8
3e52 07f9 24ec 3084 6b1c 1775 5d7a 6752 63fa
6296 403e 52a0 4602 4e1d 6e0f 6a0f 5566 7018
3d2a 3f9f 5a3e 37e5 5a0b 2968 069f 06d3 10f0
3784 6c0e 0697 0203 5c3f 7d97 7aa4 4f94 68e9
3fe5 0685 6c6e 02ec 0f68 1ca4 19eb 474a 0a01
45a1 3530 2e66 1bee 29a2 21eb 1ff6 0e0d 3e2d
0e48 613a 0c55 6df0 55db 7344 02c5 0efe 36e9
3aaa 3cc0 420b 7bc6 4c03 68d8 2676 34d2 130a
4164 1be5 2af4 695b 794d 5966 0509 7fbc 1fb5
39ec 2f2f 5a66 28a0 72d7 2b5d 3557 18b8 7f2f
4c68 0dc1 453f 4e9f 1ec5 1428 7f94 6c71 4d5f
4c50 3576 0938 1519 73fe 207c 7e20 2840 7d16
4e02 001d 6792 65a8 3bb2 7993 026d 6e55 3255
092b 1593 4002 1658 505a 51bf 08c2 3b8e 189a
712f 24ca 5b2e 15a0 217f 5e6e 0efa 4dfb 6612
0c18 2f6a 34e8 36a1 5d97 5b29 197e 4791 39c1
588a 4653 3f8f 624b 6b87 3928 308f 2c74 0702
19ec 20fa 6ffd 2b87 4cc1 7b5c 0759 33dc 4e22
155c 7bda 2a01 76f3 3052 2da3 79d6 57d7 285c
71b7 38e9 655d 360d 4a17 067f 5fa1 1a15 5aa8
3eb7 152f 5965 49a9 7270 2575 1706 0281 5d88
37df 334d 3c11 3e52 7018 3f9f 3784 3fe5 3e2d 36e9 3cc0 2af4 39ec 1ec5 3576 3bb2 3b8e 24ca 39c1 3f8f 33dc 3052 38e9 3eb7
63c1 1ac1 5d21 4eea 6e36 0bcf 128f 3c75 257a
0d62 6e44 5c9f 56f9 0ec5 22d0 7546 1b33 726c
72da 39b6 5685 61ee 39b1 366c 519b 25a3 2f0e
064d 030c 3219 4cce 2cf0 2c7c 3cd1 1741 392c
4f62 4694 7a22 6338 015a 4e1d 408a 23c8 65d7
54d6 58ed 04b2 76dc 7f56 0e48 3122 370b 5257
3890 1284 568f 4635 69dc 7032 00c3 38e9 7cba
67b6 36af 13ae 16de 2873 57fb 7d17 52d7 04d2
39a9 761f 68eb 5da5 57b7 284b 1bb2 0e55 1360
5a56 69b2 5cdc 343e 3fa8 4662 7105 33ab 0c1a
288d 670a 4b4e 74b0 2163 3736 3449 5358 670c
14fa 6980 3f8f 50b5 3c28 3658 2404 10c2 6e40
078e 3dee 2321 5047 15d4 64d8 5e00 29f4 10a5
04c5 0458 521b 5b80 254b 5c91 0e96 589e 3961
4a8f 24e9 36b7 05a9 278f 6a79 0b05 00ba 13c6
378b 0c17 2ed8 6683 2e7c 7b2a 2bc4 0238 6bdb
29a9 68b1 163a 0f8e 3999 74ab 26a8 79aa 3b53
476c 77ee 4f9a 3c68 6a7b 573e 23a9 3949 55e3
701e 4e80 66c8 760c 4be8 5648 54bd 3292 7304
47ed 3e8b 231a 02a5 56dc 15ff 51a7 177d 7faf
0bfe 700a 1928 6ab4 2cac 6bd4 5777 3d39 78dd
00b8 3ac0 0d3c 1407 2185 3a6f 78dc 01c0 18c4
6142 6cb9 761e 1063 5814 5255 395a 0ee4 1b5f
5faf 34a0 2cd9 37f3 5833 4a59 19ca 760a 7904
3c75 22d0 39b6 3cd1 23c8 370b 38e9 36af 39a9 3fa8 3736 3f8f 3dee 3961 36b7 378b 3b53 3c68 3292 3e8b 3d39 3ac0 395a 37f3
1fc4 68e2 1a19 0de1 1502 1b5b 7dc2 3d61 20e4
79fe 32db 7351 173d 6c4c 1c64 408b 14c7 50dc
6037 5287 0446 3f6c 4475 21f4 3780 3600 48c0
2402 6a15 4fa2 0f9b 66b1 2f38 34a1 2085 55ea
5a38 2c07 11a6 7901 2b55 441e 1895 113f 2e58
0e99 688b 1d78 2896 6f65 4518 5fb4 6ec7 15e9
3e70 4811 1476 461b 479a 180c 44dd 1d33 4b65
2de2 173c 0550 30c7 4333 588d 0799 1cbb 2c4f
2907 6385 04ce 0662 78eb 2f07 5c09 61a1 679a
56d2 01f5 6bcc 4bbf 6ec4 3c3a 5a59 7bc5 655e
3ce8 7859 0704 1fb0 0d39 6e20 572d 36c9 7417
77c3 106c 4a8e 6f05 5c97 6ddf 66b1 28b9 5f8f
03da 4791 31ae 7568 215b 54af 5596 2630 513c
68ac 2b9b 439e 2220 39e6 678f 210f 64c2 7f1d
2a96 395d 32f6 1e4b 12bd 3e86 7bb6 17e6 5567
2922 2ae5 45b5 2b22 2add 6fad 210c 2f57 3ae0
3bf2 7458 4625 2b0a 780b 2b1a 7e90 0c52 26be
2bd1 210c 072f 4561 5309 6f43 6b30 6d0e 6d74
4338 063c 0411 6399 402e 3c5e 2204 0148 27de
25ee 788c 002d 10d7 123d 4e65 68c2 05cd 6ca6
106d 1717 5207 533d 09c6 1f41 2783 2659 2a75
4390 30a3 2fd0 799b 0f41 2fce 0b07 212a 0dad
3f72 622a 47c7 3ac0 33ab 113f 6620 6951 2ed5
0428 31b5 45d2 2fca 042d 281c 08de 580d 2721
3d61 32db 3f6c 34a1 2e58 2896 3e70 30c7 2f07 3c3a 3ce8 28b9 31ae 39e6 3e86 3ae0 3bf2 2bd1 3c5e 25ee 2a75 30a3 3f72 31b5
