// conv1x1_filter_unit test vectors (Thesis Sec 5.4.1.2)
// N_ACC=7 fixed accumulations per case
// Format: 8 lines per case
//   Lines 0..6: d0..d28 w0..w28  (58 x 4-hex values)
//   Line 7: bias expected  (2 x 4-hex values)
0000 0000 0000 0000 0000 0000 0000 0000 0000 0000 0000 0000 0000 0000 0000 0000 0000 0000 0000 0000 0000 0000 0000 0000 0000 0000 0000 0000 0000 0000 0000 0000 0000 0000 0000 0000 0000 0000 0000 0000 0000 0000 0000 0000 0000 0000 0000 0000 0000 0000 0000 0000 0000 0000 0000 0000 0000 0000
0000 0000 0000 0000 0000 0000 0000 0000 0000 0000 0000 0000 0000 0000 0000 0000 0000 0000 0000 0000 0000 0000 0000 0000 0000 0000 0000 0000 0000 0000 0000 0000 0000 0000 0000 0000 0000 0000 0000 0000 0000 0000 0000 0000 0000 0000 0000 0000 0000 0000 0000 0000 0000 0000 0000 0000 0000 0000
0000 0000 0000 0000 0000 0000 0000 0000 0000 0000 0000 0000 0000 0000 0000 0000 0000 0000 0000 0000 0000 0000 0000 0000 0000 0000 0000 0000 0000 0000 0000 0000 0000 0000 0000 0000 0000 0000 0000 0000 0000 0000 0000 0000 0000 0000 0000 0000 0000 0000 0000 0000 0000 0000 0000 0000 0000 0000
0000 0000 0000 0000 0000 0000 0000 0000 0000 0000 0000 0000 0000 0000 0000 0000 0000 0000 0000 0000 0000 0000 0000 0000 0000 0000 0000 0000 0000 0000 0000 0000 0000 0000 0000 0000 0000 0000 0000 0000 0000 0000 0000 0000 0000 0000 0000 0000 0000 0000 0000 0000 0000 0000 0000 0000 0000 0000
0000 0000 0000 0000 0000 0000 0000 0000 0000 0000 0000 0000 0000 0000 0000 0000 0000 0000 0000 0000 0000 0000 0000 0000 0000 0000 0000 0000 0000 0000 0000 0000 0000 0000 0000 0000 0000 0000 0000 0000 0000 0000 0000 0000 0000 0000 0000 0000 0000 0000 0000 0000 0000 0000 0000 0000 0000 0000
0000 0000 0000 0000 0000 0000 0000 0000 0000 0000 0000 0000 0000 0000 0000 0000 0000 0000 0000 0000 0000 0000 0000 0000 0000 0000 0000 0000 0000 0000 0000 0000 0000 0000 0000 0000 0000 0000 0000 0000 0000 0000 0000 0000 0000 0000 0000 0000 0000 0000 0000 0000 0000 0000 0000 0000 0000 0000
0000 0000 0000 0000 0000 0000 0000 0000 0000 0000 0000 0000 0000 0000 0000 0000 0000 0000 0000 0000 0000 0000 0000 0000 0000 0000 0000 0000 0000 0000 0000 0000 0000 0000 0000 0000 0000 0000 0000 0000 0000 0000 0000 0000 0000 0000 0000 0000 0000 0000 0000 0000 0000 0000 0000 0000 0000 0000
0000 0000
0001 0001 0001 0001 0001 0001 0001 0001 0001 0001 0001 0001 0001 0001 0001 0001 0001 0001 0001 0001 0001 0001 0001 0001 0001 0001 0001 0001 0001 0001 0001 0001 0001 0001 0001 0001 0001 0001 0001 0001 0001 0001 0001 0001 0001 0001 0001 0001 0001 0001 0001 0001 0001 0001 0001 0001 0001 0001
0001 0001 0001 0001 0001 0001 0001 0001 0001 0001 0001 0001 0001 0001 0001 0001 0001 0001 0001 0001 0001 0001 0001 0001 0001 0001 0001 0001 0001 0001 0001 0001 0001 0001 0001 0001 0001 0001 0001 0001 0001 0001 0001 0001 0001 0001 0001 0001 0001 0001 0001 0001 0001 0001 0001 0001 0001 0001
0001 0001 0001 0001 0001 0001 0001 0001 0001 0001 0001 0001 0001 0001 0001 0001 0001 0001 0001 0001 0001 0001 0001 0001 0001 0001 0001 0001 0001 0001 0001 0001 0001 0001 0001 0001 0001 0001 0001 0001 0001 0001 0001 0001 0001 0001 0001 0001 0001 0001 0001 0001 0001 0001 0001 0001 0001 0001
0001 0001 0001 0001 0001 0001 0001 0001 0001 0001 0001 0001 0001 0001 0001 0001 0001 0001 0001 0001 0001 0001 0001 0001 0001 0001 0001 0001 0001 0001 0001 0001 0001 0001 0001 0001 0001 0001 0001 0001 0001 0001 0001 0001 0001 0001 0001 0001 0001 0001 0001 0001 0001 0001 0001 0001 0001 0001
0001 0001 0001 0001 0001 0001 0001 0001 0001 0001 0001 0001 0001 0001 0001 0001 0001 0001 0001 0001 0001 0001 0001 0001 0001 0001 0001 0001 0001 0001 0001 0001 0001 0001 0001 0001 0001 0001 0001 0001 0001 0001 0001 0001 0001 0001 0001 0001 0001 0001 0001 0001 0001 0001 0001 0001 0001 0001
0001 0001 0001 0001 0001 0001 0001 0001 0001 0001 0001 0001 0001 0001 0001 0001 0001 0001 0001 0001 0001 0001 0001 0001 0001 0001 0001 0001 0001 0001 0001 0001 0001 0001 0001 0001 0001 0001 0001 0001 0001 0001 0001 0001 0001 0001 0001 0001 0001 0001 0001 0001 0001 0001 0001 0001 0001 0001
0001 0001 0001 0001 0001 0001 0001 0001 0001 0001 0001 0001 0001 0001 0001 0001 0001 0001 0001 0001 0001 0001 0001 0001 0001 0001 0001 0001 0001 0001 0001 0001 0001 0001 0001 0001 0001 0001 0001 0001 0001 0001 0001 0001 0001 0001 0001 0001 0001 0001 0001 0001 0001 0001 0001 0001 0001 0001
0000 0000
3fff 3fff 3fff 3fff 3fff 3fff 3fff 3fff 3fff 3fff 3fff 3fff 3fff 3fff 3fff 3fff 3fff 3fff 3fff 3fff 3fff 3fff 3fff 3fff 3fff 3fff 3fff 3fff 3fff 3fff 3fff 3fff 3fff 3fff 3fff 3fff 3fff 3fff 3fff 3fff 3fff 3fff 3fff 3fff 3fff 3fff 3fff 3fff 3fff 3fff 3fff 3fff 3fff 3fff 3fff 3fff 3fff 3fff
3fff 3fff 3fff 3fff 3fff 3fff 3fff 3fff 3fff 3fff 3fff 3fff 3fff 3fff 3fff 3fff 3fff 3fff 3fff 3fff 3fff 3fff 3fff 3fff 3fff 3fff 3fff 3fff 3fff 3fff 3fff 3fff 3fff 3fff 3fff 3fff 3fff 3fff 3fff 3fff 3fff 3fff 3fff 3fff 3fff 3fff 3fff 3fff 3fff 3fff 3fff 3fff 3fff 3fff 3fff 3fff 3fff 3fff
3fff 3fff 3fff 3fff 3fff 3fff 3fff 3fff 3fff 3fff 3fff 3fff 3fff 3fff 3fff 3fff 3fff 3fff 3fff 3fff 3fff 3fff 3fff 3fff 3fff 3fff 3fff 3fff 3fff 3fff 3fff 3fff 3fff 3fff 3fff 3fff 3fff 3fff 3fff 3fff 3fff 3fff 3fff 3fff 3fff 3fff 3fff 3fff 3fff 3fff 3fff 3fff 3fff 3fff 3fff 3fff 3fff 3fff
3fff 3fff 3fff 3fff 3fff 3fff 3fff 3fff 3fff 3fff 3fff 3fff 3fff 3fff 3fff 3fff 3fff 3fff 3fff 3fff 3fff 3fff 3fff 3fff 3fff 3fff 3fff 3fff 3fff 3fff 3fff 3fff 3fff 3fff 3fff 3fff 3fff 3fff 3fff 3fff 3fff 3fff 3fff 3fff 3fff 3fff 3fff 3fff 3fff 3fff 3fff 3fff 3fff 3fff 3fff 3fff 3fff 3fff
3fff 3fff 3fff 3fff 3fff 3fff 3fff 3fff 3fff 3fff 3fff 3fff 3fff 3fff 3fff 3fff 3fff 3fff 3fff 3fff 3fff 3fff 3fff 3fff 3fff 3fff 3fff 3fff 3fff 3fff 3fff 3fff 3fff 3fff 3fff 3fff 3fff 3fff 3fff 3fff 3fff 3fff 3fff 3fff 3fff 3fff 3fff 3fff 3fff 3fff 3fff 3fff 3fff 3fff 3fff 3fff 3fff 3fff
3fff 3fff 3fff 3fff 3fff 3fff 3fff 3fff 3fff 3fff 3fff 3fff 3fff 3fff 3fff 3fff 3fff 3fff 3fff 3fff 3fff 3fff 3fff 3fff 3fff 3fff 3fff 3fff 3fff 3fff 3fff 3fff 3fff 3fff 3fff 3fff 3fff 3fff 3fff 3fff 3fff 3fff 3fff 3fff 3fff 3fff 3fff 3fff 3fff 3fff 3fff 3fff 3fff 3fff 3fff 3fff 3fff 3fff
3fff 3fff 3fff 3fff 3fff 3fff 3fff 3fff 3fff 3fff 3fff 3fff 3fff 3fff 3fff 3fff 3fff 3fff 3fff 3fff 3fff 3fff 3fff 3fff 3fff 3fff 3fff 3fff 3fff 3fff 3fff 3fff 3fff 3fff 3fff 3fff 3fff 3fff 3fff 3fff 3fff 3fff 3fff 3fff 3fff 3fff 3fff 3fff 3fff 3fff 3fff 3fff 3fff 3fff 3fff 3fff 3fff 3fff
3fff 3fff
4000 4000 4000 4000 4000 4000 4000 4000 4000 4000 4000 4000 4000 4000 4000 4000 4000 4000 4000 4000 4000 4000 4000 4000 4000 4000 4000 4000 4000 4000 4000 4000 4000 4000 4000 4000 4000 4000 4000 4000 4000 4000 4000 4000 4000 4000 4000 4000 4000 4000 4000 4000 4000 4000 4000 4000 4000 4000
4000 4000 4000 4000 4000 4000 4000 4000 4000 4000 4000 4000 4000 4000 4000 4000 4000 4000 4000 4000 4000 4000 4000 4000 4000 4000 4000 4000 4000 4000 4000 4000 4000 4000 4000 4000 4000 4000 4000 4000 4000 4000 4000 4000 4000 4000 4000 4000 4000 4000 4000 4000 4000 4000 4000 4000 4000 4000
4000 4000 4000 4000 4000 4000 4000 4000 4000 4000 4000 4000 4000 4000 4000 4000 4000 4000 4000 4000 4000 4000 4000 4000 4000 4000 4000 4000 4000 4000 4000 4000 4000 4000 4000 4000 4000 4000 4000 4000 4000 4000 4000 4000 4000 4000 4000 4000 4000 4000 4000 4000 4000 4000 4000 4000 4000 4000
4000 4000 4000 4000 4000 4000 4000 4000 4000 4000 4000 4000 4000 4000 4000 4000 4000 4000 4000 4000 4000 4000 4000 4000 4000 4000 4000 4000 4000 4000 4000 4000 4000 4000 4000 4000 4000 4000 4000 4000 4000 4000 4000 4000 4000 4000 4000 4000 4000 4000 4000 4000 4000 4000 4000 4000 4000 4000
4000 4000 4000 4000 4000 4000 4000 4000 4000 4000 4000 4000 4000 4000 4000 4000 4000 4000 4000 4000 4000 4000 4000 4000 4000 4000 4000 4000 4000 4000 4000 4000 4000 4000 4000 4000 4000 4000 4000 4000 4000 4000 4000 4000 4000 4000 4000 4000 4000 4000 4000 4000 4000 4000 4000 4000 4000 4000
4000 4000 4000 4000 4000 4000 4000 4000 4000 4000 4000 4000 4000 4000 4000 4000 4000 4000 4000 4000 4000 4000 4000 4000 4000 4000 4000 4000 4000 4000 4000 4000 4000 4000 4000 4000 4000 4000 4000 4000 4000 4000 4000 4000 4000 4000 4000 4000 4000 4000 4000 4000 4000 4000 4000 4000 4000 4000
4000 4000 4000 4000 4000 4000 4000 4000 4000 4000 4000 4000 4000 4000 4000 4000 4000 4000 4000 4000 4000 4000 4000 4000 4000 4000 4000 4000 4000 4000 4000 4000 4000 4000 4000 4000 4000 4000 4000 4000 4000 4000 4000 4000 4000 4000 4000 4000 4000 4000 4000 4000 4000 4000 4000 4000 4000 4000
3fff 3fff
0000 0000 0000 0000 0000 0000 0000 0000 0000 0000 0000 0000 0000 0000 0000 0000 0000 0000 0000 0000 0000 0000 0000 0000 0000 0000 0000 0000 0000 0000 0000 0000 0000 0000 0000 0000 0000 0000 0000 0000 0000 0000 0000 0000 0000 0000 0000 0000 0000 0000 0000 0000 0000 0000 0000 0000 0000 0000
0000 0000 0000 0000 0000 0000 0000 0000 0000 0000 0000 0000 0000 0000 0000 0000 0000 0000 0000 0000 0000 0000 0000 0000 0000 0000 0000 0000 0000 0000 0000 0000 0000 0000 0000 0000 0000 0000 0000 0000 0000 0000 0000 0000 0000 0000 0000 0000 0000 0000 0000 0000 0000 0000 0000 0000 0000 0000
0000 0000 0000 0000 0000 0000 0000 0000 0000 0000 0000 0000 0000 0000 0000 0000 0000 0000 0000 0000 0000 0000 0000 0000 0000 0000 0000 0000 0000 0000 0000 0000 0000 0000 0000 0000 0000 0000 0000 0000 0000 0000 0000 0000 0000 0000 0000 0000 0000 0000 0000 0000 0000 0000 0000 0000 0000 0000
0000 0000 0000 0000 0000 0000 0000 0000 0000 0000 0000 0000 0000 0000 0000 0000 0000 0000 0000 0000 0000 0000 0000 0000 0000 0000 0000 0000 0000 0000 0000 0000 0000 0000 0000 0000 0000 0000 0000 0000 0000 0000 0000 0000 0000 0000 0000 0000 0000 0000 0000 0000 0000 0000 0000 0000 0000 0000
0000 0000 0000 0000 0000 0000 0000 0000 0000 0000 0000 0000 0000 0000 0000 0000 0000 0000 0000 0000 0000 0000 0000 0000 0000 0000 0000 0000 0000 0000 0000 0000 0000 0000 0000 0000 0000 0000 0000 0000 0000 0000 0000 0000 0000 0000 0000 0000 0000 0000 0000 0000 0000 0000 0000 0000 0000 0000
0000 0000 0000 0000 0000 0000 0000 0000 0000 0000 0000 0000 0000 0000 0000 0000 0000 0000 0000 0000 0000 0000 0000 0000 0000 0000 0000 0000 0000 0000 0000 0000 0000 0000 0000 0000 0000 0000 0000 0000 0000 0000 0000 0000 0000 0000 0000 0000 0000 0000 0000 0000 0000 0000 0000 0000 0000 0000
0000 0000 0000 0000 0000 0000 0000 0000 0000 0000 0000 0000 0000 0000 0000 0000 0000 0000 0000 0000 0000 0000 0000 0000 0000 0000 0000 0000 0000 0000 0000 0000 0000 0000 0000 0000 0000 0000 0000 0000 0000 0000 0000 0000 0000 0000 0000 0000 0000 0000 0000 0000 0000 0000 0000 0000 0000 0000
3fff 3fff
0000 0000 0000 0000 0000 0000 0000 0000 0000 0000 0000 0000 0000 0000 0000 0000 0000 0000 0000 0000 0000 0000 0000 0000 0000 0000 0000 0000 0000 0000 0000 0000 0000 0000 0000 0000 0000 0000 0000 0000 0000 0000 0000 0000 0000 0000 0000 0000 0000 0000 0000 0000 0000 0000 0000 0000 0000 0000
0000 0000 0000 0000 0000 0000 0000 0000 0000 0000 0000 0000 0000 0000 0000 0000 0000 0000 0000 0000 0000 0000 0000 0000 0000 0000 0000 0000 0000 0000 0000 0000 0000 0000 0000 0000 0000 0000 0000 0000 0000 0000 0000 0000 0000 0000 0000 0000 0000 0000 0000 0000 0000 0000 0000 0000 0000 0000
0000 0000 0000 0000 0000 0000 0000 0000 0000 0000 0000 0000 0000 0000 0000 0000 0000 0000 0000 0000 0000 0000 0000 0000 0000 0000 0000 0000 0000 0000 0000 0000 0000 0000 0000 0000 0000 0000 0000 0000 0000 0000 0000 0000 0000 0000 0000 0000 0000 0000 0000 0000 0000 0000 0000 0000 0000 0000
0000 0000 0000 0000 0000 0000 0000 0000 0000 0000 0000 0000 0000 0000 0000 0000 0000 0000 0000 0000 0000 0000 0000 0000 0000 0000 0000 0000 0000 0000 0000 0000 0000 0000 0000 0000 0000 0000 0000 0000 0000 0000 0000 0000 0000 0000 0000 0000 0000 0000 0000 0000 0000 0000 0000 0000 0000 0000
0000 0000 0000 0000 0000 0000 0000 0000 0000 0000 0000 0000 0000 0000 0000 0000 0000 0000 0000 0000 0000 0000 0000 0000 0000 0000 0000 0000 0000 0000 0000 0000 0000 0000 0000 0000 0000 0000 0000 0000 0000 0000 0000 0000 0000 0000 0000 0000 0000 0000 0000 0000 0000 0000 0000 0000 0000 0000
0000 0000 0000 0000 0000 0000 0000 0000 0000 0000 0000 0000 0000 0000 0000 0000 0000 0000 0000 0000 0000 0000 0000 0000 0000 0000 0000 0000 0000 0000 0000 0000 0000 0000 0000 0000 0000 0000 0000 0000 0000 0000 0000 0000 0000 0000 0000 0000 0000 0000 0000 0000 0000 0000 0000 0000 0000 0000
0000 0000 0000 0000 0000 0000 0000 0000 0000 0000 0000 0000 0000 0000 0000 0000 0000 0000 0000 0000 0000 0000 0000 0000 0000 0000 0000 0000 0000 0000 0000 0000 0000 0000 0000 0000 0000 0000 0000 0000 0000 0000 0000 0000 0000 0000 0000 0000 0000 0000 0000 0000 0000 0000 0000 0000 0000 0000
4000 0000
06dd 196b 68f1 574d 0c30 610d 1426 0dc6 2dc5 1ecb 3298 65b1 6a9c 14f6 7bc0 262e 335f 1ac4 101f 6e5a 48ab 008a 42d3 0cff 6dd6 7a3d 7dcf 1623 6d39 3f37 64ed 2466 10ca 5bcb 00c8 52e4 4db3 16b7 4636 055b 2295 00ef 6208 7714 2ac7 1ff6 658b 73e5 5b5a 193a 2c5d 16a9 3c82 4a62 2da0 4d7a 69f1 1c56
0000 0000 0000 0000 0000 0000 0000 0000 0000 0000 0000 0000 0000 0000 0000 0000 0000 0000 0000 0000 0000 0000 0000 0000 0000 0000 0000 0000 0000 0000 0000 0000 0000 0000 0000 0000 0000 0000 0000 0000 0000 0000 0000 0000 0000 0000 0000 0000 0000 0000 0000 0000 0000 0000 0000 0000 0000 0000
0000 0000 0000 0000 0000 0000 0000 0000 0000 0000 0000 0000 0000 0000 0000 0000 0000 0000 0000 0000 0000 0000 0000 0000 0000 0000 0000 0000 0000 0000 0000 0000 0000 0000 0000 0000 0000 0000 0000 0000 0000 0000 0000 0000 0000 0000 0000 0000 0000 0000 0000 0000 0000 0000 0000 0000 0000 0000
0000 0000 0000 0000 0000 0000 0000 0000 0000 0000 0000 0000 0000 0000 0000 0000 0000 0000 0000 0000 0000 0000 0000 0000 0000 0000 0000 0000 0000 0000 0000 0000 0000 0000 0000 0000 0000 0000 0000 0000 0000 0000 0000 0000 0000 0000 0000 0000 0000 0000 0000 0000 0000 0000 0000 0000 0000 0000
0000 0000 0000 0000 0000 0000 0000 0000 0000 0000 0000 0000 0000 0000 0000 0000 0000 0000 0000 0000 0000 0000 0000 0000 0000 0000 0000 0000 0000 0000 0000 0000 0000 0000 0000 0000 0000 0000 0000 0000 0000 0000 0000 0000 0000 0000 0000 0000 0000 0000 0000 0000 0000 0000 0000 0000 0000 0000
0000 0000 0000 0000 0000 0000 0000 0000 0000 0000 0000 0000 0000 0000 0000 0000 0000 0000 0000 0000 0000 0000 0000 0000 0000 0000 0000 0000 0000 0000 0000 0000 0000 0000 0000 0000 0000 0000 0000 0000 0000 0000 0000 0000 0000 0000 0000 0000 0000 0000 0000 0000 0000 0000 0000 0000 0000 0000
0000 0000 0000 0000 0000 0000 0000 0000 0000 0000 0000 0000 0000 0000 0000 0000 0000 0000 0000 0000 0000 0000 0000 0000 0000 0000 0000 0000 0000 0000 0000 0000 0000 0000 0000 0000 0000 0000 0000 0000 0000 0000 0000 0000 0000 0000 0000 0000 0000 0000 0000 0000 0000 0000 0000 0000 0000 0000
0dfe 0000
4006 62bf 7ea2 44be 0103 6c3c 1cb9 6027 3066 3eec 5fd7 73f6 780d 0331 23f5 0dc8 0e8b 534a 1a4e 27b0 3c3a 4f3d 12a8 6b52 52ef 29f9 4e61 0627 1f1f 0b5d 4620 095a 28c4 2e7f 6b7f 17f8 0892 7432 53c9 7169 2c8f 1804 57cc 5eb7 248a 0f33 6742 3fea 5851 2069 28e8 33e4 27f8 5b50 16f5 0b2c 2a85 35f6
652b 6fcd 6da0 0b5e 4c42 554a 28c2 1a20 0c09 0820 6ae9 4df1 1ac5 5409 21c1 39ce 6b0a 2581 4878 476e 356a 3133 6103 335c 2e30 55f5 0559 60e8 1634 0be8 76af 0cff 6914 753d 0638 6028 4e8f 7b46 1257 3379 3db3 422a 0d7a 0ff2 557c 6ad6 40d2 7a96 730e 68c0 7875 6de9 07ec 59e1 108a 5e59 23b0 6bc9
0000 0000 0000 0000 0000 0000 0000 0000 0000 0000 0000 0000 0000 0000 0000 0000 0000 0000 0000 0000 0000 0000 0000 0000 0000 0000 0000 0000 0000 0000 0000 0000 0000 0000 0000 0000 0000 0000 0000 0000 0000 0000 0000 0000 0000 0000 0000 0000 0000 0000 0000 0000 0000 0000 0000 0000 0000 0000
0000 0000 0000 0000 0000 0000 0000 0000 0000 0000 0000 0000 0000 0000 0000 0000 0000 0000 0000 0000 0000 0000 0000 0000 0000 0000 0000 0000 0000 0000 0000 0000 0000 0000 0000 0000 0000 0000 0000 0000 0000 0000 0000 0000 0000 0000 0000 0000 0000 0000 0000 0000 0000 0000 0000 0000 0000 0000
0000 0000 0000 0000 0000 0000 0000 0000 0000 0000 0000 0000 0000 0000 0000 0000 0000 0000 0000 0000 0000 0000 0000 0000 0000 0000 0000 0000 0000 0000 0000 0000 0000 0000 0000 0000 0000 0000 0000 0000 0000 0000 0000 0000 0000 0000 0000 0000 0000 0000 0000 0000 0000 0000 0000 0000 0000 0000
0000 0000 0000 0000 0000 0000 0000 0000 0000 0000 0000 0000 0000 0000 0000 0000 0000 0000 0000 0000 0000 0000 0000 0000 0000 0000 0000 0000 0000 0000 0000 0000 0000 0000 0000 0000 0000 0000 0000 0000 0000 0000 0000 0000 0000 0000 0000 0000 0000 0000 0000 0000 0000 0000 0000 0000 0000 0000
0000 0000 0000 0000 0000 0000 0000 0000 0000 0000 0000 0000 0000 0000 0000 0000 0000 0000 0000 0000 0000 0000 0000 0000 0000 0000 0000 0000 0000 0000 0000 0000 0000 0000 0000 0000 0000 0000 0000 0000 0000 0000 0000 0000 0000 0000 0000 0000 0000 0000 0000 0000 0000 0000 0000 0000 0000 0000
0f0c 0000
74c9 36bd 2939 6d3c 6f95 2920 3d95 506f 5417 6e6d 16b7 3f99 369b 1fa3 7fae 5f3c 6203 1332 0fe4 1327 3739 3cc4 4933 5630 7997 1378 44ba 0de0 564c 7036 0379 3e97 6289 7df7 1ed1 150b 7c15 2afc 1d43 5eb5 47ed 529b 6224 17c9 6246 4303 507e 789c 04a0 6a7a 04aa 004f 64cc 4c09 0af5 3ae1 23fe 23fe
0734 7a2d 7dec 71cf 1c28 3822 77b7 42ad 0fea 7f6f 243e 339c 3c9e 3dcf 12f6 01f1 1d97 2f8a 3dd0 4d17 2334 1a64 57ac 0a8e 2d47 1a3a 6216 7848 6872 4c3b 430c 3aac 0ada 5cb6 3a22 5d5f 6433 2024 20bc 6899 15ff 3435 583d 1b4f 70e5 58a7 0ffa 2b6d 5931 7d50 5ac1 2fd3 1dac 45c5 5562 1fe0 3f79 3882
3ae5 1f40 7ecd 6ca5 018b 78cf 6d16 1254 30a0 4b98 1ef6 1377 0cc0 468c 7b0f 4e48 66cf 1a7f 5632 3fa8 54b9 3bec 7c91 0d0f 4adb 7796 6828 7140 777b 2014 2459 3f57 0e0f 070d 1780 1b34 0a64 6791 0485 38d6 16ad 181d 0d6a 6f49 18ca 5627 2d2c 1c1a 3b36 76ef 39a5 6bb2 016c 65f2 7255 3cf2 5c49 5263
2330 6480 6eaf 7c17 713a 16eb 00f8 7752 2a42 1d36 4cc3 350d 7c1f 1763 620a 5b80 117b 3683 6599 05a4 16bd 5e98 3afc 1085 2e45 2b34 3462 710f 40b2 13de 3743 3e6a 3565 428c 7145 4459 7a88 2ba0 3099 18c2 1168 0463 5c0c 6be3 6b85 10f9 2442 06c9 0c66 4ea8 72fa 2812 20dd 74dc 6d30 69ea 3781 179b
0000 0000 0000 0000 0000 0000 0000 0000 0000 0000 0000 0000 0000 0000 0000 0000 0000 0000 0000 0000 0000 0000 0000 0000 0000 0000 0000 0000 0000 0000 0000 0000 0000 0000 0000 0000 0000 0000 0000 0000 0000 0000 0000 0000 0000 0000 0000 0000 0000 0000 0000 0000 0000 0000 0000 0000 0000 0000
0000 0000 0000 0000 0000 0000 0000 0000 0000 0000 0000 0000 0000 0000 0000 0000 0000 0000 0000 0000 0000 0000 0000 0000 0000 0000 0000 0000 0000 0000 0000 0000 0000 0000 0000 0000 0000 0000 0000 0000 0000 0000 0000 0000 0000 0000 0000 0000 0000 0000 0000 0000 0000 0000 0000 0000 0000 0000
0000 0000 0000 0000 0000 0000 0000 0000 0000 0000 0000 0000 0000 0000 0000 0000 0000 0000 0000 0000 0000 0000 0000 0000 0000 0000 0000 0000 0000 0000 0000 0000 0000 0000 0000 0000 0000 0000 0000 0000 0000 0000 0000 0000 0000 0000 0000 0000 0000 0000 0000 0000 0000 0000 0000 0000 0000 0000
2195 3fff
278c 4ed6 0138 3d3a 05f9 4187 5c25 60ea 6858 4a01 4844 5371 2940 19bf 015b 741a 14d8 3d9e 6a49 62ed 3ad3 34cf 7c4f 3283 6189 2316 2c26 1198 101c 3445 1fa5 0b76 6763 5a04 67bf 5e76 61b9 4cef 0e28 3053 2bab 01f5 2f47 12f0 2efd 4c90 5c93 6937 66e1 39b3 0196 3906 34f0 65ca 71a7 7951 291b 4a2e
50d8 5257 700c 0d19 0f71 555e 3a75 4132 159b 6abd 24af 4596 6b2f 48c5 725c 509b 5219 1f0c 5f32 7ee2 5e87 4933 5e79 0f48 7916 0758 710c 62d2 106a 55ef 2722 6f24 7bda 7899 5e93 4506 56aa 530c 2e38 1c97 0494 384d 4eed 2ddb 4c1d 0382 6409 7bf7 031a 2882 69ba 139c 07f5 0732 1eb1 7071 1098 2c3f
13fb 0141 5931 2905 6e59 2c3a 4045 229a 6933 54dd 665b 4530 25c6 4f55 3a8f 4d9b 1164 2ea9 7b65 0f4c 2f2a 5f1a 29d2 70c8 3053 5f82 3e4e 1673 3608 472b 7d89 6584 470a 343b 59df 59cf 4047 01e2 00a7 1a03 7408 241b 2960 370a 5947 7b69 1782 3abb 1d5a 18b0 7b47 5219 4d15 0c3a 47dd 12b4 6b9f 5387
0761 750b 3928 5c96 7de0 3084 1efe 547f 6923 0e56 0aef 3a60 0bba 3aca 5551 57bd 1fc1 7f82 16af 300d 2d5f 724a 61c5 1196 13d9 4d7c 7939 06a3 44b8 7356 21a3 46d8 134f 5487 5430 31cc 47a4 34d6 1a31 66f1 1c32 217e 56af 5c59 48b5 3490 6237 3b0a 3536 2d49 7d9c 73a5 2371 45b7 7bca 3d4f 3933 25c3
5e68 32df 000c 3b6c 70bc 1a92 14fa 4f90 2a48 3d8e 5ce7 457c 14d0 078b 40f2 7ff7 0e0e 1130 6e15 132b 4158 3532 3910 2224 48c1 1227 13e9 4406 03c4 1073 3c58 6120 49a3 037e 2df6 244d 2320 4190 502c 06e7 01d9 4234 06a0 47a1 72ad 4b0c 03a0 71e9 186e 2c4e 253a 1b8c 50cb 3b6c 07f6 4cca 1670 04cc
75e4 4945 5419 38fa 0897 0cc9 33ef 4049 068e 53d8 4540 2b95 677e 4048 6bd2 2cc8 6ead 18b5 36e1 1582 2881 37c0 363b 20ec 0147 2d1a 4135 72e1 4ebb 245d 4d22 3757 7900 6eb5 728f 2330 1500 2cc6 4f85 5af1 3427 3d12 3271 64f8 4c56 1fbb 1f28 0de1 20c9 2aee 0854 7dd6 5c7c 7a52 349b 00d5 62d4 022e
660e 3dbd 3294 61cb 5749 26ce 01b6 0c22 26e8 36ec 633a 4945 43f3 114f 37ff 74eb 381c 73ce 4f87 0d6a 1185 4b0c 39bc 3f08 566f 5cec 71f2 2bac 5e62 559a 736e 3417 3549 1369 3316 3b12 07be 5ac6 560f 0fd9 063c 2a78 5a70 175c 255b 39dd 60f1 28fb 5882 6187 6e09 5de4 7b68 5a2b 7d9c 0524 6339 587d
7a38 3fff
5972 2a36 7716 7cca 6052 5fd7 2eaf 5e1a 1218 3bed 06ab 430a 12e1 2a7a 20a0 4dd0 27cb 7811 3707 0f15 59ad 4ff4 7d10 2d2c 1947 7be7 36c4 56e2 6abe 0737 22e9 759f 3163 799b 247b 7b92 52f4 5cad 1f59 0216 565c 284e 231f 582d 19db 7b5c 7283 290d 2513 5dc0 1063 0810 2ac9 6109 75c9 343f 4adf 0560
74d6 4d36 03e6 3e3d 29b6 13c0 3c8e 516e 6183 31ad 4354 1812 3dfa 3c6b 68e0 2e9f 7c30 4a05 1502 3fd5 2729 3d29 6ad5 1b97 5b1c 50dd 09af 3ab7 078d 2b5f 42dc 2738 5373 5eed 7a62 4781 499c 3796 0a6c 1faa 662f 76c7 3bc6 7a34 1b58 0c49 6bca 52fe 4664 1b44 33f5 6fb2 06ad 516f 73b2 015b 5dce 6da1
11ee 4951 0077 58cf 614c 1d0b 71ea 1381 32ef 3d9c 3f8b 631c 5303 4a65 12fd 30c8 04b3 079a 1269 2ac8 6a48 15f4 516b 3ea1 68f7 6e1c 4796 05e7 00fc 5eca 1d75 2453 318a 1fe3 26de 56bd 11ba 2a36 3c6a 6b8f 43be 7ffa 7313 3312 4027 43e0 3ed4 5017 7706 5a03 62ae 56c8 772e 4683 2301 7636 49b7 3c45
47bc 1da1 011c 3561 6145 74f8 4e02 206e 0556 10c0 0df0 7ae6 419b 62fe 0d43 30b2 4f8b 6ca9 3390 3173 3447 1c31 19e8 69cb 06bf 7345 2a3e 3018 1dc6 4d59 36be 287d 7106 182b 76ed 1544 67ef 2882 57ab 4a05 6201 13a6 5fe2 3f5f 55a4 4e1a 1008 213e 5cca 210b 6908 3fff 4162 67db 3856 4586 17be 0534
79e9 554f 7b36 4ea6 0d03 55f8 6b41 38a9 5992 0160 2e53 5bcd 5db4 415a 4229 431a 194e 08f1 7234 6794 300f 45f7 3fe9 207b 703e 0a71 6108 1779 1747 76db 0210 56b3 38c2 5f00 6568 57ca 73f9 7b49 34b4 147d 03ad 4868 218b 1aa1 6636 29ab 6b46 21af 3989 0ad5 15b7 78bd 1632 22be 2b6e 16de 610d 595b
3a8a 1109 1ecc 0237 3a28 46a6 18cf 4e0b 6ea4 0f44 321e 605a 7c2d 27c0 62f9 37f7 5aae 003e 7c37 40a5 54ad 61ca 4dda 0a8a 109c 1b72 7932 00aa 4b36 022b 5881 0726 155c 7c0a 5f43 246f 605a 47c0 0a67 6467 57bc 32da 2461 3b55 5479 73d8 7e39 1fb8 494b 4006 5643 609e 4afb 237d 70ac 55fa 13f3 0b75
670b 5d12 4d5d 1c3d 79ca 1103 27f4 6e7b 548d 2656 0581 6800 48da 2eb1 40f3 2148 2a66 78b3 7247 02e9 5595 5f0b 27bd 3824 5e38 7441 2e67 5822 3974 234c 1cbc 6194 1739 2e0c 134b 3b69 5a9d 2da8 4e3e 0bb3 65b9 0e16 0fa9 70b0 50c1 73d2 5dec 66e4 5950 03e2 297b 51f5 1627 0ea5 12b0 4591 4761 0d7f
0438 3fff
6ea8 4fc5 72e5 5b00 134f 5f8a 0c64 485c 2699 71d9 7d18 2389 7e32 1ec7 05c9 4c43 5bcc 047f 00f6 4e6c 2051 2a51 4bb5 59c0 4353 3a65 7c3f 50b7 75cf 26a1 4eff 7b97 2766 1840 244c 1e4f 1dae 0216 567a 15c8 045b 407c 2915 5cd5 298f 29e0 49e4 66b7 5598 0961 033b 1359 34f9 1c81 4cf6 275e 6735 0a1f
5248 5a7c 06b5 7546 542c 50ad 5054 0e18 5550 292c 435c 4184 680f 43a9 7df7 0419 1733 4410 3ea7 0d89 78a0 26b0 7242 00f2 3dbc 26d4 45bb 50cd 30bc 149e 00d5 3bb6 4cf0 0c23 17e8 0848 6f34 110c 3551 5b3a 6cd1 10a9 113e 0539 10c6 2379 3cc4 0d64 1b26 20ab 403c 4dad 0fba 2115 1ac6 076d 2320 75f9
3503 4289 7173 57da 7535 025d 2117 15cb 753a 7233 638f 5a14 068e 0f33 3446 016c 1bc8 69d1 6014 0b05 0276 7b83 6927 0626 2b49 4948 6faa 08b0 3bab 0dc1 0899 122f 320d 610e 7765 24bc 0125 6bb6 4a0b 41a7 10cf 7e47 4161 425c 4fc8 24a2 15f7 3791 1efa 39d9 4a8f 3cbe 0a27 0da8 68c4 655c 46e4 67c8
55f3 6383 1f66 55dc 761d 2c6c 7a8e 0542 5ed9 1619 0625 18c4 51ed 0a67 5705 15ba 557f 556f 5daa 3d52 7e9f 5be4 2b9f 03f8 1ef2 140e 5c0c 64e0 025d 46c8 296f 2d90 31a2 453a 0bd3 476d 2de0 5cdf 2cbb 69d4 45b8 00f6 397a 6e88 1779 7670 78b8 1f5c 24ae 09c8 60fd 57ed 0335 6c6f 2dd5 2806 42df 0f42
4efa 768a 50d3 44bb 01c0 2daa 55ea 6ec0 1f80 0470 6c07 032b 5bb4 04a7 7cd8 5400 60d8 6bf1 065d 5449 0f80 72e5 7abf 322b 6e60 7c3c 34e4 39c6 420b 645d 4524 4ace 2616 1752 16b1 5e6e 76db 6bb5 02fe 5821 0a47 1ae9 0dea 3cfe 3bd7 5cc4 45cd 0e4f 1e04 3757 6854 7470 48f9 002b 264e 1942 4e0c 13f1
1076 0fa2 3349 4ed6 68c9 2e86 1628 25c7 3242 2795 12a9 4be6 175e 61f1 693d 7732 3473 5e42 25de 164e 4584 0995 550c 4eb2 314e 11fa 2a21 6ce2 43d6 763b 4069 1813 3b86 49e5 5046 014d 3338 7fcf 6c22 1ae2 3b43 27cd 01ff 7508 7e63 1502 2b70 478b 535e 08ec 3a8f 004a 32d2 20b6 7d30 605c 0f27 4e1c
0f3e 17d6 7847 15b9 7499 7555 2b54 3695 4f27 245c 19f3 05c2 3bbf 6df7 5266 66ae 39c7 3142 284e 466c 3ec4 0469 230f 0f85 6f1a 7ca7 5488 56b0 1265 29f3 2e79 7522 6ce7 4ee6 3820 693f 0b55 7992 6a9e 4a66 3dfc 2640 757b 4735 46df 13f8 6e41 0382 4c7f 0881 6a28 37e0 49b1 057b 252e 7fce 608b 1674
75bf 0000
23e9 4ea4 7206 1ae2 4bd2 0f67 215d 3ce7 18a3 694a 0d83 0e77 47ba 7b68 1f37 0b6c 3c68 6577 1b89 2363 6098 4112 124c 5bae 514e 017f 281f 751a 5360 45ed 7305 0c84 5c3c 6b46 7619 71f9 14e7 2f6d 37e3 06a2 57fc 78f8 3160 53b5 49fa 7914 3d72 70b9 3eb7 0b61 12b3 1224 55bb 3572 4604 49e7 2091 6d41
4afd 480c 401f 75e7 324f 1656 7cd0 7ca7 150b 328d 1cfc 7bfc 6c50 1f9b 4115 2ed7 433e 1811 02c9 51db 1257 37f1 10e7 0d7d 175b 5761 3677 1148 41c0 3f8f 2eac 3b26 72da 29fd 1baa 3415 1798 5360 47d4 7c11 5f45 2303 4314 66dc 55ab 51d7 4559 200c 0e2a 049e 790d 29c5 0378 14e1 5110 4546 7fe6 68f8
5456 2896 1530 359a 4317 6f0b 7f54 632f 4fe9 65b9 427f 10e0 2fe1 679c 556e 2107 321d 3c6d 106a 5c33 503e 1850 3e39 3802 2aae 5457 402f 3565 6b2a 33a4 2f70 290e 376e 176a 5c8a 339a 4672 725b 546f 3a1f 0e27 6803 3be0 33b0 7be3 0d16 0deb 03a8 48eb 4637 441e 0e60 5837 769c 1c16 479d 1d37 6426
6f08 2cd2 7e52 534a 1641 09be 2f3f 30e4 19f6 688d 0eb1 739c 7f6a 7fcb 255b 0db7 2759 52de 4e57 12b2 5e9e 59e1 081d 13f4 603d 2163 7040 1ecd 1b4e 59c1 10a1 4717 7236 0ab7 157a 37fc 4778 0db4 005d 207b 4779 7b00 24da 3aa3 4ad0 7406 632e 32ae 26ed 36fb 7798 3d50 78f5 074d 6329 4144 5999 19e9
0b0b 6a2c 0155 60a7 68ea 5b98 0848 1023 696f 3743 6d0c 68a2 0389 28d0 2157 6a89 6efe 31d7 6a8c 75f6 64e1 1efb 5cab 6f4e 02f0 78ef 063d 4a31 6700 52ce 5d07 4250 1268 2d4d 473f 05d6 5eb3 1097 6d98 566b 3f48 2958 5f3b 26d5 2bf7 108d 716e 6182 2152 284e 4726 688e 07a5 0c6b 7e64 5ad8 128f 590c
70d5 3fcb 1c52 2292 6a10 0720 48b3 74ea 47a2 2f06 761d 36a9 0b0f 1948 7f1e 7126 71e5 79c6 5a0c 4f43 536a 4fe7 6833 469b 2803 6168 6447 6620 02b8 7470 6bdc 3810 335b 0727 683d 7396 1666 0eea 2443 51bd 67a8 2d67 199a 0e1c 12fd 3973 7f5b 56e8 7464 5809 78fb 387a 265c 105d 6695 7831 0731 1fe1
1e1e 5fe5 3496 1844 4b6e 6838 29e6 6b4d 7705 3bcf 690e 2eda 4b94 3052 7b56 1557 0122 15c1 6d2f 23cc 7cf4 132c 2f4a 54d8 29ef 3678 50e6 566b 2d26 0cbe 3386 5556 670a 4159 38ae 1434 1f5a 3aa0 3414 7415 16b0 6eca 46ee 39bd 7216 19c9 5625 6d9a 5c0c 5bae 4f28 31aa 0a0b 1cd5 7025 6ad9 3b6a 491c
796f 0000
137d 5a71 49f9 4f98 66a5 6822 391b 4f06 0396 28cf 76e9 4500 2a78 0d32 08fe 3c14 1c47 1a62 7c4b 4c0e 71c9 5ca9 6bae 19b3 1e13 14f1 2d88 6099 57bc 577c 0ae3 1ec1 0f49 617a 03af 37b5 4f23 6aaf 5ad9 6118 6c75 271c 53c5 68c6 60df 6784 580d 5dbc 5f63 2440 1adc 350d 2918 3d1f 47f5 5271 684a 7329
2eb9 2136 394b 0fe3 069d 7bd9 136f 5af5 77af 2b9e 0cc3 4b1c 23ab 46c3 5e11 6b5d 1c60 4050 5000 28e9 4c3c 3001 3a1c 4abf 5d31 71c0 3a25 697f 22ae 3631 3dcd 04ba 6f3b 5855 4d74 5ec1 4da9 5980 528c 46bf 315e 6e6a 4805 6fea 21b6 3277 5ba0 2df6 6372 771b 41f5 6ae3 5ebc 6cc7 65be 5121 356d 0d24
6dc1 5aa6 50b0 0d5e 4e6d 49be 2955 78c2 75d0 2c6a 05e8 7556 386b 204f 20d8 02b9 6eac 4510 5257 6753 3e43 6021 204e 0600 03df 16bc 27a1 541a 6b5c 7158 0964 6862 0335 5a58 6ec7 290e 34d7 30a5 45a1 38a7 2810 7343 352e 20c3 6314 01c1 6dac 618c 0f81 7ce1 7439 525b 36d5 15fe 2ce1 6e6f 6f2b 5f58
04fa 2a9d 48a5 451e 5f86 6a72 31c8 5946 1ebd 10b2 30c6 5a6d 670d 60e0 6d8e 727e 3f0a 3f2d 54e3 508d 621f 3d3f 3ff6 3e87 4e21 55eb 5229 2b25 65f3 525d 59e9 4775 579c 24a8 1781 34f6 3cef 7782 00e9 1602 7cf6 6c42 7b86 1f26 17d0 453c 2aff 581f 6bea 22e8 7404 4289 1300 7826 600f 4ccc 72da 43ba
074a 3e90 789a 2d9e 32e0 0d17 4f18 3fab 7beb 13e0 4206 21a3 6bc6 4cb9 3a2a 28c1 0e33 62e1 27c2 4ec9 61a6 0ef3 5dd3 72ff 72b2 54a2 4ddb 4e6d 3f57 773c 70eb 2adf 054c 6675 522f 0ce1 249d 395b 1a63 6def 63e0 0221 6637 74a4 3b29 3201 2507 5179 598a 2296 3c71 5ed4 4628 6cfa 5fad 792b 129c 7d27
7b93 7501 1e6d 47c7 0e4b 3f9d 066a 0b58 464a 4479 2cc3 231b 77ba 5ad4 43b7 5803 37dd 3e83 7aa7 578e 5b6e 45e6 581c 4927 291b 42bc 6174 5a8b 601a 5893 3c79 16fc 78fb 57ed 2d51 1e61 79e9 670e 683e 12b1 1e56 7173 3779 6d86 51f9 6bc8 6066 1377 4a95 7cf6 303d 11ba 6edc 44ef 0770 6563 4623 6e95
54f5 057c 45fe 3994 764d 509a 4b61 1787 2c02 180a 4e3c 4cbb 39dd 4cb7 09c2 71b6 3ce4 3732 49f6 525c 40c5 3a79 372c 19d4 75d4 3d27 173f 40ab 3cfe 16a4 1427 13dc 5a8f 621d 10fe 279e 2d1a 762a 23ed 2420 4a5b 5a39 4ace 316a 786d 3ca5 13f8 783c 0a3a 346a 03f2 66c7 236a 528c 72e5 6c74 300d 42db
01e0 3fff
5bae 4b07 2e84 37a4 1613 6509 4403 0782 14dc 24a2 2248 208b 7a9d 252d 3f36 1b2b 1e50 2402 0ce1 1280 69dd 3587 3658 1ee3 621f 2a49 3e12 2dcc 350d 2ec2 2f26 47a6 4d01 1161 0710 7f98 0804 4084 3606 508f 1c4f 1e68 3692 3e3a 1c15 0fd8 13c4 589f 49a1 28cb 78a2 47e9 2b01 30d4 7fe1 4f01 387f 2b44
1047 3d7f 0496 725f 5bc5 71ea 0972 36a3 654f 0227 1625 13d0 1548 3f73 62a6 00ff 4991 312b 2564 62f6 786b 209d 167b 5005 1c62 647f 665e 587a 54cb 7054 6b4d 4001 0bf7 4ba8 4d6c 4411 335f 32fa 50c6 3fba 271e 11a7 2c79 04ec 273a 4e79 3597 7f29 2496 7f0f 3b4a 66b7 2948 66b6 4992 2725 217f 62ea
3c18 0bff 40aa 19b3 528c 043a 339e 20f6 0243 6c71 381d 3439 5522 32ab 7e6e 1ca0 7d4c 7de0 353c 06b2 752d 724b 043e 756a 4f5c 71ad 2531 36c6 508d 70fb 7d39 70e7 4ac5 5fea 7e71 5e4a 7954 0f5f 6fe0 2611 5543 26b1 78ea 2dee 4fbe 2ad7 3f13 33bd 656d 0eb2 22c7 6232 6467 6cd5 0b1f 7789 3aca 28a9
4921 0092 3642 6028 4afe 4d3b 05fa 4755 04c9 4198 0c39 5628 33aa 67bf 5ab0 11d4 43d4 49ad 5fdb 0cc0 2a45 196e 3ff9 28e1 21d4 2149 08ec 18e1 19fe 0528 106b 3e8e 0be7 5bdb 0b9a 2418 54f9 336d 4460 6f33 5573 27cd 7742 466d 5bd5 74fb 28f2 0f42 2e3c 0745 1995 61d4 55e4 2768 48ca 0ac1 3261 3733
681d 4252 1dc9 483b 5978 3ffe 4f90 3e11 6a73 15cc 13d4 5132 1827 39c4 6ed5 332d 7ddc 07a4 5fe4 2809 4638 552a 044f 5448 4369 3882 63eb 77b5 4874 372e 3263 6665 628a 18da 47f3 449f 733f 00ca 40e0 11b2 1562 30fb 553e 3747 594e 7904 4af9 1148 6240 172d 5dc8 65a4 4059 715c 6547 57de 67eb 1ee0
7b9c 6af3 364e 5064 1fba 259d 7036 19b7 0ed4 623d 4629 2228 6ecb 27ef 594b 7ad6 2247 7453 615e 1e65 5bd6 1904 0e32 059a 22f4 204a 2b18 31b4 59d1 7996 5635 6f71 06ab 283d 76dd 635d 44eb 55d7 0eba 7e98 10c6 1289 6964 13d9 337f 43f2 52fa 333e 1c42 5243 4aef 382f 6b2a 6106 1c45 05f2 3339 67dd
6c8f 756c 7314 4b76 27fc 4ac3 6755 7d14 31fe 1ee8 3b78 5f04 3af8 745c 67bc 39b6 0036 505f 5cbe 0245 5059 6e58 0258 15dc 2e1a 0e7b 032c 331d 5321 13cd 194c 5671 5798 579f 176c 6dcb 302d 08d2 3dfb 2097 73ed 3d71 517e 062d 6a49 6bc9 02a4 0cfc 0934 7f63 2d52 01ec 1f06 7395 6924 2b6c 6fda 41be
1d3a 3fff
7f0e 63dd 0c9e 518e 1237 4aab 7c92 14c5 63de 1fa0 0306 4683 72c5 5cce 3ab6 1dd0 245c 26eb 548d 2322 397d 6515 7c4b 5ce3 3ff5 4a66 1186 21e8 7ca1 5c50 095c 44d4 2ee2 18cf 5bbe 66dc 442f 15c2 4ccd 0b3c 3b51 4cfc 4c5f 574d 5ba8 56f8 1c5f 24ae 7397 7b20 2fca 194f 10ee 5d6d 5591 1853 395e 51eb
0ef5 5246 769c 4aa2 14b3 1516 41ac 1a0f 70bb 5ad8 6ba4 6f37 0847 07dc 3e8d 2048 779e 6095 1d6f 5ba1 15de 636a 238f 33ce 66d0 324b 74e7 4075 2adf 29d7 0a5e 2769 75b0 6fce 5b35 33b3 22fe 4910 1f30 41f3 3018 7959 4e1b 5f86 584e 310f 0a57 0592 3fb5 2933 11c0 2773 2709 3c28 747b 3e2a 29ea 4cc6
4b24 1a8b 26c3 4ae6 4639 451a 6b06 07aa 3b6d 3da5 032e 5362 2705 3202 3665 145a 637f 31c9 02ee 5c7a 3fae 513b 2444 6ebf 780d 27f2 0d50 726c 1e58 650b 6794 6eaf 1a0c 31be 1d45 5ea0 264f 1b53 54c8 0798 03ee 3baa 7e48 134e 46ec 6b4d 61e8 6502 5136 136e 4fee 5b6f 4cbb 0ee3 2136 45ff 67e9 00d8
56dd 622f 3f42 3975 5963 1ab6 46b0 6fb4 5376 10fb 77de 5b45 00d0 59cd 0ca0 34df 21eb 2987 2f1b 5126 167b 5b59 78d8 2c24 36b4 508a 42d9 3395 356e 7c71 5961 2cff 3ce3 5790 1577 585d 11d3 7d74 372a 53f2 6089 4874 1658 0a94 1b5b 78ea 4c32 1527 6eb9 2c23 4cd9 6b8a 5a46 7e51 6649 6551 10ea 7c67
11cb 7219 2862 417a 5f55 6c96 3042 32b1 63e7 7fa5 4b4b 5785 4403 2e5a 0c55 05ff 28bb 76da 5e02 0d5f 17a2 0aa3 2981 5a58 2015 5f8f 3eba 0aac 53be 41f7 1061 75ad 4224 5db9 2d53 2cf8 178d 65f2 6e65 6287 1a16 1052 6f90 0846 752e 7110 7604 7cfe 7120 0005 2731 7efc 1792 4816 68b0 0e3f 0289 080a
597c 479a 0d4b 7e5e 153a 2354 2164 1907 3203 4c33 0cdd 4964 4272 3f1c 3f6e 1d98 3255 03ac 7988 4f25 32cb 7590 48c4 22f0 6e26 3a85 51d9 18d2 2984 2006 400f 6504 7668 50c0 00b7 31a4 5b9f 2ffe 2f91 1b41 3d1e 47e3 74f5 6aab 76dd 24e0 2e81 5d80 197e 4884 498e 4521 7e68 3a66 1a89 3af5 1d27 3c5e
0af9 2d0e 0384 7316 6688 0ba1 04b7 1c8b 45ec 61a5 209b 2980 1ea0 2f11 0bfe 05c4 5847 3c75 2e9b 757a 6618 5d83 0fbe 4a1b 6934 6436 6a24 2c97 0e0b 67e1 0cb8 5a41 7946 1263 652b 39e9 0ca4 2f52 48a8 1a4f 17db 2371 144e 260b 4c78 6536 400a 1a11 5328 32b6 3e3a 1d65 3544 6503 0507 0be3 4845 1c22
3472 0000
0b36 787a 4058 5183 5229 6849 4586 0a92 093f 1046 7e2a 5f28 4ce4 32b8 2586 05b8 2b41 78db 4535 5a17 1239 4891 3864 7b33 413c 13d3 4971 062e 499c 33b1 3139 0fe3 3bf2 155f 0e9f 09c4 1bae 7438 5f48 3deb 19ed 6544 3e52 0f34 0828 6b67 3b16 01d2 6018 3bca 7b26 19ef 5f44 4903 025c 1c6e 5682 3c0a
37a6 25a1 55fe 4096 487d 6398 209c 188d 6e08 5571 4571 5594 023b 299a 49ad 53d6 307d 2736 3a68 176f 74a6 197c 5c10 2486 406b 63f6 47c3 3f3f 2944 1be7 3387 25fd 1a2c 2eaa 1178 1802 3251 2965 0bed 655a 67f3 4a46 243c 444e 62e9 7eee 19c3 0794 50e8 5530 4b9b 6f5b 7345 42f9 312b 096e 30d3 2271
5428 10a1 4a0b 7a6b 7459 2625 6e93 2367 5a21 284c 636f 7585 57f5 1efa 1f5f 30ad 34fa 7fcf 5c73 4534 4548 1ce0 0bde 45ae 512e 0469 37f5 7cd6 05c3 622f 7f70 3180 794f 194f 6ebc 64c2 304a 463d 7e4d 3e37 59a8 03e4 53b2 2b8e 774e 541d 5151 0d0f 04ca 79bd 49fb 3a09 20e4 3aa0 28c8 7450 68ec 06f4
685d 4114 39a3 287b 36a6 00db 6d08 6e66 77cc 616f 0180 08de 0bc2 435f 47c8 1054 49c5 5b2a 638e 298d 0639 20f6 39fe 34f9 2fdf 54e8 6e70 0a71 4bf9 5aa6 0806 5fab 1b8e 0cfd 5348 6692 4308 52da 1aee 6b4f 6ae6 12e9 5c17 1405 4466 6466 6f3d 5191 29f1 56f1 6abe 2b21 1f09 60be 20f2 7ac8 1520 4115
0575 5a06 69b8 3a78 26a9 3355 044f 4a28 3d2b 73a4 6746 50a6 25ae 1dcb 2e5d 27af 597a 78a3 7654 4638 614d 1fdd 6626 4bf3 391f 6e16 243d 0a7e 1d4b 4695 7530 365a 1b66 417e 1645 2ac8 6cbd 4fa0 5135 5e81 14ac 1074 50aa 45df 42ac 006f 614b 1331 4666 79e4 48eb 1ad0 0139 6bef 5e28 189a 20b3 5097
6f96 02d3 0666 1478 1985 554f 42a1 4b37 54df 449f 2e6e 6434 3b97 3e18 6137 4968 0870 0d4a 10fa 35d7 2e4b 2af6 5c5e 207c 7015 125a 474c 77f7 706e 2095 2001 6034 5bd6 38f1 001f 4b4b 2e04 3f66 69dd 03db 06f6 4ac6 2fd5 0a8e 2ee0 48f3 5714 3d20 7f21 127a 0ef7 77ae 3d2c 3358 6afc 5da5 66d3 6806
37bd 70ea 06fa 66d6 3063 22a9 7dfd 33c7 673e 1aba 5a43 630f 7f1d 39a7 08a8 4a90 3cb5 08ef 68d3 14d3 4208 12f8 11ee 1f08 3bff 217b 3ed0 3aa8 22ee 6b25 73e1 33e5 4a4c 06f9 4dba 775d 5fb0 358f 7113 0e02 1676 6cd9 56a2 7a0a 0df0 6110 207c 0355 1492 5fb2 62d7 298c 053a 7845 63c9 19ec 17e3 36f9
39df 3fff
6305 2769 24b2 7e60 117e 2682 2acc 4a02 6c58 148c 1135 4ce9 07d8 20a9 0be4 597a 70f0 195b 225c 5428 508e 2579 2a2f 606d 4b4e 5255 0c42 0ff3 4bb9 4246 4c21 2a51 683c 6f50 7673 0dcc 447f 36d8 7283 2934 1738 0885 5cd8 1d67 74b0 39a6 7990 0d17 1907 56ba 2599 69ad 4fea 4517 1e68 3902 21ad 61aa
3179 4aae 35ad 4117 2d3f 0676 50d5 4908 1392 109e 63e7 3a00 5ea7 2d7c 5554 5868 25ad 6b1b 4959 6112 120d 2195 28d9 4030 1299 2a03 0871 1a7a 0c1c 0f1f 264a 45b0 0b30 6a17 42bf 17e4 530f 7532 3d6b 01df 2485 0164 1936 29f7 73ab 3ffa 3a1a 2ce8 0e62 1cb9 2095 4c65 1f1c 3c60 0661 28bf 7459 08e1
14fe 064f 71ab 1713 647f 323c 5e94 7e03 6031 5e24 3420 6d15 4762 34e9 48a4 1f93 0a92 520d 56db 308d 0370 330e 0aba 2804 0267 7923 32e5 66ec 28f2 5bf3 18f4 6092 27df 5c28 0738 1bbe 11c6 2065 76e9 5ab4 053f 3aa4 1865 7de0 16a4 5ad6 790f 1962 50f8 45c6 4827 4dfc 54d4 5037 7728 542c 13dd 3e7c
70e6 3d98 4c7b 7618 1f8e 2f2e 6363 1f54 226e 7532 5b5d 4ff1 728e 410e 5ebf 0277 0194 6224 4233 284b 3a93 6861 03a5 36d3 7add 2d34 562e 1d0c 22d2 2628 2fde 03e3 2f54 3004 555d 1fc1 3aae 34f2 6295 5cc7 0175 58e6 6e32 6c25 5351 3076 1532 108a 26bb 75c5 5d97 6257 3f2c 253a 3b95 4f81 4212 7414
5fde 566b 00a0 275d 68fb 1adb 738c 248f 28d9 4df5 3f87 438c 42ab 0146 75f3 6541 1510 179a 40fb 4150 75e7 1410 050e 4119 20fc 64e9 328c 60b5 7e05 4110 794f 55cb 1d45 7667 3e60 420f 3a55 7644 205b 09c3 7330 15a7 3e5d 47ba 45a9 63fa 5bcc 6aa9 7909 0e2b 6337 71b3 1347 4af5 7bd4 2c49 7e19 79e2
7b42 76e4 095d 24b4 65ac 3ed8 1f40 70a7 37a8 5913 7eec 2947 29e9 7b45 6348 7406 63b2 0357 15c3 5bec 256d 09a6 286d 27a4 1bff 1a20 5b2e 37bf 681f 4fd0 5a92 76b8 553b 1dea 7125 549d 5e5a 6fdf 4b21 591a 39d8 5513 6968 1347 3dd8 370d 3d9d 4f1e 6a63 41b9 6493 3646 6659 6391 28be 6262 5ab8 1cf9
06fe 3f0f 0b6d 3c15 3739 6788 1886 5d06 6934 05e0 2b36 2c1c 4cea 5cfd 5fc7 5d83 719d 26ff 41f8 43bd 0764 1ee6 0938 3b4d 3015 6833 27b1 6cc9 2f6d 1dd2 57e9 1276 2953 1183 2d4b 6091 4599 6de8 3981 24dd 30da 4cf6 15ea 799f 1799 06a6 160c 7208 6aaa 7d43 47f9 27f6 680b 0faa 2a41 566a 72f3 7c70
7c87 3fff
7e28 6090 4ee9 7f8a 565e 0980 1428 4174 03a7 3acb 276c 2f86 391f 159b 3434 6114 77ae 4608 019e 2a36 0279 7bb4 03b7 0c66 7acb 7943 4929 6f83 5040 2adf 3ef5 665d 5cb0 56f5 3878 7909 11a5 41b2 4dd2 6510 2a46 476c 5f4e 1c32 125e 13ab 797a 5d04 6e5d 1663 4f3c 57d0 12c2 4b02 7993 1f1f 709f 1473
09e6 7cb7 6c97 0417 68b4 1763 46d8 20e6 49d3 20ab 6474 31a8 23e7 2ef6 6e6b 524a 1bff 131e 5339 6d5f 0ad6 043b 562d 0d25 3bbf 0f22 4d25 55d6 57e8 2f83 1d5c 4d95 3cf6 65a0 7380 249f 4e69 6bc0 16d3 236c 0113 25a8 540f 6a27 7ad6 601a 1825 1f30 574b 3fc5 4b62 2518 2923 2c38 6c32 0cbf 765d 7b92
6855 1132 4cbb 4004 771c 3f9b 6980 626e 05d4 6c26 2371 0650 5ab8 5f3c 6f79 0b5a 3539 59e8 007a 0129 1432 2ee0 37da 1def 6ee6 01ba 71d5 3be4 3792 21ae 722f 4642 71b9 0a84 79ef 3d1c 639b 0e6a 7c04 7b3e 440b 2613 4e14 40b4 4e08 5c69 7ff2 3b84 1d8c 70c8 79a9 6e96 5594 2826 7345 6a91 41bf 56cf
79f8 46c6 3df6 0bc2 4c7a 0900 4678 7f20 5032 5684 36ab 5d8b 6976 0660 2789 0ac0 7832 1b92 11cd 2df7 5ac8 6a48 7388 2744 69e4 3cb3 1238 3d0e 0785 573c 6f73 4aff 01bc 044f 5cd7 55b6 50e4 0110 627e 010e 6175 0c15 2eac 5188 4113 23dc 58bc 376f 2381 4603 4c0a 2fb3 74c5 0692 309f 3eb9 6633 1467
7416 7ea9 6425 13ab 64a1 08ca 7086 1c9b 4794 5024 5577 56cc 428c 6cc1 75b6 737b 380d 70c2 3436 7efe 1c6d 63d7 5ba6 552f 47a9 6a67 7ac7 575f 57f4 2221 4a74 1fb2 0c50 2357 2b5d 476f 66b6 4508 38a9 7f6a 2a69 3d5d 4e58 2924 621d 5a1b 0cb2 10c0 2ab9 3198 05ab 1203 0d19 31ff 34fd 6a58 4a19 4c4f
1122 3587 1c58 4610 1199 3154 5182 25c1 4d1f 641b 0afe 0ca6 2659 5cf2 0994 5050 1a7d 0155 2316 7f29 4839 4701 5931 077a 1508 1140 0741 30de 1837 47d1 0b6b 475a 3270 7fd0 3758 3758 156a 7747 47cd 0871 52a6 24da 29f0 3c5d 4f0f 5f6a 314c 42fc 3ed4 1880 21d6 6ea5 637b 7c55 3a94 7590 7bb0 06dd
749d 39c9 2f1d 0997 27f3 2099 688f 36fa 73da 153c 3313 06a1 3f01 3168 5c9a 1c34 68f8 302c 53c9 0031 421c 5f4c 038a 12e7 398d 32d7 3a90 7a62 4415 7ec2 1794 7f40 0955 6a46 6e56 4ab6 1186 0e7f 163e 4fd9 41dd 7db8 110c 4bc4 5aa4 3086 11c3 123d 6dd9 47d6 7576 1022 03b1 5fa5 4342 48c1 4b04 0e2f
5255 0000
44c0 7d4b 3439 687d 2340 2d9c 2b11 4063 6561 5c6b 3332 6a70 08b6 730e 54e0 0197 46ed 2816 6fd5 5910 0097 0737 79f6 5ab5 1a30 3354 744d 72d5 089e 15f6 6938 6393 7548 4042 5766 360f 0380 2008 1031 7127 5950 098e 02f2 35df 65c4 5b26 7139 00d7 3a0f 1466 75bc 6840 7eb1 1c4c 17ac 474b 0745 08d0
43d9 43ea 0b30 4b52 7a0c 31b8 1107 721f 5e9a 4d0a 32d9 3b86 0fd4 0ec5 16e6 6841 35d7 45c2 5866 5951 4917 04ac 2185 2c8b 6d96 513e 30ee 33d9 34fb 7fed 4673 7a00 22ea 6c51 2545 1da5 055c 0d36 4e0a 0c3e 079b 32a3 2a89 1cd8 3272 416a 2348 4a1b 234e 23af 60c1 09ec 2863 3c8f 3882 2931 606c 7b2e
2f0d 4f27 4405 668b 78ea 6a5f 3f1c 2475 125d 7682 08e1 4e47 35b2 06c5 48db 61ac 3ee3 2f42 392d 2286 309f 5b23 724a 18f7 03fb 537c 4558 33bb 117c 5ada 50bc 7f12 19b3 4e14 2539 383a 5086 52c7 6f91 05fa 5130 0e35 27e8 7c92 7b89 18df 3d55 4d96 49be 0f6e 1aff 0b9d 1b47 2b03 2d1e 6ce3 744a 2be0
40ba 7f6a 7239 34da 4dfb 681e 31c9 5561 4227 4264 3f2c 77b3 4cf2 7372 0a81 14f5 3a6a 1682 1d16 5c7c 6c5f 7a65 7001 2dfc 2efc 40d1 58ac 31ab 73bf 5c0d 3e52 5b21 0d5b 6b1f 64fb 6768 3511 142d 5cbe 685e 4ab1 4cb0 4f1a 2099 69b8 26aa 4949 61fd 2682 508b 50b5 4617 2dda 099f 1041 4811 169c 6496
5df6 4ba3 0af7 4c89 1ae6 7131 1c4d 7f90 4975 7a4f 1610 64b1 4508 18b8 324f 025c 661e 3882 4869 2dd8 3a95 6a82 1d84 6b68 6afd 22a2 2671 77d5 466f 21b0 1279 040f 3fc1 5210 59eb 4ed8 6fe1 2e63 49e6 01b5 0724 51b0 135c 6e62 60ff 4b46 0b9c 4217 17da 41cc 7c52 4ccc 05ec 2e30 7bfe 26e1 65b1 7451
3ff4 57b1 1a7c 4757 435a 2639 248f 3edc 78c5 7c0b 0ee9 7d77 4ce2 260a 004a 099b 2161 55dc 463d 25a1 548e 3007 00b8 6f8d 3ced 5809 68aa 3e5e 540e 57fd 26c6 2355 1892 1304 0ead 7d33 1aaf 3335 7f25 428e 4d40 7b4e 7628 0c04 24cd 5291 0b82 7668 5a20 1a2d 7438 7870 5392 5408 4a69 4f38 6bb0 2b52
06be 1c63 2c66 086d 6218 5615 2ee4 1ef3 5b43 27c5 1cd6 6142 1b70 693a 40b6 5c01 6ad8 3ec7 2cdb 7271 7031 6501 0d7c 2675 466a 0243 5004 26a9 4404 4f32 42d3 60ed 612b 56cd 48c0 43bc 42d0 16a8 5454 6657 383c 6911 4ddf 6e12 0fd9 4cbb 33f6 5175 6135 3615 69a8 1725 2840 1616 3192 782a 2d7f 7c0d
09b3 0000
311c 01ae 171f 601d 2ad6 2e03 7ec2 4909 4ce8 335f 440b 5aec 2cde 4804 126c 3a28 7e7e 3aa2 35c5 2c9a 7028 32ad 6a6d 4aeb 73ea 02b0 3665 5fe3 2c14 4ab1 7a93 48b9 4705 4a0d 3cc7 7f85 0744 1db9 7ca2 5d2d 7655 531c 0794 08d0 2118 4ec6 130f 639b 07a4 718b 1a0d 7758 5022 194e 4964 7396 4265 14bc
1575 2ecd 12e7 662c 3db3 430e 573d 3a57 397d 13ee 4bb1 40cb 4c78 7b8a 03ed 782c 0e20 704f 55d5 4d8c 0092 62fd 3c7a 3d32 3422 61f5 10dc 3609 2242 3ad2 1760 4af1 08e0 268e 4070 37a3 50bf 327a 543f 3433 5681 1536 47f3 253c 2c4f 13c6 6a57 0ec2 463f 0bb6 19ff 0d91 3ae7 1fd1 5465 08d9 465f 7f31
0ac3 1ecb 3ddf 1bd9 6c93 3eaa 456c 34fa 0ffb 54a5 08e8 676b 7030 7099 05c6 4f3c 1df3 335c 0741 3fdd 79af 25ca 7575 0bd2 3d33 15cd 1cf8 33be 4ab0 5b23 2343 0ef4 6cf1 27cf 67ee 3503 5206 1c16 1460 4012 545d 35ae 2bfb 71f0 42c8 1be6 7855 0b77 5aed 1615 3bf9 3fcc 5666 2bc0 06f5 7bc6 0109 513c
6e91 41c1 2fb4 2e0e 2d7c 3f22 36aa 33df 32de 7217 3cf4 5a5d 2c48 3777 416b 7f79 48a3 7a57 109d 0c5b 2b9d 68e4 605d 1593 5ba9 1b1f 34d6 51af 3cc7 06df 211e 0e2b 4d50 0a5f 5691 6dc6 25ae 74ef 4346 35b2 6a20 1825 15c8 5809 482c 5a9d 6182 753d 1423 10c9 73fa 4ee4 4f63 5599 2b92 06f8 4a13 534f
341a 445d 1bb8 000d 7bc0 1a71 4747 027a 5d45 0e40 17b6 234f 3fd5 35af 2edd 2ed7 3e01 35fe 7845 37ea 1fd8 2c2d 7808 02d3 5bbd 3d3c 3b3f 5a9b 5e7a 4732 5375 7389 240e 6347 1a9f 3876 0f93 0e6c 6df0 0586 0b3a 0168 03ad 25fb 2fe7 79ff 22d4 16b2 07b3 7850 19a5 216f 3895 3c73 6200 5bb3 4e7b 5ff6
001d 2404 3f0a 76e2 58c0 32b3 1a5b 6da7 01de 2450 58df 6ef8 4b5d 5462 0dbe 2707 7af6 72a4 7e97 75f5 32c0 495b 1345 0514 432e 66af 25a0 2546 4475 6644 1688 087e 491e 0863 2781 6d5b 3457 6f1a 64b4 178d 1d5f 720b 3d91 5f18 349c 1e0c 48e6 7cc3 3f3b 7cdc 54be 28e1 26d3 2fb7 0acc 2a1c 0a56 521f
5e06 6144 2801 5f9b 60d8 3a40 083a 5792 1026 2fe6 29c3 4eae 14cd 548e 1b30 24e9 278b 10f3 2166 5ab5 0696 560a 6d44 677a 7e5e 0e9f 5f4f 6ad1 0ac7 3be9 29e2 166c 4798 74c7 6673 4aef 57d0 7c6d 0fb9 2094 4051 09e7 39fb 28b5 259b 4717 1ef6 4f50 1ee8 0839 0e53 45ba 1cfe 2d53 140c 12d8 61ef 4919
142b 3fff
2e68 4ac5 4cce 395e 462e 566e 2587 5156 721b 059b 16e6 0e68 4d99 5c11 2ed1 58a7 1606 74c6 77fe 077a 58ce 61bf 3273 62d6 3220 636c 3104 2360 739c 125e 08d2 21e8 032a 5160 6055 7133 4c3d 461f 52ea 2f18 2b4d 7b3b 2789 4a74 79b4 034a 1eb4 4972 5cbe 1fbf 0f8c 13d2 2550 420b 1798 4b92 0fec 5be1
69a4 0664 1875 4a97 17ad 7407 41a3 457a 4163 6dc1 0a77 674e 36f0 3b52 0837 0a4a 7aee 3d5f 52e4 19dd 067f 28ad 23e3 5da6 6fd3 1594 54d9 7794 5f98 78bd 17ee 3906 4948 5950 26dc 15e7 33b1 2c99 5f26 40b0 4200 14f7 5828 68ea 314c 54d8 5b33 1fc5 40aa 3e49 5aa8 4f0a 6882 646c 5698 5d40 1c20 454e
320c 7e16 4555 395e 1956 2238 51f9 41c9 2677 3f12 07c2 3385 72fa 1e21 5381 4ca5 1b78 4bc8 040a 7fc9 7fd2 5982 2b6e 7b83 7d59 5539 62b5 3853 4f5c 5ca1 595d 1123 7797 4a76 0369 377e 290e 5fb5 443a 2eb5 2a5e 0ff9 0a8f 6c4b 4b03 47e2 14f6 6c24 56c0 5875 26d4 3d19 63cf 41a9 1348 71d7 59f7 5968
71fd 45aa 199b 0371 47c1 7be5 0ffc 48d2 7022 2275 55c4 2191 153f 33e1 7c27 482e 2d12 6863 06eb 76f4 0ae8 5a0c 4f03 4fae 7dc4 5127 2372 2f6c 3423 1805 3906 1dfe 0540 27cc 50cd 48cd 728b 4a6c 2aa5 2c07 6306 7bb2 0a60 603a 2d46 06cf 3bf8 0837 47c4 3e97 5e12 3db6 35da 4933 4256 7e51 6a88 2abf
5176 5f65 0efd 0f40 5d79 2449 7198 565a 5143 74ea 01a3 7dbd 5d00 11b0 5cec 2e22 783e 2caf 4743 1909 3e9d 5659 27a2 41f1 03bf 6e7f 0228 0a5b 559b 17a1 270c 6db0 5f2c 6324 2ddd 71e6 2927 1e5b 4660 542c 7263 3da4 1082 3b4c 45fa 3c92 025b 0c54 6a91 7651 0e27 3f63 696f 2936 19b4 23bb 5629 3c79
5060 09b9 7d10 6b2e 5f72 016b 3179 5619 53af 4bf3 4f79 6871 3713 7a8c 1396 2d28 2c3e 66d0 2d10 4d7c 60aa 7f92 1ec8 4221 40a9 7093 25bd 40c6 5e67 4424 2794 58aa 2566 0a3d 22b3 27e8 4fed 3036 414b 501e 77b9 6182 3f5a 3e99 14d2 7c58 5097 4afd 66a8 6606 4fb2 7981 59a9 03ba 7d78 4038 007e 3359
027d 48b4 0021 37f4 520c 4ee1 19eb 3ba4 1684 1379 318d 1956 0e20 5123 4ed6 04d7 5b75 3603 6508 1a98 088f 3a61 34b8 010e 66d3 364b 6df8 3382 327d 67ce 4ee4 6c27 5b82 4b7b 2dea 7ade 360b 395f 1f0f 30f1 7285 2daf 6cd9 6283 19ae 7aa4 3db9 6331 531f 27d5 7d3e 0638 2de1 193d 1fce 401f 7658 2043
1ed0 0000
708a 2eac 1175 57bf 501c 20e2 610e 403c 4b94 1055 2f14 10b3 7974 0e6e 0317 76cb 4067 6d79 15f3 35c7 18f4 079c 50a1 3cb1 25aa 5e89 2451 281c 1c83 2f22 7b1d 0cee 268f 676b 54a3 6bb3 6b12 1762 707b 52a3 6ddb 2f18 113e 27d8 459b 1cba 096d 73e0 31b4 7269 4e6f 1a5f 3d06 0268 7d4a 2450 57b3 3de6
25b3 20be 7b16 5e2e 5f62 2918 3fd2 11ff 1b61 5c07 441c 1155 432a 13bf 6a1e 1fee 78d1 0048 64f6 7302 1942 000c 4f03 7b86 4c28 4384 72d3 14dc 3404 22a4 5cdc 431d 5847 34a1 693c 71b1 53c1 2a28 41f5 0a0d 50fa 2413 2791 0f9c 22b3 1fc5 40df 4dfd 2bed 6b5f 058d 1bd6 28b4 16e5 1200 1a6d 0253 5087
008e 55af 7aec 4354 6c70 6117 611a 60ba 71f4 78c3 3852 38e9 0c03 73e9 612b 2000 4fcc 5a98 3983 29d9 50f0 442e 0bb3 686a 43ee 66c1 7953 1952 1449 2855 4126 602d 5436 49be 68d1 71e9 6028 135d 61e6 7701 45ae 3000 7fda 40cb 0c05 401d 5597 6530 3402 48cb 6b44 7625 3025 0bf3 4fcf 5d33 4258 08be
51da 2eb1 0129 18dc 7f36 325a 34c2 18cf 2f5e 31fa 6333 3ec7 63f9 3de3 1a62 4c2b 0e4c 0c37 3de9 4dc0 5a36 7f59 2e16 34a4 1548 3916 41a9 61f4 4fb9 1868 057a 6b29 6fb5 6c33 2f63 06ad 3650 45d9 3e76 1fe1 48a7 3d01 721c 343c 2eb0 4575 7dac 656d 0e8e 49fc 4a5b 690b 24c5 2513 2281 244f 75c1 3242
5ab2 52f9 6140 2553 7dd0 6fbc 0820 255a 675d 5458 0b0a 300a 3ee0 57c9 2ab1 7567 75a9 2438 2bd3 299d 3431 2085 2d40 6116 76f0 4f35 53ad 75b2 349a 43e6 751e 269e 2c2f 2ce5 06d5 52c9 6642 4c62 543e 5598 60fb 2467 2aa5 2bad 504e 65bb 0a03 3add 7fbb 03f7 0fc6 3081 6c13 1691 52d8 3d7d 0521 6722
6e9c 5417 1370 4560 2127 19c6 1e16 4ba9 1f85 1ecb 2b14 3efa 23b4 0426 4d4d 1f1e 141e 218a 56ec 00d3 2f87 6ac3 2836 03aa 70b3 16ef 54cb 0fc6 726a 20be 7395 554c 7620 2a88 46e3 0f13 0223 71f7 1a6e 1e54 3a49 3ec4 4c4a 1fe7 09a1 4bbf 1eca 7477 0bdb 094b 274e 7e0e 0216 1a99 5049 2e09 4e90 1181
3fd7 1b10 4ad6 13b7 6c39 268d 32a8 0dc2 01de 0976 167a 48ac 42ba 653a 3895 726d 09c4 408a 7bf8 6dd2 5ede 0ebd 06ee 2f48 6f89 1e02 27f3 0a36 0555 515b 270c 4ba0 15d3 065d 7730 14fc 3cfa 674a 74b0 47dd 669b 7c1f 678b 7e4d 1060 6e0d 27cf 2e77 16c5 6663 2862 027c 466e 5bdf 774e 5144 4ac0 31ff
533c 3fff
0eb9 3d6d 05f2 40ba 4495 6a3d 6df7 6cf8 6105 0163 676c 5e09 6e73 6ce6 1d43 5f4c 19e2 4152 374e 1af8 1d9e 5a33 3bd9 3461 7e5b 7ea3 7cf8 1ce7 0f0d 557c 1c59 2820 23f4 52f1 6741 249f 1bff 4169 0c6d 5540 4483 3e6f 6970 093a 08d8 66c7 4be8 3d08 1584 0fda 5f66 3122 3185 7253 611b 5c57 344e 6e3f
2780 3581 21d6 70b2 3e55 7155 0d0e 1b99 3495 7329 5274 64a6 7ff5 38c1 2773 529b 580a 2c29 7d3d 3a3b 5cb2 6065 0929 58af 5045 23ba 08c8 082f 527d 2f1a 70b0 6f12 41d0 4d44 40fe 6075 6652 3a1d 1cb4 5c25 726c 02d3 46c0 205f 15cb 59a5 7537 4ad4 6043 3c02 702e 7f14 787b 0189 0d08 5fdf 2056 780b
7f5a 2b0f 7bad 6667 6fec 129a 3d19 6efa 3741 68f6 0ae8 7cb4 3944 26af 6014 3809 104e 0e68 03fd 039e 6b1b 31eb 3187 1904 1054 60a6 12b7 4803 40e6 2954 475c 3e22 39b0 6d89 6e4a 533c 5c2f 7be4 4535 325a 6d03 2826 5866 5080 070d 04c9 0729 7770 3ef2 6bd2 04a1 2f4e 45f3 51a7 2585 3f53 5081 0607
2875 6308 7631 4022 5ab3 12ec 646e 7600 7a2c 224e 5e11 6ac9 0ebd 0eeb 5506 4419 715e 3d0d 566d 187b 3c32 3841 5d79 6832 278b 6148 2e76 638d 2729 391c 02fc 1cbf 3221 027d 30ef 5fb2 72c7 7c20 67d5 49ae 3886 0666 0b80 04ef 5ed7 0eea 0ac7 6fc7 7550 04a3 54de 21f9 15dc 0c84 680f 0077 2e7c 1737
2495 1573 78ac 7715 1d41 38fa 1ee3 4923 5d1a 6506 4d28 1190 51b9 37ff 4cfc 2fb2 023b 42a8 7849 00d5 555f 6a18 2b2c 6e27 2681 0919 5aca 3a46 5196 4f63 4aaf 09a6 375f 6283 76cb 5a9d 6a5e 3ad4 4feb 5c09 279f 6351 39e6 608c 0106 2ac9 0944 736d 453d 278f 78d5 11e3 43c0 136a 10d4 5a60 6169 2214
42da 36e5 4906 69ab 7737 1c57 3784 2dae 6cc4 7822 434b 4477 2195 3f0a 2b7b 05fc 216b 48cc 65a9 4147 7c2a 66ed 3e20 60fc 6daa 50b9 1e21 5334 66fa 5b1a 559d 41fa 2cfc 367f 2e17 4bee 6e31 3061 4b4c 09b7 2dcd 3910 7c00 2628 169b 6239 760a 1da8 6dbd 21ea 5abd 4878 2a54 7424 24e4 1936 62e8 5594
2894 1493 31ba 52ec 2e34 67bd 1d40 0f55 5fea 3899 14a1 6a3a 1532 73d8 6181 4910 6a18 4819 6695 0aa9 49a3 0d05 3f91 2aa5 3cb3 16fe 5124 4c0d 0759 6ec7 0e9c 36fd 5f9e 732b 2c67 3a68 541c 7562 6a03 1615 39a7 0bb5 59d8 6376 733c 3486 7190 4149 7a63 5aac 64a5 78f6 101c 3855 3a74 5e1b 1d2c 087e
5b49 3fff
11de 1662 1362 2d9a 0751 2aba 5b09 608f 0b87 60ff 2975 114d 239d 30ae 5da1 5bac 27a9 61dd 7d14 3aed 187e 56a2 49b0 281b 3dc5 6cd0 6943 75dc 6dd8 69cb 44bc 6a47 3985 5313 1629 1791 0275 238b 0dbc 2c73 7523 28f2 6f77 1682 252d 5037 2c4d 7533 488d 2236 60ff 24fc 7d8f 3b37 2155 2451 063e 3703
36d2 56fb 02e2 08ed 3aef 1083 6ddc 145a 31fa 73f8 1a9c 54dd 7d38 00da 580f 07e5 1b8a 50d9 434b 09c9 6808 19d4 7762 773e 6d80 76f7 4e12 113f 302e 2d2e 1d89 2289 4753 64c5 5d70 6e1c 33f5 7631 00c4 468d 540e 56fb 4969 6fee 25a3 0fdd 776e 2081 29c9 4110 60a4 06dd 28b1 766d 0d18 3e40 0305 4013
7a3b 451d 526b 1368 5f05 2a01 4c08 45d8 4d3b 5e86 3d3a 59e8 47d5 7f8b 40ce 270b 3e56 1233 76db 3103 7cbd 1303 0753 5b07 7307 586e 673f 1498 59ed 5704 3cb7 4a60 140d 1bea 3e7d 7d90 5ed8 40fe 2028 733f 07c7 1c6c 0f6c 5f98 1975 0c14 5312 685d 5e00 7830 1ea6 5df3 10ca 304b 755f 1957 6225 0861
0eaf 26a4 663c 5784 7beb 7ade 37ab 5ae8 0b7c 1faf 221b 7a10 4666 26e9 4c67 5be7 448e 4945 7d4d 5aa3 7709 7b84 279f 2249 7247 3c1d 74fb 70b1 4e43 6556 69bf 02e6 6a2d 0cfe 3695 4da4 5acb 76e3 0a2d 487e 1837 0558 08bd 4d20 53ef 2e11 0dbf 0b19 627b 1ba7 3ee5 6c1a 774b 2262 0ac1 3c81 39d3 0642
1542 0780 02d0 30ce 1230 6f1f 73af 5b90 119b 74b6 44ef 44ed 3ca8 0f64 56a9 4ecd 0e3d 61bf 3431 4ea6 0155 0f22 4d71 599a 0bf1 702f 4405 348e 0978 7b0f 0c65 027e 0ff3 5797 751a 5d30 0658 029a 14b2 5bff 139f 4786 1e20 5a20 3dfd 231a 6e85 076b 3742 3ef3 01e3 598c 6b50 5024 5fb6 29c2 72d0 01d6
0357 11f0 38b6 2c51 57ff 06e2 1024 384c 1156 14e8 0e83 3b87 4f00 58e2 393f 0372 4632 44ae 68af 35a6 0fff 2557 30d0 5c7f 70ce 5d82 1d6f 0d12 4857 32f9 7954 312f 4ef2 30cf 713c 2821 237c 44c2 770f 4fe9 7edd 4edd 6634 6457 56f5 0c57 0532 24d9 201d 2d68 6a73 182e 5611 6aa8 55b5 1a86 5c8f 33d4
0b22 6c40 2ca3 3a6a 1b2d 3c5d 16a7 3d24 10b4 29b4 5c38 7b62 1829 3214 68ec 4d24 0ae9 13dd 6336 714a 00da 55b0 40f3 6a0a 3c06 3908 0b38 642d 2fe8 0070 0e41 6d2c 528e 0b6b 3a31 0fe7 3b53 570c 0a62 2354 4a43 0992 37dc 213b 0e71 6580 46ff 7fbc 4162 4d4f 795e 3102 125d 6c21 23d2 3089 10d9 5271
28f6 0000
0234 47dd 6c3d 465c 4b86 1120 640a 6c75 08f8 04d0 7cef 4747 7a37 6354 35e8 140d 0209 08ab 6e66 6323 3246 7496 49ce 3b02 143d 4939 0d18 53f1 1e06 2dbe 497e 01b2 4442 30e8 7f34 7142 4f4f 453b 6803 042d 2b86 4b92 38ca 73ef 28eb 1cff 61bb 3740 60d2 5eea 3550 41bb 5a30 2aab 2f0d 36e2 6f47 576c
5d14 0f3d 1360 73a6 63b1 6bf6 120a 5ebe 2162 5182 003b 4be7 6423 75c4 53d9 66c9 3a59 2456 15f4 0509 7dc1 3279 046d 33b1 70cb 5cf9 2faf 68b7 708c 2064 37e3 7814 6a53 7aca 54c5 4466 43ba 01f8 4576 4fe1 3111 5468 1ea4 55c2 2cbb 2c2e 5974 569e 701a 64fc 2246 0211 1e8f 3bcf 4b65 1eb2 4994 2600
4107 6f00 2b75 17da 735d 1dc4 1842 43a9 0fb6 5aa6 2bce 5295 084a 51b4 3f5c 5aed 55a7 7a63 6daa 671a 1c37 4c2d 53ff 60a6 107b 5b24 5940 0a09 1f91 7e9d 01b8 2ce6 6c33 775f 4ee1 7a8e 0937 31c0 4e15 09dc 1b52 632b 30b7 57c3 18d0 68ab 1148 7ba6 497a 3212 01b5 7451 4568 71b3 36e7 6f09 4b38 13c6
5cb1 3605 115c 20ac 40c3 391c 1918 0dd3 7403 607a 7761 0569 5205 1506 47af 2252 6bfc 786a 7565 427a 0a15 136b 02b8 31aa 2d42 69dc 4e8c 6338 157c 24a4 590f 0891 70ca 55fc 3c81 366b 0758 61f2 451c 2145 2fc1 0cfe 72e9 6175 2df2 62ca 2cb7 2264 50db 5fda 2b78 72bc 6fcc 66a8 61f6 099a 094c 4095
6453 1060 0322 3cb7 4050 20fd 2ac9 057e 382c 1085 684d 141b 563f 6fed 1eb4 2cc4 6e1d 4a7e 70d6 7c2f 496c 539f 5b1b 4a41 4e3b 0d58 2547 2547 2640 06c1 365b 5959 6925 7ac7 6787 6545 15ec 46e5 7af8 4feb 7157 5bc6 6e81 08e4 5015 7c8b 0cd7 130b 18e5 49d4 6758 0be5 44da 7789 3e3e 6f1e 4708 6379
0952 6827 2efa 0530 3e94 7de7 2fbe 16d8 0564 7843 4bd4 2efa 097b 01aa 4682 1f35 6f35 06ed 34ca 5175 0735 2fec 5ae2 6cc8 1e0e 177e 486c 582b 4c13 3591 144d 46f4 5ae9 7881 6f44 24d9 245a 4d25 17ce 4a0b 3646 69e3 4b95 720e 442e 2b36 2839 00cb 54ca 4daa 1855 1d0c 174b 30fa 6420 33d7 3a62 3f7a
0c0f 15e6 5be5 736c 77f9 3aed 2179 14d4 5d4c 1a11 3124 2951 1b16 5e48 4627 5627 003f 1122 1975 5e55 1295 2f1a 7ac4 1d89 64cf 049f 22b2 70ec 2853 6e73 305a 3499 5f90 2028 5293 623f 4b5e 30ea 37d2 4acb 74d9 10f3 6e6b 1329 33fd 4a8b 2b73 2b59 0799 7377 1d63 47b3 69b9 0a7d 1591 7f9a 749a 526e
27f3 3fff
6191 0db9 1048 5399 7ca3 1a77 178c 1334 1b20 237f 6331 196e 387c 2bab 07ea 14a5 0d36 6f27 2515 64f2 201c 272d 69e5 6127 2ec7 07af 048e 34e4 4804 6625 5dca 2c34 73ec 2894 284e 07c9 5631 3776 5476 6b54 24cc 5142 57bb 79dd 627a 5d11 64ca 653b 3950 14b7 52b7 4622 7f01 0732 36a3 0000 1099 46be
679b 3fa2 0fb7 467c 76a1 54b0 6678 0158 34b0 773a 47f2 77fc 1da1 1541 3a04 6467 1672 210d 6115 23a5 5d10 5809 3f5c 2057 6a6c 726c 2f5e 1a82 5d2a 10b3 7f6e 008b 11b6 3bd5 0f0b 0340 5a25 0cdd 0c0e 24e2 1499 46fa 791a 44cd 6b92 4690 75ac 4111 533f 17d1 34f9 624c 73d5 4cae 25a2 111d 1cbb 4faf
2bbd 0022 5e5b 0b54 7f0a 3b34 377e 7ba8 2e15 2185 3502 0ad1 69fa 4b24 58f0 293b 0e3c 549d 14a7 3435 723d 7ed6 02a8 23dc 770f 3dd6 6e26 62b1 264b 44c1 6a46 6b97 1e7d 59c7 20d3 3448 1dc5 7e1e 65a9 3ebd 2e29 10ef 292d 21bf 57bc 0608 6f46 1b9b 3ecd 03c5 7f56 26aa 1a0c 53a4 1368 46dc 25df 184d
2b03 3511 567f 724e 1f71 7639 53eb 7b3c 4c9e 4781 33a1 698e 5035 3f59 1fc9 4488 5572 1bed 1a1e 1501 12ab 5598 3e8c 322e 7cbd 66fd 60e6 0cd9 4699 6f58 1aac 75a6 1c87 1fae 1e02 0360 4680 19ee 1e73 38d6 2394 276a 0391 00b6 4098 0b10 7805 080a 0a6b 455f 0f5d 2e5f 6976 10f7 1533 2127 21f4 31f3
55cc 7807 51b7 0377 60d6 53eb 4f24 1151 4e87 3484 24b5 0d5f 1f10 1c8a 146d 4954 767e 35b3 50d2 0892 3da5 0534 3a49 4dda 2ba9 45fb 731b 7675 6aee 064e 6932 5fd2 23cb 5487 7b57 06b9 6840 0e3e 38fd 30da 41b0 5b40 26dc 3fc7 688d 5d76 5fab 4171 0f7e 3cf8 577c 64fd 3299 545a 0dc6 3929 0c17 07ba
562c 3871 0ba4 7871 5e51 6b1a 67a2 67ae 1d66 7a5a 1f70 48b4 020b 28db 784f 6e9a 2275 5b77 7df0 2bf6 0b7e 60d9 63e0 7b89 6dd3 6bdc 0978 6b65 5119 3f7e 0f53 5b36 72e9 6009 61c1 5ec4 60b3 7ff2 5e54 40b9 3602 3b8e 1232 55eb 3be3 188f 738e 5eb8 395b 0303 307b 2d88 5f42 52c2 60d9 712f 45a4 1b90
3fdf 1fbd 025b 7e80 68a2 56e8 6e51 741f 1f77 714d 257f 5b17 2fcb 648d 1af3 1a43 34f8 5351 10ed 0fab 5cc8 0096 083a 39b8 5da6 2361 2e62 54c4 67de 1a82 4ae8 3ea1 5da8 0b05 156e 3e7e 3d56 0cec 1648 4eb2 28d4 2bb1 1401 2c6a 10ed 4066 722d 673f 73b7 5f40 534e 189b 5f24 3471 7446 0ca6 067b 2e0c
7edc 0000
76c1 3741 7766 46c3 6d38 1c15 41c4 4ec6 08ae 3228 0935 7f69 1cf3 7aab 6888 4201 1dbb 14ae 7225 1203 3f3c 6b3a 356c 713a 3902 3300 2ee8 0a8f 4ead 6c2b 4628 706b 7566 3d23 66e4 7aed 3bf8 148c 08e3 0237 04ce 7e77 72a6 2787 5c75 4633 5293 4745 7163 61b6 49ff 20f6 1cb1 6772 5bc0 084e 007d 590c
3b25 7bff 1c4a 7df8 7d49 7f08 387d 0f01 2973 7e5e 7458 2be8 3bf3 715f 251f 4162 6632 585a 4622 4060 09fe 4fc2 5364 19cd 2ae5 34a1 6fd7 17b7 7d8f 19fb 3f22 7842 7a72 02c4 11a6 6fec 5806 4ddf 21c4 54be 21e9 6d0b 37de 4d77 6176 13eb 6b59 1d38 08b2 25e0 0f92 2b91 7a5c 09ad 3fff 2c9f 3f98 244f
059f 0fcd 39c1 5e68 023c 58b8 681c 36b2 022f 5d77 659e 3486 7c35 47cf 1cca 0a90 196b 1fac 33b4 37d9 600c 6572 18d0 0ea5 3ec2 6cc1 568c 4a8f 34f2 36e3 4dda 25b5 360e 43ff 0c13 395c 45fc 5c40 3c3b 0a7f 397b 03f8 26a9 6bc8 6bf4 23db 70e2 656b 7c4d 33c6 19cc 68da 3a03 7683 092c 42bd 0d45 5b56
7b14 2dad 265d 2020 08ce 1e5c 2cce 5da2 743e 2855 6ddf 2eb5 41a6 300e 6646 154f 52db 46ab 5e1a 5a22 3c44 7d72 5ee8 39ad 7cd2 1805 243d 757d 1c0f 4a84 262e 0109 4cce 2526 6cdf 7494 5f0f 15f1 1190 3912 0ee3 2a10 6d56 75cb 3d34 0c10 026a 1039 0411 76d9 646c 6fbf 2ede 2c94 2b15 0ed5 7d71 60c9
3d4d 7faf 4a85 7305 2c2c 4c5f 41a5 227c 083b 3b4a 6ee4 6f6e 18e9 078b 6c19 2495 6b80 6a40 0905 2444 2ddf 71a2 19b3 758d 209c 0679 21cf 2e8f 554c 049c 623e 7f15 63ab 4823 6af3 43f3 6daa 3c6c 1759 6cd3 6240 2620 15c4 0271 73b1 3618 0c90 77ea 3758 1f10 1058 6294 7839 038a 243b 7e35 4c92 173a
5161 713e 436c 0869 47db 55f4 780d 1ed1 7591 1018 5886 03f7 23d9 690b 5eed 23f3 095a 2983 1a1b 7475 0baf 2506 2f53 5cc3 283b 5ff7 2cf5 6d6c 6334 232c 2163 0abb 2c84 4f68 1405 0723 7821 29a5 5c31 31a9 2b20 7826 6861 0a43 4e9d 16ed 583a 34a2 2b94 685f 1ccb 4fcb 06d3 2d97 5299 6951 0b09 329e
30f3 4531 487c 192c 253d 500a 19c5 012f 279e 0537 2e4e 7e44 36a9 4e59 22a8 1ddc 69e1 3eaa 14a7 7a70 5add 31f9 1c9b 6d99 78d3 053c 520b 4986 4ba3 5807 4faf 27bc 2994 44d1 29d9 55bd 5ac0 574c 1ccd 7986 6f6a 1bee 5552 0cb7 2731 13aa 2977 414f 4c37 18d1 4d54 031e 6c88 202e 0a5d 49b0 710a 6225
7bfa 0000
585b 65eb 536d 5683 53d2 5973 1f8a 588b 04fc 21c2 60d7 309d 10f8 195b 0e8e 248f 4b4d 0f9d 7e24 4081 40be 7a37 6625 3fd1 21b6 4c78 2a14 7cbd 55ef 6063 4dad 764b 0005 7109 1fed 4489 61ba 215c 2572 66d9 1e1d 7bd3 43e4 360e 2bd4 71c8 1a01 4ef4 4af0 34a9 3b2e 681a 73dd 17be 57a9 614b 67e1 3d17
727c 4db7 04bc 31ac 5d5f 157e 19f5 4eba 2a64 13ad 4801 0ca7 0356 619c 58ad 0252 60e4 68ff 3c59 0a23 257f 0d78 7515 0163 470a 3e17 3d92 69a4 5cf0 7004 0304 7730 34e9 276c 0f54 73a8 71dc 1acf 2d7a 4846 7305 02cf 6955 11c1 305f 296f 6037 044e 5d08 0678 16c9 2433 5b11 2c81 301f 6fdb 4b77 43c8
2904 04c9 0553 33c0 7e52 571d 28d1 5043 012e 1449 0f97 44bf 1b81 7f4f 04fd 7d5e 1e68 2b39 5b49 27e3 781d 20c8 3a55 7eb3 56cd 1f63 73ae 6173 7f9f 0d2c 475f 6aab 428e 4772 24c2 7a23 0487 0ee5 2cc3 2d1e 1bf9 4c8b 6b12 27d9 4961 6b8e 5f36 77fb 2b07 72b1 02a2 058a 0986 2efa 04aa 64ee 4882 42c7
6b0b 7d02 32f6 44d1 5b80 0961 1632 45a9 469a 7b85 1105 7629 759f 0f93 7140 0779 2696 31d5 5429 3f1b 7b35 34a0 2563 181f 1209 11ba 78fa 0acb 73df 48c2 3c73 0a11 48b4 6465 57d8 6081 0f3e 2a9a 1a1b 08a5 12be 452a 2b3c 6c70 0166 2460 70d8 30fa 7b63 7416 3dc9 2877 4da4 05c6 7e93 4948 220f 5043
2b6d 1ac3 512e 3f65 2173 4485 537e 5fed 4c8a 6c5d 0c3d 659a 70a1 46cd 2627 71db 1e48 6a63 55bc 718b 261e 1818 2963 3022 2bb2 3b0f 2a50 1df5 1054 34f0 5a24 0f47 63bc 014b 5ce9 3200 043f 1faf 6b55 78e6 51e1 085f 4f0c 7ef5 5203 3611 74dd 2977 1178 130b 3de2 3027 555a 704a 0985 161a 7bec 5423
2816 379f 0adc 1cd2 6eee 3054 51b9 198c 7e12 47b0 2664 6bb4 0a94 03be 32c1 57aa 7393 171a 435e 754f 242b 2184 5bdf 3572 5186 7186 797b 1bd1 1596 406c 5316 4646 4d17 6203 566a 76ef 0ab9 2920 0644 1a8d 483c 3b0b 621b 5bf8 37f9 7201 1b9f 1642 19c2 0dea 0e3c 4b01 3a5d 348a 292b 6c8c 61ed 2717
5e60 6a2d 42da 581c 6f0c 7e15 633e 0206 36d6 117d 2d1e 1e9c 1abc 4c4e 18f0 4d58 4f54 0284 2c67 5a12 5dac 3f18 18ad 1f03 75d7 02a1 7298 78ec 1ed9 37b9 30ad 1755 56a2 54df 211f 08fb 6da3 5442 48bf 56b5 4feb 63e7 6abe 6bb3 7c78 1565 031b 11fe 476d 5b04 2ad9 48d5 7c5b 2676 6866 0ff7 16be 362d
101f 3fff
22d9 6d39 12dd 2993 1efd 2029 5689 7626 6cae 0a35 17b9 053d 1e03 59eb 103c 676c 64f1 51b9 25bc 3c68 22d2 3478 173e 3bdb 5d03 5cb4 6008 4bbb 095d 44a9 05a4 6862 491f 6461 5322 12ea 0455 6e71 2fa5 632d 3abc 645c 66ce 054c 0721 051c 22a4 4176 7ff0 50fe 7734 22e6 1e0f 3f37 08c9 48e7 51af 6232
18f9 64cf 2df1 3282 76a1 77f4 10cc 1baa 6935 07e1 001b 4df2 3ddd 711f 3ea9 7e48 15ec 0c2a 1c12 5499 5571 4a9a 15c0 0fa0 356f 5f43 464e 21a4 4402 2a72 6e2a 5ebc 56ac 6395 680b 2e27 28c4 4937 72db 2cc9 2f67 6b69 7cb5 1afe 481c 2588 0afc 063e 2b5d 1bb3 2955 5fe8 4820 6bb2 1aea 71da 40c3 79dd
33fc 6022 4424 4e21 2b73 1bb1 421b 7758 5a98 342c 40d8 3f4c 5105 59ec 6042 219f 7989 467c 1910 4a28 345d 5f08 3c91 2171 0ddd 7779 27f5 3c9f 33d8 29ac 6cbc 3571 25a2 517e 5dda 6473 12f5 45fd 73e9 25d0 1931 33ee 36ec 1a90 1b43 43fc 3254 4ea6 73cf 27e1 66b4 4e06 0594 50d6 5686 5575 7fe8 6fcb
0c46 5469 0af3 6c16 4b1c 4c1d 6259 14b1 40ca 45c7 1f75 4e6b 7f43 0e75 0bf8 17d9 02f7 52ca 7eb7 275f 1467 6379 1cce 6891 2676 67b1 3e32 255d 3024 2b05 31e1 4e36 4fb6 434a 14e2 1816 0f80 4957 416a 287a 635a 7c41 6485 1257 6424 6ae2 784b 34c7 3280 086e 2698 506f 3f5a 4a70 5f57 61ef 7be2 1914
798e 1bd6 53c4 27ca 2205 10d0 5ace 15d9 2c90 228a 4ce7 553c 6b95 3bbb 22cd 7bfb 3c3c 2c1a 3eef 3f33 2a0f 5773 7540 359d 5049 5384 14e6 49cf 7efc 003b 2326 588c 4daa 7257 7373 3fd4 28ab 6caf 12a1 3109 7429 4ff0 78cd 182c 2fda 06f1 59cf 3489 3494 5ef3 3ab9 6365 7228 1e8e 3d97 1551 4d2e 688e
6bf0 0783 338d 6e2a 7d0a 77ca 44a9 18b0 226b 5a80 5d50 2c49 1c76 35cc 4b38 52f8 06a6 36e2 1937 2058 07f2 3759 5a6b 07e0 7a9a 6826 774e 74c6 584c 2bc9 7a46 00be 523c 4ac8 4947 6f9e 6490 2157 74b1 2fae 62d6 17dc 514a 46ad 4d73 76ef 3ff0 2d9d 57b3 6652 5214 3376 350f 36ca 3af7 4829 5559 456c
612e 2151 3173 2037 6bf7 1002 3dbb 67d6 1a22 3201 30ce 456b 1ec4 0262 463c 1ce5 33c8 6bea 5654 6fff 6f54 7685 5d01 33c0 265e 7f19 4c08 46d8 22c3 3c1f 0632 006e 47ed 636a 18c5 5093 03b8 2857 42f4 0272 069c 3e0b 721a 0b97 1a90 6a29 7c5b 2e3b 2127 7fca 3193 2eba 7141 7131 49e0 2aba 5514 7743
110b 0000
5422 5a0c 698d 7623 7d43 1f5c 4cb4 4040 2d40 7cc0 190a 2f52 1c46 043c 7d71 1264 7679 7279 658d 4bb7 3ec1 43ec 0c95 67bf 329a 34b0 45c8 6499 68bf 1593 6b9c 5038 02ac 2063 54c6 39c9 4fe6 79db 7f15 5733 0416 3c26 0d68 39e0 0ce2 396d 2d38 108b 2f47 0df4 1b04 0a3a 199b 5c14 23a4 7d6b 326a 3da7
2ab6 5e60 4d55 0753 24e9 65ce 5378 21c5 247e 5c27 36b8 4643 30a5 659d 53a7 705d 7835 07a1 0005 77c7 7ed5 126c 02a9 4530 3784 4eee 1bb4 3834 0bed 3ef9 7d78 4227 7458 18fb 3b45 3427 5729 359c 1841 46d3 6be5 7efa 270d 2d98 3807 354f 54ee 4ed1 6226 2e29 3bad 4c06 5fd7 7140 263b 4209 6b10 4715
470f 28f6 1f24 279b 46c3 1141 68d8 2327 7c82 742a 6131 2b87 3293 19e7 374c 5f81 38ec 1e6c 2f7d 792c 79c0 1060 0202 4f00 6520 29d2 2d54 3de0 4750 53bc 59ff 0aa1 6672 3ed3 0d69 56e4 7367 175b 17db 0209 0dc3 38d1 076a 4ece 0c6f 21d2 4308 67c9 01e8 78ff 7ca0 4b03 3a09 66ea 567d 0687 7ae3 55f0
51aa 46d6 3b9e 6660 04a2 2b58 581c 16eb 71ec 29be 391e 07c0 5ca1 31a9 779c 19fb 1db9 3e99 7986 6423 53f4 069e 5b2a 0f0f 139c 223f 396e 33b1 733c 700a 533a 1365 4a91 162a 1262 338e 4425 7056 5e19 58e6 00e3 6d73 7f30 3bcb 076a 5359 4c17 1d95 6f1e 1a32 41c9 50a2 73fb 39ef 4c54 5aa6 2475 312f
395c 118b 635c 7da8 3824 0340 633b 122d 0ca1 4196 0d45 6271 6c29 45d4 1c84 490c 472e 68a5 6bba 3313 558f 2df1 3b48 5121 0b41 4ffe 4617 4b29 05a4 6b9b 6050 2df2 551c 3b67 0941 5263 7d7f 0cbc 4636 6012 4eb4 4004 3895 2797 408b 3a23 14b4 6fd8 091b 2fd5 624d 688c 56d7 1608 565c 74e6 35fb 0667
3076 4005 62c5 4fb3 6671 2122 5bd8 7524 0129 378d 1923 5f55 1389 04fe 408e 06a2 36ad 047f 7af8 6023 1965 59c3 175d 7539 4d14 0a40 74c9 0c04 2850 1b54 56a3 610a 5807 207e 3e7c 261b 44d4 700e 2b38 37e2 13ad 414d 2d4b 4e81 4be8 1e21 2cbb 7a19 5c29 13e0 73aa 5998 7bc2 1f6d 6aa1 7d26 063b 78c5
5279 4c73 1c7b 1ac8 1c28 3497 5c13 6dfc 16b3 667d 1971 5c6b 0cdf 4f66 7ba3 1971 3c50 456e 4782 48c2 70ad 1f57 7037 6bd1 4a99 64f5 10ba 640f 74ec 1520 3795 2b4e 2aac 0933 7b22 3585 2f0d 4e2e 3817 14e2 05d3 7776 68d4 58a9 56fd 482e 6ea3 1a5f 137b 0f46 75b6 3bf4 5b66 3e6f 0de4 393d 5112 518d
2254 0000
3c78 4ada 23d3 4e94 55a3 3961 4ea7 66eb 06b0 1128 62ef 7205 1581 5beb 32f3 353c 054b 42b3 449d 4237 2e7b 2c54 2128 1806 1b71 0f3b 1fc0 6610 1784 2d08 24ce 7c84 3f62 2fba 66fd 6fe2 55ad 3317 335d 5967 4529 635b 338d 6285 160b 51df 12fa 1b54 345d 30a3 416a 4951 6ee1 2416 2519 35c3 63b1 7499
3791 1c1f 02dc 6ffb 77ef 7486 261c 09ce 405d 0b5e 019d 36ca 6984 69af 0991 55f1 575a 0c67 022b 7e6a 1efb 4d45 1d88 45ff 1010 047c 77e4 2140 2f60 6316 24f4 3d83 6b51 52f4 5ff5 7f0c 288b 59d4 5f5f 2f40 545a 71b3 7fb0 019b 2bea 73a3 5895 1744 09de 2624 44e9 7908 345b 5fb9 35c4 20f9 7f1f 04b8
3736 49c2 38f7 42be 63d9 6037 78a8 0dce 3c80 6f84 23a9 00a9 798e 17a3 0711 38a9 5ab2 6ed5 160f 3322 74f7 4fa0 1d5e 67ba 72bb 1216 6fdd 11ec 242c 5d4c 5178 1fe7 13b9 2b9e 4803 2dd4 1504 3276 2460 360b 11f9 0c03 6192 3d39 416d 2297 0dce 5d99 6bd0 460c 5f26 6394 5c5b 1aa4 09bc 6854 28d8 5f2c
1b12 4fae 72b2 6a42 14a9 0730 543f 7e37 0160 6c0b 02be 1a04 318d 3d3b 5c9e 21d6 0424 17bb 5220 1251 06e4 76a0 7a7b 2ade 481c 7be5 10fe 7d15 6f07 2aff 3045 1f4f 731e 1969 054a 492c 2762 093c 341f 46c8 5d94 40ad 2f7d 6f4d 504e 4aba 61d5 5d7f 70f2 4de5 4319 1e90 354a 7885 0e46 5f4a 522a 4e6c
66c2 17bd 56b0 1337 72c3 038d 342a 5ad2 76eb 100c 3430 3d5d 7250 39d8 1fa1 0c02 00f2 04c5 53a1 18f3 1580 1f90 4074 5f9a 3593 01a6 57cf 5a65 0e90 1284 142b 3dc3 55b9 1ca3 0a8f 1dbe 6a0c 2224 0561 687b 08dd 0cca 52f1 1fa2 2fe9 1fc2 0c31 3f57 5b2f 0118 750e 11eb 5c6e 0036 4caa 6fd8 777d 08c5
76fe 659b 418f 181c 5545 468f 442a 5c64 6c60 1c22 4eb2 77c7 3589 178e 2ee9 26bf 19c5 0289 5c8b 3c77 114d 7cf0 026d 4edd 5d24 0611 1b5e 6864 51ac 0ee8 11f0 0dc0 569c 69e8 1b75 132e 2a3a 6ae1 2931 0a8a 42ed 778a 5aeb 5478 3953 1ad1 667b 67c6 3916 492b 4f6e 6b32 6357 5948 0c83 4bb3 7485 7b38
598f 136d 6ba2 16a0 45f7 081c 04c0 274d 28a0 2668 5b6d 0e3c 4cfd 2ea2 0396 07eb 7260 2934 2d0f 5fd9 0293 232d 7749 7a37 1227 669d 547e 2a4d 72fc 285a 6548 37e2 694f 1ea0 70f8 4887 0b5d 2d6a 09f8 60c8 1ebf 0717 2c95 0365 32a9 3573 460e 7566 7af3 338b 173a 40b6 1df7 2bad 7dbc 1482 40c6 7045
2a09 0000
7fea 39df 5906 5e49 3dc9 2efa 0fe5 2011 02c3 3cc5 6c7f 474e 6e49 22ef 6af2 6a2d 5069 5fb4 6271 0240 01ca 3650 2768 797f 2752 3703 3192 62b2 522f 7a98 2ccd 56d7 2234 353d 77b8 73f0 3d65 3d6f 0128 669b 7ff8 1088 7f6f 6d54 56e9 5f80 2dec 1b35 09e8 3261 6d8b 0c4f 27d6 1010 63b9 1393 6699 3120
67e6 68dc 4324 47e5 02a7 312a 1542 0a36 712e 7e7a 30f1 4471 5262 42b1 228c 5e02 258f 40b9 42e6 510f 2e24 7c94 1b2a 4be0 3df0 5f4d 73a5 2718 459f 6599 523d 4fe6 5dbd 40bb 7c7a 74f3 352c 1838 1bf2 62ec 59fa 4054 00c0 6d29 7984 0dd5 6bdf 30e2 064d 3fd5 5f3a 7198 13fa 639e 1209 2644 61d7 6a80
2186 6a3f 7ebd 5ea6 22e7 068f 4143 5841 5957 6e83 1736 4fe7 41fd 5ac5 2071 530a 08f2 6812 6125 69e4 0641 3500 0c35 2b89 7ed7 6823 471e 31e7 3b54 2a5d 2902 37e1 561e 47c8 72a5 1699 6dd7 4166 5b89 445d 4e10 6344 2f7a 2bdc 6aa9 1b79 4f58 7d24 48a5 76cc 5500 3dd8 7c52 534e 36e8 4ce1 0631 4c26
1be1 4f59 0fd7 384a 3ce3 2728 5e59 789e 4bb1 54af 589b 6df3 4de7 2c40 708b 1174 0531 107c 40e5 4fd2 5ab8 50c5 09fe 215e 0102 7a73 246d 74ac 2cb1 335d 62fc 5b2d 0e2a 54e5 2b47 0ddc 216f 7c25 29cc 7961 79b2 30bd 4bc3 54a8 1c0f 303c 5457 37a9 7771 5e0b 6f9b 1c57 25ce 5a44 05c1 0680 1b58 4218
097b 0861 4982 74ea 046b 17e0 29df 34ac 1e22 734b 10d9 25ec 7ce1 5fe4 502f 6a32 08f2 0a03 7fbe 0996 315b 3e31 464f 1c65 0619 1b49 11e0 301b 76d4 3caa 2321 4fd1 6423 0202 602b 537d 7fa1 0e4b 03a5 2233 0450 040b 44c5 40d0 7274 480a 13df 4419 341e 1c1e 3016 24c4 7085 3c95 5863 3c24 0287 74c1
47b9 6763 0d88 388f 2c03 15e1 3476 1007 35f9 3cbf 4629 7c8c 1a3d 2b6d 6a7b 56dd 10b9 4c11 6c75 204c 12e7 44e5 09f5 69a3 4ea5 2868 07c6 20fb 2e0e 08dd 54bd 5a95 4d50 12cb 6082 2595 0697 3735 4b11 5d22 3e74 048c 0ec9 2971 6ad3 722f 7d82 3c84 5b23 18eb 7c13 25f2 37b0 685e 676b 39fa 479a 6412
5344 3fc8 25c7 1b46 444e 31c2 4c21 34b5 0908 6f87 0c6c 0e65 226d 70d4 1e90 2adb 5a72 2450 41f6 493a 4ad9 24bc 0140 600c 7c56 3530 33a9 7122 28ea 45ed 5dd1 2b83 7085 319d 1b44 4274 473a 5469 2144 504d 3ef6 152a 6b7b 2e8e 01ee 33b6 54b4 71b7 3538 229d 0fa4 5374 4970 5606 41fe 44d9 4c26 0771
0fe4 3fff
6d10 4860 18f9 768c 2161 5b03 1d81 3512 73af 04b3 250b 5dae 23de 720b 12d6 4d1c 6491 0047 4acf 102b 02dd 0ad2 53e5 093c 2eec 511d 60bd 58eb 4d4b 7f04 3a21 48b2 418e 6976 2331 0839 0d36 506b 041d 0a29 630b 51ad 0e3a 02b3 5030 5819 1e4e 72a6 59cb 1d78 0654 68db 4603 72a8 49f5 3398 194e 1c89
550d 5a38 6b71 0c18 2a8c 6810 1878 4953 63f7 2593 6e12 1b1e 672d 065f 43d0 74dd 572a 47a8 3f1e 7cc9 0d77 64b0 64df 10c0 7f26 3184 3f33 42ad 4a30 34ea 2f42 5c1d 2913 5206 3f4d 56ba 0ff1 0541 11fd 23a5 48c5 042d 1bad 3abf 2623 4691 128d 5b7e 66ac 303f 2ba8 2805 2c4f 0d61 7ff9 321c 0895 75b0
570e 5e11 6928 2e93 148a 70e4 1343 3e8d 557a 1e9f 2fe5 673e 12d1 245b 4587 185e 50b9 2888 4143 342c 6538 67e1 1f89 00c6 32d5 75df 0262 6741 4adb 655e 4801 66f3 1b11 55c8 3b85 0a37 48bc 7f82 4116 3f26 7193 0966 128e 6b10 115a 5ee9 21ad 4912 57d1 1c71 788a 0cb8 1393 1123 0805 06c1 1ecc 77f8
045a 69bb 0afa 7c3b 174a 6657 66c0 1ff7 4438 64ed 2a1b 2bc9 669d 76ef 728a 16d8 7444 126a 6c04 6f54 39cd 3281 4f0d 561e 71a8 6bce 5d78 5220 3670 72f1 12a3 11f8 4158 588a 51a4 462b 7b68 7a66 3373 7f9c 037c 7bc6 7107 61ca 3682 07e2 4ea5 59fc 0ed2 282f 788a 307c 3a0d 4976 0c44 5def 7994 1360
5162 0b9d 5e81 7c6d 5265 761a 77ee 10d2 7f12 4e19 4d07 57d8 49d2 566f 76c3 5df7 16bc 2848 5cee 22de 7706 1417 364b 2b4f 0280 06f6 1cf3 0323 4cb1 113a 28fe 6355 056c 2f61 41a5 6c5f 2e08 33f4 0cf6 0311 237c 4ea2 26cf 7d69 7ec0 098d 415f 1cf0 6346 4c6e 3122 25b8 59e2 4b59 2739 483d 3d2a 1e0d
5c8c 2076 3ae9 3ab4 795f 2ad6 3eea 6b40 44bb 18f9 44fe 5e97 60a6 1a10 5a4d 3fd5 7cc7 5376 001a 43bc 0b52 38a2 620c 5bfa 05e1 4be2 02e6 2003 3ba7 2df1 43e6 1d18 56a1 2c82 0080 216b 1d26 37ef 7ae7 0d7a 41b8 2929 5855 32b8 46bf 4421 0d7b 4766 0a4c 5e25 2211 11c5 7cd4 6e20 508b 2acb 3e0c 543e
7fee 1bf7 0496 0b6e 4c93 3ed9 0f4c 09fd 5fe5 4aab 2dc4 678a 1250 63d8 2de1 1ff1 3cf9 3610 6b6e 7b19 2da2 65cc 7d3c 030c 4947 0e65 1608 4728 09ac 39ff 33ca 3c9e 29cd 20d9 6662 386b 66b2 51de 6335 3490 32d4 03d9 6a3a 1d3e 1f49 5e12 2336 2cf7 5a8a 43f4 7072 541b 354e 67d4 4ddf 6e6b 3d2e 0604
4add 0000
09d2 0849 73dc 08d2 0049 2599 0004 6619 076f 441d 71e1 06e3 5b63 1445 2742 69e2 58eb 0b72 3abd 20d7 3ee5 71a1 6e4b 67dc 15d3 119e 7706 4fa6 77a3 241f 076a 0fef 3ab3 61d3 1ec2 106b 6c5b 0ad8 2dc0 6716 46e7 4ed7 6e5b 6d9c 5d10 1bb9 2019 15b8 4067 19de 59fd 3509 7576 6c29 5ca7 12a7 6147 6077
0418 20a5 6196 6e38 7ffc 4c7c 3b07 0e92 1d69 1685 647d 697d 0954 6ac2 539a 00f1 3f96 2bd0 3763 1f7c 280e 2c2c 26f1 21c1 3d11 5e7d 2510 4c3a 22d9 4eb9 4772 5c6d 2820 0eea 3cf1 48a8 2748 2bfa 1e37 1726 2a64 6e9c 0b8e 4ddd 7a90 553c 0276 4adc 4126 0753 1390 7c6f 2ed7 462b 18bb 3b23 6846 0fd0
2860 40bd 25b9 11ce 61fa 1e46 17e2 2b20 7c8c 14ea 7c17 63c7 6a69 729e 14a0 1cdb 2134 7429 61d5 705d 6bbb 01d2 1466 1141 02fc 6f11 74d3 4c4f 3a52 0a33 3280 0f8f 04ea 61f6 565e 2db1 4ba3 7609 7097 6804 3934 6f8e 2d8a 14bf 4d5d 2fa9 723d 2c6d 4234 0aa4 1117 0c34 13d3 0b28 7944 5654 6ce0 4da0
60f2 2685 287e 087f 0d74 4a6b 424a 2217 7dea 3ded 3931 6e98 6f2e 51e5 554b 2f7e 5451 41d6 242b 4134 0dde 001a 079e 73ab 04a4 1a97 278c 690f 70cb 21aa 2754 7d62 2bca 16db 563b 70df 7ff9 27e1 3cd5 2f62 4bcd 4e61 261c 60bd 78f4 4f38 69ef 6361 1719 75e6 0834 265a 480d 44d3 6407 3712 0e75 1892
4e34 509e 16e6 68f4 63f7 0a28 744e 0bb7 29fe 1e9c 756f 49e2 40d0 63f8 7456 6c26 31e5 1f02 0f14 38af 12ac 2e7d 6eb6 0165 72cc 69f9 61f3 215b 54df 40bc 0f10 48f7 0e6a 735c 679c 7377 2e1f 1ae2 673c 48b1 759d 651a 1bda 08dc 1a10 4e6d 08e7 657c 5d0d 6d0c 0f81 640d 51b0 1620 003c 4ac7 7e7c 0b34
0f77 41f5 4c47 0fe2 5b02 0292 538f 504b 0e21 6187 0157 3958 0bf6 59e6 1a13 50fa 07c3 0e06 2afb 1795 3ff2 29a8 6052 3e4e 2ccb 7f6a 0c1f 6164 5a5e 678c 7235 576f 516d 1ebe 20a2 3646 4eff 12d3 036f 12d3 54d6 7ace 3e4e 756c 64af 7a67 75d1 4630 37cd 5dc5 2cc2 5aca 2e84 6772 627f 4dba 35b1 223d
7afb 47bb 03b9 21f0 1fc7 4c57 228c 2415 1b13 42b3 69c9 5387 57a1 7371 2975 23c3 12bf 0a49 034c 5b14 6cc8 7a01 0d9e 1c78 3c8b 45db 40eb 3d06 1ebc 03fc 57a2 0c1b 45fc 6df4 3387 3a2e 485e 4a38 5ed7 3b97 7b12 4d72 62d3 51b7 44eb 4fb3 087e 796a 5544 2599 4d29 0af1 0674 34ab 63f0 5e94 30e2 5ff9
1f49 0000
51ea 7f03 2c87 2ca6 01fc 6587 5797 7d8d 38b9 6f14 25e7 537d 65e1 3da8 0cc4 7adb 38ef 48c1 58f9 6e6a 3084 0c5d 763f 3029 61b5 2cae 3091 4247 4a29 0ca2 256f 0a91 2ae3 7686 3192 706c 4249 692c 100e 587b 2192 1217 5472 5440 5cfc 4c2c 493c 07c2 3b00 0a80 3a27 4321 5816 2593 355d 7d29 04a9 46f9
5e20 146c 52e3 51f6 24a2 1669 61bb 33fa 222d 3e30 5b24 4a97 4b13 51d0 1354 54f4 3bf1 1cd6 56f0 172e 64aa 79fa 2cd9 4899 2d76 72cd 5940 4680 66e1 17fe 1e27 5a1b 752d 445a 04eb 7a34 7f70 532c 5475 7b45 0575 372c 42b5 390c 0796 2d23 1220 54dc 7c7c 6ef3 33bd 2c28 788f 36ae 6886 18f3 2d46 4450
34dc 5a99 2556 40ac 2025 19b4 349a 07a7 61e8 15ba 7846 47c6 1a47 7fd0 259a 073c 34e0 614d 4456 33dc 4e36 37c2 69de 0932 6dfd 02e2 75c4 71b8 3c97 3430 40d8 681a 7e54 1420 39bd 53e4 1e9e 5d7c 4994 5a9d 50f4 4a18 1b3f 6069 13d6 7153 3036 6dcd 1651 6c7f 7809 7506 4435 609b 24c9 2ff7 3d20 2c5c
7df2 56f1 349b 3f6c 62f2 58e3 18e4 5529 003d 4155 3ea0 57b2 0db8 3986 240e 3514 7ffc 356a 5f73 605e 0806 0563 0ca8 066f 6bea 5aa4 0dde 1ae8 65d6 61d0 14aa 1b58 1673 5274 22c1 2d1e 023c 54f7 6429 7605 1bf1 3e5b 3a11 4a37 7675 4b5b 0c1e 6fbb 4a81 1cc2 551b 5e94 55dd 0d68 5777 46f7 6ce1 48e4
7f85 602f 3635 4963 7e6c 1dc4 7080 3605 0578 5155 2dda 2ce5 5dd4 3981 28e0 53f3 7eb2 0393 4977 3849 768d 7fc7 3e78 7d1b 625c 0c3e 1b49 4091 0a69 5e43 005b 798e 268c 7973 0b51 1263 61e6 6a85 3b2e 586f 4ca4 4c19 6d06 0e61 2a27 0025 6bee 7025 4d0c 3439 1792 5486 126b 69b2 1aac 220b 2898 67a2
5c55 3ea3 0f95 24b9 5c14 2d39 73fa 6844 11c4 37b3 1305 79ac 67e6 769c 1203 322f 3251 5968 22e4 2504 21f0 7c55 0f57 73a1 6eee 6e5f 41fb 06a1 573a 1ba9 5cc0 02b1 74dd 4537 452f 492b 6d49 4e27 432d 7bd5 359d 0c0d 6378 2db9 0c59 09a7 2485 1e7d 4ad0 71c4 700e 71ad 163a 7932 237d 3070 69e3 53da
7f93 7e2a 2e28 03b7 530b 3d0a 55bb 0af4 19b7 0ed6 464e 11d4 40bc 374d 3804 4198 09cb 7b05 6b95 6baf 66d2 766d 2d1e 351d 50a4 3f8b 259a 44e7 6418 5369 1e8c 6084 48de 0be8 2335 49ba 1e0f 3379 5bbb 6194 5db2 7fc0 0139 5134 248e 59be 36eb 6b6a 7110 36b5 4380 0b0a 317a 30cc 7e23 3388 6e1c 3b53
11e1 0000
185c 3084 09de 45c7 42ad 6b15 5880 5017 7d07 30ad 4875 046c 2c39 1cb6 12ae 1071 5b6f 37f7 1f8c 6ee2 560e 7cc1 0ebc 6ceb 4d6f 4e1d 57e9 5d7f 2cab 33bc 7fba 4a85 4a59 69ec 2dec 5b61 3313 2640 55cc 7861 41cb 3801 524f 03bc 1419 6a6a 7f2b 3bc6 791f 2795 0561 6966 1c69 1a4a 37c6 3205 1bba 74d1
50a5 44fa 75c2 3f01 6f36 20a3 02e0 3039 4569 5c14 6f47 2dcc 2f74 1832 6eeb 31ae 246e 12eb 43e9 05b8 6676 1cb1 6941 459c 0250 6684 274d 3b23 46d1 5167 4c00 019f 2ab8 19b2 1cbc 13b5 2d64 2fe4 6013 4fd7 2d97 5c6e 2d03 470d 40f9 1374 42a5 2a84 7bd7 10d8 1004 024d 1d61 2652 491c 3f52 5476 1d8e
36fc 3ab0 509c 228f 088f 0f20 11d1 55bd 2df0 2241 4e00 42d6 00b5 17ec 5486 2bab 35f0 21b0 5747 2664 20a1 1dd3 2349 516b 4972 4a85 5c23 1f0a 7f0f 135d 296a 57d6 6926 3b23 2b6b 2038 6cbd 407c 3656 6e06 2932 0577 1a6e 1598 1f22 4ffd 1f02 08f9 4d89 7096 40a6 50ce 22f6 41a2 4f69 2ec7 76e3 3958
146a 079b 208f 289f 5b00 7f63 0824 77c8 2293 216c 6b09 0e53 12e8 2cbc 6775 52c3 0a4f 5d62 72ea 793e 353f 4c4d 03ba 5fb4 765d 0d00 2bda 6845 3010 3bd7 74dc 27c7 3793 337d 6ddd 06a7 190e 59e5 1288 7367 0fdc 049b 58d7 16d5 4948 248d 561e 743a 664a 5ade 0eba 1775 21fe 28f5 7039 45c6 216f 50ba
4a49 248b 2190 5d0b 75b4 4bbe 3024 5636 3701 6fc0 52ff 3045 0e43 7458 1af2 5d28 6004 7d6b 1575 63f8 5618 46c0 6b89 259f 14cf 2ee9 1abb 6efe 2207 532a 4ed8 433a 3a46 1fad 3142 060b 445b 4697 35bd 67e9 53d1 39a5 3463 1f31 53cf 24d2 7fac 0ea3 11e1 4a21 51d5 1e49 0dac 3fc4 078b 42d7 5487 753b
341a 07b4 1720 6122 6faf 1cdf 24ca 62d7 700b 3823 735d 3f3c 7908 4288 0b8f 18e6 6569 74ae 1435 6d0f 4876 0454 767d 7b97 12d8 12b0 2bdf 7f91 50e6 5f56 3aba 4f2a 2ef6 40a9 715d 332c 2363 5b38 0128 6317 2bc5 0366 17e4 3b23 325e 2bf6 6211 19c4 2fc5 4016 231f 44b0 5195 0910 52dd 7323 20a6 54bf
4a38 6216 6e3a 508c 0af0 1fda 1e6c 6a41 4974 0636 524b 68d9 5f02 7725 1737 0d7b 3fb9 3c71 6111 0709 370f 6ee0 73d9 0d00 4c0b 443b 6bd7 1f42 4a6e 6156 7214 6e67 55dc 31ac 7e32 532c 7ae6 35c9 50f2 144a 39dc 1e76 0c1c 1976 2f85 5d2f 0df8 4eb6 0617 68fd 5e29 165d 6477 376e 3de8 22f2 25c1 75fc
524c 0000
4712 6658 5bca 0d89 7217 164a 2d84 4de3 3a14 0d43 7056 4cf3 44c1 07a5 23ff 6706 5496 35fb 778f 0954 7170 305f 7b5c 62bc 353a 3439 4d65 3ba5 6965 3a59 1347 6cbb 5aeb 1262 746b 36f4 06c8 3643 6bd7 31e3 3121 7f87 2807 15b1 7c1a 661a 6d45 3bdc 0d25 6c71 6cf8 3b4c 0c02 12ea 5810 776c 770b 4f71
5057 161f 1bee 5349 4320 7eb8 1cf9 2f6c 6905 4141 5718 50f8 011f 32bb 29f5 6fc7 31c5 4576 4bf4 67bc 146b 7a93 01b9 07af 43bc 5e29 1d32 1d9b 73e3 45a6 717f 4cf3 2d2d 15dd 21c4 3d71 271d 23e0 70ed 6f30 26f4 2225 2355 517e 06c1 22c8 2722 469a 0e1a 3bda 26b9 3344 6196 3906 79c0 4dc3 7e70 3234
2911 4577 5413 6a9b 643f 3003 268f 581e 76b3 4498 6cde 00be 4551 797a 46ec 6608 2b20 08eb 7228 5f1b 41a6 7da7 47f1 6957 4579 70de 2a7e 2b3d 7a83 75eb 2a8c 261e 1208 4e94 78d3 631a 6151 27ca 3ea8 58f0 375a 6760 727d 5123 6d28 7aa3 505f 3074 5959 2dcd 6dd6 35d0 6224 0e2e 627a 69ae 5ec6 6464
5f42 1b87 484d 76df 0361 34cd 04ae 698f 1940 7ebf 63a8 35e1 6260 30c4 3b4b 09a8 2f16 00bb 241d 493c 4a0a 6abd 7178 1a41 75b6 3aaf 6e09 124f 7d3a 4adc 386c 54ef 50a7 6551 3495 0dc9 5dcd 2828 0ee0 471d 18f3 11a4 4d37 260e 5148 7263 3a41 290c 35e0 361a 3ab9 6b16 0629 1967 0bfa 6e59 0e5d 79dc
4f8c 6a29 0530 3298 7978 7369 0959 570c 3573 4f60 7523 3168 4d7a 3eaf 793d 6bc9 0497 7f5b 7d66 378e 4f0f 7bb2 3f1f 42a9 6817 3f93 2018 5d92 4c7d 450d 2231 5f97 077e 01e9 47c0 00a2 1d68 5eae 7fb2 58aa 61d9 1b87 5f36 0705 7328 3784 03af 142b 39ce 656d 31be 0fb8 194b 1a03 3189 703e 22e8 60ff
141b 36ae 2aac 36d1 46f8 3d71 3971 4bc5 0c7f 2ee7 7868 6d8a 13d3 16d4 6cc6 5c26 62eb 3ab0 5a31 280f 5479 66a0 5a99 6ebf 3f0c 2c15 2f7f 01ca 5398 5357 54f8 47bc 7342 7cf2 4733 3b23 1f13 6943 4fc5 32b8 2a97 6fa6 29b6 15ff 65b2 7208 05c6 56d7 63f5 0411 11ff 37ce 2519 5f57 768b 050a 5e04 77f9
0e83 2e98 649c 3197 2ffb 254a 06b4 6f9a 4cb3 1afe 472a 7004 17ba 7c28 4553 5965 04e1 691e 06e1 1440 1f0c 2417 4729 6c06 0a89 34c7 2372 18d5 29fe 6521 1605 4a03 6995 632b 5571 7763 47da 346a 740a 19d6 1c37 7ab3 5abc 1c57 31d7 6511 69c1 09f8 3cec 3871 3714 288a 5cd1 4fa2 682a 7123 583b 3584
7be3 0000
68a9 7d9b 30c7 7ab6 0aea 3df9 6dde 042c 19d8 2d24 7731 6105 57b6 73d9 6616 1cf5 0ff6 2335 41ea 5b34 2099 0fb6 772d 0403 5462 18b2 3ddc 37ed 589c 09fc 2422 25f5 039a 07ab 5e95 091a 10d3 7e0c 4bdc 0d5e 26a4 5755 3030 5814 44aa 3f0a 02d0 084e 1858 0ee5 2814 770e 5145 6e43 7983 5f59 3ab1 09ce
284c 4553 17a9 6300 7a27 064c 59f8 45f9 7aae 7fc8 01ea 7704 6a8d 21cb 49c1 1db9 337a 0cf5 2b93 21d0 79c8 3a64 1da1 2499 4b1e 0d2a 52f3 6894 1244 0280 799d 0a0a 5a1d 749e 715d 0763 168d 4822 6786 6747 7d57 6f65 29a0 3909 1011 5d65 1f92 218b 040b 39b3 63f3 4904 52f1 1316 5e18 797a 222e 6939
46ae 1a86 3687 2a10 7d79 2fab 39bf 4bbf 40d5 5705 2b2d 2fc6 2e7e 5807 2922 7570 6709 7642 1665 640d 3f48 4ff1 747a 0b3c 15f1 4f00 4706 2a0f 1a5c 160b 49bf 3891 2b88 6d00 369d 4dac 16c0 187e 5fe6 68aa 3ad0 51fa 617e 5309 2c0b 375e 6a3d 2cb5 74e2 6396 6be3 746a 2501 2764 60fd 03b6 49f7 57b3
026b 7cb4 4acf 74da 5afb 7ea3 094f 2c26 1881 3eb8 200e 0b2f 4f51 039b 14ca 4f99 7052 55a1 4d0c 246c 46df 0a32 7cba 0759 347a 4f8d 68c3 6905 655f 15ad 1201 13e2 43eb 5667 5011 0b12 667a 12fd 0093 7d0d 52b3 0b15 0d8f 7de8 31c4 7132 19f0 4796 7a4f 0a2f 1e5b 5704 7dc6 3e8e 4d7d 2ece 6bca 055e
6951 6d75 6d00 2131 3f41 557c 7d80 7bb7 7a78 01e1 14f8 537e 3cc5 6425 3842 2301 6b3d 640d 0261 04b4 05de 3138 3437 1323 2510 003b 2de7 5212 3b5a 34ca 3eb7 11f2 587d 370a 4ffb 7766 65db 6a71 59fd 75bb 3be1 416f 4750 7b2c 2794 5948 197d 3649 5996 07aa 40bb 66f0 62dc 5c5b 7e9f 2ad0 482f 1a35
5fc6 3cb4 275d 27fa 617b 56f1 62f1 39ed 1b2d 0307 1858 47b7 0468 3a0e 272c 0f46 4fe8 06a4 401e 5dc1 13dc 5119 01b7 185b 0ffd 41cb 42f2 5d13 308b 65a3 10ce 4cb4 29e9 78cb 7021 48eb 6c2e 7c92 0a1c 29bc 67fa 2ca0 76c8 56d8 7912 6955 0283 0d94 1ffc 36dc 15c2 22ef 0f1d 3d9a 741b 176a 38ac 715a
07e8 0001 04d7 3e25 2277 6a49 76b5 7185 2474 186f 43d1 680a 6d9a 180d 721f 0680 77df 0b56 1af1 2e9b 6132 2584 26c9 5d28 1fe6 4828 7231 5175 1d63 635f 6e9d 47e5 1668 3596 6a6e 5671 2347 25aa 0a3b 1b43 7b84 1ce8 0c43 050a 6e22 5bc0 0d7a 48dd 0205 6fe5 0e86 4eea 09ff 7e23 6dd2 47ab 6263 1fe5
51ed 0000
126f 5079 6d09 15b1 1623 41c8 61dc 1213 5c9c 7a98 3520 755e 18df 7f1d 4f01 0f10 57e1 5e88 686b 4f66 5222 528e 21d3 4394 52fb 4bee 2f5e 0b32 2870 6c7d 79ec 7466 5484 66c2 51fa 2525 1649 3915 4b4f 1914 11eb 4457 78fc 1b49 124c 4efd 4680 313e 02e0 603d 284b 341f 01dd 0ab7 0f63 2322 400d 1362
6787 0687 0321 6935 579d 020b 33d7 5efa 6ebf 58cc 116a 3f65 6c65 1b3f 1f92 4f6a 7fb8 0a97 2686 5091 30ca 72d5 6178 7de8 6bb8 1c09 3ff9 2b2c 7aea 68e0 6a36 7583 668a 0628 1c18 41c9 62bc 2c86 5fae 755a 2ffe 4dbe 7228 4209 553d 5f09 6aef 78fc 070d 7d23 2439 222d 0a7e 49fa 3089 7db1 44a1 06da
43d9 4406 5401 22cd 7c35 4120 6cf9 2264 4398 20fc 525c 14da 385b 4173 131d 6031 6a02 76e7 05ae 71d8 68dd 42ea 39a8 53be 2e63 06d7 76b4 4b92 1912 6858 2c7f 2bd0 1824 579f 371d 5d83 145a 62ed 6418 3fbd 5320 0727 6db7 1198 23c1 4ac4 4f0b 4c24 040f 3ecd 39ce 0540 14f6 6e7d 5352 1609 039a 697e
032d 39dc 5784 6052 3dc7 0c8a 4a13 0307 70ff 5e7d 0bf7 5234 0d96 4003 31c7 0a7e 1ab7 7553 3a37 4f6c 58e6 4f5e 0523 4bf6 4ae1 0824 5e69 5d24 0d73 0c2e 3769 63ba 6480 14e0 0509 4e17 794a 40b8 38da 41b5 431a 2453 4818 3a03 0825 1d5a 12b7 17bb 7c8a 2d8e 4173 5f3d 7b03 77e1 39a9 67cd 4e2c 26e4
7425 697e 5030 6e92 6dfd 00d4 6d2f 1920 7f6e 4999 1d6a 7adc 4694 796d 6852 1bb0 2112 2bd2 2673 4b12 19c0 59cf 3279 6187 4c68 11d0 3d84 1921 6027 2ee2 420c 655c 0753 3a8a 2693 6c5f 2ad9 7284 001f 2172 664b 2201 2800 4cb3 6fc7 6d64 693e 20d0 02da 71ae 7fcf 58e9 660d 0184 50e5 441b 7339 4767
5f62 44c4 1541 65f2 374b 085f 7bac 3e96 73b7 2a1e 463f 0307 1731 490b 639e 447e 3727 59fb 4c17 36e0 6693 7290 7006 6a93 636b 7456 3598 4ee0 2663 5269 7296 0e23 5e9a 6650 79ce 569d 6061 3555 1918 3edf 2d96 4389 7879 18ef 251d 7191 1019 46e8 6447 1ad5 1f1a 6d21 6f0e 732c 1509 2e3d 4353 497d
5273 4aec 6747 258f 500c 6aff 563a 32ba 7ec9 5462 45bc 75e5 4ed7 57d5 1caa 764d 1a23 1a2e 0657 66d3 1ac8 3e67 31a9 6743 01b5 398d 5386 5cd1 7ebd 57c5 23fe 527b 3da4 45cf 002f 5a1b 6869 0720 137e 771f 1379 42cf 7edf 42c5 27a3 323e 46a1 49e9 2e45 4c6d 29f2 44e2 58d4 1533 782c 17ac 3d1e 25ce
7a4d 3fff
6f5d 0e9c 781b 16f2 6323 1d3a 6da6 38f8 227a 5e54 6dcb 58ca 2efb 0052 55d3 0690 1459 6c14 5efc 316d 2cb8 41e0 1f39 65ef 7b84 7af0 4a2d 72f4 55e2 0531 77e9 4810 2cea 774b 2131 67a1 6fb5 4b6f 35d1 44c1 7cca 19eb 7675 5b5f 79b9 7766 77da 6305 0023 15c8 56a6 69d1 0adb 53b7 19a1 0fcd 4539 3340
5c3e 5bde 626c 0887 5ab2 74df 2fb4 2619 15ef 39ef 40d4 1966 6d06 5b29 0b93 63e0 35b4 4fbb 7934 4772 7a1f 4333 3ec9 2074 5bde 5987 206c 5437 2066 7f04 248c 1779 4d83 4594 759c 64b8 515c 5891 37f0 3c0d 715d 568d 6273 29bb 1572 44a7 7c00 7ecb 21d2 42cf 7e08 3626 5bbe 19a2 24ef 3061 0b36 31d0
7fad 3ca0 5a0f 7ccf 2b82 79e2 6e26 735f 61c9 2a89 5edd 5ff4 146d 0420 6a23 1261 4b9c 7084 75a5 28eb 3e75 7a9a 7a86 1981 13c8 7795 7d29 2dba 3a37 688e 309a 6846 63d3 7f29 49f3 4bd2 602b 3a53 0eb6 797c 7646 0e0c 4a90 0ef6 6c75 061c 5fe7 0442 0e28 1725 7668 73b7 0cd2 4123 2b69 775b 6b4d 53a3
1b7c 0ffc 68e8 384d 50ca 3835 4cd6 67a7 1eaf 1ced 1354 63d7 72c7 7ef8 5f09 297f 2ad4 108f 4b63 78f8 0248 730e 2ce4 26f5 7d7f 65d2 00e7 100b 3354 0b8e 3caa 4b93 2df5 2a3c 0ef1 0389 514a 0cc1 3666 1fa8 79b3 0645 30ae 7585 401f 2004 6044 135e 55f2 7e7f 0353 1535 34b0 2cfc 6179 676b 23f1 354d
1e00 7fd2 14f8 16dd 0867 051b 7ba1 7046 3687 4c93 5acb 2fbd 0b28 007e 7687 630e 7ea5 65e8 07d6 3dec 0733 1d72 5c68 6339 059f 2e48 2653 7c1d 6521 1ca5 686a 3d3f 4848 558a 42a5 3f80 09c7 6520 2654 0f19 48b2 2df0 1dac 486c 6bb8 45c1 3e27 7346 525e 7ad4 18d4 43a0 3259 1854 4df5 6226 6a97 566e
4fd8 4211 26c9 35a8 0926 18ae 4baf 5988 22cd 273e 7cb0 5697 7382 25a9 5fc3 19ff 38a6 4aa8 463d 309f 7cb1 10d8 55ce 5083 69d9 457b 21cc 34a3 1591 1777 01ab 1f32 1546 019d 3cd6 14e1 37d6 7417 687b 7ddc 1d59 0507 0a5e 2932 1939 21ed 1e2a 22c4 4415 33a0 77e9 2c6d 2bef 31cf 43bf 5446 7795 1654
3a80 3c74 182e 5987 430d 149a 135e 0a62 7934 77d9 6e6e 4eae 0fad 296f 76a1 77f3 136b 4d2e 6fd5 305f 1768 0068 3369 08e2 4860 221c 3735 605b 635d 3001 081a 1c59 29db 353c 2937 56d0 1e6a 5c5a 6c6c 527b 405a 314e 40c9 5c17 5585 022a 2f0a 25fa 0f77 5dd9 00d6 595c 2190 7afd 1704 4622 269d 4db4
7305 0000
282c 2180 402d 5cb1 0503 04ae 3350 6a12 0a07 37c6 5c9c 3293 34f7 3132 3666 31a4 5c69 0894 13a9 4809 4f1e 1e65 35c7 6fd2 33c3 2fe2 631a 55e1 14b4 05b8 27a9 64d3 7bd8 16cf 7d5d 7030 5d53 2546 4249 1879 1362 2f83 4f49 47d9 2a12 559d 7722 7b9c 37e2 0ec8 0091 7c3f 2fb5 562a 40fc 73b9 4d67 78e2
52a9 2cb5 07df 3743 1293 4c20 5ed2 4607 240d 3eaf 3e32 4c4d 5036 3579 1cf0 3d73 71af 6f0b 5737 4aee 66a8 7114 17b5 1b83 5c65 653d 4ed7 5b66 6028 46f2 02de 3351 5b39 4aba 3b8b 6f0b 7b82 1928 13b8 4ceb 2360 3c4e 71e2 588f 65a6 0626 2f0e 4684 3ca6 3812 0efb 4cc3 3693 2741 6681 6d32 605b 2ad2
7f9e 2cc1 015b 23b3 65cf 56db 04a1 552b 3d0e 0059 0465 6b28 20d6 4562 6246 7474 1adc 341d 0b8f 2587 7680 7d74 2867 7ca0 5c9b 71a4 165b 0fcf 7dac 7979 0363 6f09 2fbd 54ee 6e21 2a03 5aa7 2377 2e70 7cc9 2fed 0403 78ed 4676 590c 617d 00ec 2d05 7c8c 1e74 6ecb 48a8 3c58 2146 3a26 21c6 4d5a 23f6
6906 0955 2a80 4f92 5b8d 682e 0787 0b5b 76de 424a 7530 70a6 7f99 3a02 12cd 3bb5 2c84 7ad0 5e80 4022 0e18 0fbf 0d35 2d31 0491 0aab 2ee0 6e0b 47ac 0c29 0adb 6a6e 54c4 5910 20f9 7205 39f2 0648 2da2 5e23 6a2d 13d0 5ca2 7115 1950 004e 1d78 4d03 3315 2d4d 2978 7173 47fa 290d 2758 1ff3 0c8b 6bb1
3525 1447 0dca 0561 0dce 3705 6ff9 3c6e 6bb3 4b80 3b21 2916 30ad 210e 0936 696e 7aac 4910 505b 4ccd 05c4 67b2 1230 234c 6e3b 7b5a 70bd 26c8 7fd9 47df 3573 5f85 27d6 0852 39c1 44e5 186f 6069 5176 3251 4fb7 7277 1fa1 6ee3 625a 6334 33d6 780f 2e79 1b4f 408b 629f 774f 1bb7 41a0 6a98 15c7 3735
18c5 0b91 07bd 5fcf 6c83 515f 54ea 470b 231e 6589 4b12 4b71 3b1c 57d9 1b90 6c1d 06a1 726a 606c 1b63 1520 5021 7b6f 1a21 148e 60ac 5fbd 73d1 1e05 7640 0036 2e7a 06d5 57f2 09d5 3a5d 0756 4203 1a88 0e59 6137 756a 5c60 299e 78f7 48dd 7032 6ff8 0686 5a93 3ad2 2f6c 2d84 1a88 6829 4058 4874 3f8a
78c4 6a21 091e 7de6 1c04 241c 70bd 731b 281f 1c53 72d2 77a6 2ada 58a9 3007 471c 282e 4ec8 6600 4955 3455 5f30 5144 3352 7448 7fc5 1310 06c1 05df 6fc4 1080 20a3 7087 7de7 25ed 2267 70d6 0374 5774 4062 7173 5053 6078 794f 78be 3be1 1296 78d9 7b96 3d07 340b 2980 1b4d 6e23 083a 0214 292e 28ae
746b 0000
4b77 5013 5262 3ce7 11ab 432d 62ba 5c57 7048 3260 50b9 562a 6984 2cef 3531 00da 0dca 1edd 1422 452c 2214 5a5a 56fc 32b3 5a6e 7a58 498a 23fd 07e9 5630 15e1 36e3 2b4f 28b2 3418 6075 1869 0443 5979 7399 3ae8 7e1b 39a1 22c2 710a 3815 7f7d 5503 3340 73de 1de6 1d43 1ad6 5d8d 3a59 7b04 2cf7 03e0
72ca 1ff1 3cd8 3a6e 3267 0595 1b96 2d41 3108 6d4f 2890 72c6 4432 626f 6c13 6b50 02f2 5af0 09a5 4480 0f33 098e 58fb 74f6 0d3c 55ac 0216 3c0a 2dba 426b 766e 5395 2e35 704e 4915 263b 7b1b 00fd 41f7 1836 1de9 24ce 39e6 507f 7358 29ef 2986 17c6 03e2 5ae7 521d 1e97 6b0e 0629 4bb1 7732 64c5 713e
6e93 1949 7c0d 6e30 7509 1b0e 5add 24cd 30c0 7b3c 19e6 4d6d 38c3 1ea1 47a1 4606 2949 33e0 6d5c 5461 64e3 0dd8 1d11 2738 2381 545e 22a6 6c73 3211 7ac7 1278 5f39 5b77 5e80 3f90 7f9f 48b0 34e6 6479 6669 15e3 6268 3492 5148 71db 3bc8 344b 4023 2644 5133 1b9a 64b8 6fb3 5d84 3103 344b 4c81 1d80
5122 5efd 6d5b 1abe 3b4a 1d6c 6285 05ed 6212 6bb7 7e73 4503 6587 4ba7 3287 2f75 2a9e 33af 08cf 5f52 0ca9 7232 35fa 028b 4ec9 0e86 23f1 3606 5f31 7237 4317 70d5 139b 685c 6813 63f0 7af5 6219 1d1a 3668 7f32 7286 7b37 7a54 31dc 3fe3 23ce 5220 597b 138d 0014 5186 1fcd 2df7 0717 1baa 65c6 6a58
3720 79b8 1578 18de 0417 6b81 27de 5fe2 7786 5ea8 3914 2dc9 539d 2d16 68ac 2ac6 0d21 7979 6e29 2fe9 7a0b 6b9d 7c14 039a 61f8 57be 166a 69ef 60e9 531c 1c05 4d4b 0012 1ab9 19ac 132d 6a17 5b47 4d18 4732 210a 4b70 4d86 4db2 3818 2837 7d44 0c81 50b9 4099 41ce 640b 4f31 159d 6adf 7cf1 2031 1275
2f3e 1931 689b 68a0 7585 5c45 435d 4fda 2781 03c3 0fdc 48a3 5292 48e3 5b62 7369 521e 051f 6abe 7f53 602f 1c5d 4a40 7c06 2a6f 1edb 4e63 75d4 2007 795f 76b2 62cb 3a13 6f05 1986 1e9d 0c79 7996 7ec0 76ed 677e 2b25 3805 64ee 2c79 5edd 4404 698b 168a 05e7 5f95 4b95 3d7f 6f48 0ce5 6d5b 1afb 4cbc
34f6 003a 278b 1373 779e 7513 4a1a 28f5 7f00 3947 76aa 2ffe 0808 6585 121a 2cac 6891 5d5f 3e19 5ca2 24c2 3b78 426b 1f16 3ed7 5a9b 7cc0 363a 5fd2 06c4 0413 089e 17c9 1c5f 225c 3496 3300 6b71 3b62 3111 62b8 1770 08e0 0783 453d 6c1a 3c41 392a 41b1 4ade 76b9 237f 21eb 084e 0570 22d9 2aa4 30a1
04d9 3fff
5d20 2fad 0f74 23f2 0fc3 01b5 4300 1c75 7c34 5266 00db 7145 4c6d 5d67 49ff 679c 2cdf 66a7 5bb9 6a01 4770 26b6 6c6a 4602 5645 0282 0424 1f9c 7387 3c96 1b9e 72a7 7ea6 5853 50c4 7f87 331f 7703 2649 5415 6920 4964 5cbf 718e 5e4f 647d 27bf 518b 1e3e 30a3 21da 08d8 3b90 0c92 0465 62fc 72f1 7f02
7a98 72c5 6f4d 26e4 5360 167d 30c4 52ee 57e2 1567 597c 6055 6f3c 6a35 6be7 5d0a 083c 39d6 11f2 5b6b 611d 299a 7ec3 6929 1e06 47b0 3286 3ad3 771b 36cc 1088 0f3b 5903 0396 0a5c 3d87 49e0 0c50 620c 0afa 68c5 0719 2811 6cfb 02d5 79ab 466d 0a12 5e55 14ba 190f 5999 3de2 1de9 79b8 2f82 1178 37b9
2e44 7f2e 2de1 5e0a 2870 4249 5331 13e8 397f 7700 0356 0cfc 66ad 2d26 1b0f 7dd9 3bcd 552d 054b 58e1 5c93 2e7d 77b7 07e9 20b8 46c7 64d1 5f44 652f 0799 33ca 62dd 2364 509a 3664 64e5 6f7b 1a63 058a 6514 1640 5704 6494 4537 3dc6 6e7a 3232 6052 0dea 7021 246c 719c 6820 1772 740a 4d29 766a 3e3c
280a 37a3 5c45 4b45 5f58 297c 10f4 3786 3459 6a5b 2fe6 3f82 087d 6ace 6742 20b1 5739 7ed1 07e3 33e7 2806 0591 28ea 1bf6 682c 4118 102f 0e59 68a2 3816 0fe9 3c72 3240 244e 3f19 1ded 23fd 24c4 62bc 623b 22c6 4170 2075 0c19 37f7 5334 494a 627d 4b15 0bf6 44ea 43a8 3564 2411 3b4b 0d11 0d71 727b
208a 6ad6 3415 020f 1955 625c 6e77 066a 6878 44d7 4b57 0275 1fe5 57cd 5b20 4333 6e80 3ab8 60cf 7969 41b6 4e1c 7c61 61f8 28ee 025a 458a 2025 55cd 3258 2c7a 039c 1a28 42f0 439a 14c9 79f7 1165 2298 5c94 64ba 139b 6f0d 738c 018d 16ff 4f8f 56b3 4d2b 6748 3bb7 0fe4 00d3 17f2 36be 7e7b 734f 2208
76f7 642a 26f8 1c6b 12d3 67d1 6521 3d72 1be6 1c13 5d6f 734c 7d10 45a2 6730 19e5 7e9c 2044 0c51 0dea 3ff3 6720 12e9 2479 4361 26bc 2a84 210f 7626 5f7f 62cd 134b 06b6 1a93 57be 02bc 2d27 0c58 5487 2683 28d4 1f5e 742e 1aaa 0107 67f6 466c 754f 551c 6e6e 4662 534d 536f 20f4 4c37 10e1 65ae 2fc3
0925 4d2f 6bb6 75b9 2def 1c76 45c0 79ac 661a 72a4 23f6 6b84 495b 163a 60c1 1e86 67b6 70ed 6e04 2360 3388 5bfe 37b5 4e4e 16d1 6545 5904 4843 5c73 46a6 2f04 1d1d 4de7 42db 5f36 5e6e 4266 04a1 78f3 39fe 143a 2673 26c3 276e 69a9 756d 667d 6d07 3e8f 3db0 24ab 489f 5815 119c 2e22 55b3 6e33 6257
023f 0000
36d6 72eb 2360 7ea3 25ee 3e85 40e0 5fee 5a1a 2227 34de 399b 45b5 3da4 39a7 2da1 1e29 6baf 6c12 1c59 2cda 051f 17f8 6307 50b4 4513 623a 44a2 1fb2 42a5 7c1c 1dbb 2111 7a8f 5623 5e57 07fb 6880 3a5e 6309 1291 2a70 372f 346a 1d6f 7e0c 3871 66e1 070a 0309 2fad 5c9d 2324 392d 23b7 2665 5364 5432
3e29 7b9a 5eaf 55c6 5516 0780 5f43 4738 52bf 3c23 4595 0a77 413e 13e0 6b80 43db 2cf7 6170 22c5 0226 766f 1bc9 4ef0 4b4d 7eb3 5527 390f 1501 398f 1bf2 4017 0e8d 0471 4cab 78ef 0147 6008 39bc 0a31 6757 691d 0f8a 6705 0877 47ee 7b9a 32c6 7911 2d5a 3add 2ecc 373a 38b3 6804 77b7 7342 4ddb 5864
7e1c 032c 278e 1483 4aaa 704a 3ca6 4d6c 7c82 6434 1d6e 27d7 7a74 02c9 4098 3bf3 6f18 7106 64d5 25aa 515c 2996 521f 20f0 5d7b 7da2 34f0 26e6 39cc 2b96 7932 061d 5f61 61d4 172b 0d9c 0560 72ad 0fa1 2cca 57e7 53f1 1a32 3998 7911 4985 48f1 7e5f 0c76 5b8d 7008 2f2a 1ad6 13d7 5f97 3a04 2b46 33c4
5339 5c18 78e0 66f7 329f 7082 226d 11d8 73e8 1567 042a 1cdf 2e34 31c1 2ccd 44cd 336a 5b20 2001 6746 197e 17ec 1f6a 3d44 4533 7739 6c4c 6663 671b 5fc5 44b1 5829 413d 5f40 4312 6957 4a48 63a4 0b1c 013d 1c25 63aa 6c86 116b 7bb7 2791 7e94 3e40 2d58 7ff7 0978 22f2 4ca8 71bb 6ead 5ccf 640a 0b41
4999 3d80 74b9 3962 788a 576e 0fc5 2079 353a 62b1 5f00 72b8 4266 0b0b 7de1 3c21 2949 2c8b 5f27 65e6 7230 0da6 4251 04f0 281b 4c07 401c 34f2 1514 422d 0b27 42b0 3703 6b8e 4030 41c1 2376 2165 6c23 4668 5ca3 0cdb 78ca 1e69 0881 7eed 2e2b 773d 0ae4 2649 679f 7940 74ab 2294 762a 4dd7 3314 2c53
767d 5e90 3b51 30a3 7f92 4c2e 5a4b 0e75 6e80 57b7 3512 2b93 1c29 4551 759c 31e3 4b0b 2c4c 7342 6927 0a1c 5fae 6d69 547c 78b6 690c 57c2 3ab8 7d6e 4017 6d29 76b5 53f0 68f7 5ed0 61c2 60e6 348c 3a7b 1026 7a2d 76e6 6a37 7250 21ce 483e 55ba 532f 1325 28b7 4b30 1f23 2f08 6849 3978 7c60 159e 76a8
57c6 3e99 6f0f 4248 6afa 02b9 59b5 37e2 4717 16a9 4d03 7e2b 7a55 5459 6369 07d6 1581 70c2 7d8e 1bb6 71ff 5a48 0703 2712 5d35 7bb3 1bdf 44c7 57a6 330d 4059 0cca 7887 5224 301d 1e4a 6510 6987 47d5 68aa 36fd 7148 7097 5827 0311 569c 5740 6410 0d58 4987 153e 0c3c 3aa1 55fe 0d12 5668 7cdc 5677
6079 3fff
3b9e 3fe6 07c7 57b3 2db8 52ef 4075 1d56 13fb 368f 7e54 3039 619a 4724 0c1f 5aa8 01ec 41c2 144b 769c 1ae6 3b2e 14b2 673c 7f4e 487f 415b 7892 72b9 335c 5b60 1507 1caf 6aed 426e 1117 1d9b 3a74 182f 01d6 703c 72ef 3918 11d3 6a49 6d74 2d6a 068b 2808 5006 69ab 5755 2218 7cef 4a77 1a81 3e2a 2217
4d0e 68e8 53c8 7d7e 6b27 7bfc 7f4d 26e8 483c 166d 4c51 49a2 4ee7 5993 6c3d 3dca 11f5 2587 16d5 6e74 7d73 0fdf 4013 54ec 1e3c 3cd7 0ad8 213b 67eb 3d76 74b9 4021 202b 47be 4d08 67d3 32c7 2181 762f 05e5 3eea 7188 0a59 526c 7491 28a6 2e3e 4dbf 3f63 6075 03eb 702d 58ef 702c 6184 47ac 27a9 479c
74f4 132d 28b9 1f56 7d16 0e35 4541 41fe 141c 3e5a 575a 04ab 28c4 6acb 6606 4b3f 01f2 14e6 33d2 2435 0f9f 4de7 3e09 6598 481d 6eca 6176 112c 2556 1a6e 24fa 622f 482b 6b0a 5280 0c01 6d90 4961 79ef 3a13 2052 3a22 6f3d 0684 643a 0b30 338e 42ac 7c93 4979 43c0 378b 260c 04b3 19ca 1349 43ce 38ca
0691 0b15 7c66 74b3 67a2 0a40 6512 1209 18ef 5192 1704 3729 39c8 668f 313c 1885 1cea 5365 01e6 7ed4 420b 0b8a 750b 750c 0863 7b11 5d26 2432 1a55 7324 5b4a 2831 1c98 1f8a 25ec 01b8 4315 0486 64f6 60f0 46ae 1f6b 21fe 0d47 5e6d 5c88 258e 36aa 72c6 3a85 4da9 2d92 489a 746f 7131 49c9 41fd 47ff
3ef4 1c0c 4a80 2a8a 0c54 36cc 2b53 3634 729b 50b4 556c 7071 70cd 24b3 47f7 65eb 6e75 623f 49ab 13f5 5ab2 4ec7 353b 3475 5663 63b9 26ad 481b 130d 0fba 212f 299b 4ab3 5301 013a 1fad 507e 3423 2c75 0e7a 7e41 4db9 6b6b 09b1 414f 2e50 2189 0a4b 6ed7 7ee5 67e9 2dc9 74a1 35f6 16b3 0253 3f8f 2f6e
3253 12f4 78ce 68d0 0f85 0ba9 045a 5100 3b55 4856 092d 75d9 38db 2cf2 22af 45f8 1e27 53c1 581e 01d8 37a2 4469 1f93 044b 641b 67f7 4d44 5a1a 5c4d 65b6 2f9b 5552 66b6 530f 68f1 28ce 3418 31a1 5f6a 3ef6 28f0 1a3a 3ae1 79fd 6dd1 590d 4864 635f 376a 0f9a 3e64 6eca 1784 224c 6af7 4a5f 22ae 7d5c
00d9 2c99 0892 522a 43f8 3252 63e9 3314 430e 41db 33d8 5e9b 42cc 17fc 113b 5c62 18a4 37f3 7bf3 2193 346e 6712 60ba 123e 2d79 4617 758a 7506 1687 2f8a 666f 2958 244d 6b96 161a 5012 051c 260a 2ad3 2042 7765 4611 56d4 4b7e 6a89 4087 52a7 146c 3728 51f3 203e 3d36 7b44 5277 118a 2e58 422b 6227
70e8 0000
7fc7 1565 0dda 1ee8 7462 4d26 3869 632e 465e 0eae 5aa9 0a1d 080f 3ad3 2550 0175 6d31 3a78 4f2f 4e0b 4a96 74c3 46e3 77bd 78d3 606a 0a65 545b 5995 5813 66e9 64c1 18a8 68d7 4fa2 2fcf 7e3f 6c6a 029c 317f 1c87 7b54 64b3 6da8 339b 66f5 68f3 5911 781c 46d1 5927 2878 349a 09b0 140b 08c2 7eed 47d6
5112 56e3 17fc 48b4 1395 4c3b 3088 7ef2 59bc 6d84 4ad0 5214 7bcd 6962 3b19 795f 0ea5 0b03 0b26 21cc 2b14 53c5 2ca9 2fd8 23a3 07c3 2268 5e30 426b 4990 6b32 1539 20da 39a6 1586 685d 4d6a 060a 6c93 0e26 56a2 2f44 6fad 17b3 5cc3 62ff 1b63 3f92 4d54 082f 7cfc 56ba 3719 2ad9 0a60 4403 52a1 76b2
4ea2 648b 01b2 7de4 1bca 07d4 214e 47fb 364b 17d2 2213 5682 73cb 443f 3321 2516 4988 0933 630d 6d4e 413d 44f3 0d5c 142c 362a 53c7 4d0f 4fc2 01d7 61ab 2928 09b6 2edd 53cc 4704 2d8c 05b1 469e 61c6 31b2 484b 26c6 7d1b 0a96 7a3a 4458 1817 489c 0727 7fea 5be8 4832 0f80 2660 1582 303d 0dc0 459d
5579 3ae9 327c 1c88 1656 748d 2a5d 2c68 760c 48bf 2f95 3818 4462 3ae2 05a7 2bf5 1bbc 1620 3d85 0549 3774 03dd 2d60 4233 2646 55fa 7901 4397 2f62 4bc3 2d3a 76c7 5de5 26b2 1734 7ef3 6b3c 7464 11ab 22ef 2ea3 0c16 363f 4736 7ad6 2159 5dde 144d 1c63 2224 5aee 06cf 3ba3 175c 1030 5d80 4ab4 493f
2eee 56d4 5a47 5364 1a54 7457 0194 167b 6b6e 67a5 5bae 196e 2a66 7b50 275f 29b8 36b3 3071 3e7c 1ebf 576d 0aef 47ca 22b1 779c 71d2 6038 598e 238a 6895 25af 7ba0 521f 7310 671e 7cf1 59df 08c8 6f89 2a26 38b5 2aa0 6529 054c 4a36 3bd3 2912 0d29 255a 2da6 01df 0890 653a 6be0 1f7a 6b9e 1df4 4b93
225f 4e84 7579 61d6 351a 5450 5ed0 4e87 24eb 6425 3b2f 500c 696c 6945 58c4 3ff9 3758 2531 68e4 5116 1f35 3c0a 2770 2fc0 7b3a 4c8c 6c16 2613 31fa 5e70 44a4 2582 0498 5068 4247 0370 4049 3641 1222 0ee4 6b38 4f8f 3e60 2ab4 323c 34e6 4cb2 5823 74da 3b56 570c 13b5 3f2d 57ba 4a28 2c3d 471f 4479
2708 4fe4 0da3 2fee 2bcc 1c4d 78f7 5f83 657f 68b2 588c 445d 1712 4977 1a5f 1f03 1bcd 3bdb 737c 1c1f 0b03 6f24 67df 6a81 58f9 124f 283e 5179 7bf8 2faf 4633 6ca2 318b 62c5 17fa 159a 5ea3 13b1 71c4 3651 158b 5168 140c 70d6 5282 71bd 0e89 6eda 2e17 030c 7df9 0524 6d7e 2479 1d91 4d37 4a8b 3d70
622a 3fff
7c99 70e9 2593 55c0 3ed5 2f13 7924 3baf 6c34 5a2d 72da 5057 47ea 128d 1e8a 6e31 1c62 58cb 4e52 5737 5a39 7b3b 0963 6a73 7e4e 001c 7f1a 4f0f 15dd 06d6 4557 00c6 3eb1 6f27 622f 2e82 13fa 2be2 585d 3161 3c3e 7844 55eb 578a 4ca3 2827 6bdc 0b35 3307 2f42 1c69 05b5 5e99 29c4 0571 7f21 6c76 38e8
0b38 049d 3358 55e7 7f86 2a5d 0ade 1526 73bd 1880 7946 1bd7 6760 2ec4 7585 211f 7a3b 6927 1d26 23e0 2d85 7e12 319d 265c 6004 4730 5456 2be0 798d 225a 44ec 504f 216a 6b0e 2d6a 46f2 44ba 36d2 28b5 17b0 3e21 64ff 1c81 0bdb 2afd 1a76 28e3 0a29 7451 12f0 28fd 2ade 1961 4151 4d58 2821 3c9b 5d1e
3b5b 4346 6559 2a0f 19a4 6c27 1812 7b3d 5db5 015e 2687 5129 0cac 6199 3b03 660a 1beb 6249 36ea 0bb7 6634 46e2 3987 0ef0 3911 08b3 5db1 77ab 2866 2234 712d 5d57 0ccd 03ac 340d 3841 1ae5 4fa3 61eb 0bf8 6572 7575 67a6 6c06 31af 352c 6a42 418b 6ad5 2449 0724 7d63 6978 5a39 2583 53e9 4e61 5abe
43eb 77f5 3c7e 4a2d 3a75 27ab 01cf 6c74 19ba 6b5c 095f 3a87 77c1 51ab 230b 165d 2d0b 7310 10d8 64a3 3813 602b 7654 3b93 1227 5f45 630f 6380 4818 3269 1ad0 3cf8 05a2 7020 350f 5476 7ffb 18d3 79c1 0ea1 26b3 168a 28aa 64e0 7870 5a10 767b 7f6a 1fe4 6e35 3881 1535 0280 4300 4b50 1833 5ead 5094
58c3 3f82 6289 689b 4b7f 05fa 7d99 040d 3469 323c 43e0 2e62 276a 7bbe 74db 1c30 6784 315f 642f 4373 7e2e 30b2 42fa 6835 0c06 60c4 7930 1512 62a1 4238 3bb7 48a1 7460 6d72 0473 3704 1e58 7acb 462e 6974 2881 1031 759c 20c5 000b 3ab2 5a35 7b2a 2568 14ad 71cf 284c 79fb 53fc 6647 3087 55a5 6cb5
10e1 062c 222f 3bcf 1f3e 5b16 4b51 592b 59cc 1cbd 78d8 070f 7f83 32a3 3c67 4045 7de3 35b2 2413 7d1f 6ff4 1715 5686 48ad 6259 4f41 0b4f 6fbe 670d 26ff 09ce 0c17 0d5e 1167 3fed 2a0d 75a8 1aef 3fe2 6eee 645b 2c29 6259 6f8e 36bc 520b 65fe 6aad 5723 0b98 0abb 3fd8 12bb 6e12 4837 0b28 53c8 0042
4bed 728f 437f 312e 0a67 11a9 6b85 1623 1ae0 0f22 1b0c 4a03 1409 3801 643e 5af1 7886 7dd7 69a6 7273 563e 34aa 0345 7721 0d3d 4ab4 5130 6bf2 6e2c 500f 1e7f 39ba 0754 6443 1478 0665 5db7 0c86 2ad8 4e32 3953 2899 4f3a 4841 417c 0314 5589 196a 6ecb 448b 0d37 1dc4 64e5 5f17 566e 2b1a 2238 365f
236d 0000
443b 0bea 354c 5783 6a4a 1d85 2d8c 3960 01ca 7897 26dc 4829 49ec 2254 2d4e 0c27 6d99 7dac 1297 07b6 69f1 5bd2 2ef6 3116 7756 5a71 59c9 7a19 0a5f 0d3e 62b4 53a5 4447 3a07 2e20 269c 2b7a 500c 5fb1 46c6 30fc 36aa 61c1 2da9 6984 472d 567a 629d 4973 4d82 121f 72f0 0737 4f7f 08c6 6474 3676 402c
4ea9 31e6 507d 3ae6 7b68 5081 7d00 2bfc 169a 2314 0cd9 398b 58d8 1a43 615e 4c6c 7167 5357 3019 4392 4c45 3d7f 5f04 0022 260c 72f6 1717 20ea 7351 5a95 4725 6c33 6397 6efb 3f07 31d3 636e 5914 7e53 4c2a 65d4 5a4b 6aff 2604 6b60 2c86 1b17 4846 00db 1e1b 511c 42b4 4fac 4f4d 1437 3e0a 625c 15f1
6e31 61ce 5fa5 39f4 613a 6c1c 152b 4701 2164 47be 6e05 383a 28e9 12c4 3f30 5849 0b3b 7b4f 404f 2080 418f 2dd0 08b5 4307 5126 1155 137c 5151 6314 6936 1907 3daf 48aa 56d6 5283 59f6 451c 09cc 30df 787b 229a 2fe7 09f0 66a2 22b2 729c 19d7 7e17 0cd0 1c8c 6bb1 3c8a 2754 12cf 337e 3b2f 41e6 7f34
40cc 690e 0470 26a6 6250 4b98 3775 106f 1d48 11cb 0d69 0977 60e3 6b43 101b 5a44 025e 25d6 3e6b 4c5b 5171 51f8 31ad 2bce 6eef 1ddf 27ea 38e1 68cd 306e 0704 4d69 51ea 2449 344a 77cc 4d6f 358f 1525 50b0 2f5a 7ce8 6ad0 2414 2a38 6209 50d7 6f94 06a8 1a5d 6a22 3687 1c54 5395 2329 27e8 18e9 05de
3e69 6442 6f77 241b 4920 15f8 4e3e 3ae5 36ec 6418 20d3 5cf8 633d 4cae 23e6 394d 69e4 6439 3622 1bec 2ac8 3e36 4ccd 0a09 503f 1211 519f 26bb 20bf 5e0f 0027 793c 627e 3fd0 15cb 2bec 040f 4fcb 3521 3a3b 5494 14a9 1739 566b 30c3 1bf3 1471 67b8 0d36 51ae 3cde 2202 4a44 5031 4197 6503 0e9e 71dd
3dff 1228 68af 1ef6 7e4f 58a2 6f8a 086a 6b83 4911 19d5 5c81 4abe 2175 5670 3b54 3f2d 1244 0084 5618 7278 3a85 217a 1745 42d5 2b96 547b 604c 3fc2 3556 393b 442b 4f2d 498b 56c9 4f64 03ec 4a7f 7bd9 302f 0b52 6c6d 09e0 3eb4 70ae 1039 5590 156d 056e 7149 4d15 7c1f 3222 5946 62fc 1819 6b83 276b
7c72 27f2 3683 56fc 652d 734d 1cfd 2aad 20d8 3961 149a 482d 629c 7329 04d1 293d 2478 54f4 372d 38fc 5034 6bcd 3491 5062 3e4e 5ede 0e47 5646 0519 0373 0fe9 4518 6f03 6303 3cb9 29cb 481a 6f42 1852 40d2 6a45 55a5 66cb 772c 5b58 309e 0aa8 48c7 23a9 1e39 55cc 4bc3 2a6c 2e13 60ce 61f9 623e 6a07
7dc8 0000
7657 11a4 66b9 012b 30bb 6092 7b2f 7f59 410a 73a2 67d8 219c 0dc1 6c46 79c4 772f 4f97 1d0b 2c66 5556 0dd7 21fa 1886 5b64 1c7e 4904 598e 5867 054b 65b1 0e98 53c3 1d92 4f55 528c 0261 7b81 4620 5cc1 4553 252a 78a3 2585 4156 2af4 7ed4 04c5 207a 578b 0f4e 5c3b 2907 6110 27ea 0357 30ba 486c 5526
571b 5617 554c 2fdd 5ec4 0ae2 0edd 6817 2023 7fd9 3c72 2e53 6b8a 5a11 7277 6ac6 1e19 5543 39bc 309c 3aa3 59b8 0ae9 44a0 1b78 2251 7c3b 77cc 5767 2919 3452 7182 2b16 4b73 45ca 51dd 40fa 0fd8 7e88 2666 7b1b 1151 5703 4b56 1466 324e 25c2 460e 6cdd 3190 7c43 57f9 1631 4fac 3404 048d 51c7 1064
1ab7 2115 4c3d 0e1b 12f4 0665 6057 2c52 5c45 3695 4aef 35be 4c78 2c04 2e59 4fb9 295c 1090 4083 058f 76c6 126b 0c5b 08dd 7f6b 7123 2933 1630 6dd8 24da 025a 0e6c 3552 27dc 1db3 5bec 7c69 7632 57cc 5cac 11bc 7843 4a1b 0384 0337 41da 5dfd 06c4 3b5d 485e 2cdc 5c32 7dea 44b1 186a 4f0f 5874 29e2
64e9 10a6 7a6d 2dd5 0941 5b12 3e90 50cb 01c4 5c53 7f8f 2ac1 7ad2 25e5 40e0 0e90 584c 02f7 64d1 778e 632c 41e3 2785 1127 1535 5c19 6f02 2447 1a42 56c5 6561 272e 56f3 48e7 0fd3 743a 2c88 4c77 7103 2449 7ac3 79d4 7a7d 760f 3dc7 552d 4abc 3ce2 2ef9 757e 6bb6 23d6 6c78 6684 548b 742c 7d0f 10b3
26e8 2416 4872 2082 13d1 5606 3abe 1e83 6c35 4a92 3942 0381 0047 0864 72f4 7548 59d8 661f 6352 2432 40ba 6c33 2d1e 14e7 23b8 03e1 6dfa 5309 0f0e 1fb9 683f 4170 575f 4427 3a9f 69b1 014c 7541 5dfc 52af 6bff 3e47 259c 6b7d 64f3 729d 17d1 3332 0ce9 504f 4894 2824 3ab2 5683 0e82 4861 682f 3749
36d6 68eb 118b 0829 63bd 6204 13aa 18c0 4836 12c1 4718 1e01 77d1 0779 2f55 41bb 3537 27b1 2712 5bb2 3d63 6258 0b62 031d 506c 5a81 11ce 1ce4 2c76 592b 6712 7c0d 45fb 1783 64d4 0fe4 4628 61df 39dd 03dc 76b5 415f 51f2 7af7 7308 7bf7 3377 5724 6f7c 3c94 736f 27f5 5bbc 7cdf 04cc 2950 74e6 0b4a
40ad 50c7 5d75 3857 23ac 71db 2ff2 24fb 7dad 5d3b 1d78 3d6f 6aa1 1cc8 5c55 5e0f 1cc1 6e80 13ee 5480 74d1 0cff 42b8 104c 3433 3c7f 5d33 73e1 71a8 5f51 1acd 1a05 0765 7fda 63a4 2641 6eff 4fd0 5fc5 4c9b 26d8 4eec 1088 3085 5ece 1f9d 6291 27b5 615b 4ff6 6827 1332 117f 3bee 33db 4277 639a 5c55
4af7 3fff
6b91 064b 3d12 77b4 7140 5f60 3a96 41e3 4030 4de7 077a 180d 4d35 5d06 35a6 2fc0 6bf3 36ab 3f39 17a9 2bef 467f 1331 7293 259f 1383 1a83 4fee 2ff7 4443 551e 6bbe 1287 2822 20ec 1021 50c1 3c4a 6400 0c62 207e 7444 1abf 47ad 6f5e 65dc 4b8d 421a 0cbd 51e1 7f18 3e0d 587d 2788 2595 508f 7093 7869
7f9c 13eb 3340 1e20 0a79 37c2 002d 7e15 05f1 1786 5489 6851 4cf5 6fc8 1bfa 0803 2078 7727 7cb4 2773 428d 4d48 69c5 1202 189f 05d6 168e 0338 4752 52ab 0866 205a 4e02 1a6d 092d 0f50 2179 6471 5b85 7b22 56eb 4366 287e 0875 5a28 44a1 4c43 153d 5d31 01c3 1571 4d11 5f28 5627 768c 7f63 0cb0 3454
501d 53c6 4177 156c 2dd4 79ed 0b0b 138c 55b7 0358 0ca4 4407 5558 7291 5ee9 11bd 064c 695d 5639 504c 7f3a 3460 1097 5742 086e 7e2c 0a40 662f 6f02 0550 5fca 6358 4d7b 71d9 713d 3c63 4dba 3154 3620 6791 18f8 6158 24a3 295b 1871 1556 30a2 1250 4c8c 0285 6853 4f04 2a84 7478 7e3d 2241 5af4 0651
1026 0e04 2ba8 5071 79d4 5a51 5be6 15f6 07d4 1172 5831 5fe2 5ae2 76e6 10b2 2cb7 6415 18f6 5cdf 79c0 282d 561a 556b 4f28 3774 3918 308f 50f1 2e88 0b99 026b 2175 173b 449f 67d0 0004 555f 78c8 7acf 20ef 55c6 3fef 0f8d 1b2d 5acb 46ba 2b0e 357d 323b 0806 63c0 58fe 3b32 3a20 362f 145c 0f3d 26ca
4e0b 7770 3cd0 7e08 4f34 59a5 2796 307d 0521 3f83 715c 5423 2c1b 6bdb 25ef 486b 7876 61ae 375b 0c1e 0f22 6cd5 41a6 55d8 3925 771f 4a48 70d5 02bd 2915 1c6b 4896 3baf 5586 400b 1679 3a2a 1c86 5ca3 05b3 584b 37fb 422f 46b4 78da 08fa 109f 5cf2 55a8 7012 176f 2393 25d2 2351 38d2 665a 4026 62d9
2aa3 4f93 22f2 7d23 4b23 1c32 78e8 09c1 0f31 5b17 62e7 0550 0fde 06ea 3745 1e01 475c 08eb 0acb 65f6 33cc 06a3 194b 242a 144a 7d3c 10ef 21ec 63b3 51a4 01c8 4087 2a4b 3f5c 506b 0cca 4db0 0c2c 69ee 74f9 1873 1f08 42e2 1d59 5887 1e12 3831 6f21 53a4 6d3b 6856 2d92 058c 0b77 74e0 7b02 1774 54a6
2f3a 337f 455e 51e0 690b 7be4 796d 56c6 1230 355d 6d2b 022a 517b 4a99 3bfc 04d0 0d2e 412f 0b81 1848 4f16 1978 3389 6969 5be4 274b 27e8 5179 6053 7eab 33ec 43b2 09ad 2fc2 223a 552f 3734 076e 3f3d 164f 5adb 5fb5 541a 05eb 5af1 2b0d 6c63 6ba3 03b7 3f8a 7f60 2c8d 3e0b 3429 45c4 4351 763d 2707
4873 0000
054f 7d57 708d 375c 1885 7be2 6473 7496 1b0d 3931 42e7 472d 1d82 7fb8 7191 4295 4db2 2732 1d7d 479b 3269 2f58 5f55 6dd0 2f02 0152 0116 1a8f 22ee 23e8 6800 3a99 636a 70c2 7a5a 573a 0333 3add 2ac6 632d 6385 2cb4 2e2a 4a49 291b 29af 6cde 0a57 2e5b 2b31 4ef9 2d59 17db 693d 1276 3c1d 7408 0541
6c35 39ce 24ee 463b 7fb3 0475 270c 6ac4 1c5f 5bdc 73ac 14d1 6c6b 3bb3 6a8e 1367 3c10 5b67 4abb 093d 3cac 7783 352d 08dd 14d9 66a4 27fa 378f 02dc 3507 2784 6249 2afb 09e0 4c78 3153 0654 3611 6b48 1d23 60fb 77fe 4ff2 6373 3870 7494 6dcc 1721 20b7 358c 0f5d 4ea3 2b1a 1919 4c1e 11b5 5f5f 173b
12e7 397d 58fd 41dc 1658 5e57 307e 34fb 4bfb 5a04 1bb9 3c3e 1f59 29b2 56fc 541c 0cfb 7894 67fc 12d5 723b 2438 757a 58d3 6e17 59e9 3c29 66cf 6729 2840 38de 347e 6b70 3062 1386 6246 1572 1e2c 6c49 4a9a 4b24 4239 09b2 5cab 2bf9 16bc 19b8 7d5f 5ebc 4366 4403 3c2e 17a5 1c5a 5f15 67cf 29aa 4f36
6336 3d55 3b53 455d 2b8d 59fd 24e0 4707 55a7 74f9 285f 5cbf 58ba 7975 3da2 048b 7d77 1b18 5c0a 5d83 65c7 237a 3546 2873 4e98 0b66 4321 7185 13af 0afe 40b0 5905 6c74 3164 5630 12c9 40f6 14af 6a0b 3c87 4c4c 2513 26a5 0403 5288 4eaf 0326 6d8b 2e89 23c2 77db 1669 515b 3fb0 1d07 6b25 3917 1301
7808 3c2b 1ce2 6227 4349 5d88 48cd 5147 017d 328a 2fa6 581f 1de1 5a32 3639 5f4a 2ccb 4390 5e73 1e27 1b8d 18be 0754 4e11 0e3c 1b56 4452 2f77 79f6 0ebe 36bf 3ad8 3dd7 2541 2a94 1214 500e 4ac4 718b 766f 08be 4037 2db9 2d95 0e98 4aa9 60c3 3936 7eb4 7c18 6f1e 7c85 25dc 2b3b 16dc 70e8 558c 438c
1dd2 618f 2a95 1ac1 0a62 4a08 6a34 7c17 4cb4 6b0e 00ec 1321 7129 758b 4f17 7913 004e 62dd 08b9 7133 7d1f 1415 2730 20eb 272f 034b 2f3c 0154 5d16 7fab 11ce 0fae 7e2c 5022 3e6d 27fb 1280 4fbb 47b7 32f9 0bbb 35d3 679d 5b17 5dda 267f 73ce 3070 4bae 1674 7941 687b 3927 4cde 694b 13a1 2ae6 24d0
3b9a 60c4 053b 3684 2f10 5627 21d3 0564 233f 72b1 71b5 6353 3212 657c 464b 23b7 29c4 3559 1a3a 0a8a 5552 7154 688b 652a 46b4 348a 0b54 06b1 16d1 36d5 6dc7 466c 05e6 19a8 314a 47c6 3528 0152 1647 16bd 71ec 1352 1873 1c9e 2220 6db6 052a 77fb 32cc 045e 426a 1a93 7557 0a80 0e73 7e9c 6205 242f
3eff 0000
027e 523a 20a4 26a0 74bb 4308 1df7 4822 2e5d 7c70 0cd7 7b9e 3cff 5eac 189b 757b 15a5 68fb 2880 47ec 52d9 23e6 2262 13cc 75d2 4f93 5e2c 7d4f 1288 2c2c 445a 2ab0 392c 2524 2281 3828 5fde 505f 7ab2 00b0 51e5 6212 2bdf 4e84 4278 0fc5 08bd 2e63 361e 3cfe 76bc 657b 06a1 4d97 149e 554d 72ba 2de7
4d53 7a84 150a 7f01 24cd 2f22 1549 1f71 09a1 776c 33eb 65af 1adf 24c6 6f49 2622 36e1 7a37 055d 5846 1c6f 085f 45ab 3194 616c 505b 4ea7 3925 4b38 5a01 041b 4a31 7de7 6b46 2a49 7b5c 4fd8 149d 30ea 1807 590e 1c92 72e1 1bb6 3940 548c 4d57 3cb4 2e9a 65f2 3d04 69cf 5357 4923 508e 4857 6f96 28a8
2f4b 079a 2826 5fd0 7d2f 2cee 5f8e 072d 1ad0 35df 52e8 6aea 2008 04e6 71c4 7789 5653 76bd 521d 04f0 3717 6347 58dc 013a 3e45 6dce 1701 521f 364f 1715 1087 3549 0a4d 70f1 6e12 4f9f 7a91 2c07 2071 3234 15c6 7f61 5936 4eea 540b 54d6 47b5 14b1 3775 0e8b 1d57 57fc 358b 57a8 56e6 38e6 230e 4b9c
44bb 0aa3 1864 0d65 29db 1ea1 07c2 5969 35e9 5e92 1a38 0c07 7d11 3537 4304 04eb 541e 7527 67f6 4d88 2f0c 7efc 6509 7ddd 0d87 1f89 0fd7 00fc 405a 0f2e 256b 5fce 53a0 545c 23b8 57e1 545b 0ed1 3d15 259f 71b5 38a3 4b68 34d2 2190 7a19 1879 6e92 01e5 3def 53a7 3299 42e7 78ce 54e8 4e61 5e19 02a7
1552 4d43 79ff 4536 3d87 2c9b 3419 6acf 32b3 6a0e 7c1e 4af6 093a 3b55 4962 4265 4bb2 75f5 0707 509e 1e3d 36c7 6941 3957 48cb 072e 2c4a 618d 1acb 4e46 0c02 5f71 448b 2519 019f 6761 641f 6143 1e28 5286 5247 46db 41c4 3834 6e9b 5128 0ac0 7ad9 5f52 189e 01eb 2845 410e 4594 2848 075b 17d8 3efb
210f 7ef4 6125 3ced 4091 60e3 107d 562e 5e81 20df 13a9 5d04 3af1 71c0 3d91 5824 3316 5755 7554 7b65 48a8 2154 4247 35c6 2093 5904 61f4 7e04 1bb4 60fd 1116 0509 468d 4980 3bc3 6e4e 1bd2 7aab 3d98 6044 1dce 7055 129b 4eb2 02fb 1907 261b 11b6 527b 3e05 024e 5b25 0cc1 3d50 4ad7 636c 1d83 6813
7217 67a8 3120 50f2 2165 7fa1 3b9b 0737 7a03 5fc8 5c62 0580 57a7 7efc 4262 5fd9 4a41 4dab 7e26 68a2 3341 35e3 6f9a 5738 39ca 4674 28ee 7c5e 3f98 476f 15cb 0cfb 7543 0a85 2aea 78dc 5f70 2b02 79d4 4737 66c4 3e95 71e2 6182 0e83 11cf 5b94 53c2 14a5 7467 41ea 72f4 4acc 15e7 6984 7cbe 7da9 4c8d
0b5b 0000
23ca 11de 116b 2412 1eb0 2150 30b5 177b 459e 2d3a 446f 7ab4 71d0 75e9 5d27 6301 3b18 1b13 2c7e 5d2b 4c53 2189 2ae7 4e6f 5104 540d 7aa0 2d13 3b1d 2df1 5764 20a9 21a8 1525 6f7f 779d 67d0 2cba 37df 4797 6aa8 0c40 1c47 40e5 41f3 059e 79ac 1abc 55c2 053b 2e90 7e55 2d77 1f03 51d3 4969 4701 136e
7842 1717 5816 1bde 21c5 5ec8 135a 3ee4 1b6b 1ce1 0881 7b35 0203 6d8b 3ba4 00de 6505 4f93 5c73 5dfc 12bb 1223 4809 3d5c 4df7 2601 0e0e 7d1c 3951 28ca 3952 468f 015f 3167 27d3 6d68 0916 20dd 3ac5 21b4 34de 37da 3705 5091 65f1 3c90 1191 5e5d 7cee 1479 315d 3046 2429 744a 7654 6106 4532 6487
2444 534f 5e9d 2c08 07ba 1703 1388 2887 146a 05b7 04c7 783a 639c 26e3 6e96 7576 592a 029f 7511 3159 5a15 5177 5160 6065 534e 268d 387c 2f57 7954 452d 4fa9 55b3 30fa 3c7d 416a 1739 672c 61fc 46cd 285a 1e15 6ade 0b03 6564 2ffe 3e0f 3f81 6a33 7baf 4678 3381 0fac 4448 668f 7c68 673a 0b32 1129
0afc 0719 4d0f 1981 6082 647c 7505 1501 17c6 7c89 66fa 65b2 62e9 558f 4fef 0249 76db 037d 2f5d 3583 60a1 494c 0c8d 6a41 67da 2998 2f75 7936 61ce 2249 04f2 5b9c 24af 5eb6 0a91 5c35 1271 7f87 029f 0941 0d40 48e2 77d7 6f16 0ef1 7fc6 2af1 0f16 1255 14f1 6e30 14e7 6cd4 424e 7354 15e5 0179 5c35
045e 4b36 163d 4ccd 394d 5c29 76dc 5534 69ba 2243 1e9e 389d 062c 2d9e 1fca 699a 749b 504a 4d23 6822 7ffe 5961 3c14 6b4d 1c31 2897 2685 1427 103e 2fd2 23c0 25a0 143c 1613 4ed3 16ef 637a 6ba4 72ed 3b30 1db3 7ebf 6135 05c0 1311 7995 2ee1 0905 308f 4811 1fe6 367a 6555 0603 5ff5 4177 0738 7dd3
280d 035d 487c 1597 20f1 1b10 4001 0a1b 1065 46cc 3058 5fce 44f6 6dde 61a2 4665 0f16 2211 1e6e 5f31 6376 1da9 0062 6553 2740 23d9 6690 545f 2e6a 4de5 1677 31f5 35a2 69d5 01c8 5a33 67d4 525a 439e 7194 10d3 644f 55d8 335a 3fb5 1beb 4c00 30be 1ef7 7f4a 27a3 0b45 71f3 4a54 3b8c 1d29 1c5c 278e
6b25 6f4c 7406 79f2 5409 58fe 4fdc 02b0 7a83 69d0 4860 5775 2061 0cd8 1f88 19d5 5ac0 559e 69b0 0de6 5e77 62fc 562f 1092 05c8 37c0 6d38 13fe 6b28 419e 3a36 1c39 1ab2 4c57 6b96 2c1a 4e02 2c7e 7d9f 1b89 0353 341e 374c 1c70 64ba 39dd 4d78 7799 0aca 7ff5 1e15 5608 7253 3da3 4016 479a 4a12 60b6
3c91 3fff
0310 0bfa 3e17 7883 76a7 5852 527d 6360 6717 43ec 0d3e 26cf 2aa9 6843 06cd 2807 292a 1835 5242 7e68 3d7b 3016 7e8a 10c0 2c0f 41b3 3e42 4b2b 2311 3ac4 4558 38dc 5f90 3929 1cb9 098a 5220 6409 5722 6d17 7a1a 3f09 5dbe 162c 5ad6 76bc 1787 7eeb 7497 3cfe 7be4 3966 1746 4cd5 5622 668a 2e38 6460
16a2 7e65 67ae 5d70 4d4a 57b1 730b 0642 1dd3 508a 4653 17da 2c43 3f6f 251a 77cb 0647 231b 5dc0 1904 3b46 2455 1708 2d87 5742 0f09 57b9 60a3 3617 778b 501b 3885 5de8 5ef4 6d87 6e8f 1676 4b5b 285c 2fbe 672a 6837 5944 0e7b 4a75 1efb 627d 0513 076b 614a 5647 0ef6 075e 69e1 704d 3bb3 60b8 5fb0
3ae3 305c 403d 256d 24d5 146a 61e8 520d 4a42 6c39 3464 1c22 5baf 18b6 4347 064c 67d0 0f30 38f8 22c5 0a07 0fd5 424b 42cf 7be9 0cd8 160c 2c39 75d6 3331 4fff 5a05 1df2 620b 395b 042f 3f86 2e9d 6913 4ff3 70af 36d1 054d 5af0 2164 54ed 4712 2bf9 4141 74ba 70f2 663b 73ee 422a 4e42 023a 0b0b 2fb9
077f 4679 64a2 76a2 42cf 473a 27ea 4a32 3fc5 39a7 1a81 31cd 0fa7 1229 0c05 5f5a 3e99 0813 0f3b 7e8a 4d59 5349 0a39 184b 1446 275f 7e83 2319 2d10 2790 0a9d 6a03 1d7b 3094 4ec8 253a 0971 19ec 69b9 2376 2485 0da8 110c 2288 214f 711c 656e 5bbf 7547 0a32 31a4 17dd 1c23 67f0 5795 3f4b 4d44 7bde
19d0 5b60 3305 6561 0e94 3e8d 5f95 0324 079d 6020 1d44 3a7a 1ff1 06e5 3236 71b1 5f4e 0711 08a5 1d1e 521f 4028 29c4 76d6 313f 2432 1193 5151 660a 5419 5df2 1512 6f1a 427f 5cd1 3154 632b 4578 1c4d 108b 3d99 14b2 4bd8 391d 552c 734f 5ab8 4c86 654e 5360 6cd6 74aa 02f5 192d 5048 0cad 149a 77ed
6ddf 5b9b 1c41 012c 4571 1d19 6b91 78d2 1a8f 60f7 7f34 57ae 6a51 332a 6c28 7bab 4edf 429c 492a 7f18 4c19 6e6e 76dd 0cd0 56a4 2ea8 6b04 0a54 340d 17e1 52e4 689e 278c 0711 7c63 36b1 1e2e 3a5b 4b8d 1a20 3d91 6c3e 6eb0 7dc7 5b41 29d9 7e71 597a 16f7 3688 2854 0d3a 0ab6 63b1 7e73 4360 1417 4a20
34e7 61f4 7a9f 2c21 4a55 41fe 19a9 179c 2646 4be3 7eaf 06cb 2355 6052 28e8 727e 54dd 32de 38d1 7c04 1879 79cf 2f57 1cff 697b 11c4 33c9 6041 3298 4649 5669 192e 5b4e 2f55 12b2 4951 0bef 69ea 4b4e 5c14 7fc1 7773 030d 68e1 1fd9 5f92 5454 6738 2f18 70ba 08a1 2a18 7883 1a0d 0f74 4a7c 6d3a 39e4
043b 0000
1a02 088c 6e13 7f36 73ee 7bb1 1127 0c30 1491 7b94 5931 7aaa 576d 19f7 61f6 656d 452c 367b 022f 430d 293d 13e1 33dc 50b6 6fcb 280b 5d66 2215 2b24 7349 4f44 267b 19e3 5364 1288 57c5 0f9f 5afa 268e 6710 2cab 565d 6f08 7411 0af8 4855 01d5 5d5d 23d0 0ff9 1af2 241c 1da6 3746 5c0b 72b0 2e26 5997
6c61 37fe 0c2d 2b29 659a 555b 5350 7a71 5c57 7686 4db6 5d40 2f9d 0777 7d56 1387 5561 25e4 3e2e 4a09 7712 430c 7be5 65e1 5882 1ee7 0e69 5be5 10fe 7027 538c 689d 116c 53ab 4135 47ae 4038 5d73 5fba 1ea7 77cc 2191 1fb8 5114 445c 5d23 706e 3ce0 2dbf 4462 32ef 498c 57d5 5505 374c 0470 4c89 4ff7
032d 5dae 4fa6 25db 771d 625a 143d 332e 616e 7619 7701 06d0 4957 1e1b 3ab5 663f 7dfe 74d1 0a1e 0c4f 24a1 3991 0975 596a 6517 1235 0a3c 570a 538e 3fc4 0ad0 6fdf 0c55 75de 067d 0da4 177d 3e94 5ba1 1651 7567 4be3 0454 53b5 351a 35f3 0606 1d4d 1dc6 2d30 5381 2961 5087 0f29 2ce1 069c 5e8e 6640
4c07 465b 7dd0 5678 149e 2455 15bf 5f29 04fd 432c 0f4d 0d51 2823 393c 6db7 05f5 30d6 53da 469e 4373 0d2f 37f5 024e 3821 145e 53c7 1eb2 4668 24e1 1eb5 7e93 2202 36ac 1501 2568 12ab 4356 0d32 10e7 119e 1b48 7e13 356d 46e9 1217 38ce 3b10 0c74 4faf 0289 7989 1052 4fa9 7571 40e1 35cb 545e 03ab
24a5 368e 6ab7 1324 3841 7d37 0a1f 4dc5 7bd2 06d4 2b30 27ed 0930 2ade 3807 24f9 2511 10f3 5ae8 21db 5808 6614 77e1 31d2 376f 717e 04ac 7d09 14a7 6a1a 3866 0d02 70aa 44b3 41d3 5659 7091 7030 399d 0475 26db 0c9a 4839 0f37 7571 3062 1bb3 14f1 0c3f 40fe 0f61 35cc 2a49 193b 4ad5 5d54 487f 56ea
4df1 2586 5b91 588d 7dd6 0c2f 42d3 7788 1b2d 0384 4633 4216 785e 2994 04fb 2c74 55bc 0c02 4250 4127 3251 02ab 34db 0056 1cd8 2eb2 619b 112d 48c8 5f78 0a46 7a7c 2c8f 1118 6e96 5f01 22dc 28d0 6ef1 106d 5570 0d63 3e55 19e1 0245 3ff6 2094 241e 57ae 2df7 5707 5ed8 42a5 3761 4098 11ca 4038 4a25
2399 6145 035c 1626 3df5 72c9 4fc7 2614 0ca8 591c 18b5 6ff3 6b6d 2726 6fa7 1da3 4d8b 752d 0b4d 3d5d 3c25 359b 5afe 744f 46ce 3555 66e9 07e8 133f 5b36 3c7b 4ecf 744e 0a2f 0e8a 2bab 73ec 0162 3a4f 763a 251d 30db 3cb9 3069 7091 30ed 3044 4b7e 28d7 1ef0 7314 0568 6b8b 1016 4834 278e 2a29 7c91
3987 3fff
2265 1086 0234 4de4 53c3 0c1e 054a 5e8c 471b 63de 19cd 5e28 726d 1fe3 1928 0695 41be 1f9f 4cb9 455e 1d83 3069 4084 796e 6850 6a3d 7bc9 276c 336c 0a17 3ccd 37e5 168e 7d1a 7129 22fa 4cba 0d94 0308 6192 3d4b 4922 766c 6d10 3184 6858 41d5 18f4 5be2 1b32 5064 3845 1fab 05e2 443d 2314 6887 5609
63f8 499f 2e0b 5768 53ff 4f9e 2beb 7b44 6eb4 2e0e 7d39 2668 5457 0fe4 67bc 0ef2 784e 2731 2199 54c7 6b43 33c4 7b94 60ab 63cc 3b89 4c62 57f4 1f0b 3538 2433 6729 5fc0 6f60 1e23 48a4 7674 437d 0f3a 2821 3315 040a 12b9 3e80 3ecd 6de1 1800 2d35 1158 67e2 73c6 7e9c 0e3c 6e88 02e9 64fa 6ae6 50ed
068d 7561 61a6 619b 4c4d 359a 59be 7d53 2751 2b44 5d85 1568 2ec5 03d9 6145 0cde 7578 438a 416e 5c7f 7b48 152d 51a1 2468 4eaa 57a8 1bc8 005d 0790 37fd 6a64 1fca 4df0 77e9 6440 2d0b 2082 46d6 6a5e 565e 77ca 7485 3ccb 4737 108b 74d6 145e 1499 2b18 69b3 13ef 576b 5ec9 5676 23fd 4a0d 5371 4e60
537f 1776 14ec 0f30 5093 77ab 5b3a 59b1 792f 36ca 6321 6766 644b 1167 11b1 704e 0e58 5ef4 7953 3ba7 791f 27cc 7f87 37e2 53bd 438a 0fd0 036c 5298 153f 31ca 5193 1be0 4f67 4390 428d 186d 4621 3c0f 1326 2ad8 14f8 090a 65bf 316f 3400 7fe5 634c 6d3e 7c64 1530 3ae2 6152 02b6 1f12 5660 777b 45d2
726f 4ccb 74fe 0119 1e7d 671b 7285 1e50 5c41 779a 72ea 6d98 384c 788f 60fa 7900 51ce 4902 0db5 043c 3c8e 32e4 33c6 137e 2c80 4830 5579 6d07 1deb 3ee6 3337 512c 6cb3 7894 789a 39b0 2799 2cf5 24e0 4492 6526 2f65 4c9d 6daa 0221 1736 4f7b 0faf 184d 5283 6e5f 31c1 0866 1602 2c1d 1b19 1e88 727f
0624 03d2 0de1 0b93 056f 409f 176e 0fec 6b52 03eb 0124 670b 579a 0ebb 5084 67a0 78f0 6314 78ce 7afb 4c06 5853 700f 10a3 656a 77fc 1bc4 1d07 307a 3946 7135 42a5 547a 189a 5d1f 2bda 6c27 4afc 6033 59ae 5958 3116 7aff 59fc 2ff1 6375 3eb7 7ba5 7e3c 6941 3b43 6ba7 3063 4416 2568 1fe0 11f8 04aa
712e 22fc 32f1 37f3 25ac 314b 2fdd 0190 623d 6cb8 06f8 7788 56cb 402f 1d14 6dab 25df 1e53 277f 1e38 3afb 3778 218c 780a 7e7f 20e9 0db8 57b4 0ce3 3db0 329e 1f43 7875 3f67 50e3 1a9f 2d2c 5541 45a9 6aa4 3c03 62bc 38d1 49cc 711b 1f62 3483 4a96 72c8 4fba 23b5 0f18 7ab3 7d4a 793a 69d4 2f01 7cdf
2674 0000
1607 67ad 24cf 2c6a 11ca 3a7e 29a4 0f27 64ef 3090 1d3c 538c 79e4 1ce3 7585 2855 04b8 2631 7449 4e74 1cd7 0d5a 56d6 0b40 4e21 2db6 79fd 1118 4a74 315c 1620 7bc2 7b63 08b7 01d2 6316 469a 7c09 1608 696e 1179 5814 25df 1d27 3fed 1dbd 1dc5 6fb3 7ed5 68b9 60a8 681f 2936 25d9 5513 3ec8 0d73 308c
057a 6f93 65f9 1f6d 55c1 1590 5edb 54e8 2ebe 6fea 7d77 1c6d 07ce 3cc9 4162 30b7 5643 50b0 1717 0da0 62b8 62fa 16df 663b 24af 6aa9 33f3 4701 2aaa 15b2 0ae9 0cc5 6639 2d3d 176a 656b 623c 7d3a 6c5a 22cd 403e 2ca9 114b 0678 2725 04b2 34a0 0017 52df 222d 4c4a 4c11 441e 2f89 0e6a 0e28 711c 0211
39c9 1ed3 1eac 14d9 68c4 5bb8 3702 2e4e 2bc5 36ec 770a 790b 5c1f 4e3c 3b75 5fa9 3b53 537e 5f92 4977 7ba0 61fe 5227 79f7 2d96 6c6e 1821 130a 757f 3e19 07ef 1f78 1c35 5bf3 2696 30fd 56bf 3c5e 1e76 30ee 44c1 4957 1f3d 3778 2a8e 5d62 5d94 0e14 3b88 31a2 29e4 0264 5464 7006 3a3e 5215 7dc8 0407
6d1e 4512 023d 4426 747e 1553 7af9 669d 1af1 057f 58e1 3721 1baf 5252 0eec 425b 7ad3 78d4 7422 4e50 780a 5bbc 0bd3 06f6 518f 12bb 3f28 5992 4e03 4db6 3cd7 04b6 36a3 2ebf 50ff 4b6c 0094 62f2 4446 3c87 0868 7a74 6c06 37ff 4b08 0f79 5f91 2b6a 3dd1 78e3 0924 1c11 7536 4e1f 0720 6a32 1c28 46c2
0e68 4d4c 48fc 5bce 04ad 5436 218f 5aeb 35b2 09fe 3151 46f0 5ac0 3efe 392d 7bd3 6ec2 637b 5981 2633 3ab7 50a6 3dc7 7acf 3811 6f93 6770 5b64 4fe3 7dee 7091 5122 5883 7cd2 4b95 2488 1f26 0bd7 38d5 719a 4e91 0e9a 42b2 7963 417a 5fc1 220e 6cc7 513d 2a81 269e 56ae 6e24 0560 30b6 5b70 39dc 6eaa
5493 3a92 55e3 54cc 058e 70cd 2964 4412 64fd 48ae 6c09 6ba5 5f14 032d 26aa 6ab9 67c8 29c2 466c 4a0f 0cec 7c3b 6566 0a67 67cf 0425 7d3b 438b 66a6 7736 7052 2eac 4832 6f75 5bf1 0ee0 44da 520d 3f3b 437b 0313 5645 1520 7e5d 53de 350a 4684 366d 1ce1 3d50 43f1 389b 00d6 6296 114f 082b 1176 19a7
04ba 25c4 24df 67fd 2488 227a 7862 6801 5359 32f3 69ea 2a97 544a 1d77 06fc 4039 0565 3594 7c3d 5a3c 6e7c 1659 0ff4 03c0 69f5 1382 7625 32ab 52f7 4657 0695 15db 3dd1 765f 32ba 74e6 615f 7ae1 0949 306e 3c45 60c0 003d 4ab8 7629 6f7a 1cf3 72b0 0e80 683b 03d4 0788 6cb2 4f0c 052b 201a 497a 58b8
73c9 3fff
692d 7bb9 5b26 0913 26fe 7dfb 301d 1f5c 5beb 6369 0539 3372 43c7 691a 0944 5cea 29a5 6b97 23f3 58c5 3a29 18ee 7da0 069c 0e4b 56df 30ba 7d7d 316e 119e 634b 1981 71c8 1802 7fab 50ef 09a8 1913 4496 6761 1a17 336d 19ae 77c0 1edb 79b3 6de1 1cea 4c19 76dd 4edc 47b7 49ba 59bd 0ea1 42e2 662e 2399
6a77 033e 443a 1cc3 13df 54bf 15f8 6d18 3562 31b6 2a5a 2fdf 32fe 6758 57e6 06dc 7714 69c9 2956 1e4a 11c1 391f 0b51 5e1d 12ee 45ce 18f8 720a 260f 1c33 55ef 0ef6 2984 5771 1165 3f55 59ea 7d27 5cff 60cb 39ec 121f 47cc 3173 3a8d 1ce4 59fa 6515 0492 6ee5 375c 5638 09c0 4f8d 6360 36b6 1255 36f1
2c06 7d56 1aed 0260 4a21 43e3 6620 79d4 2328 2fe8 2563 6258 531c 65aa 0176 0c80 4bf0 0db8 723f 2e76 324d 4c92 5180 2219 561e 7e33 14f4 0c9d 4a6f 03f3 2129 77fb 14f9 2863 3765 20e2 4fcf 2c4e 15f0 143f 59a2 73f3 77cd 13bf 6949 0192 7028 5879 1a57 2cd9 2112 52bc 45aa 7b62 7b82 2d0c 3b0b 5207
577e 4053 0a32 5570 6aeb 31e5 0def 453d 1b1b 26cf 6525 5cda 65a6 3588 110b 2f8a 5483 224d 3887 48e3 1576 3412 0aec 2d3f 4145 3980 0b96 4f15 0df9 58d6 364e 264d 553e 5d65 2b37 1099 4853 6c4f 00f9 794a 3294 17ff 4d1a 6d06 7f4e 4ee1 2bdf 1ade 09d3 0383 2046 7f8a 3a31 3f3f 0b96 22f3 7100 4d49
3f6f 7585 133c 6fad 7e30 6c8e 137a 6a54 6115 368a 60e2 605a 5e48 6295 4c48 20d4 480e 1e3d 5650 1c57 5f4a 76a3 1ca5 6eae 4713 3ca5 0766 7566 5657 7847 3a0b 10f9 592a 6c00 1f41 0501 3602 05cf 1443 7cce 735b 38f6 5fe9 6c96 0c90 597d 7cb1 348a 004a 24b1 37f8 1732 4eda 2925 6e1a 366c 2655 3c69
42ab 2d81 68c8 2be8 7399 0b28 5d54 19ce 65b4 0f0f 795f 47c2 6029 1c3d 0b5a 08c2 20f4 5d14 11d4 2e8c 21ce 3d1f 20ee 0784 6bc5 44af 2558 122c 003a 4ff7 723f 73c1 2505 6eca 2836 4829 08a8 3fc8 7814 7f27 5ae1 202f 3d72 54a1 42d5 1b58 3996 5193 19c9 65fd 3abb 335f 2567 7662 05ae 5825 1e8d 7d42
3052 0265 4967 1545 2611 4a08 13a6 01a4 6b3a 64d6 4ce9 6885 7392 1247 23fd 4e39 2d59 0ea3 0338 607f 4e21 0008 24e0 6ab5 4db8 5946 77d4 3f63 6b7c 0406 5d4c 473f 777c 4bdc 242e 7ba7 6001 7442 3084 764b 5bfc 5a1d 7d27 44ef 7c2e 3d1f 3d22 3915 34af 4896 7ffe 24dd 659d 7ffb 5fc7 2e9a 75fe 2a18
3529 3fff
0951 32a6 06d6 0038 7538 6ce7 5def 58e2 4998 319b 709b 5529 53e7 03e3 5966 2f05 79b0 050c 074e 21ed 4947 21fa 0817 7611 229d 5442 42e3 0662 6b3e 5255 66d3 1bc6 5cfc 1105 6cc4 4b4f 2ec7 481c 0658 7971 0b32 5acc 6923 6ed8 30fa 3e29 553d 4248 70d4 7fb5 2295 43e6 2b49 415a 1394 000d 5fda 1ab8
06dd 5f4e 10d1 7289 41de 504a 7e76 1337 174f 09f9 792d 06af 5f32 636f 5d56 52fb 0b2a 4a4f 729f 2c23 7045 0338 490f 7c98 735b 59a5 323a 17a3 5c49 3cc3 76bc 3ac9 5a34 6733 775a 5c05 1832 5e9e 304e 3bc9 1a80 0554 22c3 2c2c 0a6b 051d 0cd2 2ce0 6615 5662 7035 53ad 3188 0777 4541 6693 670a 228a
4a99 78f6 3f6d 72b9 235f 5275 3358 5f6b 6021 3e98 6d63 2449 4123 105e 0933 69bc 7b98 50af 55c6 60fa 5a40 0b4d 394e 4e05 01e0 5ebb 5ab6 286c 37a3 623b 0254 1767 46ee 44bb 7333 7374 7403 4a9b 0161 6c02 0620 1bb1 67cc 4010 23fa 7ea7 486c 542d 6af8 1ab2 3bf2 263c 07a4 5cc2 20d6 40eb 5a2c 3c2f
3061 3a83 3373 4da3 5a7a 0165 6182 7b58 7bb8 15a4 5042 3d54 2b52 5a5e 46da 4c4b 017c 3fd0 136d 5eb9 1004 255b 54ec 55e2 0b1c 5122 0113 08e5 3ab2 15d6 06b6 123e 0689 6184 3dbd 26f9 4a38 4f56 2410 2f6c 05d6 007c 57fe 1d78 0fbb 3c3f 1450 3b41 1057 6ca7 490a 2c28 542d 6907 0a10 38bb 0290 1b70
55f0 3d73 6fd4 104a 7f05 352a 1e8f 1e8d 3805 4217 59e2 68ff 5f27 69c4 233c 437a 2025 28c4 2ae6 5bf1 440c 1744 123d 246c 02db 5dee 7cc3 3e7e 5ee0 1fc5 6da3 0fd6 3c68 6f26 404d 31d5 0b8e 4996 2895 6817 0c4d 2b2e 61d9 5b42 7072 5a87 68ca 0893 3db1 184c 5ded 72bd 0146 0ae9 6d44 0f5f 783f 00cb
1d88 4e47 25a3 5082 74fe 62f6 2c08 5fae 3861 216b 3f3b 04e1 389e 4b68 7679 01dd 7a21 61ef 71e9 6543 0f74 5c58 65fe 454a 77c0 273d 5425 1db1 4a64 4cff 4045 23cc 3159 78a1 3706 23f4 771b 3625 668a 5671 2d98 30ff 75b9 4787 2baa 176a 4e9e 16ae 0fea 731c 1309 0bb9 5f08 07cf 5f9d 3063 5f1a 5b8e
47f9 70a4 061c 3c83 4027 0519 0251 4c13 02a8 2bdf 1b5b 2780 2fe2 4b1d 3a06 3b92 24aa 6d46 7f8b 09cf 6e25 66aa 31d4 7774 2060 0d46 65d6 1a35 6a4f 442e 5304 3d03 77b5 5a94 26f6 60e9 7df7 0585 4375 7cf3 48b9 1598 18e9 4b1e 01d3 1780 47a6 4403 6ce0 3946 65fa 362d 17aa 5a13 3641 68ce 7eb6 1a46
3339 3fff
7d12 1ca0 086d 611a 31c6 7fef 6572 1ae4 5b7c 3ec8 032a 72a0 227f 5de2 1cb7 4d60 58cc 4761 2d7d 709b 5e24 24df 38d9 33d7 0008 7498 0b36 6580 7753 2cb2 5c69 7103 7da4 514d 3085 4246 5dd3 7fc7 22ca 72af 4a97 7626 64db 1f96 5152 3150 32ac 1340 6c99 25c6 0718 3568 16d6 5709 3e00 4a27 1e3f 3cbe
6898 688d 5af2 7fd3 0481 169c 0023 7a4f 05a2 54a3 1a64 656b 0073 4a17 0b28 019b 6f78 5ea4 32d0 2f85 48e3 4182 23bd 692a 7567 5154 5d6d 5e88 7e0d 17ce 10ec 7d85 48c9 2d42 22e2 3c01 5ac1 7047 547f 4772 2da3 15b5 6c59 2170 7eba 450b 70e1 3dee 2111 263f 508f 7d60 5b66 4707 1d42 6a4e 3188 5481
32e4 2b03 12cf 0f23 1141 28c9 4010 0890 50e4 2ba1 7986 7f30 6529 409f 18e9 5bbe 7cbd 79c6 78c3 47e9 1893 7fc8 5477 7989 4efe 4210 7e76 6d27 7817 352d 17de 4b9a 1c67 244f 2237 705a 41bc 3f0c 7fec 0ec5 01cf 2d4e 3206 550e 0c92 0218 273b 370f 160d 7af3 2d27 154a 33d0 789f 4b53 42df 7f53 1010
029b 7e33 3cef 153d 069d 5c60 1567 6451 7941 094e 2cf5 7479 0621 6aef 4862 5e7e 0eeb 02cf 085e 6a8d 2132 38a9 5129 6922 7fb0 7ada 5ebf 424f 362a 3849 0547 378a 6a59 1622 2417 25a8 10ba 688e 28dd 6158 13cf 7fc7 4d3b 0746 4783 7f50 50c7 772a 0ceb 23c6 42d1 1894 182a 57d4 792c 1af0 00cd 54cb
1000 564f 7668 16f1 19e3 019d 04f6 48f0 4b01 35d1 4f0f 56bb 6d82 135c 4f37 2554 51aa 391d 1273 7d18 5c82 2965 3abb 2e56 0afe 4782 13fc 0bf8 2b1f 249e 41c2 382b 20cc 4eb3 7544 63f3 5b74 4e56 3184 6737 6776 70c4 5eab 11d5 7232 4c3c 33ff 2c71 5d0e 5d07 4d16 281a 1905 3ce9 1182 7cb4 6957 1579
396b 2068 2245 18b0 3856 1448 2402 1b0f 7b95 12db 5635 565f 37df 632d 5524 641a 3345 5c72 6fe3 559e 677b 5b3c 366d 1d81 5a82 4689 617e 6262 64dc 07bf 348d 7e75 2967 1d29 5bc6 2015 51b2 26f4 3b69 58de 63be 67e7 0d36 1334 6ea1 1f0c 56cc 6359 081d 0852 1c63 4f4f 5b0d 2f67 1a6f 4b9f 015b 3170
12fd 7388 43d6 5b71 6a78 047f 5263 1482 599d 2420 115c 560c 5e1e 5cca 33f5 49d0 7eac 0648 5252 5c11 0013 5993 64f1 5d52 092f 5935 55c4 4f8c 70df 40ed 4122 285c 2f84 1008 54c1 0f5c 4c63 75bf 4b77 3746 1ba4 5a92 1ff3 1c2c 6556 0dd7 5a90 48c2 2b78 1f83 3ffd 11ee 07e3 06a0 45bf 3924 5e0d 1b68
1747 3fff
3f45 38e4 5101 6516 10f6 10e8 7d04 6061 50db 427d 76d6 4d5e 7099 28f9 7abb 1585 70c3 76ba 38ff 5e47 700a 077f 7f2d 235d 7bb5 4330 77ea 6fbb 0135 6e5e 0dd4 5f2d 52ce 20ca 08b1 56aa 3cfb 0b0c 0bbd 0f93 48a1 712e 7a88 11fe 44b1 4e8f 6a31 6855 5d68 4ddd 0833 15f3 2056 6da3 0b30 267a 431f 1d90
4e09 6ca2 7b69 5340 7e11 60b7 3168 0154 0fec 1cc5 1d7b 395d 37d0 597c 7746 3717 6dfa 16f0 73eb 4283 1130 534a 799a 302d 7812 2bb4 3106 4490 4fd7 7f0b 5537 00ca 2f57 3949 44a5 4d51 178c 4bfc 3318 0ec7 29d5 3956 39d0 1142 2042 12af 2d35 76a7 62b2 23c8 318d 1025 4e03 60f3 1ede 121f 0f22 642a
4910 0422 3be7 6dd6 3cc3 4a14 1cbf 5fc7 16c9 1f48 5b69 7364 6bee 4775 660a 5b7e 2570 1e0e 2174 00d0 6a02 25d2 04dd 33d6 6635 6fa1 2cce 536f 6cac 7371 5639 675c 2786 3b8b 19cf 4050 530c 7adf 0cb3 37c6 4a61 73b4 325e 64e8 1d61 2819 1d6c 77a9 4f32 5acf 31b9 2e42 3aaf 7403 51c0 2928 160d 0750
1858 37d3 5409 420c 3b8a 1e97 78f2 340f 1003 28cc 1c84 3ae4 501f 29dd 4aa8 6f50 6bcb 7849 004c 3672 035e 7bf9 1461 2681 195f 69d5 08a6 6190 7d4f 793f 5dc7 7cb8 1c73 47db 225e 1fba 3763 7255 45a9 080e 63cc 2d32 7857 3a01 11e3 74eb 1013 2a8b 1977 446f 5155 60ec 7384 6844 4f1f 4ea4 331f 5e10
33f5 4b32 209b 2a21 3384 3ef0 7529 241e 3020 1785 7ceb 1c7f 0875 4820 4ac1 3121 5ca9 39ab 346d 69e9 04ab 6da3 5329 3144 08a8 62b1 6168 5b22 7338 2fa5 2c41 197f 35d8 0313 6dc9 7c2e 36fb 21d7 6517 7af4 7c2b 0178 7de4 575f 129e 46d7 3fd3 5ec9 4bf9 2336 6003 4064 505e 23b7 68ef 580a 053d 277c
17b1 0712 52a9 5337 716f 12d3 7e58 526a 1231 28e6 7dce 47b4 44d8 2502 0605 65ee 2652 6204 3db3 72d2 4686 322b 4b8a 3f11 78a6 0d57 7773 0e54 49bc 6a9b 7aad 7618 15bb 3660 0e53 56c6 01c3 3284 6115 5691 567e 4a35 744d 1ad6 5e27 4a14 246d 4d53 24dd 0f14 3c78 5150 35b1 1d53 07aa 3771 7b27 7903
2612 0014 6f56 0ecc 59c3 54ec 6448 1a65 6b73 4fb4 0283 724f 1c5b 0a96 172f 595d 641f 27ff 7c2f 7ad2 3dc3 2a9b 039e 2511 2810 09dc 72b9 29fd 6526 13de 57fb 12e6 41b0 0d0d 7751 7214 67f3 08c7 70d0 7ea1 1876 2944 0f39 497c 4970 3382 5822 38bd 195b 2caf 063b 089b 03b0 071d 5659 4363 13e3 60b5
033a 3fff
5b71 3144 5a33 66ea 36ff 40bc 30d4 7a76 4fa8 30fd 6ef7 0ad9 4069 0318 0fff 1609 2c54 46f0 1d91 2069 3956 5990 4749 3994 4e0a 30a3 7865 5b91 37b4 1cb3 0518 0d48 2d0b 602d 12a3 1445 598b 6f6a 34d9 4c31 7f8a 3b0a 6639 7df9 44ae 2d5f 3067 779d 3996 2555 39f9 076b 2ba0 2261 0698 5e54 6205 7d74
35b6 2e0b 7804 1ddf 4d1c 15c8 6757 7f13 0c2c 4bbb 389c 3c5c 3d88 5035 4458 1966 041b 1fdf 441b 58e2 2487 187a 05b8 4850 1840 36ba 76ae 71e8 5664 6083 28b9 7d37 2556 091f 14ab 0f45 3e93 5c56 50b7 6000 0598 092e 6f6c 05ff 5ea2 1bb6 5a50 5bdf 5c7b 5ad7 4e23 3a74 7c1e 611f 574c 5f9f 5671 127b
03d9 02fe 7778 1928 02c8 0d25 1af7 2c52 3be2 56ca 369e 5074 0b26 0115 061a 619b 0378 76f4 654c 7037 3088 650d 7a0e 3da1 1c9e 2bf1 1257 1fde 166e 69d7 7478 5eff 273c 792e 55ae 24a8 539c 05c5 7ba4 7d40 49ae 423f 5b1f 7ba6 6a8a 6119 37f3 07e8 671f 4ec2 04ce 347d 14ae 3be4 596b 44c0 0543 192f
0273 5444 056a 3ed4 619c 2c09 2a0c 395c 3b53 0844 4563 4a90 4d47 2fc4 7b8a 5c79 475b 3a55 3e71 119f 5860 2830 4590 4f01 034f 6101 24e4 7203 7709 579c 5dba 063a 6e54 4d39 4109 7f5a 3fcb 253c 72da 7d32 3691 5f05 1da7 00da 14ae 6ad4 16b5 0d11 1ba8 5c31 209d 2f1a 1f42 135f 20d2 4aab 48e4 77dc
704d 3661 6c31 2ca8 4681 38d7 417b 174e 5741 3dcc 767f 5948 2d90 0929 0e82 1c05 3362 72f8 5b33 0ae9 758b 3f05 041a 08d8 0e12 298d 75de 0220 2d97 41cc 6c5a 1bbc 5cc1 51c3 29ad 1665 71a1 313d 39e4 3d26 0373 68c2 5031 0f15 541d 6316 3f6d 47e9 1bcc 7101 3d5d 6959 03e2 4ca1 3ebb 7484 37a1 28d0
6492 44f8 73ca 50fa 3261 68b7 7e86 3f95 7f15 61ba 495c 087a 7361 14aa 5147 030c 1ac9 12ce 0556 1a1a 7a58 1b4c 4859 5205 0326 324f 0aa4 5003 165d 18b2 4ae3 76b7 18cd 5539 6244 40f0 6ae5 6424 41d4 1710 6bf1 4225 1b27 57d9 65f0 6d18 17f6 0880 3efe 6a3f 7b4c 55b4 43fd 7782 16f5 657b 5b1d 1b58
3aed 143b 7a84 2699 4a59 1df5 2569 3bdd 34e7 1150 7929 212c 4e26 213d 74ef 1519 3129 7a68 1814 103a 6419 1bf8 77ff 1722 779e 7046 5ddd 4a75 0d9e 3ca4 03e3 037f 3426 7cf7 4c47 71ae 5452 706f 487a 6057 2160 69cd 4d83 1282 0022 2886 1a4c 0ddc 697a 338e 5cda 6483 20ce 069a 2f7a 6afe 44b4 0731
552b 3fff
5a63 3d91 0a52 1fb2 4f8c 1d3f 7ca4 590c 534c 3e21 242a 2843 5ab6 12a7 7944 77e2 7730 0f9d 37c7 60f9 6c77 3886 4539 0899 3a6d 4cb6 702a 5e41 1abe 6137 65df 591f 5070 619c 0d5d 0e35 46ca 36a8 469d 43b5 5a79 6d35 07e8 7910 5670 331d 5b84 7520 620a 3445 0472 6fc4 7088 4c1f 15ae 47cd 5ff2 797b
4364 0e15 2f32 5fbc 784e 4e0c 0e1d 7dd9 2907 7285 4995 3de6 39c4 1f6d 1823 741c 0b9d 5b1a 4cc3 1e9a 1aeb 2256 3dcf 0ab0 6090 159c 4dde 4315 2be5 6efa 680f 14bf 721b 4ae9 0067 24e9 59b8 102b 04f6 0244 2d51 631a 6374 0a68 2095 0244 6e70 6d31 2d92 2243 7be0 7f4d 1e0e 7b44 5cb0 1cec 064f 759b
58a8 734e 482d 635a 58e3 03f8 509b 66c2 294b 729d 512c 49a8 4ab7 3111 2c00 2fc7 69f0 449e 0832 633a 2cdf 5edf 62d1 0858 691b 774f 3f27 3e03 61c4 5030 266b 48ab 0ab4 269d 0d98 57fd 6ab8 6ae1 6718 5a82 44cc 15a6 0adf 2477 6c3c 7e2e 0e75 72ce 5e50 2732 668d 4721 73ed 7af1 458a 2632 1f44 5423
555d 2ef1 2f64 0346 6470 13ae 34b9 6f8a 11d6 4d7e 1d4e 5432 7f3a 6123 4425 3592 0a59 733e 4009 22c9 6ce0 4465 16b8 069a 0dd8 6777 359c 02ed 0fba 5eb6 79c3 40d9 4304 0aad 62db 2873 07ae 0e0c 025d 6a48 6d28 29dd 26fd 3612 3610 15fb 697a 0b19 34ce 696e 5d6b 18e1 0a70 7cea 3b0b 5f02 03b9 48ec
5f79 4984 466d 368d 0f53 1085 0ebd 4716 1abf 387b 404a 56b0 341a 26d5 4cb6 50cc 0721 668d 4534 410e 1b0f 1f39 3917 222b 0130 2ac8 799f 398f 6bfa 108a 42d0 5d7e 1bf6 350d 3124 6713 6f55 76e5 0a61 208c 1fbb 6a59 00c4 3660 1c75 65ee 3458 2649 7d11 6b43 69d3 3439 288b 7f6e 2091 7095 6d02 1280
7817 7722 7eba 1dde 578b 4188 5e9b 7633 78a4 1bb9 3c13 56c8 2594 5492 2bf0 02df 1d69 08d8 562d 4660 539d 6127 2094 0c91 151f 412c 5e20 1a94 290c 1007 674b 67dd 6078 3ecb 08c4 2a5d 0ebc 3f3b 261f 4ab4 6aaf 518f 43c5 3f26 3a87 3c60 0c58 76da 3129 4785 0296 44db 1f90 00fe 0d79 3c6a 5917 3f88
5f82 57e3 1d9f 3ae9 0b70 0ad3 1cbe 2d4f 1edc 0488 3b40 06fc 37d2 091b 5bf7 64f5 08ce 45e6 01e8 57ec 2ae5 6d06 3443 3b8e 2b1b 5643 7cc7 6ea6 1c73 6a07 2525 293c 5884 3579 5a15 2954 0cfe 49d0 50d8 4c0f 73f8 5523 0867 5ddc 08dc 7343 180c 3bea 3aff 1119 373f 642d 4f28 174a 1c2d 083a 5960 67c5
6488 0000
20e0 7834 7098 45ab 7acc 434f 7ad6 0aaf 1692 7d78 3a93 0988 5403 79c0 1344 628b 6939 7896 52e8 3be4 6459 7ba9 10e7 4d5d 14a6 6249 2ff4 0274 0f9b 0df9 32ac 17bd 6d06 0aaf 39e9 4aeb 770d 4449 1e10 6d07 1e9e 2e09 0559 11fa 0d79 3f1e 5978 7bab 5f36 6a6a 18fa 395f 3766 13af 2f8c 6f3a 1db6 6b26
61e5 1ce5 4964 1aac 7687 76d6 5296 71c8 4c6d 3405 1bae 06cf 4c41 5c60 3ef6 3d3e 437a 6bb7 2610 3838 2ca2 76ad 528a 6656 1107 4328 19fd 1f64 4de9 3a59 763e 6cc5 6be9 5a4f 0b3d 48da 2675 75f1 6c49 5bb3 0a3e 1f22 4169 0e32 5204 4b15 365d 286b 1288 35e0 513d 69c2 2324 66a5 66d8 053f 601b 5fc4
3bb7 3c56 729c 0aec 61f3 3be7 52a9 4527 5bc2 1d03 5112 75ec 3f53 044a 35a1 069f 6599 667d 077d 3a3d 17d6 66c1 3c50 3175 3435 5644 192c 51b4 7757 5bc0 03a8 1e1e 25bb 4858 0d78 24f4 5750 039b 686c 2af5 4484 242d 55ab 6bef 022d 7300 0f0a 0b3c 4999 3f10 3e28 4015 2157 37c2 3aa1 6749 3b57 5d84
696e 36be 3b33 43d4 3771 75d3 7313 19ba 64e9 15d6 4b62 784e 465d 4e82 2e1d 406e 01c6 2b67 0a5e 3fb7 3032 7c51 58c9 1ad0 4de7 3f84 30fa 111e 7378 5abf 76ee 2a43 232d 2477 143d 4fb6 141f 6d6c 2fbe 2ebb 0096 2b3b 4c13 4ca4 0bdd 3e7c 4d34 5f29 4e03 50b6 187b 329f 6f70 44d2 1ede 4bf5 48ff 1f63
2c4c 0476 1766 6ee6 59a9 10a7 5864 6209 6479 1d98 0a4f 3e27 51de 595a 6f1f 6ff6 73f1 17f3 4f36 5377 4947 5dc5 5734 64e9 2c11 1d79 7403 63e4 5991 35aa 7653 3823 5d93 02c8 52f4 4c1e 56c0 6208 3212 5776 50ad 1b64 617c 2f76 0ba4 77f1 4794 7300 1a8d 60cc 5c6a 5fa7 2642 7e38 086b 2dc8 5d84 00fa
28c6 1c98 11d6 7a65 23e5 04f0 5339 5f31 7998 482e 6f04 5402 3f15 63dd 4abb 20c9 4efa 5e76 2ca5 14b4 6fee 3daa 26db 054f 1102 542c 6cef 55ec 373f 618b 552c 0533 7e0d 3e5f 5b91 057a 236c 33d2 4911 3000 31ab 7810 7f22 4137 5044 26af 03f5 1923 0b2a 0cde 579f 63c7 3424 1a96 4469 588b 57ba 7cd9
60b0 66f5 1575 4189 7d6b 1963 7019 5954 609e 7583 300a 2559 6b9b 53c4 0754 14fc 7e47 56b1 3599 36cd 525c 7d7b 7059 4125 16f2 6b03 2e16 3545 3fe7 1ecf 2914 2c36 017b 041f 056f 6562 3473 1267 5d3b 3170 491a 62fa 5fb9 5a1b 4abc 735b 096d 2a3d 1016 6cdf 54d6 60f4 09d4 2862 4af3 4623 683c 3def
5edf 0000
74cd 6995 58bb 1a60 11f3 7aeb 1432 7d3d 0dfb 1f92 2675 10da 7534 5669 787f 1019 0717 1a66 673a 57e4 7212 5174 2a70 538c 16fa 6df9 0ebc 6a83 7b16 70ed 0487 272d 07dc 7a5e 57d2 3b6e 513c 2459 5ab4 4d1b 746b 6af0 75a6 32eb 3d15 5a9f 48fa 2303 5d88 0fd6 53a3 6651 7cea 26da 7c8d 10e6 5db4 77e0
0fe7 3d1e 1612 6f26 05bf 1303 750f 7cc7 310c 059f 6e2f 3017 292a 2cff 7dd4 23ca 6e57 5273 6cb5 15b9 681c 2048 76d4 35cb 749f 1c40 2011 5171 3d44 6af1 0db9 0be6 11f6 5e35 253d 0e57 6b72 7502 7898 5933 75c5 5e44 0317 357f 297e 705f 33b2 13ef 613e 3d06 75a5 7942 351d 64a8 541b 720e 58d8 7ed2
3101 3370 64ce 1ec9 72b9 1e73 3be1 7e48 7410 6477 6493 3d53 7900 73be 5cb4 32ad 46f0 115a 52e4 3f73 5736 4ee3 6a32 5a1c 3b5d 01ad 187f 15f9 2b99 6732 7deb 0d43 7fe9 3754 41cd 26de 1eda 5c4c 28dd 253c 3680 67b0 1f56 0898 3641 3faa 549c 1d0c 786a 2542 2b6a 18be 58e0 693c 7894 2048 6f79 4d04
00c7 6b2c 65a1 418a 5237 4bd6 5954 057d 0a70 44f4 302b 43c2 53fc 07ca 2e07 0862 6250 0483 0c02 596c 46ab 78bb 1587 7fda 56a0 00a7 5992 4a88 1af9 0f8f 35bd 1871 4c49 1b6e 64ce 1a2e 66d0 7a16 516f 7f57 7797 101c 1510 61b5 3ff2 3827 2042 6378 072c 6199 4f65 28b9 20a4 6122 2a91 3038 66bd 433d
5c55 1380 35c5 44c8 2820 3ec1 0deb 07e9 60cc 4a9a 314e 7ecd 241d 441b 07a1 2e42 6747 2e9f 6c06 7efc 2296 2c6a 6aab 7490 3d26 0c1f 2431 28b9 706c 3818 7ba2 4879 3d17 38d2 2465 3809 07b9 05a6 047a 43a2 6428 72de 407a 2e3c 4a8c 5f40 029f 77f4 1b96 7bf7 3dc1 0b99 4a99 0581 7d0f 230a 78b4 7e64
76c6 0cc7 7513 561b 6141 13fc 764d 4c2a 6b7e 63f5 406e 0dbb 650d 00e9 2f55 5f92 336b 090f 74d4 473c 065c 313f 5b53 7fea 1ee6 4d7d 1534 2628 6b24 32a0 6548 7652 70c3 4de1 402b 1440 0255 651a 0f82 23a2 507e 2c28 5192 04c5 109d 7724 6770 4ff7 7387 232b 55dd 2870 5f97 5902 20a1 5133 404e 435d
6cf9 1b4a 1cca 1142 0e14 1b67 1152 2f71 40c3 57d5 33ff 74fc 6297 0a23 40cb 74d1 05ae 4fad 7d67 6347 4170 7537 603d 6229 03b2 79d7 5fe6 1745 6ac5 61d7 5e82 74c3 1768 4b14 02de 6b34 2415 607c 41e3 50c5 29b3 069e 27c0 4116 19bb 3795 28f4 1e6c 7b3f 24ff 0a0f 0348 099c 4175 7d7a 7b2c 5654 615a
0ac7 0000
7d88 5dda 2b45 31a7 07c0 1567 7074 169e 7670 3385 015b 3f47 6acb 63a8 54f0 4f1b 066f 5a49 3771 5cef 1681 3927 74a1 1d7d 1471 2773 6d6f 47d1 16a7 5625 7b4c 5c63 22cf 613c 0674 63f2 250a 2c6f 0a39 2785 4790 61e0 122c 3b7d 18e0 2dc8 3154 4471 53b2 6d13 08d8 7dab 7d4b 73de 1d02 082d 3c18 1aca
2c09 61e8 3cfe 43b0 085c 7312 1178 4571 6d1d 6ba4 2f53 6826 3b25 19e7 2fb6 631c 1f63 5042 6548 5311 5372 6b68 5573 24f5 612f 1e60 7df7 186e 5702 7b64 5d94 6587 7134 6c00 4dfc 180d 0067 1b62 05aa 4185 32e2 5636 028f 7d22 3bd6 4685 03f4 1ddd 78d0 077a 40c6 03b4 1549 3520 1b6f 3ee7 405a 1cf9
4671 5a4c 3d7e 296c 6194 529c 35bd 59b1 6f30 67db 524f 592f 182e 07a9 2477 4107 2a97 42c3 0098 351c 554f 4b56 06ec 27cc 47b1 2143 729a 0888 48a2 567e 659e 7dfe 73f2 336a 06de 790c 4dd2 3ac2 180f 0da0 76a7 2dea 7b63 5d6a 2edb 749c 3e67 20ab 5356 3f75 639e 3e1a 4a36 5eb9 00ad 232c 0132 0544
07d2 3040 5628 4e19 642b 2588 3f5e 5876 13d2 645f 67dd 40a9 5dd8 57d6 161c 52d5 20a5 5f9c 2c47 7034 486f 1abd 400b 5b96 771c 000d 76a2 0814 2258 0257 3022 0024 10c9 66cb 6fe6 3c2a 707d 5ee5 20e1 1c67 3d2c 1266 4e03 51e3 7cba 265d 2c41 2966 7e43 6140 3971 01f8 499c 0275 0fe8 1868 6ed9 010a
2675 46d2 2d36 11b8 636a 3077 7541 2274 357f 4490 1db7 5813 73a2 5873 58b6 1a10 7e88 1b90 6a29 5784 13e9 58f7 3b18 759f 1862 7eb2 65d3 2262 74a6 2ad8 5246 3ade 0247 29e0 71fa 1853 2211 3f58 39a0 5e42 7692 41ce 0636 6e8b 55f9 2bcf 0b91 0ac2 71b3 4dc4 21e5 742e 03d0 0391 107d 7764 0738 00cd
2fda 1d0e 0697 6434 614d 20a3 204a 3ce7 7e2c 117e 3084 50df 2dcd 04cf 2775 4895 551d 7021 2667 0039 1204 04d0 4bfa 1b33 421c 0de8 7cde 50d4 1d2c 19a1 26ce 56da 7fb4 3bc6 4b1e 75a1 2d65 64e5 51e6 36d1 2957 3b4f 12cc 331c 680b 43cc 76ed 6f2b 73ab 6da9 3088 5892 23cc 312d 0044 22d8 07c2 6e36
15fe 6400 5dbe 4e88 16dd 5a5c 24e6 466a 56bb 60d2 40ea 76a6 3dc9 0d99 160d 5bc2 2c72 4030 6bc1 744d 1d97 721a 753a 431e 5273 0477 2a6c 1d12 4cd1 2d34 02e6 0557 4140 4660 6588 03c2 1223 21f6 7f04 364a 3c6c 5a23 2b6a 445f 2cad 7fca 150b 5569 2081 11fb 08b3 075d 207e 0912 69ae 6caf 098e 02f4
18d9 0000
2942 56e4 7510 531d 7d5e 4a6d 4ad2 5ceb 4861 7318 0354 4b12 2c56 75cf 0306 6416 29fd 3751 7f56 00d4 73c3 3340 71fe 3544 73a4 4671 2df6 6d38 16db 61d7 40ec 2d0c 1cf9 08ad 5b8b 59f0 5d92 7109 1251 58ec 34fe 3c23 5b7f 20a2 4407 11c7 0fdc 23ab 7d19 4a06 6a65 2ca2 0f8e 382e 49c6 1a9c 04f1 6670
10c6 5e0c 015a 2fea 700a 7b2e 0feb 3674 1fbf 5868 22ed 3559 24df 590b 4e44 6c81 0f39 2a95 612a 7554 79fe 1e90 180e 448e 642e 72f4 6237 07db 2f57 4dd4 736a 1490 2094 5eab 40cb 5689 24b9 7dd4 64a4 637d 1d08 1f57 4344 54af 24c7 595e 0d4b 6345 5a27 2902 18df 6def 774c 465d 4b75 7f0f 527e 75e7
3d4d 3639 61e2 7098 7bf5 2c9d 5d9b 4a62 4fef 650b 1e91 53de 0750 1dd3 5a69 4fb1 7c6c 564c 0072 7b18 2641 158e 20d2 4796 3341 2137 6cfa 035a 00b5 0c35 6e1e 6cf0 68f8 285d 1154 33a1 381d 0679 5934 6ba5 6acb 7abe 6de4 67a0 4cf1 7612 2646 3ee0 46ae 5d76 044a 51b6 5bc6 709a 19e9 2818 4c9b 25f0
023a 3964 2eee 5cd7 0f02 79f0 2af9 028b 7d5e 1dbd 648d 007d 53a9 3d09 24b5 11ec 135b 483d 61aa 208b 3cef 581c 35f9 31ed 2415 0ae4 4630 76a5 57fd 1393 6edd 1399 6d16 0eec 7245 67eb 6ebe 4a12 64f0 1449 5f99 3e4f 14f2 4035 7a05 6a67 0ed0 4a55 1d4b 7ed2 2ce7 535b 31c1 679d 043a 6e09 50bc 0f53
223b 3637 21e5 0824 3265 2f10 4226 3bbe 4e8a 115a 51d7 2de0 5876 7c9b 012f 6b12 257d 13e7 25ca 0bde 6a0c 557d 62dc 7535 479c 5e1b 4972 6183 2c2a 276f 17fd 44bc 0b24 4369 3ae5 371e 3ef1 3284 7297 0a43 4902 3530 2961 6891 477f 2f66 7bb2 454a 3b94 2c0b 57a9 3878 3a78 5149 44cb 1a93 796c 4407
5c17 6189 370a 1051 74b5 074f 1fa6 5add 05d0 0e00 3a07 379e 019c 5223 6223 3a90 041d 54d9 3866 2cd6 3516 3f9c 21b8 5211 241b 36db 6976 1bfe 7dae 69da 38a5 1396 35b9 3a0f 6da6 7f43 5c92 5826 37a5 2121 0cc1 2785 52ea 510f 57ee 099c 54c0 3a7e 1611 67f4 33f5 32cc 052b 6f67 64a9 183c 0226 72cf
0847 66af 6498 7c28 2373 479e 2075 5024 70e2 0d20 7959 2384 0c66 291b 74e9 7e08 0452 298c 11cd 41c4 0927 3220 6635 7227 0eb4 63dc 4d0c 1fb8 586c 5839 1c69 67b8 7f07 219b 19b0 3a9c 31d4 2fdf 7677 2058 1951 5241 7eed 7536 713b 0e26 2ca3 0083 1e26 552e 025b 69ae 5da6 3a9c 0aad 7e78 7c08 527d
6a6e 3fff
219f 3be0 2cd7 231b 1d7e 6aa6 6c30 00bb 6e94 10a9 7e62 72d8 0882 519b 5416 109d 42c6 5618 05ac 3c17 247e 324b 28a7 0789 04c3 34ec 303f 1a2d 0557 4d46 615d 2f34 2db4 2cbd 09f8 56c4 5c57 44b2 152f 0ea7 3a0a 415e 0c75 59bf 4bb1 0caa 4dcd 4e84 7a28 304a 14fa 4b3f 1454 3547 47ee 6d8a 2685 1888
17f9 19ce 0e61 1f08 6a40 6385 231f 7e4c 3abe 6eb3 6db9 46df 149f 1cf0 5633 77b2 6e0a 1a6e 610f 4bd0 1475 720a 79a7 01b5 0665 395a 593a 5156 690f 1324 537c 341c 0f2f 3125 7e1e 059e 45d5 49d5 4efb 7b43 71b2 1bf2 21bb 1149 3220 54a5 62c4 57a4 68f3 631f 20ca 247d 0abe 64f0 1395 6b84 4d12 6bde
23ae 20ca 700c 0510 1944 1666 3032 7996 76ef 1f1f 7db1 3be5 4135 15c3 6780 6de7 25cd 1644 29cd 6522 63c8 3c47 62fa 5e49 2cdb 21cb 42e5 7b80 2b52 4eba 49ed 6371 2e09 3f21 6b91 1bd4 1c50 382a 29fc 238c 7747 1de6 4148 5ae4 64d3 19d3 7999 6c5e 5f82 3b39 61df 5da0 47b0 2e17 7462 307e 4940 0537
3659 0f1f 1231 58b3 455c 59da 3d91 725d 373b 3658 7d03 1e2f 1c69 3b7d 2e59 3c6e 6c1e 2c05 5665 6170 0a6d 17d2 1fa2 2a9a 2291 0809 48d4 0052 2e1b 4da7 2c22 5f71 7892 2387 0f67 139b 760e 4576 14af 486c 6c29 74cb 3923 6b8d 19f8 5929 4f8d 1af2 3b66 65b2 500b 35b0 5075 2761 1b2f 1d6f 339c 519a
21c3 7651 7c29 2ba7 7fe9 7edb 4845 297d 4841 3f19 6265 56d2 6fb3 084a 4dec 5d1c 0e3c 70ef 0305 1de1 2d22 04a1 2a66 7b4d 3877 7333 6f2f 5bf1 2bee 2488 3c62 5d38 2c55 035e 25de 7855 2d2c 0ab6 4a2e 487f 2580 428b 3ba2 4407 716f 4375 5181 3e4a 2d2a 75e7 2723 0906 3231 3b8d 4cda 2e83 5b76 58d8
4b06 0d1b 0698 5734 3b55 3be9 7a8b 4085 412c 7ab0 3eac 4246 4d2e 7b70 7e7d 241c 4ddc 3cb4 62bd 74e1 27c5 12ab 6add 730b 2412 6e63 7413 3c15 54fd 494c 3fa5 5a0b 51c6 2d8d 598c 1c69 054d 17b2 19da 459b 5be0 5bfa 0805 6bd8 63b7 5b8d 7ea5 4d77 7768 1c06 316e 103a 59b0 1944 764b 4586 6ee7 508f
4db4 0f4c 7f91 0e50 4da9 2d70 4665 7f7e 2a83 6901 035f 3db5 5b0b 759e 3ee4 598a 55f4 661c 31c0 3018 70e9 77e3 018c 69ea 45f9 6224 4a35 24d0 2895 6606 5bd8 3f0f 28dd 6304 2e29 48e4 66b6 4fd9 7e32 2ce0 71f3 5f6d 3589 1ca8 7329 2c04 2753 3650 2020 2856 4c63 4038 7bb6 4b4f 36be 2bf5 4f1d 7771
5cd1 3fff
3b45 1d6e 005e 6682 0a69 4512 1ea2 51a5 79b2 7e91 7880 496f 409a 238a 386d 19d6 25b9 4624 3a04 63bb 11eb 2df0 50a4 354d 3a07 251a 5d1f 5fd0 08ab 059e 7884 77d3 742e 7c33 7bc0 2a5d 511c 5f47 6594 0fca 3b7a 75fd 6bf2 3414 6ea3 48cf 2887 206a 566f 0c23 769f 2452 14a9 30d9 25d5 1030 6eda 36d4
0969 2a03 52dd 3892 62f4 2700 4633 125f 5447 2d37 0569 5f14 356a 6cfd 6013 6c92 0335 5a25 2d2b 2f81 6da5 646c 72ab 47fb 4ebb 02ec 6117 2349 4cac 276f 1387 4ee3 52ce 23a7 51fd 242b 171d 6bce 1197 79be 1f0e 27e6 3c8a 091d 7fc7 1688 6e05 2ef3 6b2a 6140 1314 74d7 71c3 3701 4d84 0d06 5df1 1e6b
758a 4f46 52a4 3c64 33c6 7ec4 60a2 2aea 77b9 6fe1 7952 734b 46b6 70c6 3cd6 4831 12be 6c96 3bb5 3cc8 2afd 1dc9 61b5 309d 281c 67fc 3563 213f 694b 5bd9 568b 5d1c 64ae 10c4 7af4 1f8d 4b67 6552 48fa 1dde 04a6 1518 236c 4c0d 0cac 4aa3 4cd0 5775 3c75 052a 3b97 51dc 1aac 3a97 161c 3da4 180c 618a
041a 7725 7d6e 291e 5f39 0a5a 5a46 4caa 75f7 31af 3d0c 4542 39f6 6ce1 6506 6d8d 4a05 00a5 014c 77df 6728 2065 106e 678d 04ca 4ed6 5ed0 7e6b 506d 543c 349e 6c0a 5edb 25d8 71b1 1294 3400 1635 2475 2130 3ac5 0351 7b09 1bc3 0809 0826 32d6 7a21 676b 26a8 0906 6705 6a8f 59fc 5a08 6518 34b5 4062
568d 2037 3cc1 447c 3dbb 762a 6d95 311c 0b63 5082 18e3 1272 53da 315e 79ec 41a4 283a 23b7 3975 4c65 0b0c 2192 7490 3ac1 64c4 47a5 0444 1cd7 7610 6cde 65fe 7943 5dac 17fd 7534 1b82 1155 6393 6614 6602 1c68 04ec 1e81 75fe 4eac 55e9 010d 386d 7e65 1832 2583 7c75 6880 69d8 314f 578b 10d5 033f
4dc3 341f 180b 5d43 0a2f 5234 5b87 25bd 6c98 0b73 218e 4774 57f1 6cf1 1493 62c6 5c9f 091d 38d4 28a7 293d 596b 492a 5aa5 4852 6299 5124 1191 6594 26e2 544a 1e13 1891 7416 202a 07f7 7cd7 0a98 09b0 3efe 1516 117a 7de8 1866 1d35 780b 7b27 5d68 1e7f 6cd4 068a 3834 21fe 1aaa 271c 5baa 2bba 1911
59f8 2008 32f4 07e5 7337 7e23 1fbf 39e7 4be9 5a5c 3646 6568 2cc3 1e6a 3eb0 760b 7626 42fc 39cd 4198 114e 2ff5 7276 55b7 256f 2334 68d3 221c 684f 09f4 7292 2eba 0ad4 05e2 0674 2f11 0d36 4a91 15c8 6198 18bc 7a0a 6876 6c60 510b 0c5c 2c5f 227e 7b4d 70db 244e 65e9 11a3 487e 1252 3201 0265 6407
1214 3fff
5c6b 04ec 0ff8 045d 63fc 0e31 0562 2e97 3191 66e9 30ed 2459 56ca 431a 0e0a 766c 07a4 1a79 489c 73f6 3dfb 23ab 1672 0d6a 4618 751a 3d03 030b 5895 3f8e 670d 54d6 5d4d 3a06 2410 6851 0dc0 3c7b 2cb2 50d0 0d71 0e70 0fd1 5f34 78a0 3f0a 195d 47c5 06ce 1959 21b6 149b 53fe 25af 5f39 1cd0 3c19 57d5
063b 16ba 0358 510b 4fe6 4bea 6071 39d5 6d74 16bc 1d9e 29dc 7b95 6657 6b4d 3845 1e1e 7dfa 3ca5 1d64 0899 5fd6 2142 2cf3 049b 73b5 5621 0d33 4450 7a8c 7560 3d78 2c86 56e3 7e1b 0b9b 0ce9 5fb5 7f19 15ea 66be 7d05 35fc 14c9 4fcd 14bd 08bb 3e13 460f 7607 66f2 36ba 6874 08a3 7188 4cbc 4cc7 3539
4239 3857 3b31 7cbb 1860 6348 7edf 6959 1981 17d2 51ea 751a 7901 05e2 6bba 46b8 30a4 5139 019c 5541 3f89 7ac2 2eea 3604 16bb 0202 6ab8 46ff 121b 3bda 5f9c 7d46 0a80 3fc0 2869 42af 448e 377e 18e5 2455 094f 62f4 19bf 6eb1 662c 0dbf 1fd2 74fd 5755 33d9 5dcd 3fb5 6d3d 4c7f 1a35 6a33 131d 1263
5c07 230f 065c 1bb7 227c 1952 4e05 4685 7519 6c07 448b 0bfe 345d 5823 0407 7b51 501a 5200 7cc9 1d03 2095 3121 358c 54cd 6d70 02a4 1e32 73b8 1ccb 1818 1ba0 380d 6463 0642 11b9 604e 1b91 13ad 2a81 1e40 0f5d 29ac 299c 1928 65a2 1539 78fb 22fd 07ea 56e4 1a27 4c45 565d 6882 2196 6fee 125f 4f7e
019d 042c 13de 79ce 2f80 0414 6366 3f31 1c7c 7987 24b0 4394 6805 5927 3a87 00f3 4087 2824 48af 5983 4a02 14f9 70d9 7870 7955 4529 76e1 3927 4c23 6cff 759c 75c3 5192 3a11 7f90 1e46 39a4 60a6 0754 0c5f 7dad 0976 0b01 4a08 6cc0 1975 6b34 2dd0 307c 7571 795d 5e9a 717e 7641 0657 1e7b 4d93 2d25
47d7 47f2 20e3 208c 348c 3042 597f 7b4c 5c76 0c93 7b7f 6b09 14ed 3163 1b03 664a 3cda 01b1 2ce4 343c 79d6 57c3 2928 4d5c 3124 19ab 253f 7e5c 7f21 54b0 63bb 0503 61d8 387f 0329 2729 68be 38f1 34c7 736d 118f 6d58 1e8f 52b6 1719 3036 3178 1c88 60d9 45df 0706 7142 48a3 0768 2483 5c7e 7214 443f
411c 401a 21e9 2111 741e 10a5 0874 6b30 1801 615a 79be 09c5 613d 5ae1 4c5a 3bf1 5e9b 1f01 3974 396d 369f 1d9a 29c4 3845 5981 3e1f 0c71 0d33 3207 18b0 6fa2 32f3 2dee 5493 7274 09fd 47a1 2761 081e 7588 3b46 4dab 3f6a 762d 2405 06d7 3b5b 26e8 7b11 3147 6bf3 0b79 42e6 646f 39bd 2d1c 1d15 1781
5a52 3fff
1a2b 3610 20b3 7528 7059 2298 1c8c 7aa1 6bd8 2aab 1f7a 6dcb 1ee6 3e9c 120e 5e48 211c 0a3c 69d1 6169 7a39 07b3 21a4 3df2 2261 6730 2cb2 55c7 7906 63ef 364b 6670 74c3 4a00 7896 0e4f 12c9 3765 163e 5949 4017 4df4 7052 4f6a 037a 1635 0f92 13f3 6721 0adb 1cac 7fbe 283b 5dbd 5b15 18cb 76c1 1d6c
5992 548e 2e45 70f6 0fbe 1474 24f1 2d42 20d8 4ec5 4dfa 1391 752d 19d2 243a 7515 75b8 4fc7 74f1 5287 5d46 6d03 24cd 6802 2ac1 533a 2741 7ff9 3989 4284 2ddc 7e67 1779 0800 26ab 286b 2b0a 57ab 05cb 2c6e 55c2 3d4f 49ef 6e4b 41d7 12d8 55d2 5726 71ec 7dd0 739d 48f7 4700 7563 7bb9 53cd 577d 1b3d
4d79 684e 28a4 2047 36e2 7b20 41ce 2f3a 0ffb 3294 4073 54f6 682d 7063 6fd3 1c80 7b99 5253 1353 3a02 0213 790b 4132 4931 258c 537c 35d2 0e3e 2cbc 54d0 4f16 31d9 69b8 1f7d 0d59 68ed 2c2c 16e0 7e72 622f 1d97 5463 0292 7667 0213 1926 7688 5243 427f 0c7b 53cb 20ee 3f83 7b04 4c4c 75a5 05e5 6a64
574a 0e32 0eb2 154c 25d3 5e09 710a 0649 42cf 5e39 0e5b 021c 6110 15a7 2901 5d2d 1a6c 1d7a 2f89 7684 64c6 1e76 41ff 0d02 1712 31fe 6358 22f0 53d9 67a2 3ec2 5590 5e70 5fe2 6459 48e0 2659 510d 6770 4282 2f1b 14ad 2f27 067e 25eb 34f3 7a14 08c9 4348 08fa 03a6 5153 7e4b 28dc 1878 4bd4 3d7c 346d
5192 60cf 60f0 036e 3d6d 7a85 0964 671b 7c38 6247 7750 6857 0ece 2549 1a34 539c 32e5 1ab7 79ca 6484 0919 6f19 72ea 4a38 5916 7e62 32f3 0f04 74c3 4466 1011 7fd2 0d68 3129 514e 036a 16b1 28c5 537e 20a6 3cdd 361f 054e 6533 61fe 7a58 6bd9 4ec3 7c43 2835 6dd6 1b74 06a7 1750 7db1 1064 4da1 029c
0519 6c26 1d4e 3ea6 5f36 2f35 1fb7 47f0 7617 317e 0ed6 4ea6 4a9a 1fbf 6cd0 2767 4e36 0c62 486a 478e 415c 6256 2f6b 46be 09f2 2e64 740a 3722 6454 58bd 3f59 2c05 105f 0d98 77c6 1bac 0ae1 3e6b 22ec 5658 65e6 59d1 651f 1518 179e 3c87 6a10 62b7 2287 4242 2d51 1af4 5280 06c4 631d 65c8 0c70 28b9
4218 2e67 1842 79d9 6e9b 6a69 1298 3f45 2dd8 5cd7 2c9a 3bdc 751a 6b0d 222a 2216 7c53 05b0 16f8 394b 46b5 084a 1512 1770 7e2b 7fb4 36d0 3c4f 4142 3fdd 2f71 7445 2bfb 3d36 4ddb 1695 75ff 6db6 672b 55c8 3453 6d62 1c79 252c 1ba4 316f 4464 55af 1035 59b5 50ec 473d 2de3 51c2 4360 54de 3715 6215
3549 3fff
174c 38ee 2be1 4d49 38e3 110f 459e 6d82 28e5 2d97 717f 2469 4f3a 0922 62d6 300a 283d 3f8e 0fde 77a6 2f7e 170a 4d7c 7aa6 2a5b 74b8 10e1 7cdd 4853 7d83 0e14 012b 3a24 56ce 4d3a 55bd 79c6 485b 3eb0 677a 07dc 107d 1ec5 1f44 06d3 7141 5791 4635 249e 646c 57ac 6963 5774 7a75 2e63 5bb4 1d99 03c4
7d80 5666 0e92 56c4 46e9 0aae 16eb 753e 15d0 3a0d 196f 5a98 1a91 6fa3 0673 2d20 40f1 119b 7eb9 47c8 7562 64c4 7659 076b 5bba 60cc 4560 7203 2d34 3b72 0567 7012 6479 4bf2 0a73 25c9 0a23 68b3 661d 2a67 2db5 339b 153b 78ba 418f 2296 15af 2959 3dbc 21ca 32b6 7be0 57bb 21fa 4fa4 7f4e 60c3 1d07
4d4b 0c8b 4991 63a7 73f3 3d12 23b1 4ca8 5535 06bb 57e4 1036 7f2b 5ab6 3056 089d 3b89 0c40 7b60 44f4 3b44 4d60 34f3 6db0 7cf5 3dd9 0cfd 2826 6b44 3dfc 0d33 39b2 14c0 511a 6ee3 4e27 7865 247b 7de3 7882 5155 5075 0ee6 615b 55f5 2646 0bd5 1771 26dc 5784 04aa 7b20 29e9 6f02 082d 3294 36bb 4280
01a4 2bf7 68ca 2757 03fd 2863 5810 4cf0 5560 6184 71d7 3873 3c42 5e1e 7b72 5290 0a93 514d 0e67 51dd 7ace 54c0 7920 2d55 6dda 17c9 03a8 4b6b 0fe2 1107 3d10 7535 546d 71b2 1efb 52eb 16e7 6c32 3231 12f5 697e 28fe 06b5 59fa 019b 21f7 4573 345f 5e5b 4bc6 5aa0 1740 4eae 2400 4d9c 0034 7642 13c8
143c 69a0 24f1 3534 57e2 6ed4 03ca 7122 5412 2d51 3cf1 7ebd 6bb9 1f25 3385 5f87 08c1 53a4 2eec 6ab3 1c83 01e3 2ab9 125e 0c85 7c23 347e 14a1 69b8 5939 4719 4c61 0a80 4b55 0885 6b5e 30cb 724b 6b57 38fe 3f97 5c9b 2ebf 7117 1858 1efc 6b9d 499a 26cc 24f2 5a4b 0eaa 6cb3 1e79 2528 445d 733f 1ed1
0801 4c69 5a3b 79ad 2c52 1ae6 1ab2 32a0 3117 2497 0a24 2aeb 7db9 5bbf 5fa6 0c63 69ad 0845 0a4a 0eb3 3573 5d84 43fc 4984 5a7d 1966 5683 6f54 558b 6432 01f9 036b 6508 31fe 50c3 73ac 32c7 73ba 1527 6e5e 2cff 6660 648f 7f0b 1183 1510 3d63 5438 2d20 2e7e 3e52 0eeb 6047 2cd3 4cd0 1f9b 64c7 1581
0524 3126 4ccc 7ec8 3f26 791e 1458 64d9 10a6 6331 79de 3491 0408 3ecf 2f49 30f8 0181 46af 7169 4e70 5c98 5213 4f9b 44a2 4f17 4bb7 0cea 6067 5152 58d6 3e13 2431 5011 799f 1f37 5da5 393d 5f6e 12c3 7d5b 1429 28e1 0288 0d16 41d3 7abb 5958 7d52 733c 46e2 6cc7 0152 7029 3456 3a88 0717 1019 4182
47e7 0000
3ec1 4d8d 4ef3 49aa 4a7f 2108 1b51 3311 0fdd 0359 01cd 6d93 59c1 2e8c 7e75 4ea5 0fbe 0d3e 2edc 37b2 208b 541c 2a4b 57b2 342b 4d5c 4ab8 0733 67c9 103c 195d 2a77 6434 4807 1103 6ccd 2248 7404 0e24 1b6c 64e7 2144 25dd 17de 29b2 1600 7a6c 3af9 046c 332c 1fd9 29b0 7adb 1d53 2cc4 7278 1d77 5928
45a2 09a9 4678 0fea 7c06 4385 716e 6df8 0bf3 6de7 1496 541b 7fb3 74d2 2e59 11d6 3bf1 7e6d 4837 69a8 07c9 1cb5 722a 79fc 5e11 5247 01a9 6649 0ed0 60dc 0704 46f4 06ff 1813 73c2 2448 45c0 1919 108a 6ac4 1db5 7b4f 1b7a 373c 2004 7eec 54cf 02cf 7cb1 71e0 3b6a 3273 62ba 7573 34c7 6df4 70f6 2ab5
015f 5371 6170 4050 4191 0798 537c 5f13 2e59 506e 2c8e 6494 68f5 21b0 63c0 3f02 5eb0 5457 3fbb 3420 255b 2935 1243 056f 2ef2 7378 2355 2949 4e24 17be 5fd9 745a 14f2 55ef 0ca8 1b8c 7908 5c1e 2235 49db 4a83 426f 73bc 76b8 1369 52cb 0070 39e5 4c81 2bed 59d0 45ed 390b 0cf2 7de7 3a92 2e8d 6335
3103 591d 4d64 2385 58f0 1564 7cc5 5ca5 5e31 4ab3 53a5 18ab 6f9e 199f 26c8 46cb 49d5 1aed 0c3d 2481 1e68 6776 0492 2583 7e07 596b 52bc 77dc 5f28 1514 0001 1286 7218 480e 3c32 7f0c 07e0 682e 71ef 56db 3324 5239 4706 35b7 55d5 13a8 3f5e 7b23 1dd3 7785 0ab2 35be 21a9 5700 3413 563d 2864 445a
78b5 473b 1be1 2866 6352 2aa8 2162 555a 4459 165c 39d5 0cdd 28b3 10d1 653a 28d9 1233 1d47 6191 2c37 7479 1ef0 49bc 3f5d 71b4 5c6b 3323 5b65 3057 7fc0 5100 6bfa 1f77 376a 4b64 7e2b 0c19 5200 58eb 70bb 41b3 3aa9 3b39 1acc 1a43 3076 6b92 1350 51dd 4ede 7d73 165b 324c 182b 6f51 00a6 5540 4dc4
5697 5204 0be3 7825 264b 36b0 0ed3 4e59 6798 3717 598c 5d70 785e 0af6 0e49 5d95 3c8f 4b61 0195 4efd 4fed 6ca2 00ff 5d13 0b49 17dd 2277 2802 3c46 377c 45e1 42f8 453d 1dc5 02e6 453c 1494 6f05 5444 623e 713d 514f 7573 73a7 20e3 5db5 3ce2 721a 52f5 593a 3f33 2a42 6a33 6442 4938 33cd 1148 247f
29f1 6c2d 03e8 063f 01ff 04d8 7a81 7ab2 2e07 2a4b 3865 1675 4ceb 10e9 5dc1 3808 0e53 1717 50cf 3ab1 6432 2153 3514 2d51 3240 1979 761f 657f 6a32 5ce5 0907 79b0 2db4 14a3 1d6d 1e47 7efd 742a 7247 5bf0 68d4 5735 76e6 049c 62d3 6c48 6b30 46c9 5c23 4471 3d30 1731 70fc 5f29 2cbc 44a4 61f1 7b98
59bc 3fff
4c26 63f4 7f86 1c25 64f0 3193 3ef3 03c3 20b3 1544 29d5 11b4 1aa3 0b14 3f12 7b17 0bc9 1954 1c9f 3657 1b52 47a5 35a8 6333 1055 0400 00fc 76b4 564e 7201 3243 190e 7054 3dae 0318 2bd1 18b0 2ffe 799e 1d62 27a0 696f 2c24 0aa1 1f98 3819 05e9 1ff9 2637 77d3 71f9 22a2 6359 6997 3b1d 1d2b 7401 1842
5995 7940 2831 04d1 55c8 3aa9 7b32 374e 1265 63ae 6c17 0e92 7f03 5e66 5868 7d59 2304 69f4 00ee 765f 25b7 05f6 7c9d 593a 5a00 5daf 7e24 30d7 30d5 7e16 681d 35e5 1106 1902 6679 40eb 2403 704c 1463 35aa 564e 3009 5141 1683 5631 34e5 6fec 1e66 7ff3 074e 22ad 7139 4411 3a4c 07ad 6051 1a94 5e5f
38b4 7f7b 429c 5188 6be0 0ba4 5b59 67c7 15e5 5340 3022 011a 3183 0883 4502 5102 7009 07e6 19a9 1f33 6161 1640 41bc 2d12 5da1 0be6 790c 6b00 1ee6 5abe 3e86 368b 7bd3 3cfe 59ea 4d62 6321 683f 23b6 4352 57af 5f84 5042 5ef3 54e2 457b 5150 7a6e 13a9 5fdd 7e11 0b4f 2da1 392e 6e9f 6b6d 742b 4465
5643 0cd1 57e4 49c3 5984 6e84 1d74 1971 7822 1bb1 7391 3469 04db 6607 58a2 05cf 15ad 2c7b 3d49 2a50 2d40 7050 7475 200a 77bf 7595 5d56 61ad 4f98 0935 215c 537a 36db 6d8e 51b9 5630 4695 07f5 2c2a 7850 1ba3 21de 02b4 1ce0 5ba9 1fff 2f28 2eb4 7a6c 162e 0f13 7422 7c1f 1542 3a81 0929 5081 73c6
181f 050a 023d 5578 7e19 1449 5116 0488 1818 7dc5 7a73 4bd7 6a55 7d83 6776 083d 4bee 6050 20e5 4ac6 292a 22bd 4643 11d2 0607 4811 7bd8 2b62 7670 70d6 312c 233b 64cc 7339 7fa5 5d1a 795c 17dc 100e 12ef 4a44 4c18 107d 0d70 3b99 0949 2808 7968 22f0 725e 7c3c 624e 5076 416c 1048 55af 1a79 4713
670e 03a4 7a08 5671 0dce 7fd5 68ff 4e8b 167e 6f61 1962 66e6 2cd2 62b8 6617 1c43 2b8a 554b 2295 7a08 2364 6165 37c9 334f 66d0 55ae 0d2e 2ff6 2a80 7772 3eba 35d4 6c50 798e 7004 103f 017e 60d1 6067 4f41 5694 2326 3793 73d7 6d54 6802 4cc3 05cd 3745 2cf0 0e9b 0d85 12bc 2a70 0fff 2f6f 1e0b 78d7
4295 688c 2476 7730 4ba9 6cf1 78f9 0f51 6356 0248 30d6 72dc 6ea5 3a67 3e20 498f 769a 3306 29dc 0d64 6032 048a 0787 45fc 172a 3710 239b 79fe 24f7 2764 57ef 5a0c 0d4e 2ced 7a90 3d07 47e0 6068 05b7 757b 49e6 1e09 2f01 3d9a 3842 0464 6274 2505 3d34 5819 718f 5ae2 0dcf 691d 11b5 6ce2 48f2 2d28
3a9e 3fff
6338 51cc 479b 6464 1169 5acf 0cbf 0c58 22b2 7012 652e 1d1f 2465 4e38 536c 7566 5efc 385a 3aad 2238 0928 57dd 6416 365d 4329 4bc8 78c0 3cc6 753c 10c5 42b3 7c16 68e0 4e6a 1f58 225d 4433 4f07 61ba 7544 5854 13a7 7852 52bf 4fbb 491d 406d 3399 5a71 1174 23e7 52f7 1420 3a45 3b88 222e 2dda 24c1
09df 4ba4 0874 0196 483b 5cbb 1549 0b25 62d2 3536 11ef 0c2b 64af 5b4d 12e3 74e7 34ef 37d2 7eb5 123b 7602 3aa4 33da 729b 21ff 12ad 6a60 04c9 312a 07ed 33c4 17fd 03e7 21ec 64c2 2251 70a7 7c30 792c 3f7e 5406 5807 39dd 3cbf 4181 14f1 7070 7508 4be8 5bb3 3760 7466 43f3 7ec4 22c6 2cd6 607b 5de0
337b 4d60 0280 406e 7cb8 591f 26a4 3336 6349 3122 55b4 2e98 63a0 42e7 53fa 4b28 3722 1c23 6741 039f 211f 1eee 6542 3af4 05d1 31da 6d9e 4f7a 67ac 284a 570c 22bf 4005 0f27 3d39 070e 072a 3546 3626 0a3b 6c8b 6b18 7059 150c 5e73 4dc8 403d 46e8 2316 7fff 70ce 6381 60d6 0e8a 0044 5c26 77e1 45a5
1a63 53a2 626f 6603 36d1 194e 3c61 6f98 20d3 263c 7e39 16b8 2e3c 1b53 44cc 0849 2c6a 4a6a 7179 75f1 4077 352b 4ced 2bca 33c6 6d06 32ef 1f21 69b3 7fc7 6c36 1322 0e36 63da 1e91 4825 5a46 06e3 13a2 3114 68ba 2533 0001 3be6 3f7a 5fcb 0802 0517 1737 6499 38cc 78d9 02ed 221f 7eb4 732e 48ef 3945
37b9 6fe5 0a41 6070 2c81 095f 003d 4666 001b 3f3e 1f0a 7447 4309 1a43 0efb 0b48 4bdb 0db8 29c0 1352 6abb 6c0e 6fb1 69b4 22c2 1cee 70b9 70d6 5bfb 313f 3e2f 157b 6f79 7481 597d 2b73 6814 43ce 390c 59b1 520d 3203 39c7 323c 6a96 1507 2d3b 2e17 0465 7e88 457f 2416 5d08 20c1 686c 7e80 1eb0 036b
610c 28f5 59fc 6a29 6aca 65cf 3093 7e7c 285f 4647 10fe 2d18 4fb3 48ce 4272 0e08 58f0 3be5 078c 4b5e 7078 447e 7959 41b9 0a3d 301e 6bcd 25ec 19ce 7c98 4ce8 25de 7c16 5067 15b0 631c 75c7 04ec 452d 2ded 7d81 20cf 4dc3 3eef 3f4a 7419 285e 69c4 3f82 6166 39c5 10b0 702c 0ad5 39d5 3704 2cd1 1590
0109 2b19 4e3d 4c05 14bf 7adf 36e9 3f6f 1da3 1d18 2ece 27d9 0c96 0666 1b7a 5f00 56f5 70ab 1d43 5c81 1f5e 12a1 1076 7546 4de4 7312 7931 7163 7397 6831 5a97 49e0 0837 3e3f 44b6 27a1 02ab 1fb1 6849 6a5f 75a9 3d3e 38b2 0731 4636 2907 3e7b 32c4 1e06 7c79 512e 46b5 144d 4954 268a 1ad0 0e94 720d
35c5 3fff
5578 11ab 49a9 78de 2ed3 67c4 684a 46a8 74ab 1f52 5295 50b0 7619 0333 77e4 6266 118f 1f86 3b61 0d58 1534 2f46 5f98 7b6a 0977 55b5 2b68 2e45 7d38 6785 6bf4 519c 4e80 38cf 6925 09d8 5206 592d 0b69 0a26 6013 58a4 7f2f 7019 3438 3580 2ec7 616c 5cf0 3b6e 440d 3e62 25db 227e 027c 5a16 6ad3 3161
4d49 2c2f 62d1 32ba 6b15 6227 16e1 5f9e 60ad 3dac 7632 160f 5687 108a 1236 6427 6f7d 7025 02f7 1133 7f13 4e92 3b94 506e 4c8a 60f2 00e2 1bab 338b 6973 2378 1864 0996 4258 77bb 14cc 239a 738a 5d53 595d 2e13 2f8d 1546 15f2 2428 3ef4 5cbb 3382 4d92 3b4c 6681 19a9 1dc9 7eb2 008f 64e7 066b 315a
57f7 016d 1e60 0e7d 7577 7ecf 1f7d 790f 29d5 3395 52bf 269c 7534 0331 43d0 4ef3 4abd 74bf 688e 2645 6271 392c 51fc 765c 3297 5c8b 3904 40a8 5025 467d 7695 62c7 5d1a 14aa 12fe 65f7 4f26 36ad 36d0 6e5a 0074 763b 651f 4eed 0208 4e26 3dd5 3c0d 050c 7e79 26e3 5de4 79b0 2778 7ac4 50dc 1abc 783e
0cf1 10d6 7ee8 5d87 047b 6ada 3811 1a6e 4b6a 6cbf 049c 0c92 6b51 6a13 0b0a 2a2f 4b1e 6703 2d97 54cc 5fc5 0e17 3a89 329c 34e0 78b0 7447 5e85 257b 7fd3 1538 11cf 528e 790f 52f1 5dc3 0ae8 1075 064d 11fb 7ad1 580b 5a82 334a 7d6e 1129 087d 699e 4383 19e2 3dd4 501f 755b 4cf5 674f 33cb 3b42 4d86
0135 2565 5006 0b6e 149d 23ef 5d86 6870 2b81 27f7 4e90 4d2b 2c69 4343 04ab 76e7 0f47 68c9 0bcc 5832 422f 67a5 1e0a 7dbe 6a5c 361b 5b61 531a 104b 4f3c 0127 3335 6bf7 01b7 091d 4a55 693d 1501 2b84 509e 1765 7903 056a 426b 0088 6c37 4400 5017 630a 6bb5 7276 7e2d 5224 7592 1fcc 002b 0e95 38dd
1b61 616f 63b0 702e 6147 3186 5dcd 4da2 1712 38d9 7426 2603 7280 1db2 66ff 0769 5add 1d29 1633 4267 4934 3794 25a2 0f1e 0965 6260 0578 78b4 6c83 1014 2a77 09e1 2e17 5585 16c7 349e 3e8e 6494 4ffa 6c7c 2d3b 557c 330d 5629 097b 69dc 11f4 24d8 316a 6dc8 1c54 45ea 5aac 5bd8 498f 0f6d 0bed 190c
3e39 73bd 6c62 05ed 0539 0736 7d02 40ae 6b70 5a63 40b5 719a 7735 0d5a 5e82 363c 180d 12b8 06c8 250d 091f 7bc3 6507 6f33 0393 46ab 31c1 0cb6 2a67 0968 6a6f 60c1 7312 1885 2e9b 46eb 581e 3cab 5f72 7830 6ebb 5ebc 21a6 3fb8 6599 0ffa 68ea 1003 28cf 6ddb 14ac 671a 5954 3802 1793 1d95 0f3e 7f95
2b7f 3fff
54a9 357d 7454 3b09 16ba 0245 38be 0236 41b2 34bf 299e 4029 26f2 4018 3d39 302d 36f3 7a74 40f5 2ecd 69b8 7994 4555 1b44 32a6 771e 104f 506a 78bc 6f85 4f88 1779 742e 6cf2 2573 0d4c 1170 5817 6109 7bd1 17ed 19a1 4bc6 759f 3399 373c 5dc6 54d8 69c0 6974 64f3 6651 7f80 579d 0261 5a9a 4a23 1301
3d64 20b0 5fc8 24d7 79fc 2a37 0b17 1ca5 23fe 490a 5cd3 444e 4696 0aa4 1fab 493e 5c8a 559a 1a40 7a90 247e 6fad 45c1 4baf 76a6 3b79 1cb5 1004 24c8 45f7 6007 217a 3af5 1566 1245 52c2 40f4 0871 61ae 4669 29dd 044e 55b0 0075 0691 6d84 1dc7 342e 332a 2d82 7109 0886 0244 0b88 2085 1ad5 3f56 1177
7ed2 3012 450c 5400 479f 0e03 3023 0e9d 576c 008e 375b 1595 4f70 160c 429b 785a 45d8 7c5f 5d78 2838 22f4 7ffc 3a2a 4f1f 5794 0612 5dc2 7b0e 0dbc 562a 6cd1 5c55 0a9b 33cb 278a 64dd 7d36 4ed3 6b84 57ae 20b0 6ab5 69d6 7720 6dfa 3bef 04b0 57fe 0597 6fc7 47d0 4b67 4c2c 39fe 11a7 441a 0b36 42d4
284b 69b3 58eb 44b4 1217 0107 029f 62ac 3368 3eee 2612 5799 43cc 034d 4a9b 10c3 2eec 77b7 16e4 6717 2561 72f0 5d98 309f 1fa1 664b 548b 726f 7f3e 1063 6b0d 2bfa 14f6 1684 7558 0247 37fb 6dd2 53a0 14d0 2039 5ef0 7ffe 5422 7789 6d11 79ff 3208 7b86 6cb1 0acd 1bc3 3be8 1de5 7660 310e 4b3f 08e4
60bc 7a9a 0042 189f 0440 288a 634e 4fb2 5186 24e2 4d67 2aac 265d 2a90 2a83 768e 2d31 77ea 56b3 02b6 1788 7956 6005 653b 5ac4 2296 5687 5807 45e6 3664 0e03 7664 3a0b 3028 08ed 7ddb 0b6b 3211 6976 0db3 7de1 10a5 5601 4790 6cd5 42ce 3fa1 6117 4b8e 480e 4319 032b 6e40 364c 692d 0498 7b7f 0be6
6777 4450 074d 762e 2d96 7f3f 1a64 466f 3c8c 4280 215e 73db 117b 3486 486f 05aa 6450 1573 01d9 7788 6bf9 049c 38c1 2f56 0d83 48af 4169 3be6 447b 7b9f 2b9d 5350 4cf3 3064 404a 05a8 1f47 5ef3 208d 688a 1ee9 204e 7220 75e9 5177 3545 3e2f 78d3 37af 5d01 2ca9 7c06 24d9 70ca 4a01 1762 52d4 0e9e
7c17 02df 2469 0d1b 4cec 6ffc 504d 0759 7760 1a36 6b22 0ab9 1e79 59dc 07c8 3e4a 3daa 1e13 3141 574c 663f 6bc9 4676 73ed 01bf 5415 0e3b 12a9 0da1 306c 491f 2c09 0a6b 272b 0773 28ba 75b3 7837 7341 3a49 1102 05ff 4424 7a00 695c 271b 7846 35fb 22ae 5559 3251 22cd 3997 1293 0392 06ca 4ba3 58e6
477d 0000
59d5 6dee 3258 2262 7d0b 281e 0af7 75d3 20c6 556b 5e97 3d1d 455a 6742 28fd 7d8d 5312 4bee 1b60 4e1a 4dda 533e 21da 25ec 1647 7db0 5e8a 5fbe 69c1 180f 2e21 76c1 3e7d 0f0e 1505 59a9 187b 0283 1125 2741 4a4a 3359 0d4c 1ca1 149c 7124 72c5 7920 4f40 0eff 63a4 6417 463d 7186 544b 3bbf 2464 6a33
0e03 1b23 6888 702d 4c99 39e3 1818 5581 77e0 32cc 1165 07f0 4136 52b0 6247 23c2 65db 2c2a 2810 6466 2f06 22bc 218c 06dd 6ac8 4af2 0e6f 7256 77f0 1e3a 1c70 230b 04a9 07e3 73f7 1e58 0700 6609 323e 620a 5429 54c0 15ad 7af2 331d 0cca 5f99 7a04 05bb 3b9f 0767 3534 785d 1bd3 7e05 73d9 7728 3b99
4a62 4b76 199d 7966 5760 167f 000c 7168 0533 4099 0b78 432b 2e99 0bf9 1753 2cfd 4ba7 3145 703e 5630 56f5 1a5c 7e5c 58a8 397d 3ac0 4b85 3dd0 6f02 43ed 5ad4 1885 7c25 2d98 04de 7371 7c65 52d9 0d80 3073 3b29 3c7a 1cd3 7896 58e2 40a8 6abf 4f8c 6a01 4b52 5d03 08c6 0be4 1dfd 2c24 3012 2194 1144
1454 436d 3fde 1b3c 1387 062b 3e84 4a77 2d9d 7084 05ab 7d99 004b 0377 5208 68fa 5ddf 6ffc 5c09 5392 0f40 1ed4 7afc 3431 19d9 02e0 0a00 665c 331f 7a4b 4927 3151 0bcf 6f59 0a7b 6516 57ad 6357 52bb 55c6 4c18 03fa 742f 1c4a 4510 23d7 16fa 5aef 3ad3 568b 569e 2eec 35ec 721a 5588 1bba 6b0a 6d1d
3f4c 2b1e 1294 2af7 2f8a 6508 2cdc 6b40 5638 4fe0 0853 0b35 035e 0e05 09af 6e58 7ba2 1588 448f 4a97 4044 7af6 1bf3 67ed 0ca7 5ef8 14f4 340e 183a 6589 285d 3fff 71f4 05b9 420f 200f 7f95 3892 14b7 7aa8 3587 7b30 429a 3168 49d0 28a5 17ab 6867 5694 6e64 4127 0755 0778 3a21 5405 74ef 4d31 5719
3f5a 182f 1bc3 7b47 7fa8 4d68 43f4 1569 520d 407f 31d9 363b 6ead 258d 6df3 1de7 2695 75cb 1594 3bab 38b7 5785 5ab5 1699 2fbe 27ee 17e4 0b2b 131f 32d7 2db8 7a61 5e49 4446 74e1 46ec 7cfc 548a 7395 440f 2c71 4ed5 519f 38fc 26a6 76cb 07c3 41dc 77d1 23cf 4779 1ef8 3cd8 6e0a 7c46 118b 758e 2ecc
4589 312f 74ed 3f87 49ab 2182 3d61 2888 2a50 08eb 5364 5a32 49ce 1df0 57e8 1c1e 3e3a 444b 4b1a 14bc 238a 5477 1ab8 40d1 68ac 5600 0beb 41c3 18b7 2aab 314d 45f0 2185 68af 3c1f 1f66 4a89 024e 41e6 7e97 61ab 1d5f 102d 1147 26ac 3186 4a41 28db 3673 7a9b 022c 290d 2858 4892 70e0 1952 55f5 182a
7e1a 3fff
6266 596c 7e97 4b7c 2a01 07a1 0911 5626 7991 18b3 155d 42c2 0912 02d1 78fa 0dd7 2642 52ec 1ee4 074c 3d73 514d 59df 2e17 0ac0 6f03 0524 16e1 4cf8 5a26 5c6c 224d 45a4 290d 693a 5367 3004 1381 6043 349e 1e17 014e 2782 2027 7666 2f65 50d9 3f79 6ea6 3c35 5b5e 3ed0 1436 7338 37f4 0231 4945 7948
24e2 3aad 053c 3690 2b1b 5c14 1125 2896 42d6 7548 5921 3b97 7ed2 2153 1025 263c 1ca3 39e9 0514 20b8 390e 2d25 056f 6dac 0de3 1a87 5088 0359 30ca 40e0 3f72 17a9 174c 51a3 1586 76d2 3857 5dad 5fda 5172 3965 643c 7d62 1f25 3678 54ce 4bae 7ef7 2a8c 6164 57ed 3af0 620a 5643 3032 1a18 43e8 7479
1386 1637 4c85 61fc 53b5 642a 721b 218c 79a2 1fc1 4317 4d1f 4df9 326b 532a 7411 7dc9 1e25 2b0d 77f8 6f36 3d51 3619 3c28 4425 1880 1012 1f22 09ca 7fe3 4bfd 221b 2eef 086f 1441 5049 17bb 3475 0c22 3d3c 658e 259d 5865 224a 588f 45cb 369f 5bf9 616d 6466 0bcd 1499 74eb 14a9 7b46 1bf7 113b 7275
5764 533e 0852 200a 54d1 14c1 56d2 5e1f 37fe 05ce 39e0 2a9c 4591 253c 7b2d 5ea0 021b 761f 1880 3428 602c 7aa7 6a7c 1f09 0cad 31f6 07fc 1536 28c4 0a17 3199 5383 169a 5a76 4a45 24df 15c9 0b2f 369b 117b 3d74 4dbd 5c5d 6593 1462 30cf 32ac 1677 1a68 6a76 6a7d 79eb 72c6 068f 2981 12d9 1059 178f
5b24 5fc4 1bf8 0fbc 772b 18b3 51b6 0fdf 43d5 7692 2832 1eeb 0d79 42d5 5189 17e1 0c80 5940 591a 4e8a 4a4a 6aa9 30ef 6bfc 2316 348e 30e2 1af2 49bf 26b9 5abd 1228 2365 16d6 1ef8 6c13 7932 60fd 6177 6b0d 6a83 1f77 1a14 5287 56be 140d 63e7 1f20 0c3a 0e51 713c 5144 4eb1 1530 1132 3064 4cd9 02f0
473f 3a05 3a53 6eaf 2ad0 6338 62db 3df7 62af 765a 7246 0a12 7dbe 60cf 4b69 1efb 2e1e 247c 1d2b 2407 3c69 429b 61a7 5006 125f 193c 162c 6e5b 5bb1 5af0 25a8 6526 15ad 3b7e 48fa 4cfa 1ba9 23c9 7aa7 2394 5c76 4c14 566e 4bcf 3795 4d62 791d 6d56 6356 12de 1d82 1e1d 6a93 20d6 0afa 54c8 12c9 10e4
797a 70a4 27de 21c2 382b 1da6 2da3 2356 49cd 56b1 4f1e 018e 123e 586f 4ce9 207e 0a84 7e17 6add 257d 49bf 3732 36a7 0862 7d1c 7d1c 316c 3e78 705c 4b0b 30ad 39fe 0013 57f0 4f4f 4c45 2461 1e47 7178 3717 4766 5c2d 1716 32ac 677b 1e46 487a 3202 7477 6d2d 2fe6 071a 584a 17c9 6aa2 2a29 0387 7c11
6829 3fff
6aae 0b86 3252 5821 66bb 2dac 7c40 43b6 0c65 5da3 551d 7cb2 59f6 71aa 01d4 1d8f 301b 4802 3af1 6573 3d00 516b 63bf 199f 4179 65d2 4515 0ff9 2dd9 7856 3499 6dd5 7bac 675c 74dd 2af6 5263 3052 3646 2166 3510 717f 642e 4e18 0e5d 0937 6337 69f0 7fee 6a57 2fc0 0404 7589 15da 6eff 5b1a 144b 35b7
58d2 5b65 3b46 7c1c 4c8f 0564 7e6a 14cf 78a4 09cf 2595 56c0 2781 3b38 680a 646f 6daf 597b 21ea 29b7 2617 51b5 1dd5 5705 68f1 2573 01ae 5cf9 23af 50f6 1eda 4429 246b 22a2 598e 7503 677c 6406 1c24 2cab 2e9a 319c 1c8a 6d28 5361 1cc8 1636 074d 7b95 3448 5806 18e5 594b 0f34 0e11 13a4 0af4 5a95
4171 3e45 27ff 42d0 1396 490e 43fb 09bb 5894 2669 142a 2cd5 3385 1a33 48f2 1e6f 7dfd 1937 4a2c 79df 54ee 735f 0328 0e5b 2cc8 16bb 73fc 2fd9 7335 1ba3 54c4 4139 4e16 5c1d 25dc 23cf 6d4f 7f68 0b7d 62e7 0a5a 0ee9 7e05 0ce3 28ba 2ed1 4248 4501 1a6f 154c 3e71 1ced 77bc 3291 7394 14f0 2a54 7d3c
6034 3ef0 14cc 0770 1574 2260 70fc 1889 3067 1fa9 1f3e 517f 479c 394b 2547 6ff6 2307 5ff2 41da 5b10 1504 7a46 3067 6ced 4f27 4dc1 445e 4cf0 196c 1a1f 7b61 65e2 1420 6795 62da 561f 6606 466c 7782 597e 6f6f 5acf 0f58 62c4 0d23 29bb 1e21 6e98 22e8 1329 1ad5 3ca3 270c 4eae 5eed 43b4 2487 2348
5740 23de 3e51 40b8 38c0 3732 510f 498b 0897 6513 2f66 73f4 649b 3eb4 437a 3468 402e 27a5 6ada 5185 4544 7e73 4de8 3fe9 4a1b 5f3b 0d26 11ac 5bb7 7a3b 644e 3f34 128f 1bb0 10be 3cc7 6a10 1dba 4cf7 3858 6293 210f 5d25 2308 1ed2 17c3 3353 79c9 22de 595e 1ae1 784e 0429 6a83 2c49 072c 77ea 3528
4bac 113a 41af 1f23 78ea 7376 18bc 3916 06ce 580c 2efa 616d 7186 55d3 6f2d 4cf2 0878 4537 615d 7d8d 292b 7cd0 7c3f 1aa3 7122 1bba 2d8c 49bf 0f84 6854 1814 5b46 7f63 4dbc 75a8 2b2b 5306 1c79 0b61 0f59 5156 66b8 0a3c 6188 7c77 03a5 1364 25e3 35bf 6886 2053 5b9e 7320 0fdb 1b16 1ace 3b70 722b
4927 5df9 62f9 2a51 2863 0a6c 0a79 2975 668e 322e 64ca 4c0a 679f 0a0b 24f9 1ba2 419c 0f52 2676 49a1 0e21 058a 3821 1e66 5b89 2222 7f5c 4f55 12c4 52f7 1516 51ae 070e 7b6e 3feb 4c5f 06e1 4283 4a68 699c 13c4 1cdc 0960 745f 1aad 58d4 7f68 1c8b 3c22 6f11 210b 3509 3f7b 7661 4e8e 7bdf 2afb 6250
6a2d 3fff
06f4 3250 0522 58f5 060f 1d1d 609d 42a1 2854 3853 051a 50c5 0cb3 7ef1 7f0b 0625 411d 2f3c 196c 1ddd 378b 7646 49e9 4315 7091 6ddd 4955 5e9e 23f0 4f81 6807 4b73 70b5 51e5 37ab 4e10 1821 5861 7397 017d 3fde 3c69 5b85 15a8 6880 0038 4d37 5f26 05a4 3153 126f 14eb 7a05 1d8b 252e 2473 4cf8 0f9a
173d 0fb1 6cdd 57db 3f40 1d02 28ad 11f4 669b 361d 3ce7 0423 3e86 20d6 2336 079e 37d4 6b85 3c51 237b 71d9 7a1b 2e8f 0aa4 4c12 0c59 5158 0051 1686 4dbc 08c2 37cc 5778 54aa 6de2 5ae5 670d 468c 1c1c 01c8 17c1 1118 290b 54cc 2e66 24ca 5e4b 45c2 3179 37bd 1489 6ee2 2cfe 15d0 3b17 12b4 1df7 237a
6935 0ac3 41d8 2e9f 1582 4848 35dd 1854 25a5 67c1 61a1 5e08 7bf8 4140 06e9 289a 60f0 417d 73d1 4edb 2f35 5d9d 0ddd 5a2b 11dc 5832 371a 267b 79bc 0bee 4cd9 204b 6871 7719 1622 1387 4a87 1ce3 1203 4570 2cbc 51bb 5af6 42ad 5703 09fc 5d2c 0f9c 7b74 1e78 6cdf 7649 1211 68be 1e6d 1485 2874 2e98
340a 0b6f 7c23 2f55 462b 51a3 022d 7be2 13de 7126 469d 22cf 4c96 19fb 3a51 4214 6efe 2f73 4048 4d42 080d 08e0 0f3b 304d 2701 587b 2039 4b2d 3742 27e5 44f2 6d9e 64dc 727c 3ff5 2486 3d42 4fa6 1f07 0732 4ecc 2687 408c 7a86 71f1 331c 08ff 3ca2 3489 7e16 06a6 534e 506e 2b21 2f37 7606 5d19 2805
3143 7ba8 040b 63c4 48a6 3efe 5af8 7ac5 219f 6d67 5b40 6607 774b 2fb2 0ce4 1312 4594 53ac 296a 66ab 6437 0c28 5f22 0aac 0d6b 4f43 0b9e 4fe1 59f6 0e08 6fc2 0cd8 31ea 65db 40c3 76fe 6b79 0bb4 425a 5774 78bd 079e 1329 5679 1e89 7c79 6796 2aa9 2af3 66e7 3e6a 032c 1fd2 1ce9 2707 0212 1def 16b1
158f 1922 062b 6020 00d7 7de0 4a64 0ca8 2a74 28ae 5211 28e2 3117 5e8b 7de2 35a6 51f6 4796 6f5d 039e 00a6 7bf2 024f 42c5 092e 0bfb 486e 4f86 5e25 36fe 75de 0508 7f0f 61b6 055a 38c3 302c 623f 3ee9 3690 21d0 1cd6 108c 0fd9 3837 3da3 5325 2067 77b8 306e 5618 253b 1418 59c4 7a1e 431d 70e7 53b5
5c38 78e9 77c3 3c4d 2340 6469 700b 09e7 6fc0 5230 7eda 085f 5bec 3b4c 2b82 6236 1078 0986 10f4 36d4 3a80 0945 71ab 1497 2636 2469 60d3 60a6 1480 5a18 6218 2d76 2511 42ac 263c 2886 3c51 16a6 0641 1014 2634 6ce9 01da 5f46 49c9 2a39 09e3 6109 51ef 7638 322a 028d 7ad5 5c0a 606e 380d 3027 7383
0019 0000
05a8 69b2 24fc 7599 74a6 52c9 63b5 7f4a 1bd9 71f5 1e8b 6bda 4db7 5ced 441f 6e36 4c26 69e9 323d 254f 00da 4730 02e4 5142 6601 4cb2 05f3 44b7 1626 4479 0330 2630 6fb8 7c01 5e44 7b8b 79c2 3fcf 18da 6292 3cb4 605a 53b2 48b9 212b 521e 12a0 5cab 0cd3 0f85 0b27 7367 37fb 6879 0576 75d1 1939 37bd
1f85 1bd9 586d 3fe6 0e55 3009 7b49 44db 44e4 1fbe 2bbd 2122 6826 7290 09a1 196d 0ed5 0d58 4cd3 3d27 757b 56df 579f 5e46 6548 04ad 0544 1eeb 2eeb 61b2 1abd 50ca 3b40 1827 5e49 40c3 1d1b 6690 063e 0393 090b 70b4 2054 689b 357b 0d82 2e05 4106 2e37 6372 307e 2426 351b 3c46 66ec 1076 31eb 3da9
076d 4f93 2ae7 5cac 21d2 60a7 735d 599e 52c7 76d4 7665 71e2 5b9e 158e 2b44 3f51 311c 71be 3d08 4687 581f 555d 593b 36b8 4a38 3369 3660 7ef6 43d8 03ef 2a59 752e 7eca 734e 73e3 3edd 5780 7539 05ff 6444 34f4 0db3 77ac 0998 652b 76c9 50f6 3bc3 0558 64f5 7622 7fdc 4378 1f97 5e85 11b1 4be0 2834
535a 70bc 2040 24f7 24c6 64c7 054b 684e 0155 1e68 7b2c 68ec 7b72 0088 5c5a 16e0 386e 1fbd 1835 6d46 3e07 6cf2 59fa 3da3 368e 29ef 4df3 78f6 0283 2f2f 608a 7f82 0374 6faa 11c4 52fd 46d8 39b8 7f05 607a 5989 154d 6df0 7f9c 0cf3 5de6 1265 0906 3f2f 37b1 32ab 2010 15df 1c2c 5a9a 0354 541f 2699
5549 1250 5e11 61fd 4601 2d6f 6220 580e 4374 3f36 251c 4a69 27cd 6e85 3533 1eea 0b14 55b3 6dda 5653 01b2 0bf1 3160 0cec 27c0 154c 022a 0fa5 65b4 13b8 57fc 0b3e 5c70 79cf 2ccb 35cb 228c 301b 79fd 4fa6 370a 6238 21f1 0726 55db 3e82 4577 78ea 49cc 1309 483e 544b 6d5f 30ba 5c1d 2f2f 4d43 3d09
0fa2 560f 5c76 0897 2621 7bfb 070c 14f3 0564 2cc1 2e1d 18e1 6ab6 5566 602a 492a 1c26 5fcb 5d19 3cc0 6faa 66fd 7afc 3656 36ca 0eb2 07e8 2aab 78e4 56b0 5225 5358 6277 3d12 2ce6 5111 3080 1459 2e1f 2de4 61de 228d 518b 4097 5e93 4cf9 7cb2 32b7 3d3e 6214 578b 4f83 5f43 49c5 6b23 6df0 4fdb 7982
0d8d 702a 7223 570f 4469 5a09 0817 48ad 62ec 3973 6ec2 294b 34c7 6c79 6f46 7227 077f 5de4 2525 5e3a 47fc 101c 1688 719f 31ef 74d1 07c7 632e 617d 05a8 2202 38a5 1e99 30f8 1eea 6e31 6b5d 15d1 5664 7e69 7fe4 31de 5a25 33a5 2b5b 2518 4821 309a 1adb 4715 3194 4f14 5142 0cda 1ff6 78c4 3c7d 5fc0
6c9d 3fff
3b01 4a8d 32cb 3672 4699 7694 0488 525a 1c30 6b63 25e5 2997 4c82 63c6 4740 0ab3 12f8 5b07 6871 0435 7ebc 48de 62f8 00b0 22a6 6ce0 0936 3759 2ed2 59ae 4ce0 5f58 56d8 6581 6a72 086c 5fba 2b71 2228 12e7 3ba2 252a 5618 5f60 5309 00c3 353d 12a4 67a6 4433 78af 4d22 49c6 1621 5f72 7f60 6dd9 182a
1a79 68ae 1eb1 3224 2cd4 4fa1 535c 6fce 777f 420c 51ba 6af7 55f7 14c8 0606 3553 3766 52b6 756d 184e 318d 161a 3810 542d 6117 5fb3 31f7 46e1 4056 4147 51c2 4c17 11d6 2581 73de 7d45 4b22 3dc9 624c 27b4 4546 026b 2dd2 28cd 1d4c 006f 3fc5 64d7 6241 07fa 0761 5c9c 60e8 5c76 4fcf 26d1 0356 0108
33f7 2b4b 3de2 70d1 5308 60ed 5594 4a34 02cf 4d48 2eeb 70a7 435c 5688 5659 5043 51f7 52d4 42ca 6725 287d 6716 7c9a 11e5 34d3 0b97 6069 79ec 676b 2a18 5f5b 410c 75ff 6af5 36ad 6c35 326e 1714 5ae7 758d 5e39 4fcf 486a 645b 36c4 33d2 40d7 4b54 4f2c 2559 5500 051f 27c0 2eaf 090a 62af 4b43 075c
706f 1380 338c 26b4 42cb 3498 44bf 6277 1146 621f 4601 5044 0dbf 4666 6c28 50fe 1184 5c0c 5557 1cd4 0c59 0e5a 73f4 04c1 26e1 2c85 1b14 7514 43a7 06ef 2562 77b8 2fe1 77f7 2086 29af 4762 5875 5b94 6672 5665 305a 56f0 5059 0a8c 76b1 170e 32e1 79e3 481b 3f7f 23ae 254e 7f75 2713 203e 686d 5a94
50ee 76c1 77e0 520b 6387 20aa 3529 2c8f 7afc 7bbd 4c58 630c 24e6 42fd 20b8 22e0 6a2f 198e 19eb 589d 7b80 4fa3 59db 2b1e 41a9 5f4d 108b 5a75 2e50 76bb 67a2 1713 50de 663b 38d7 4dfd 24b5 2702 1134 4087 28f9 359e 0c48 02c4 5de1 19a5 2a60 6d94 7464 091e 59b9 5690 08ee 73ab 3562 2dd2 72e8 093a
5f0a 1b46 4ccc 58cb 2653 23bf 335e 4ae0 6e0e 0603 43d7 1e00 275d 1cdb 5d0d 5224 02d0 0d8e 01ce 02fe 4846 236c 3477 35f7 13ee 77b2 791d 5f8e 3388 7b8c 1913 0f27 6d39 4611 4c5b 630a 3ae4 0b16 1be5 2611 5792 63f8 1f2b 6550 05fe 48e7 0e75 2c50 753e 55a0 430f 6ca8 0725 306f 3c26 2ece 3b6a 0265
754d 1304 3f8a 3339 3669 7f59 12dd 0f8e 2f48 77bd 2442 111c 215e 4059 3d21 50eb 6b7e 3614 1f19 122d 1c51 1293 3256 10f3 3319 1f28 262c 5f33 43e1 0cb6 264c 56cc 1a8a 5108 65d2 296c 36db 7131 1b16 086c 0eed 51e7 05c4 1b4b 3c59 0b5e 21ad 5982 44a1 29e4 0bbc 5dc7 0aef 5dc8 4790 6bae 0cf0 07c9
71b4 3fff
7edf 4cee 5fbb 15e3 29d8 0857 5f43 7a91 5c1d 7d58 0fb7 5d58 5862 58ae 42ce 03d6 77f5 3369 2449 358f 0e8d 4414 0b1a 7625 29b2 312c 2b0c 5db0 71a1 7041 5a92 5c5a 5c56 6711 41ac 72a2 543c 03c5 20f8 31fd 7700 2165 431b 6991 62a7 3055 23fa 7026 5b3f 1916 7214 5099 049e 3b5d 0ed1 5070 1080 1a39
582b 37a0 6d1c 7010 5b2f 2f36 28fd 6665 2c8b 4436 0f4f 7729 0efd 3888 3aeb 1ba4 55a9 5afa 3996 0c4a 66fe 43a4 765b 23b8 72b6 4671 26d4 38f8 658a 53ee 5a40 264f 1afa 4fe1 084a 597b 5ece 5065 16ca 2275 1b4f 02c9 2e89 49fa 2b99 3d5d 63f7 0622 5acf 6ca3 3fdd 7371 2579 1132 2f11 5871 244f 15fd
0e9b 19d7 176f 0d18 0b88 33dd 0783 5edc 3f5b 4151 2838 36b0 6792 66bf 2afe 52e6 56d2 32c9 25f8 2578 0792 6df4 2bd2 25ab 606b 06cc 2b20 21d5 089f 3b99 6a8c 5a6d 6493 7fbd 7506 4b67 5886 6548 6839 79d8 464c 14f1 2c28 1cce 42d0 2916 7bc3 2911 1919 2b16 5897 1049 087b 0cc3 39ac 58a1 0d8a 5efd
4163 2a25 4c9f 7e6e 4c9a 09d2 4f0c 16ab 6023 354d 3557 60ca 0261 0dc2 3de7 5277 2fbf 54f5 5114 5826 7a7a 04bd 3697 3acd 7471 3569 3ced 3bd9 2e47 02d6 6e15 55b4 0f4b 2cf2 11c1 6e5b 3b6f 7c63 61fa 1399 41c8 4a54 459f 634a 0160 061a 34dc 035f 125a 4eb8 7ec3 67fa 0e61 2bfb 7d8e 3ccb 3291 168b
54ad 1562 7b42 2128 713d 72ad 1d76 3f57 776e 2ee5 1e1c 7612 5b1c 30ed 2482 6301 1f9e 5655 0312 1600 5e24 6df6 3c79 5c0c 4a28 1319 695e 0970 116b 618f 5948 0b27 6667 5cb6 4edf 6a5b 3261 3b6e 6cf5 50cb 14c4 5a7d 390b 63df 7305 6e07 239d 4205 74ae 499a 1a60 503a 6938 6f59 3964 2909 0278 2060
5894 449f 1929 591f 2b83 1e94 4db6 3884 6f37 6999 63f5 7b8a 08dc 78b5 2eb5 53e2 74fd 631f 77ad 366d 2dac 3114 216b 5a96 5b31 6c54 6d9a 2d71 5952 16bc 2533 6463 4662 0940 241d 0712 1984 2552 4baa 2d69 7194 3b18 4335 2766 3389 00e2 24bb 3eda 60d4 0a52 015a 24d8 2cb5 6bf7 14cd 58cd 29eb 066b
7633 2d40 6cc4 377c 5d6e 4b72 1b3e 108a 4197 5c48 69fb 71ba 3b3f 70da 49b2 0449 44b1 5118 2b94 223e 37b6 58bd 346f 374b 1ffa 31c0 4ea1 4ff3 2b2d 78a8 5481 18e1 53a0 1fa0 6feb 3247 26a9 27a7 49dd 671e 6746 4580 160a 179d 4499 5d72 6f03 10b4 0dbe 285b 00a3 0f39 4217 4f02 4473 1d4a 6eb3 5793
3711 0000
39b7 6f1a 7b7d 2404 0bb4 21f7 11c7 34cf 6fdd 508b 2e1b 4c09 1793 7892 58aa 1578 7f85 762e 105c 22a7 3b77 2cde 253f 1414 457a 6762 066a 0282 7beb 7b89 0610 2e4a 3d3d 3b9d 1462 2207 6d9b 1320 5be3 225a 0e30 3b68 4732 77cc 3ec4 480a 1414 45c5 6d7f 539c 1ef6 3536 138e 242e 318a 773c 7a2c 57c9
1ffc 05ef 01b1 32c3 7666 43cd 7638 0293 4e70 7652 52f2 2375 6fc3 324a 3b64 6095 2289 3cfd 590e 4768 246c 7f3a 0ae7 7214 41d3 3373 6ed3 0a47 0857 6b7b 66ef 3cdc 4dd4 1f89 00a5 0852 0ac9 37f7 59bf 4d6e 390e 6fae 139f 674c 1719 14bb 1ac4 66ec 3f99 33f9 20f7 09a5 5f9a 4247 528c 37c4 5d9e 7d8b
6e3a 5741 03fe 2a8e 2769 0d29 08e4 7616 14d3 62aa 0ec2 143d 2ee9 5249 072c 31d9 3fe4 201e 1af3 53d8 6c69 1d37 3b48 0086 28b3 1f47 45e1 09b3 4bfc 30ca 26f1 0705 64ac 2e4f 07f2 5eee 3c48 1dc8 66cd 16f1 48a4 471e 6768 246c 07f5 79ee 191e 1a53 7c56 2f80 0f2d 3061 3db5 10a1 479f 505f 06c6 3c3f
57bc 4db6 628c 3beb 0b74 6454 4c5d 2779 6a1e 6388 6214 7447 4970 2ab0 5ef9 659c 5636 5966 02ed 15ad 0535 3340 49e1 6feb 288a 30e3 2cff 200c 46c2 28ac 4eca 7f18 17b5 5f82 2b5b 57ba 308f 729b 64d7 366d 5002 4cee 6011 1a36 2700 6e7b 05e2 48c9 26dd 2c3a 746d 5e4f 07cf 53ab 1366 17b6 5c97 1a72
5784 6c44 6bdd 721c 361f 6c27 42f4 7b17 2ab2 012a 6764 50fe 574f 7902 4714 3cb9 209a 42ee 71f4 2945 061d 0d28 0b63 4d8d 0fa0 4c86 1319 0a0e 5612 4225 63db 6ba7 245d 3e08 4b4d 1be2 38a8 2e59 678f 6ba0 3ca8 4ebc 7f80 7f5d 01e2 0d41 3236 75c7 3af2 375f 3798 7d8b 4f77 6207 5e50 762f 2770 14da
421f 2acf 2004 1239 2b2d 3d6f 4d1b 172b 7e70 1eac 12b9 7a4d 264c 42bd 42dc 75d7 19f0 33bb 57bc 552d 4d08 382a 38bf 0168 3743 3959 03b6 26d8 58b9 3931 1b47 26cd 24c9 6d06 11cc 0724 18f4 033b 023a 1ceb 4e02 6531 2677 0390 438f 26a7 1a9c 172c 0dd4 0630 60d5 19f1 197d 02aa 4094 14ca 0c93 2204
5f3f 4eea 164f 6ad6 2330 53c1 5fd9 0a93 2f47 4ce4 1052 0f71 1e69 2ea6 4de5 41eb 1467 6d6e 479f 6e9b 00e1 03cb 3b20 26d6 491a 130f 5b64 3fed 1690 6fb3 2244 022a 7ab7 76fc 39af 49a4 5e33 6660 13f6 4f20 3f3b 67cc 00b3 5f15 3bf9 178e 4e17 0867 128d 2992 72f3 1974 7fe2 21f4 61ef 7280 6fa6 4682
782c 3fff
3cc4 5302 3a23 33ae 194b 51e8 7fb4 2263 42f0 73f6 5a62 69af 2fa8 6b2e 5698 3dc2 3b25 2b92 45ec 1fb5 1019 33a5 6c3a 0435 118f 7bf9 450b 6fcc 413f 59b7 0a87 2b36 1d04 187c 156d 1502 06ea 06a7 1f16 16c1 39a7 65db 7dfe 097f 24fe 399c 6403 4727 31a2 16bb 4a27 6598 2e87 603e 772c 5119 1123 79d6
14ba 2a64 5cdb 21d6 2d72 4de7 4815 6fff 2c81 14e8 02d5 0be5 2054 2d5e 4fca 30af 1651 4f64 128c 65e8 7d4c 43a5 6dc9 1398 7be0 3a06 3bc2 32f5 5bcc 63f4 04bf 4aa3 2418 2755 47fb 594e 55e3 27f1 2216 63ac 27ff 56fe 7d07 17d5 0d70 65db 14e7 1d32 2d87 7c20 10eb 48d9 2853 636e 5872 28a1 5305 58b6
7406 5198 25b7 4bf6 55f0 5393 6e03 3fcf 1a18 3f47 33e1 4233 68c3 54f5 5e3a 0906 7a52 48c3 61e1 54f2 0ac9 7076 6e14 0f69 1b3a 068e 0eb8 1f9e 7755 02a4 63e0 6471 6326 5642 6e1f 4f7a 5f3e 5d61 1fcc 7c25 42e4 7f1f 12d3 49fe 7fc8 63fa 05b4 27a2 77b2 563b 10ab 0ad9 2b52 2856 1db5 45e9 09cb 1dc1
4eae 2a24 3b6f 6c5e 5c18 3e99 0752 70b1 01da 1e71 38c5 4fd6 42b5 242e 3871 56d5 510f 0a01 2b25 55ae 0307 0712 1853 0e3e 3a98 0fad 6570 2f19 5edd 7638 0238 6450 3964 3fb3 74dd 67dc 000f 59bf 21ad 1f3a 5a70 5a28 1e8b 327e 4a45 2564 02ea 059e 46b1 4dda 44b6 6e89 5e44 5ab9 1106 064f 6381 0223
018a 1618 1ede 267d 776d 1e8d 5bb2 18d0 532d 58b8 63b7 5ead 768a 4c87 38b4 0188 74f5 39cd 28c3 511d 41f2 3ce1 6569 09aa 0767 32a4 7bf1 71a9 2bc1 1bdd 17f8 03f8 5749 6871 1d3f 550a 75eb 0c98 4531 0dc2 7ac5 500b 0280 7eb6 3dbb 287c 226a 4071 7eba 529e 76f7 3b8c 6dd9 3ee4 640f 4958 29cd 2094
6b4b 354d 00f7 07d8 0449 634a 7da3 262c 5953 0796 2efd 79a1 5f70 7a1b 1024 0392 1645 021f 0f86 78c0 2597 301e 12cf 5efe 0c7e 2a41 5ceb 50d1 04b1 6caf 39a5 343d 5784 3f79 2bfe 55fd 2e1c 4e4f 0673 1552 5055 39db 0896 47dd 14db 07ad 0592 0736 6e0e 700e 02c1 5fa7 6b68 5277 1ff5 68c7 329c 290a
09d4 4ef3 6ee0 3ba3 29ff 3141 0efe 3d97 2b00 3520 58d9 1660 079b 5e82 26e3 177b 396b 6068 0bf5 6809 3f57 4b84 34e6 77e6 2267 23a4 42dd 4190 174f 17b3 208d 3dd4 215c 163f 31ba 42a8 08f2 3f25 56e9 70d7 6c03 4a42 0137 7f92 3533 5c61 367f 2a64 49fe 6a7a 332d 537c 0145 6d0d 332a 34ae 7369 2ede
2b85 3fff
6f68 5ef1 167a 3ba6 6707 108f 7a4b 2c90 228c 3167 7648 305c 1399 1c9e 46e3 4c8a 72e8 5edc 3d7b 7cd7 5c77 72ae 1e83 163d 6090 3bb2 4a29 62de 3817 4a9d 2117 50f5 6314 0084 77ca 096e 7524 2617 053b 281b 1dca 3f91 7758 7784 637b 1111 5b16 4f44 6899 5dfd 6ae7 42dc 2ea1 522d 24f2 2ee9 0ccb 5e1b
7e1f 6635 44d6 0fd4 0ac1 31a4 399f 5859 6d59 00e7 0717 1fdc 6210 1851 465c 6a54 19d6 5df4 26a1 7b1b 5735 5cc1 5c86 5c20 1506 76f0 4cfa 1f0b 5d4a 4d7a 641f 1cd9 2356 73d8 7f55 4a63 4f19 666b 1978 5317 540f 3b11 500e 7068 7a49 7310 604f 13d3 0456 3b6c 70e4 5d8b 61c8 7fc8 6600 4b70 4823 3fbd
591a 707c 7f4c 25df 45a9 3f7e 51d8 7fec 772c 5b58 4463 1ba8 5e57 22d6 3b6f 30b2 0241 3c1f 7968 253b 50bf 532a 6dfa 4c08 264e 587b 6b3a 6b4b 5de2 1442 57a2 3e66 4798 5c85 16b7 133d 58ef 1aab 2fff 4b86 53c7 048f 3636 5f7b 35ea 72df 07a9 1eac 6e0f 766e 693a 6c01 3672 4bb9 2deb 013c 105b 2c3f
1df8 6b0b 1e4f 3bdb 3eb4 1694 5e9e 5af1 2449 0fb2 12da 0af4 4aaa 5b7d 6b9f 2e83 7dd1 3a30 617b 0416 70a4 5648 24d5 012d 408c 3f80 0afd 22cb 5057 36d3 4fab 1bcc 54e3 706e 665b 4ff8 255a 4533 6435 56d7 68f8 33d9 6c3d 5dab 2c27 5e93 0014 56c6 13cd 3b43 7fbd 7cab 3905 6363 21bb 7e6d 28f6 75f3
4e6f 18be 427d 75da 7c1a 7029 3b07 046c 494a 51a5 3018 6a16 2292 1262 5d42 24e0 1ccb 2ba6 268a 69f1 6d5f 1ab2 5867 6896 0824 136f 2875 2240 3b34 78a7 563d 6392 5c84 7c1d 7e3c 06fe 3428 4af3 6442 610f 57e5 74f2 4436 17b5 193d 4651 5a69 77bb 2413 7b84 53d7 32c8 41da 7d6a 6161 5aab 451f 5cb7
305b 1ae8 2c8b 4796 6885 74a1 7cb5 2bb5 6c38 37d1 59b6 73e0 154d 2700 1710 4588 32c8 3d91 1414 1e0e 1d01 0cca 231b 732d 4178 7bfc 24fa 09b9 1b30 0300 6cda 4cce 7538 3cfa 4f61 3387 3649 3715 0f8e 09a0 67d9 6222 2e61 5082 09a9 3103 7a9e 1431 3299 4239 0700 4839 4811 102e 704d 1c1f 05cc 2448
17ec 1917 24e9 53c5 2af2 1bc3 3098 2352 5ad8 4adc 27be 4f3f 03ea 1d8f 6023 66f2 1c1e 2e59 293f 2de4 7266 637e 474e 2907 2f06 4541 1173 66a1 28af 247b 45ae 38b1 7ee2 2d62 4095 6e1c 5919 0086 254e 37eb 1ff3 5b0b 6ca7 308a 4f32 476e 125d 27b3 3d33 35af 4a5c 6c27 47cd 0bc9 4fc0 320d 4034 0b69
08c2 0000
65b9 7274 5a53 46ff 1872 0ac9 3240 2819 1cfa 400c 0fb8 0396 49cd 5755 0083 52f3 2cbe 3a64 61a2 1308 450b 2f07 1676 4135 3498 2569 1403 1c00 22c2 177c 2b66 207a 1f38 4254 18d5 7c96 290c 33e7 4934 6bef 4a0e 01a5 4fbf 4d00 7a89 5bb9 4298 2155 15f2 0729 2544 2a69 7780 4dcc 09d1 13b7 460c 2771
23f3 2b38 35f3 5adf 3f59 7ad0 3dc1 37b9 7d11 4895 04d5 57e5 7694 41eb 1d64 74c0 1149 5269 052f 4533 5d79 0587 74db 5ee6 50f7 5cb6 4525 69e2 6d7b 37fd 510e 446f 01e0 64b9 68ff 291d 080b 0d36 6a88 458d 42f7 2053 69ec 5092 37dc 068e 0af5 07d1 0649 12ee 609e 332b 2fa0 0a32 76f2 3015 7208 4f96
7d79 554d 7499 41dd 0013 534f 775c 5b9b 1575 3e34 46ab 149e 1116 4ea5 7d7e 4247 7050 0796 37ce 5daa 38ce 2aec 72e4 0c0c 63d1 0d84 1a5b 3c47 416d 5641 76e1 373e 1811 7196 4cc2 0f9b 3651 27c3 324b 61ab 40df 7d2e 48d1 0df5 7036 28e2 176d 0b29 5bf2 5672 4f8d 20a0 1578 5b29 5a38 7f90 08fd 1d03
1154 0be3 29cb 5242 6ebc 13a1 6942 21e8 516a 6693 1845 74b2 3982 29f2 5f5b 65c9 40ff 5c43 5ab5 47f8 7846 7d60 37d5 0478 7458 1240 4d3b 1ad2 7a7e 0510 0f65 454e 4a38 467d 06cc 31fe 022a 7981 6a53 4d12 29bd 4de5 12df 5efc 1a3c 2fd0 5d9c 3432 0df4 6d5e 1c7d 5a48 5810 55f5 6bcf 415d 58d0 4db1
70c8 1ab4 5f66 0efa 0bd6 1bfe 45d4 143f 7a0a 444b 5f91 55da 5e3c 0320 7b3d 5c2c 5a87 2d23 43ac 1c74 0214 0b85 2689 57ec 0974 3818 1c41 54d7 3ea2 36d0 6686 182a 0ea5 15ed 74cf 10b7 1981 602c 2472 17a4 23ae 3060 4200 4677 32a7 636e 22e8 25e9 4538 08c6 7f7c 0a90 02b8 65b9 68d0 7993 1f5f 6388
498b 18bb 7880 502f 50a6 2e08 2576 789f 7bab 3dfa 1420 29f7 51ff 7c7b 02bc 73b8 7d53 0c78 45a8 3e2f 51a6 29e4 4849 6cd8 6052 2b68 2727 101e 0a2a 1edf 2018 4505 20ee 0812 557b 6e02 70dc 38bf 7556 669a 017d 3b9d 4b7a 5bc4 7ff2 44dd 0e99 663c 78c1 64d3 746b 7155 24f5 183c 4db8 514c 66a7 328c
6bed 4208 6e8a 23e6 6403 3004 1b9f 25f5 6f7a 16c0 70db 3de4 3d6a 7c3a 3338 7c50 14ae 2172 29b2 09e7 330b 1392 724f 3fa9 2826 19f9 0ed1 4a7b 2cdd 717a 5df7 6bd9 4e3f 4e7c 67b3 7524 3c08 001b 0993 76e2 62c5 3f7d 4b5e 2fa7 25d4 2903 6535 34f2 6782 123b 6e38 028c 6863 1b47 0183 59ca 7756 1da2
6d49 0000
2738 3606 6298 1f9a 7f8e 56d0 1e0f 5152 0196 20ef 2d09 298e 07bd 6ad3 63b9 19b9 717d 13e2 0c3c 646c 194c 298e 3606 06a8 6838 5267 5c37 011c 0c8d 5ee2 277c 1f72 33e3 780d 3f61 29e4 65ea 26d3 39c3 3b03 5f4f 2e5e 2a79 1e73 0bf1 28e9 3e17 49c9 597f 6db0 3049 72d7 3faf 0c8a 048b 0f50 7aa3 4903
4ded 0bc3 60fc 0d29 4190 2639 5a10 283a 6974 4797 1fca 6d5a 5dc6 3a33 0955 54ac 43fc 60e1 6578 04a3 4fe3 4096 2de3 1d66 5d84 1b54 076e 4e3b 54d7 0567 76d8 45ab 2a56 4aef 4d70 1865 4ce9 6def 2ef1 7804 4e5b 1638 5bf0 0a77 5f0b 5bff 3b13 3111 1957 47db 6cf4 17a6 3e33 0a5e 2df7 62a0 4986 5905
5fa6 4b08 65d3 5ce3 0550 6eb5 256b 1158 1386 2e1d 4822 5d26 5031 1a65 310e 37fb 3d82 78f0 6230 171a 42cc 27c2 5463 3f72 417c 0a5b 74a4 244f 2297 01af 7bb8 438f 016c 2561 2e9b 2b97 7b11 0cef 1ec2 6aaa 458a 2237 5421 659c 0f3d 385a 50a5 63dc 6fb6 5ba8 6e95 790f 15c6 7dc4 2ed7 53f8 7043 67e3
609d 545c 47d1 45ef 480b 14c9 4071 7126 6eaa 6ced 2e6b 51de 510d 1cab 6bf3 5c86 5a14 221b 6068 7225 6f08 2c41 60f3 37ea 5b5f 55ea 7786 121c 5333 403b 6fb3 12f1 032a 45a4 36f5 3731 0ca8 0bb3 7a43 6c9f 6855 1bc3 2da7 2ff1 637e 70f4 6518 1ee4 6681 5d79 4c52 6e6b 6a12 4bc6 19a7 36dd 09fc 27c5
0ddb 5301 2c25 3782 1dc7 652c 2aeb 39ec 732d 6b4b 5da0 5bbd 5026 456f 29da 59ad 4573 6c8d 48ff 19ea 49bf 28e0 05b7 4b7b 5a96 03c6 448d 7229 665e 13ad 469b 6b8d 5c57 6ad3 6bbc 08ce 7b05 5cc0 2f18 2799 4626 5115 695b 4414 4341 5a5b 6e7e 0edb 7e58 7df8 4cfd 1a79 534b 493e 79ec 0d72 53af 374d
07e0 5fe8 0a74 551a 4bb6 5382 7af5 52e4 03cc 6a94 469a 67e0 6277 6a1b 7df0 19e9 0b73 24a9 438e 777e 178b 227f 56b0 3c74 1bed 40b5 35c1 2f49 76d6 5190 746f 34b2 5ac8 40d1 6a78 38b9 2878 13c5 0cba 6d4d 7c62 6376 797a 68fb 3c89 3605 2b4b 5357 405a 6c1a 7c3d 7b56 0f44 4cdd 3792 7e12 4e25 34d5
0fee 343e 3542 1cf2 4f9b 2abd 741f 0dff 329b 720f 058e 18dd 40d7 0cf8 2d4c 3505 1150 6f92 72cc 495c 19ad 12a9 6a9a 14d0 5d5b 7225 70f7 6b06 5cb3 4593 1f5b 0a17 5959 61e5 78f3 519b 4618 5f49 0057 2288 5ff3 1275 5b11 1bba 7cac 0262 5eff 0434 1ef3 2d53 7242 5422 652c 4684 5d38 48d0 51b1 500a
7f3e 3fff
608f 2a92 2057 05a0 6048 4254 5875 3cbb 2d1f 3da4 4e5e 7be5 1a64 7277 5f42 1bd9 35d0 73d6 711e 6eb1 71bb 1193 5490 2037 78d2 5a01 105a 7bbf 2522 53e9 1dbb 34b2 05db 692f 3f81 653b 5430 6819 0053 1ab0 0226 5f4c 6ea4 6ffd 208d 1dbf 1d9f 6314 0bcc 3abf 0d24 09cd 795a 5d48 4731 40f9 4e40 7751
25f8 0754 6dad 7d17 5d4f 565a 561f 401a 3aa6 530b 2b91 684f 6c16 391b 7a88 7469 75bd 15b2 0708 215b 3bf9 56c4 6e1b 6846 63e3 3e68 015e 4654 65c8 51c8 1b60 45c9 7d92 66d7 14b5 1edd 0b2c 739f 5de6 6cca 71c6 320c 2dd8 29e5 764b 3240 0ce8 3722 7f3d 5a2c 3821 737a 5c15 554f 1d9e 5907 6a55 75f5
22ed 047b 6627 455d 302c 76c0 0e90 35ba 2d0e 0996 4761 4031 372c 3e67 5ef3 03e9 635a 5f13 0e36 3509 640f 07ed 476c 5309 758e 2810 1fdf 5814 55a6 1772 5a36 0791 7f43 7537 0a41 7406 59a9 7a1d 730e 55a8 5c89 5f3b 746e 4331 3eab 1781 16a9 4681 4ad4 5502 25a5 23ad 10be 1685 2c23 1529 5d7a 17e1
16c8 2d20 545d 2965 1d2e 4757 2ae0 58e8 0814 1747 1fd0 3986 56cb 1e47 571e 0e6b 4baf 5ed4 0c00 1b9d 0eea 3105 19db 5a9b 58b8 04c2 7cc0 0a01 7583 596a 7675 75cb 463e 5ac2 24b4 109b 5a49 105e 3e2a 4588 4803 4668 4ee8 065b 6199 27a7 0a2f 1520 31bd 6bf8 75a4 5f0a 31d8 2d49 3678 401e 376b 291b
08b6 5227 275d 30a6 6110 0093 10a1 2e11 31d4 360d 3702 30a1 32e5 1a95 1fc8 3848 1e41 14b3 42fa 456b 5c68 1225 1cb4 0307 4c0b 1e9d 5dc8 360c 24df 0919 2b64 33f2 458a 3490 0e8d 79dd 06b4 12ab 156a 586a 696f 478a 0ddd 1f1b 4a1e 4cc9 6cf1 4ebc 3d4e 2054 5fed 5bef 5900 1c61 0e6d 36ae 5dc2 08fb
2eb4 74f2 14b2 4ff8 24d1 3788 4560 35b8 7b7e 1649 1138 1d11 3845 500d 5819 5e51 7954 6f00 01a7 5e8a 0f05 0c55 707f 4e55 031f 50a0 5e66 7ff3 248f 26af 3e03 53dc 028e 3be5 5605 0cfc 1dce 39c6 0946 1fdb 497b 6289 0670 4acd 010b 33b8 1c72 03f9 2361 1bc7 434a 6ba8 2e90 7de6 7428 29da 5dca 17b1
463e 534e 6e92 551d 29d3 4d06 0b1d 63c4 3a1c 779f 35e7 111c 01fb 773d 6b42 2910 633c 7c71 04ac 55de 4643 2100 67f9 470c 6745 73d6 3655 7c22 2bd3 33e8 69bc 06a8 503b 37b1 3025 7501 30d9 7363 6b09 5729 7543 74e9 022e 03ed 0270 1e8b 6bb2 5b97 78c1 3202 734a 1967 65ec 54ae 330a 68d5 4cde 6f05
7f79 0000
5366 0690 15dc 2825 2bf8 5140 11aa 1929 79f2 0df2 1e88 2d8d 29e1 2fac 7549 43fd 3196 7932 02b8 2933 0ac3 31b2 3a39 7969 3dd3 1efe 53d2 0428 07b7 4297 4c87 2333 43fc 1584 2e43 514b 6ade 790f 6140 640a 511d 76c2 7b6c 5e84 7ef7 096c 1147 31dd 7f8d 7287 6346 5821 64e1 2133 2a3a 63ed 3271 01a8
51d6 751b 5ded 08f9 73d4 3413 701a 7410 106d 4e89 4c06 633b 141a 383b 09f5 14a6 5d89 16c4 79bc 5f34 6343 50e5 50a4 11f5 1062 56ad 469c 1e39 32e6 6a02 77fa 450f 52e0 1fd8 0ee9 28ec 550c 5f49 414a 3763 6542 7ccf 2715 6c7e 7841 3c42 1efc 6223 5ba8 1969 4e62 7864 4858 326c 3ad8 4fe3 15ef 633c
13c3 4103 589b 433e 02eb 44d1 2dfc 550b 1f86 698a 113b 41c6 5982 4cf5 027b 792f 7f73 13db 704c 156b 315d 361e 6687 2e2f 795d 2b3b 1538 4c4a 3bf4 2534 012c 4a7a 32a2 1eb8 5804 6f1e 6a71 47f7 305b 34a6 17ac 72b3 544f 169a 056b 6159 6041 2237 51c7 14b7 3535 30b9 0b29 1b6c 2f6d 4695 0ead 235a
27fb 20f8 0458 123f 670e 5b68 0278 7b62 1d35 51f6 3ea0 480e 50c4 30bc 1922 2bd5 1bc6 1503 5524 1f52 2e99 6e6d 4a05 79b6 54d3 5a98 2a1c 60cc 07ce 51e7 7000 69af 36d8 2bfe 7ae5 5d21 7a61 32a3 62b5 560f 1c94 1ebd 47f2 5942 6844 4927 5677 274a 63c6 7fce 6153 7bc3 454f 25d8 09b8 3def 5960 3ae0
208b 52c7 4144 4894 6dbd 00b1 7251 1c49 6266 1666 1889 3ba9 47f7 5484 0b83 009d 0754 5f84 168e 6b68 72d5 73c2 75d8 633c 3e24 1c7b 4ac4 6368 2b77 1f34 5355 3f27 5f17 5532 1e5d 6dfc 7d12 4662 6023 249b 34c8 7e29 299c 6b9c 62d2 3e65 1141 19e8 5fcd 181c 41ec 5a59 3502 7ccf 4adb 70d2 1538 7f2e
6f9f 3278 7bf6 2bb3 51e1 16a2 2090 4fad 7571 02a3 3169 379b 297b 687c 7d66 4fc2 7bc2 1ff6 1a55 178c 4168 3376 36e1 49cf 400c 3ca7 1f73 295b 082d 5573 4aea 705f 0d48 69c2 20d6 642d 69a2 2a7c 4997 2c7d 0f92 6e3e 1e28 7c81 4360 163e 36bf 6430 036d 79a5 428c 447d 6681 41cf 77fd 70e8 5ce6 6311
4354 7334 0bd6 7fd3 2d47 458b 7a51 008e 0d86 29ce 6c8e 5bae 4963 0ec5 5979 6e07 6457 0734 42b0 419c 17c0 7517 0d07 0c73 59c7 4e8d 7b2c 2f25 302b 1b0c 654e 619e 3aad 26e2 7749 5329 6e6a 1bc8 4c3f 6ff9 2ce0 739b 50f3 59ce 7b17 175f 77b8 4035 7cf1 53c1 6502 2eb7 0c97 0bcc 2f89 5503 51f3 77ca
4326 0000
032e 40ea 0e00 7b6f 5b3a 523e 3b87 2d1b 5351 37fd 0f98 7f86 2298 2c61 53c1 21e6 483a 5deb 6a16 2045 0604 2c0e 7d4f 5ce9 1bc0 1b96 46ac 5a90 1dd0 32ec 2185 1446 5315 76bb 38db 43da 5e2b 263b 1a13 5cc1 3ab1 132d 7df6 5cd7 0317 3266 1875 0527 07e7 0650 1fa3 3800 46f1 0018 78e2 7331 5a84 72c5
46dd 7b03 240e 193b 5d42 17d0 0ef9 4d32 359e 20d6 3c65 28f7 0dfa 7320 1047 46c0 1976 7e2f 2969 66f7 7bff 3d4c 501b 2f04 10f7 2da5 51a9 6b0e 073d 429c 6a8c 3149 73da 1420 0cd6 31f5 5290 2f73 4711 34bf 2de6 4017 327f 1044 2a2c 79a7 207c 1d86 4738 2ac0 1842 10fb 02b1 0cd0 10c1 0029 4c30 7f28
1195 2c21 4a8f 20c7 4247 2d2b 3420 268c 14df 4e17 377e 3e5c 5497 5571 5049 737c 45f7 3799 0804 69be 533b 4dfd 0e5f 105b 6ef0 7044 6166 6fa8 04e7 5e3d 5074 25bf 6aa6 7584 20db 298d 2479 357d 5ae2 6830 6dc6 65e9 6804 6fad 60bd 37ad 07fc 05a2 7ab1 37e2 471e 15fd 5340 762d 438c 286a 5aa2 00c9
67a9 24bf 13bf 21f6 02a9 7276 0c9e 630a 0982 21af 0e47 4be5 22e6 4928 008c 5c2e 0586 710c 7ec1 6235 689c 4fad 21d1 10b9 25b7 56a8 7e1b 42b9 30ac 58fa 4d0f 150f 68df 4a8e 339b 07ee 4ba7 7bb3 11a6 7b7f 4163 0f1f 59d0 4c85 39f2 7c9d 0067 1686 743a 32bd 462f 04d1 4d9d 6811 0eed 422c 7dc0 593e
238b 2218 3337 2d5f 4091 4766 1cd9 05fa 71ec 4b1d 75d1 5ef6 5818 1073 141b 1017 71a2 4fc7 3248 4a66 262b 3dc9 5b20 41ec 369e 65b3 3cb0 676e 03c0 303f 4dc9 0032 375b 6739 4aa1 54ae 4899 31c1 1828 35f0 00db 63c2 6d39 77bb 6bdb 4392 15df 5f26 6201 3c2b 6352 4f63 217e 27fa 1572 7507 5017 7f7b
7fba 73f6 75a3 38b6 30ed 60d8 1c0d 762a 7a0e 27ae 2c22 0ac4 6592 39a8 2641 02b2 18d8 773e 33e4 48b5 3c78 3e89 4dd8 414e 41fd 1fd6 21a5 3c10 5b31 7914 6518 652d 7e47 6285 6fcb 5fb0 1ad9 5e22 3bdc 2244 4ad7 7106 6f99 5e30 7883 2892 278f 17b9 20da 2391 0ea1 10cc 4f59 25fb 12db 1e87 43fd 126f
69c3 04d8 0294 0369 55c2 70f3 10a0 7da6 07dc 119b 66dd 3ac4 0c70 5df2 6651 5466 1ce4 5cb8 7537 238f 6517 16df 7582 7b3f 637d 0ef4 2aa5 587d 209c 753d 6da4 2440 78bf 38df 3f28 7b9f 7c31 0e85 0989 7dcf 2ee6 771b 5bf4 2b46 2d2c 6526 2174 13e0 65b4 29f4 38ff 29fe 4291 6278 2adc 6f24 2b4f 52ea
722a 3fff
7252 7999 7251 2b98 0628 69a6 06bd 4903 0624 7d8a 49c4 113a 443b 7440 0cb6 5e4f 06c3 12ab 3d0c 397a 309f 6f80 78e5 2864 79ab 3b70 61b4 55b5 4d31 2049 4a69 53e5 38f2 6803 73d4 60dd 3c23 3a7a 2454 077c 7316 5725 452e 639d 62e7 7b13 46e7 004f 10d1 689f 1276 3611 3a11 0f29 7a69 03cd 6bad 4ad7
2f7d 68f7 08d2 3f36 42e4 067e 0733 1f5d 709a 4b26 36e7 6333 113a 7f44 73cf 47fb 65d6 70fa 71a8 29c8 47a4 036e 5dbe 55e1 194d 7b02 75f5 7f75 04b5 3b31 5972 7651 19b0 011c 42dd 347b 1969 5d5d 158e 1e24 60db 41a2 6950 2c4f 4d1e 6083 6edb 18c8 4c2d 00f0 6d43 4a40 3571 0deb 40b7 7c9b 4992 76c7
1dff 3593 4b49 4683 1227 16a1 0e43 52b9 2452 434e 504a 4318 06a3 2c10 6a3a 7c28 141f 00fa 14c0 7569 6407 0172 732f 42bc 3d51 275f 3451 1a25 755b 52da 14c8 1d86 4af0 181f 2ebb 4b08 4eaa 32c5 6276 351c 0be1 6464 34d4 0024 6546 3ea6 67c0 2f4b 03fd 0f2d 205f 0c78 1be7 23f4 7a09 2aec 1bce 4014
48a3 426a 622d 0d0c 2b04 2ed2 23e3 740b 7c7b 5615 64b2 32a6 408f 5d34 454c 51ab 6c67 2e6e 51f9 1fdc 7c23 237a 407c 6102 0c19 04d9 0bd2 67c7 5b1a 32c9 053d 7c8e 30f3 2ba6 1889 72b0 7572 4ba3 4bb1 1216 2e1c 7b02 6f9f 3799 5862 1d41 23da 5c81 4e12 280b 7044 631c 4a29 1f96 17e7 0dc0 6757 066c
6aa4 3ec3 7825 1155 3bc6 64f3 7d3f 63cd 7de2 595d 5382 09e8 7bc8 3679 00d7 1ea5 03f9 28bf 2781 69c9 0bd3 07d7 4c49 48ae 511e 7e21 5e1e 5b06 5aa5 3b95 7b69 283e 5551 58e1 534c 0ac4 22ca 4f3e 7405 37af 7e57 74e0 3777 15e1 2108 08a1 6c29 4213 30cc 4d21 322a 5bb1 3b14 4439 3529 377a 4382 5163
3eab 7c9b 0e89 539c 7b47 550d 3c33 5030 60c9 331a 076a 56f9 40c4 7970 1680 22bb 088f 261e 2f26 1b05 688b 5999 6447 1a70 397d 628d 5683 1ade 2358 282d 63db 231e 2066 4d59 02c0 7f5d 0075 5033 3c6c 6a26 0270 7633 67f9 1e78 0812 4af1 4062 3d1b 3ad6 791a 787c 6cdc 39df 742d 20bf 29a5 7538 1696
5f8a 309c 5628 5599 6762 6409 61de 4ff2 685a 5e65 7fa2 04ce 3149 4d05 6ced 7e6e 3782 13f0 5293 38c0 7821 7e9a 22b6 04c9 4316 5da6 4a33 4290 48bd 1c51 0e79 7fe2 632b 79f5 63cc 7ea8 4d35 359b 3bef 34d1 5d60 41ef 1f6e 47f6 7c0a 5940 7ce6 61ba 63ad 5b61 3047 4cb4 4d46 26bd 2f62 2c21 0d9d 094a
51c1 3fff
014a 19a8 73cd 7a02 1914 082d 376a 7d0e 2387 778c 53fa 788f 770c 7dae 7bd6 5a50 3cd9 20a6 1daf 6d30 2db0 4d10 6b6f 23d0 2376 7da3 3d9d 33c3 2c81 48d8 69a4 23dd 65f9 576a 027a 2d36 0072 552a 73f4 6e16 4c51 52d9 5d78 5772 42b1 606c 1c37 66be 789a 2357 6754 6cd2 78e7 7f2d 10de 2c05 68f4 4164
4c50 19ec 0f3c 5ea9 048a 01e3 6ab9 5a06 6a91 7126 7de9 6980 276c 1abe 492e 54cc 6314 1266 261a 448a 2d30 67e5 2686 63f5 2d7f 6286 116a 65fa 0461 20e2 7d12 19e9 7068 4b8e 5d85 7d7a 3704 0fd7 045d 3ba8 297e 5e86 20fc 7064 7adb 468f 5b45 3394 364a 763e 1ccb 0211 4c12 79d5 2528 2a2e 6cc6 79ef
4e68 59f2 5d86 2135 5c26 0430 6d69 5ab5 4049 2a35 1780 5ef5 1a7d 3a3b 6bb6 2b8a 0a35 63c0 6c48 484e 2c71 3093 021b 5300 553b 221e 3ef2 5108 20be 373a 1d1a 7d5d 32cb 42b4 0147 15a5 1282 3a6a 4376 52f5 6ed4 6c2b 1c22 1165 46eb 5004 6646 272b 2216 14aa 3d5a 65bf 029c 34a8 786f 2f58 61c7 0b94
57f3 6360 2919 7a9f 431c 4387 1f67 653b 2d3b 5c12 3484 1457 1998 33ec 26f9 2d39 3cf8 3648 6cc0 4fda 02aa 0fd7 111c 2ffa 2dea 4bea 61be 35a3 1fee 31cb 59bc 055d 5ff2 2676 6e3f 5667 7b67 0853 7e9f 665b 5847 2f1f 7cd9 1db2 6f60 2dd4 1534 7741 3753 67d3 3456 25fc 6d26 5ff9 316a 0db4 1191 7c27
51f6 3657 082d 595d 2d35 31db 0e14 2055 363b 6254 68f9 31e4 3254 316a 18d9 3171 15a0 2a94 6e4b 24b1 7d7c 0897 74ef 4aa5 5aa3 65b8 0b3e 5623 3b7e 2441 7c72 3390 352d 607f 393c 6399 5c16 71c0 5ec6 2222 499e 71f5 3989 09d5 3fdb 5d02 3895 7448 3463 0ac4 35b3 472c 3bc3 698d 2f84 66ba 5eb7 68d2
7d0d 6db4 2467 26a8 5999 4967 18e7 5b19 74f1 1546 574d 1ab1 2ac8 00be 4fed 4c85 76a5 2240 3827 045f 6c25 6872 35bc 1355 20c5 1bce 7661 0a6c 2a62 73c5 416e 0bb2 7fba 027b 5310 49b4 7435 6d52 3f10 503d 1bdc 21ec 59af 5fd8 37ac 1de0 6642 4d77 3ef7 50a0 77ba 121a 4a95 679a 2f5e 1a82 0566 449f
5824 7786 6086 0cdd 213e 3d35 745f 4479 1e68 586c 36cc 1ad3 5dff 5a98 7bcd 5abc 3ef5 54e7 24b1 3e48 7561 0230 3c9c 0346 1a92 06a3 516f 4142 67a7 40c4 71c5 58e5 2db0 016f 45d8 3794 0945 260b 4271 70f8 2608 688a 3e30 27c8 203c 65e1 352d 7ae8 1924 3fdc 77bd 7a3f 023d 1659 7dcf 05ba 4925 5f93
314a 0000
0a84 397d 1628 3836 2b2b 6201 4ac6 1498 4cfd 126b 3437 335f 7464 1179 0965 0642 3e90 5876 11a0 53aa 02f1 04e4 0a1c 6408 5082 2501 4749 2537 18d0 2e42 7946 7573 1c62 48eb 04f0 6e93 747e 2bd4 0f95 1085 7413 4fe4 372e 5000 7a8a 3d0c 3a7a 0ff3 34db 1374 6f9d 005f 5bad 0065 3068 1aae 2283 145b
45a8 3f80 274c 6444 4d77 6965 2e81 36a7 07ca 0cba 342f 3083 4ee7 7193 4992 117e 6b2e 4e30 6763 5950 1538 35ab 59b1 0b6e 5e8c 212b 310a 2957 495e 18d8 1ac1 32d2 2c09 47bc 5b5e 3035 0fa5 6b86 3d96 2796 368b 3ae3 502f 1798 6969 7268 3b31 1a84 33a9 499d 6c13 2bef 14fd 411e 52c7 6a09 75c5 7755
041a 41b6 4e4b 40ba 5491 1cf4 5569 1f65 5ad6 6cc3 301b 0278 2d1d 5e72 57fc 793f 6c32 33f1 7422 03c0 0120 0c7f 4a92 59c8 4a4b 7d10 585b 10cb 1c8a 6b4b 5549 598f 006c 4f66 6cda 398d 0d95 7ced 74f9 060b 14b9 26a6 7b95 54ac 7d20 2448 4ed2 6b43 6e1b 057c 4504 68dc 18c1 0096 4e5e 2676 55de 4794
4406 37c4 18d5 12f6 19b4 14a2 6efa 1cdd 6b59 3503 64ba 425c 347e 3f34 34d9 1521 79a2 09a3 422f 46e2 4551 44de 786f 34a8 43de 23c3 247f 316a 72a3 736b 28ef 774c 3ed8 44dd 4b0d 32b7 4bb8 4003 7cb6 02a6 2b27 6320 1e88 0e18 3466 3f6f 59f5 5c93 6123 42ca 7969 3e9a 50db 2dae 0b43 22ba 147b 6a9c
0557 68e4 5b8b 4102 3e2c 48b7 54f1 0a35 48f6 6c2a 6441 3fd5 0b11 5804 39d3 12db 1c8a 7e3d 1f68 35c2 7e79 1cff 78ae 39e3 2b70 3cd9 1316 4f5d 10e1 5307 2d3e 28ca 11cb 3302 2771 6b38 52b6 2efc 2193 25fa 1266 3ae0 0c4b 4e1f 5493 213c 5c71 1cff 11b6 6eaf 01fa 14b4 5e4b 4ca9 48fd 28b6 16a9 3a14
5780 72cc 1078 305b 2a69 3e03 495a 6d6c 297b 2b14 1a9c 04f2 4b83 6406 4146 2a6e 620a 2099 2772 5e53 412e 7b0b 67eb 253b 2a79 5cc7 12a1 79db 5582 6480 3101 6c8a 5d8b 3750 66ff 22fe 5b4c 2143 758f 6f95 5476 0611 0145 0a20 174a 0a6d 362b 00b8 3a1c 4cf4 022e 7f16 65c1 2daf 62ed 7288 341a 7233
602f 337e 32c8 3885 2338 0c2e 600e 7055 650f 5de0 0a3f 3410 7370 3bcc 2f8c 744b 4fda 7565 5ca3 25ec 7b3a 7231 7155 6e74 581a 7999 760d 4206 5a1f 3e44 3844 0b5b 4b6e 3d01 6988 4aab 7355 2de4 4d40 199e 511b 788b 6109 429d 5336 1133 77d8 5851 62f5 2edb 7214 5a1c 6c18 694c 3308 6fd2 5186 6a54
3304 0000
299a 1003 7139 690e 25ce 7bf4 12fc 6cce 5f96 74c8 6fbf 1e9d 432e 1ee1 7e77 7657 483c 57f6 205a 2463 3c95 3606 418f 3f55 7ba9 7e32 1ec3 42b2 32be 5ace 2d65 3377 7226 49c5 3d81 5611 3a47 4d54 66eb 54a1 636f 612f 02b5 03ff 0f50 3cb3 0588 4e13 59ec 7a38 1e7a 2bfe 2140 0411 70e0 7e61 0725 5079
6df7 6b18 2113 66cc 0166 31b3 0907 38a5 37ba 182f 6dff 01a2 4f5c 2973 2ef4 5a4d 05b8 0834 2e8f 0351 7894 4dc0 46b0 18fc 3f9e 5b88 6e5f 674c 4c7e 57d2 35a7 6ec2 187c 1837 797f 3742 68a7 5ff9 7659 589d 760b 32a1 1790 7d8d 1d7e 16ed 0084 02d2 6c30 1046 2b5a 1d43 2bdc 60ba 1bcf 1ce4 1229 695f
149c 5813 7930 2aac 1f7f 71fe 068e 2fc2 1dd0 624a 7b79 4576 3fe3 16b1 0f34 48cd 74e7 07d7 73eb 245c 32ab 1ddd 6ea4 7497 5293 5430 532c 4590 2c95 66db 5964 35b8 044a 4246 11f1 3e7d 0211 2f21 275d 4976 40a4 1992 7bff 0e3b 6a46 5143 1007 67b3 3748 712f 5c3b 1ad2 5e72 3658 4ebe 1f93 1e2d 1ca3
4d30 31c1 1353 6530 312f 15b1 3991 6c51 1fbb 2aaa 3948 34da 35d7 4e93 177c 2af1 3aa1 136a 408a 4677 4ef7 0da6 6a75 3047 1b83 21e3 214c 6243 44a9 2107 6614 6f8c 0330 68ee 0faa 435a 3ec8 4547 4fc5 2f63 3993 147a 7932 3b34 481f 59f1 4452 2ac1 4c13 6121 0861 3fe9 787f 6029 0f92 172f 5ef2 7c9a
6fb8 2d2d 0f72 0b7e 4beb 1664 2ed4 07b3 0f9c 1db7 3a9e 54b2 4ed7 4365 70fa 2696 2db9 7da2 5f2e 67b5 3b79 6de1 1a3d 7ae4 4bf7 7fc2 5e66 0a45 7d18 5115 64eb 0147 0fc4 4784 5dd2 5a63 4e0f 644e 5efb 151f 3c66 58b7 3f99 7675 08e1 5f66 489a 0e19 65be 0d0d 1516 7d4c 5e77 4a83 751d 67b2 7374 40eb
3bce 14d2 0c38 4a52 4d14 0112 1410 3847 64d4 39fd 55ff 324c 1511 55fe 14bb 7054 2fe8 14fe 21c7 5ecc 3556 255d 2ee3 7a1f 0733 1410 765c 0cb1 7c23 1cf7 2a4f 74f0 0094 6703 387b 1315 7630 324e 2622 0b8e 72bf 2dde 5574 4d65 3774 7c9f 51c9 4cac 710c 050f 6615 3dff 0af1 5464 0b49 3687 0625 27a4
5f08 0cc7 2893 3913 5cfd 720c 7241 2c6d 70f0 4bd8 3d0a 0403 3d38 054d 302a 6dab 6352 7d95 71cc 3d1c 1ff6 57bb 4e32 5ff1 397f 2f95 6400 589b 0cd0 4e2e 1f15 153a 53b4 5926 658b 0899 38cf 1f94 6687 693f 1830 54dc 2cc6 2825 37ac 7510 1ed3 238d 4f45 0491 0ab4 123a 00d1 334e 29ab 2d06 524e 4db9
1fe5 0000
2d14 15e0 1b5d 7981 2964 1974 2ec9 56b5 23fa 6987 61a4 09eb 1c12 1bf0 6091 7134 225f 0935 5e96 6a37 759d 2cc1 384d 0291 171f 4e2c 7ca5 5468 4629 5104 4e52 02b7 4012 6bc8 0abb 08c8 0cf3 5d91 12ac 03f8 35ac 3fda 202d 002d 6d8f 30fc 4209 4ff1 378c 1793 2da3 71fd 0f90 07ee 402e 6d36 093a 5aa3
4098 7cef 1b6f 0383 58bc 10c9 08a7 0c72 23b7 5135 2519 18c3 3880 674a 58c8 7ad2 1f3b 1fce 6491 51c3 5026 21a7 4108 5cba 1ee0 0534 6ded 79bf 119b 5341 5292 3ec7 0560 4e4c 3c0b 43af 606d 0441 1639 527b 6fde 642f 44d5 1e38 1dcf 7acf 5885 7dcc 3bb3 38fc 3c7f 7d11 064a 3282 723f 7915 61bf 3170
6c13 436c 0a6f 2ea2 4243 64dc 001f 743f 40a9 2d78 6c44 298f 75bd 4279 56e2 551b 7469 2274 1c97 3ac7 6ec2 08f4 2d77 69f1 14b6 7e31 0c9f 17f6 55a1 67d4 5af7 5518 3c6d 7b64 4dd7 09f2 50c5 6faa 0b9b 6f17 3f4b 7539 3e71 5d10 081c 6572 4b75 5d6e 4a50 1a46 471c 784b 02c2 2c77 1e06 0f92 5185 2e92
33e6 79f0 3c94 6b25 2249 5acc 0293 1587 07cc 323b 26fd 5047 53cb 3fec 455a 7c4c 2cdd 22c7 4fb8 2fb8 2bfc 4d50 4a18 2cad 6ffd 72ae 2f44 3d9e 536c 6026 02da 548c 7009 567f 769b 72c7 46bf 3b82 3204 60b5 36d0 1d95 406f 5c65 30f9 18f9 724c 6825 2429 5057 4624 7ae3 60c1 7a61 4a0c 4c1f 5a63 2244
01eb 5885 37b0 4238 018f 1ee9 3941 6323 6e49 0082 7a36 07b4 31e7 0f4d 2700 0211 700a 708b 60fb 326c 1189 2fc0 755a 4c4f 1e23 6f32 0e4a 1e4b 3241 5b8d 7b72 64c1 70d8 0014 698d 3bc5 1dcc 7db5 7b53 5f39 6cfc 7bb5 16b8 318a 55c8 36a4 7649 5de4 30a9 2a15 7cf1 175d 05b5 2d31 40d7 374f 50f6 6131
1f61 2fa0 50ff 1e6f 35e4 5c94 390c 3ffa 2504 133d 445e 0fc2 22c3 2659 17d6 474d 4a67 7c8e 6f24 3625 3f07 4d7c 10a8 2ae2 7944 1c86 04ff 29d0 7827 4f39 7c88 3889 4a7c 3ae7 77e6 63b7 2e62 79f9 4519 0282 5ff9 2727 6f5b 39c3 0ad7 111e 42c3 6fc4 1a1e 276e 1eee 242f 5744 00aa 009f 67f2 34b6 5da8
49e9 5df6 5845 4e07 7430 2061 5966 3e18 4911 5235 759c 34bc 7f52 0c9b 22da 77ae 30fc 465f 58f2 714e 4920 1d25 46c9 35d6 71fc 4165 0209 748f 26f2 70de 7b21 58df 3bc3 7ac0 58f7 245c 6c3a 7463 16a8 5770 31b6 1599 5b6a 3859 1c3a 7ef7 4339 5a4f 167f 54f7 1fcd 7d9b 4e9e 087f 62c1 60d3 6abd 587f
79d6 3fff
1ffa 1725 4dd2 230b 7373 7b8d 252e 3536 7c46 4348 7c2b 689e 1ea9 4205 396b 06d6 73a6 56a6 4d8f 2cfc 47fb 0342 0ee1 2652 42e7 6b51 2e24 254f 756c 22e4 6de4 37c7 1127 1194 2c1a 45bd 67a5 479c 5cf2 1f97 7b2a 6127 00bf 7280 3a8e 0055 7114 51ed 1439 03ea 2d09 7d10 77bf 611a 2f7a 00e0 24c4 008b
75aa 03a9 4bd9 6c3a 5139 11cb 62a3 5b16 5350 6836 1955 58f1 071c 5e65 34d4 7b38 634c 6348 4711 60c5 5739 72ea 4437 74a7 059f 4656 5702 09a3 10c1 2df1 2d63 1293 1906 4b10 77c6 4e69 7f18 28dd 1476 243b 1a0a 24c1 6ed5 51d2 3aa7 4c7f 57b8 6b0e 6e92 3892 4e0d 6258 7942 4a92 5b6c 57c9 43c7 4ce6
464e 2377 25ab 10a9 7725 26e0 693e 4ac3 1ab9 03a0 1d30 5235 0ed4 0447 5a7b 7565 0807 0ff5 1981 0f6e 36d2 0bc2 44b2 02bf 2d52 2add 53c9 746e 0f53 24aa 732f 3018 42bd 6bc3 319d 7b07 69e8 76bd 6cf5 3bac 4593 7b92 3665 0bfe 1c51 62d9 7ecb 06de 6df4 2274 26d8 2235 7156 7172 4ef4 1da7 3f61 2da6
3358 7bad 731f 16e6 30e9 3f18 52ef 2763 61ec 106a 0a9d 6b46 786d 0793 0f21 185e 37c7 253a 3c44 4700 164f 66f6 164d 267b 1dbe 19f5 7035 6806 160f 491e 5788 36a1 52a2 35a6 4ae7 4c73 341d 61d3 65f3 4fc3 1e9c 039e 484a 1fcf 488c 170d 6782 659c 5021 1301 1052 4371 6b6e 2f0a 2c37 711b 5565 1b7f
285b 0ea2 42e4 7f75 0c28 0b9e 3221 0da3 7dc6 5791 09c0 583e 5128 4aff 7810 3b97 2abd 56a0 1c23 1705 3ba1 73da 5780 59b5 1f7c 7cca 5f83 63f1 3615 216a 5a7a 21a6 692b 7404 6f48 12d9 53f5 6f8b 34ba 2588 62ba 05a0 2324 0922 3165 5dd6 3c53 2221 452e 72b7 339c 0b7a 4a0f 5e90 44c5 4ca2 76db 20f1
6adc 2969 120e 0576 293f 42a8 5294 6c85 4ca0 5daa 3328 237d 5aff 583e 4086 02d2 5b39 031d 3488 4f17 665c 1b97 66ec 3bb2 3ccf 1662 1d7d 3795 5046 4843 626d 1dfc 3182 744c 0faf 52f4 6aeb 24ac 6f60 48d1 6196 3f9c 0e89 7dec 3563 37fd 4259 2d14 02ff 3827 4410 052c 5501 22c5 1b19 3a1d 6919 31e6
601b 6469 6b97 0e06 0e2e 5a61 6a9d 2130 63b2 1b27 0df0 3c0f 6c21 0d7f 2fb0 5a00 07a4 6060 3d04 764d 28fb 2801 26fc 5ee0 179a 13ea 6b43 7834 2766 5bf8 3f02 42ce 556a 662a 601a 0de5 2c66 7121 05c1 7048 3b08 40e5 7320 6e77 5329 05e7 1850 4156 322d 2021 6518 53c2 560d 5b83 5a2b 0842 3232 65cc
51c5 0000
01cc 5871 15ee 3501 1c9c 682a 50bf 4c50 3721 797c 7584 7374 1e4d 579f 52da 0d56 543e 3ee1 5629 7185 69e7 7949 76b2 0053 6fad 3851 41db 7a8c 53a8 529f 6456 0220 2d95 434d 764c 7ae7 43df 4f72 0373 18b5 2a4f 67fe 2fee 7e24 753b 7856 5e94 181f 0c2c 0f3f 69d7 2d78 6aa5 1a1f 579c 2807 4296 3f11
5cc7 3fc9 3dd3 0009 6d40 2373 0ada 5dc2 4f2e 15dd 2612 54bb 1353 2ee4 0770 3b63 73e5 0f66 6735 1a39 40b0 1eb1 7022 3dfe 6ce0 3837 65aa 3dac 6649 52d3 0576 09ee 5d5f 5a20 50fb 6158 42c2 00a7 3121 7251 6120 09f5 5cf2 1948 5c8c 6676 0fb3 71c6 10d0 3f5a 5642 16de 3c74 4bd8 28b7 7769 7e6e 4cdd
7035 3464 7382 76cd 70c4 4569 1bf2 180b 3387 537f 5e1f 6a55 1f42 7c20 6a0a 559a 6823 4fb1 7c78 708c 1a4e 0fc3 6a52 21c9 3244 349f 35c1 3272 5eaa 314c 1c7d 6d6e 14e0 13e1 4670 5c89 54ce 51fe 6a82 04f2 5c5f 4450 27b1 308c 2983 57c7 52ad 6daa 5bc0 18ce 5f05 3d1d 6e04 56c2 35e5 5063 157a 2311
7dff 64f2 441a 7db0 25ba 538d 442e 51d5 6d85 4842 7674 1ca7 17c8 3553 598f 5012 2184 21c0 00ec 60d0 5612 57fb 17db 7018 337a 1c8e 7415 30fd 3fc7 25a4 1318 3ea1 0860 43e2 4772 0918 59c0 32e0 6f6c 0738 1515 6bce 1df5 0509 4297 4166 4d3e 3f67 469a 6ab6 2d14 219a 1c97 0c2e 4b28 3d67 4823 1aff
5d0b 361b 200f 0256 7c8a 193d 3b41 1d6a 37bc 104a 72ba 5f9f 4915 4268 3dbb 6978 1baa 0c06 6fdf 67fb 4c32 22ee 0cc9 2a59 5ee5 4570 2092 60b4 7a5c 2261 1f1c 3cd1 06f9 687c 5696 0217 18f7 700c 16fd 5d68 6708 5f74 38e2 4951 2fcb 1c83 5a9b 3e08 7c2c 7170 5415 67d5 2426 1507 0a65 68af 62bf 2d85
629c 75fc 4d41 4c46 6716 501b 0824 4255 69b0 7ffb 074a 6208 6e17 58f2 40b8 3660 45f1 5b3c 0ff3 48ec 028e 2a94 0bc6 15f4 585c 722e 69d9 13b1 5124 3c92 5983 7d76 30b8 2968 1cc8 6ed5 0322 15cf 5565 7f3e 7922 083b 00a7 450f 7631 65e8 324e 44e6 1750 5cfa 0597 333f 6a74 156b 374e 1b75 5b0c 4633
19c1 0ca9 40c3 2353 1923 6012 7aa2 7eb2 560c 2701 3f5b 1a87 4057 6d03 1be2 219a 0af1 077e 1eee 385b 4b63 7431 4908 485c 658a 0090 2d12 4b82 7c09 26f6 501e 51e0 75ed 7d3c 6ebe 2863 75a4 6bc1 464b 3d42 2dea 69dc 555f 6fd5 7873 1a11 5a99 1597 0700 15ff 692b 5a43 16ce 78ca 2b94 1a90 60cd 7157
202f 0000
6cc4 68db 5900 15de 3624 17d9 1fd0 45d6 4e30 5c14 4616 5310 78e7 0f19 316c 1a4b 7b21 50ac 5d73 250f 263d 41f0 5c58 5e2f 4cba 0524 2d2c 7db5 5afc 7bd7 384f 2803 2fd0 6163 0326 4883 38da 6f76 2d10 57dc 0050 7f8e 1f57 34c2 29a3 245a 4c53 7b4f 127c 61ef 3656 420b 091b 0823 2e5d 05c4 31e6 6d9b
6a11 106f 61be 4d2f 159e 568e 6d15 56c1 46af 239b 0739 3062 3516 64a8 4fd5 707d 0729 27d8 69b1 3dcb 48d8 1295 135f 3fd0 7a0d 2728 5ab6 247a 30a8 6b9e 0de1 48e0 1bc4 0f1b 01b8 2233 7a7d 1d83 1af9 2a34 1868 762c 6641 3d2d 11ff 45a5 314a 34cb 1bda 6591 458b 3fff 567a 72b0 0a57 26dd 1f03 1b6b
28de 72a1 444f 2651 5667 1f80 658d 314b 0cf7 434c 0b7a 5109 425f 3d5a 6450 2da5 12de 2bba 70e3 6b76 5a63 489d 350f 77df 1c5c 3ed7 525e 7011 1909 33ce 4101 6366 1a33 11fe 11af 6366 63df 3ce6 0fe2 373f 4fdc 6aa5 3521 459c 6219 603d 5941 2972 55a5 11f0 72f1 4af3 1443 1fe7 524c 5fd0 623b 3832
00c0 4f5a 4cae 7956 27a0 3ee6 4a44 4c48 5133 2165 1542 62d4 582e 5ec2 6226 3b0c 0d9c 5dda 44cb 5e4d 3174 4e80 3293 576b 0438 22a6 3176 2d13 3a16 005c 544e 39e0 08e3 7a04 28f5 05f9 5440 0e91 0f48 3c07 2871 02a7 4278 07ae 6fcd 71f2 0c72 06f2 01ec 68e7 4aee 2a7d 42e4 045d 3ed6 58a6 3389 2ee8
75e5 1f6d 54eb 3516 3f83 1d1b 633f 4055 1b9e 3236 1e65 02bf 6bd2 1f71 1905 44ce 3fe2 26db 0a62 6a22 0057 1693 5d98 5e63 64e7 2941 6d5e 6837 46da 2c62 58b3 45cd 4fe6 25fd 4e9e 3b41 47f8 7009 50ca 53a3 190f 096d 501a 6d52 41a0 1cc2 4143 7860 2503 7d57 0812 3b87 74dc 122e 50f2 40e5 1640 2559
21ba 189e 1006 21c6 6fec 484d 096b 40f4 7141 6071 6777 2a8d 3ca2 18d7 5ae4 3552 0b34 7c62 155f 773b 503f 38cf 2140 5233 5da4 5afc 3826 1165 4f1a 426e 5c58 2e82 01ce 6a06 485f 7d89 239a 387d 3c8d 1eb7 7e52 4fb5 6073 0afa 0e59 1ed4 58b9 2b0b 6188 07c6 7100 507e 15c3 0ce5 3d8e 163e 29ec 3087
7ea8 53e8 7b0f 10e6 666c 00cf 2963 1b99 55fa 2e09 5e0d 178b 2695 0775 1360 5cae 4b9b 42ea 2d3c 5407 3ff7 7a8e 2f67 5833 2926 0b2a 6a86 4b91 2f08 3ffa 1287 7c7e 0143 702d 44b9 6f1c 79cb 4ae7 095a 43b3 2942 1a6e 3750 5cde 5557 3a2f 399f 338e 7b2c 48ba 3e81 094c 5e27 39e7 6ca2 7b4e 657a 1c4b
4ebf 3fff
08b2 3c5d 4f5e 5167 5782 4927 453c 639b 6579 69af 7923 0947 0510 0b1a 560e 0ba2 2041 00a4 0821 3aa9 6a66 67df 4cd5 54a5 4f89 00cf 16e8 6f31 34da 5a1c 469b 45b8 20ee 48dd 2200 005d 2f7d 2dd4 7efd 5db6 4f19 2a4f 6b88 5be0 59b1 3cc9 7710 24ee 646e 65b4 0341 0720 01ee 5985 43dd 5141 7f29 2ea4
69b6 33d3 6e1e 5946 53c1 455d 07f3 4100 4da2 0d82 70f4 5898 34ef 22c7 52fe 414e 5a89 1bd1 5bd8 0350 5328 1b2d 660c 28da 5ba2 2a4f 6a0e 11da 3c3e 71a4 6fda 3048 2a60 3af1 0484 5aee 78f6 687f 4283 5420 750f 5e04 4216 0053 6e11 5b45 6bee 4d18 6e84 1d6c 6483 592d 38a8 503c 56b1 45b4 0e2c 5eca
5a3a 7ee4 6e4f 7f6c 04e9 082d 66b8 4fae 60bb 18ef 6392 3043 44be 21c5 11a7 3878 0737 7075 5a17 4312 5e62 4d00 7f1d 667a 1e88 7538 28ba 4928 586a 19f2 5a97 45ca 7c79 73ea 01ef 2279 1b36 2d9a 594c 7847 2ccc 0009 232a 5bf6 4ebb 04fc 2a6e 54b2 617d 6122 3451 43d4 4055 2ef9 4447 6056 1686 0685
3318 542d 2466 17db 3288 2aee 24bc 5888 7e60 028b 6ec1 67cb 05ff 7c36 547e 4f1d 2721 620d 206c 4076 2abc 10d3 2cf0 466b 72c6 43d3 4b38 46f6 4c53 7980 0d67 66a2 1f56 1228 5349 6c6e 4541 1379 2171 7362 34d5 2497 339a 7dfc 4111 383d 5a97 1080 6fb4 5e83 36c1 60ce 44de 4b8d 0134 21a0 457c 7d65
7801 080b 4dcd 5faa 76da 7029 5790 47eb 7f09 0a2d 3847 7ae3 6f92 17f7 0e96 21b5 104c 40b3 2640 3235 2192 6585 1532 60d2 1cab 768b 446e 2c78 007e 2a8f 1dbe 280c 466e 57d3 1919 2129 17e5 5086 446d 160d 1e97 5e5e 6f10 4546 41f8 0cff 05fd 4eff 7eb0 5a79 2e97 77f0 3685 1753 525a 5c75 332b 6e51
0c37 4d5d 5776 214b 153e 114c 3f48 3b77 0748 47e9 7f98 57c9 05ef 6590 1f40 0319 1d56 0a26 013e 4b87 3e60 263d 0ab6 3d28 51bd 0c61 26e3 54a9 6c33 2238 76e4 422d 3e9e 4534 6508 5b51 0511 0edb 1d95 3af9 2d30 67a2 395b 663a 7c23 33fb 786a 7a72 39f8 2557 3623 1623 2211 1f84 47b1 6bc1 7a91 4bbd
5eed 0ca8 2c78 2c73 6539 22aa 77d5 7150 2744 4c08 6725 029d 3ad4 73fb 581e 0d8a 21eb 52f2 1ac1 57b2 6abe 7a7f 4db2 23e8 779f 2a77 5631 0b35 4644 1535 194c 0748 01d3 1ca4 43e4 11da 4305 1414 62ec 0cba 0182 3d48 05e9 5457 23b4 7202 219d 3c39 173b 32c3 0827 7d97 00e2 2bde 73bd 73e7 642b 650b
1869 3fff
0398 16bb 35da 6d6c 354e 3160 4f09 7804 69a0 598e 7ef4 3fdd 1461 07e6 796a 5152 47bc 727b 5c7f 095b 274e 719e 3fe4 45be 2bad 1b08 4bdd 3eba 0cca 16c5 0a23 4f31 3b18 3a79 1c77 64d4 7c65 293e 4285 24e6 271d 01ea 5b84 71e3 4303 113d 271b 1971 159b 15cb 3696 7fc2 1743 2ecf 69cc 3978 4316 769c
6c55 18af 4b6d 6678 2b5f 32d2 2f5a 2897 30f7 378d 2423 5ac4 2fe0 6d45 58a1 60ac 5f0b 6ecc 1bf9 5eff 1736 2942 61c7 7017 68d7 5151 3f2c 3ec2 4059 4530 076a 5777 4a5b 729b 552a 5201 06d6 6c51 67fd 7896 6414 313a 5296 5987 22b9 11aa 3e10 73b2 620e 0786 3ef1 4a67 5f3f 2862 1668 62af 2649 093e
0faa 72c5 4bca 2cb3 635c 357b 351d 10e3 7d4d 3aaf 6c29 6cb5 3c80 7e95 75b0 0b08 58c2 6b0b 7f0b 6681 4cf2 7291 42d5 1285 401a 5421 1ddd 4ac2 1dec 1e32 0da8 08e7 638e 5335 124c 4ccc 027d 4e8f 185c 4a23 3dd8 32e5 1d8c 41a0 2a05 361d 4927 0f22 4998 114d 690d 42cb 69f9 2d46 4130 3a94 7ef9 7bf3
296d 6be7 26b2 3f25 0754 7f93 614e 530a 4a0b 4e77 4e6e 451c 3d31 297b 5f44 4172 4d55 3eac 5029 4fcc 5fa9 5f19 65b5 1de2 314a 45ea 490a 7554 50a7 5ba0 4175 386a 4b9a 17ce 51e2 574a 4c29 6f34 610d 4f57 6a4b 71ec 64e5 3eaf 02ad 3c67 27e1 3cd5 0cf5 1620 19c4 2cfd 19d2 4cf3 45ce 24e0 051d 2050
7495 04f8 5870 71b8 4b10 51dc 43dc 1a4c 1bd1 17ba 5197 5a64 4227 5bc5 67b8 51d4 3d35 7bb0 2433 16da 3cd7 0441 45b1 1551 639c 4701 43eb 4fa4 0c2c 33e6 5f1e 4c69 010a 4a78 2c08 731e 46f5 4d0f 2c92 561b 51a1 3606 3d6a 46dd 4761 4789 2233 1b60 7c19 3771 002e 2367 0475 74f1 36ae 62d7 0431 5c83
1d72 25c1 11b4 388b 6d7a 3a23 2e30 030b 50bb 538f 4f54 72fc 1e86 56dd 74bd 7b66 0382 30de 0b59 6205 479b 42b8 1b23 79de 3802 4cff 14db 3752 6a2a 2945 4003 248a 09ec 23d9 56b3 6994 2a12 29fc 5aa8 3d7c 3910 5ed6 571d 1492 21cd 5d73 0b98 13ec 293b 032a 35e3 7431 4754 09d0 3952 41e1 0fe9 2439
6473 6d12 3913 5116 7806 77ea 68cc 5587 6928 20c3 60da 1088 3b3b 5625 634e 28a4 7511 6ab4 438b 2a56 7839 5019 1ea3 6978 4beb 665e 058d 3961 52fa 3d5e 2b5c 58b5 6868 3a2e 507f 27db 720b 34cb 46d1 0dea 1c98 3cc8 6019 3c86 5a2f 1e51 12a2 274c 1d85 712e 7753 35fc 6ab9 24a7 2dba 36a2 33e6 34eb
1740 0000
3748 216f 4ae8 5a6e 2b27 6e65 708f 021e 55bb 01da 1599 4117 50b1 64f1 64ef 1b7d 1183 2457 159a 288a 2c85 7c6d 76d8 1ec4 5b6f 082b 016d 3141 2330 1203 4b26 509a 7ccb 4ed7 79af 4e91 5511 316a 4c3b 42ce 29ed 2d39 0a30 0d0b 7edd 1fc9 03a2 4af6 6d66 5a82 5b09 07db 2e20 12ad 3012 6465 653f 7387
18c0 3087 3809 0495 5201 4739 277d 46e0 3158 1d33 0596 4f5c 3c48 2c45 34fe 5963 2221 76ea 593a 6b79 0e2b 7e29 37e3 7f65 139f 4ef8 6254 1989 38d5 7154 5cea 5987 6972 5853 043d 74dc 7680 688d 3e53 263e 5055 6ed0 0918 6791 7642 15a5 7211 7dc3 3073 1c66 7dc6 555d 551a 4b1d 3edf 719f 1ea5 4d6a
090f 2638 269d 380c 3e81 03b8 07f8 3346 031e 3903 3094 4108 18c1 521e 1195 012c 3bb2 12a0 5ddf 004f 6512 126e 1479 2d3f 2d53 41a5 41d0 1006 05e4 28a1 7b84 0535 7eb1 1d5d 38c0 561f 547d 3cff 19ba 4d76 7eca 7b47 101d 3f84 6d21 289c 0986 2bec 5880 2d09 5f1c 4807 0cd0 4c75 701f 52e5 6586 1103
2148 00f0 210b 2628 739e 3b17 29c6 59f9 70d2 54c7 230f 5f43 65e9 75ea 7419 4557 1be9 01e2 1910 5c0f 3c1e 05dd 31ee 50f6 6663 7bf4 43b9 4da4 547f 50db 1ee2 2e42 300a 4874 5840 537d 04b0 0050 4efa 26e4 237e 1dbf 54a3 24a5 4cc9 46cb 5d90 0e97 5a8c 5286 4f49 031d 6274 5293 6161 6277 7bd9 60c9
0710 13d6 2726 60eb 637a 672b 0dc2 57c3 68ed 6491 5bae 7cc9 7422 76b2 167d 3432 5d93 4b42 3f6f 0097 3c34 307d 1b37 225d 01b7 37b2 490f 1448 3557 28dc 73b8 2694 584c 14d2 3e67 02dd 27eb 2cb1 7afe 0e3b 193d 44f9 1c4d 4ff5 06ed 57d8 5e8b 5e1b 53ce 741c 5a88 1a44 6aa8 372e 7a9f 0780 5369 1c8b
76d7 7973 4b38 0290 3ade 40bd 1378 3c31 0e8f 5717 3c1e 48d6 4de3 0a98 186e 7f54 49be 085c 36bf 2573 195e 555a 2f47 32b5 6f78 6d48 5442 139b 69c0 585f 4034 4129 3698 2b3f 51a5 7bbf 52f7 4d3b 52f0 119e 1153 3d60 6e31 7f49 4c57 284d 0cc9 4ef4 5205 573d 7599 19d9 7257 0681 2d39 6744 5a47 6bc9
3dd6 1ba8 5129 39ec 4053 480a 4fab 1837 57af 4a3e 6ae2 29bb 2881 28f4 3598 0d49 60ed 5b23 6053 6857 3727 257c 3ea8 0a3a 52ce 5353 5757 0756 47f9 316a 7654 7b54 4443 1b58 05fd 3748 2624 0444 19f2 4e2d 11f8 54e9 0f6f 274b 0e3f 5072 7f58 069d 62cd 605e 41ae 2689 5ef0 3f67 1a1a 1652 0efc 4b33
18d2 0000
0a0d 3776 528f 0d04 46bb 6620 2449 0a38 1e50 3d5e 636b 73bb 0b47 6b43 5edb 5ba4 1354 47bd 461a 2dc7 17be 63de 3a91 32db 05ff 6da1 3e90 50fa 1eb4 737f 0196 43a1 0e97 5ae9 7a7c 4997 2fdb 0e33 2dfd 3fad 6d7e 6866 65e7 12e4 1dbc 4689 281c 58db 5e3b 3f01 418d 0c6e 2021 383a 4a76 3f46 0c20 5589
0372 79a7 0078 1ec7 2879 77c3 6085 15d5 1de2 587e 0a47 3b87 13fb 5b08 6a5a 5fe3 13b9 66f6 2122 340c 6f1f 295e 7b7a 3ab7 1c96 344f 543b 215f 29f5 09ff 69d3 0854 74c6 3783 6760 34c9 79ce 15d4 48e5 0ba4 2976 3ffa 3168 7574 75a7 4e0a 59b6 0193 216d 2b4e 4914 53a6 0647 4415 23cb 1b62 1db0 3dad
44a9 0484 0b36 3024 265c 5ae9 53d3 12fb 5477 2a9c 58d6 2eb0 3c7e 5031 5858 07c7 152d 0edf 170b 0f08 646e 748e 0d94 0ed8 2166 29b3 3479 37f6 5175 637e 784e 1c7f 0acb 75ce 44f7 1872 1b42 1526 3de9 768a 517c 6f36 057f 0782 403e 2f3b 5788 3551 0050 41d3 73b9 6267 3272 7246 33f5 54ef 27fc 6d94
3eb7 5356 1fe9 2c56 3390 78e6 6578 10a3 56bd 2d56 6bc2 233c 0cb7 03db 5e1a 4216 639c 44b4 4e92 7aab 7c45 269e 1ce3 725e 1982 3aa7 0f28 7606 5e6c 5d56 61a4 1ca0 5881 0abd 3e7a 7613 26c7 4bed 13a7 3eaf 5df5 046f 4012 7e12 19f8 5a7d 480a 64a9 28a7 7041 6dd3 2c0d 0b80 380f 2f3b 4d5e 2822 2709
6978 23b1 4a0b 3ad2 2fae 6690 0f4e 087f 5fb3 5168 2bfb 2939 72c1 2b2b 4391 22a6 6643 351f 078d 7575 7548 47c6 0a2e 3461 2776 4e69 25fe 08a7 6508 72d6 611f 0d42 5d93 5895 3371 0dc5 5db6 0f6e 7765 0b66 08d6 0726 18a1 1472 018e 73ef 364f 554a 7c36 5f3a 193f 4e53 0238 127e 46ea 2049 36cc 24b2
050f 4b51 1fa6 1d75 25fc 7dba 1b43 15af 33de 36d5 1a4f 2d37 696b 715e 45d1 4d70 4069 2e8c 47a4 4bf0 0807 3dbe 7a9b 3702 709b 0e83 5388 7b69 05e3 3b26 7df3 5aa0 1784 35c0 34d9 4d1e 68b4 011c 39e4 4583 1c8b 39f5 25ff 63bd 22df 723b 14b6 3e46 4dce 29c4 6c05 284a 1be1 3ba5 7417 3c04 464c 2185
085a 3e9f 2753 36ad 2f62 01d7 0fde 24a0 0749 7ff0 4445 28a0 744d 6d5c 1b6c 0bd9 557e 6232 4963 5e73 780c 5a81 7a44 098c 6444 3792 3f96 75ae 22c1 669d 18a2 54e0 2dcf 35f4 370b 16cf 6adb 50ff 2e8a 2d68 6563 387d 263b 4155 5dff 3841 131b 5977 6a1a 1372 28d7 629d 71c1 0a11 74bb 33a5 3d77 123f
5d2f 3fff
4ab6 0c21 73b1 5c54 0455 17f0 3d53 1823 6308 07b5 7f59 3f4a 553a 647b 02ce 2b5b 7ab0 62f4 6c79 6860 713b 53b3 68b3 3d6e 36ed 1f10 5d58 4e4f 3ec2 4e1d 7e94 68af 66d8 6566 739e 20e2 08a0 266c 5cba 6b8a 1b08 361a 6e03 4202 514e 2598 4fdf 4d43 7b40 2f1e 07b7 054f 0852 2525 69db 1aad 10ab 2314
314d 1c3a 47d2 57bb 1174 60e2 7f80 10b1 0522 08b6 3710 45af 6363 25f8 2538 349c 71c8 2983 5732 5dc7 2d84 65d3 0c24 591c 238f 0ec4 5623 635e 1266 15ff 55d9 6a1d 62fa 5762 0443 064c 409d 65b3 524b 2515 4bda 10ec 6111 6760 57eb 03cb 2251 7fd4 3008 4bac 567f 12e6 1bc8 47e9 51d0 6a1f 1ee9 7151
7ab8 3701 6d02 30a2 60fc 08a9 44f5 6811 575f 0a53 5879 4796 677f 4642 47b5 668a 046e 15ea 1d99 619e 6ddf 027c 03de 4361 3a93 143a 2fe1 780c 71cd 7187 1656 361b 78ab 1af8 1691 37d1 3cba 7dfa 564d 767a 7bff 1438 6d65 39a3 0a87 50cd 3691 1d49 7666 58d9 34ff 0c9e 79d5 5435 662a 5ea9 2dcb 6423
0433 3344 1963 20b9 2bde 3488 3e22 2b3b 7681 67a7 03f5 1235 03ce 3c17 1f78 5fe3 0608 190a 2a2d 3c5d 2ab3 11f8 38e9 5cd1 3de2 5e86 3ba7 268b 470d 1282 14d2 1cd3 3c85 39ab 10bc 3e86 2a08 3105 151d 56db 25da 2e49 30cd 450e 47f7 291b 710d 6abc 5af7 3d87 1c75 1c86 109e 4359 4bc1 02c1 6fb5 590c
4c8b 7a85 19ed 14c6 32c8 03df 711e 00a1 7f74 1069 316a 5e9c 6af1 6449 4e5a 702c 1730 45f6 3b66 3a12 7fc4 64eb 6c00 19e3 5294 78b3 3fdf 23bf 059e 5e90 2496 1917 24de 025f 459e 215c 2737 60db 4acc 014b 3f80 3ef6 225b 3c32 52d7 67f4 45df 5503 6046 76f3 1fb1 54e8 73fb 4b33 2d04 07a4 6763 3766
69ca 71aa 5e29 40a9 269f 1872 3043 394a 7dfd 1d7f 2ce8 662e 14af 54b7 2916 5a9e 481a 2bd5 7061 0ed6 69af 7d8d 1cba 57de 0158 68eb 4cb2 1b79 4bd7 0bca 4ae9 7f1c 251c 5f91 650d 6ff0 201e 6cd0 1005 6cd2 48df 7706 3023 602f 4b9c 1ac5 6593 0bda 149b 1040 0e95 2e41 34a0 3954 28a6 7846 46cc 2cb1
5cf8 6b6a 400a 1f8d 1b0c 4985 4010 7ef2 07de 231d 04ed 5415 6dbb 13bb 7dad 22f4 6d1c 6f23 4a49 26d2 7cc5 2c22 0e65 4d66 4f56 3c2d 37e1 56ac 1088 4bfc 7f45 4253 5ff3 6c7e 6a50 165f 6ef2 7a3e 1e3c 2139 7962 552e 4c95 5c9f 0bd6 0b7e 390c 3f39 2df7 3750 2fd7 231d 2402 2ab8 4cf8 0c03 5489 62ab
31df 0000
3490 077e 577c 2ecd 151d 69a2 2423 654c 2684 057f 4679 17da 3b4e 481a 4fa9 15ab 3a28 17dd 4384 103f 4048 64f7 568f 50bd 16e5 0e63 68aa 3e15 5783 201c 022e 3c05 6e8e 5a20 0cda 6761 328c 0b2c 392d 46a1 6c4d 2617 35db 5557 799b 4f44 5a1d 72a2 0cb6 09b4 5523 145b 10c0 6b2f 1ceb 130e 7eaf 6222
2d5e 581d 196c 1bc2 2506 3550 450f 1937 154b 24af 0564 27c8 4ba6 52ae 07a1 5ce4 1bf6 50cb 1111 7d6e 08f6 110c 14b3 6537 6c34 1811 7c3c 7687 73c2 74f6 3b15 474e 5388 2f66 3c23 6a0b 3e38 4d31 6925 4800 1f93 73b4 5089 78a3 10c9 63bc 1b38 17fa 25a6 01e3 3f6d 6188 3776 26bc 34b4 4c38 05d0 59e3
2f03 7cfe 2a6d 43c2 2ed3 33de 3bf4 0983 1e70 1a4a 1923 76b3 125f 0bc6 13cd 380e 6798 0f36 6c48 7d99 7c55 3bb5 6dbc 39c1 667f 1776 3588 4b8d 3953 119b 6a98 5504 5d82 1b09 3af1 6d0c 6ece 32e8 7a72 4549 11eb 7e13 1790 4f31 4296 44d3 3a3a 5620 46ce 47a5 37aa 1e6a 7f19 7aa1 7450 2a82 10da 35f9
5e43 1285 7028 7e43 53b9 6fd7 26db 4bca 2510 7173 12bb 0c4c 3e20 7a5b 3b04 7086 2948 2c9b 5019 551a 61fe 608a 1344 5895 1e9a 241c 7844 5782 2848 17ed 0f24 3421 2d18 3fba 2b29 6d3e 4ce2 2212 34f6 6773 2a0f 48eb 3b04 36a6 34d9 45cd 1881 0072 27b6 5702 4991 4efc 75e4 16f9 0e49 6865 4bb1 563b
53d4 78f5 296f 16db 5acf 0030 73a6 2668 7f32 234e 05a5 44ca 52cd 0953 147d 4cad 6897 3d67 72b3 783f 3171 496e 183a 2697 5dfd 2c4d 7671 4d1c 11df 6e25 1f32 773c 66c3 4ba8 0061 61e8 40a9 1d33 1e36 69c0 7533 519f 3168 42c0 3e0e 48f5 725f 66f3 5276 635a 69f1 431c 4aac 540b 714e 584e 19d9 3cb1
6d7d 4ead 1250 44a8 2321 1150 38f5 0e79 6d7b 3487 4576 18df 6b9e 2f47 476f 4bca 2e3d 2a48 782a 1bda 2e86 7896 32a2 120d 0768 7ddc 32b9 598a 0ce7 37f0 595e 60b3 52f4 024b 2e41 3892 12f6 59ec 5620 023f 2fc0 34fc 6624 578a 661a 63c2 61e2 4c97 7c5d 61b9 0fac 5e8b 27d1 17f4 57e2 08e7 791d 583b
50ad 564e 2af6 6fa3 232a 4c37 52f5 1a2d 0182 408a 0a44 6ebb 0c63 0645 4181 6216 0aa9 1fd2 553e 5f22 5557 60b2 3fa0 1d73 2508 4f28 5af8 5e42 6a04 521f 6573 4d28 79c2 5fa8 788f 37cc 7e87 7603 2b55 0cca 1810 25c8 4867 1d8a 74f4 45f1 3729 1bb5 7093 5adb 33ec 413e 019a 1ea7 4570 4688 3dba 75c6
2b97 3fff
072e 1053 17c5 7fea 03b0 4b2b 45cf 0a2a 42eb 09b8 662a 1544 4736 1a0e 3402 5371 0c45 7cb0 30f4 605d 0c18 71c9 7920 0221 7d58 6ed1 5ffa 40b5 3a3e 0305 2d8b 08f8 1d2f 3636 2a25 3b8d 7370 3227 60a9 4dce 4333 7d3d 0c4d 3dce 72cf 59b5 5354 55c7 474b 1b63 0347 7390 398a 5af7 1cfc 6ac6 13cd 5109
3251 3ec3 5165 67ca 1fba 0bae 3e44 2b1a 1a7b 7327 1536 1b5b 1e68 7683 3fdf 1017 72df 15ff 6b14 5030 56e3 1085 26f0 7d85 0e1a 0c4a 60d5 250c 2607 4398 1e58 3341 3097 2928 6f5f 0f7d 4e8b 35d6 1b49 32a0 512b 16dc 6182 3cdd 1078 1a56 2f7b 56cc 0d55 268c 6b88 64e2 0eab 2bc9 5d27 654e 7f5e 7f2f
3061 5a87 1f59 588b 754e 0f0f 339a 278d 1922 4c06 55a7 7e72 4096 2474 44d7 35ac 7bfc 1fb7 1e87 0963 4917 2fda 0884 1ae2 2212 7645 2fa2 4c28 232f 680a 2ea6 6341 6f69 3cae 3024 0210 0151 1702 5853 4137 1722 47d1 36ce 14ca 52cd 4a11 664d 3eba 051f 373b 44ba 19e6 6707 2073 22d4 0d1f 0059 4e7d
2649 61cf 37b3 798c 6943 60d6 697b 73cc 2245 54d3 34f6 17b8 0676 65ed 17f9 68e9 6087 4cf3 7d9b 61f6 053e 0488 36be 7c9e 215b 6244 40c4 6ad8 7b94 0dce 6bfe 48bd 37e5 3c21 33e9 3824 2740 6137 7681 62f3 54cc 4224 02f6 4b45 7f9a 216e 7735 02f1 005b 104e 4b9d 669e 62a4 2e54 7a38 141f 32fd 326c
159e 3e65 7276 0ca7 4d40 47b2 7596 0d6f 5cf7 1732 4aa4 17d3 2d61 47f6 6b18 4c40 101d 1fd2 2c4d 27c1 1e53 73cb 427c 16ce 0604 1c80 7605 0259 1f84 4578 15a8 4e6e 1998 6167 63a2 252f 0106 5b7c 012d 24da 7f48 6f50 677e 0590 4055 141e 4e3e 2b55 1932 0ca6 0e04 11c7 5b7d 5740 3b18 28fe 2f3e 14bc
0a21 3820 1371 003e 1d50 5f14 6eae 7eec 59dc 5c3c 1a4e 0a85 34d0 06e1 05a5 2672 7b4a 601b 5dec 4dd0 414d 0ebb 35a1 54b8 6f2c 25a1 4166 1bd2 626c 24a8 73c0 2790 0f7e 4f4f 598d 49aa 7171 054d 77c8 128f 7ace 5f26 2f15 5bf3 078d 1593 5fa5 4fc9 71b7 2df6 5cc7 507b 16fb 740e 79ac 6efa 2c95 58ff
69fc 5cc6 57fa 47ab 0791 2c5f 4a69 1458 2608 6b4f 08f9 231c 4acb 1cdc 4b78 4dc2 0461 3fbd 2cbb 1ce8 01f6 0d6f 4a7c 4f63 2a62 23f3 21d2 313c 778d 14e9 6128 38b9 7f29 3fa5 0499 2df4 6184 4ac9 24fe 6419 01e4 4bd6 6a51 3185 3df5 418b 01c0 35de 12f8 51f9 0767 769c 4b45 4f2d 6a47 3d72 4193 4b6e
4623 0000
21d7 5b30 22d2 2681 4533 6f19 4eb9 59b7 098a 5748 1a77 2079 3e63 7a34 1a71 1c2f 6aa5 32e7 3920 3893 3f0f 6e3b 1d8e 518f 08b8 63b1 2579 633d 2bc0 5923 1483 6448 33db 299d 101c 46bb 6078 2339 55b7 1997 14ae 37e8 6f16 49c0 7778 489b 2ad0 411a 3422 3311 1de1 68de 7600 0ee4 6fc6 30b2 4b3b 4b8d
034a 2c83 0184 47d7 3199 159d 54a8 0549 1849 3cfa 0196 7616 184b 054e 4519 1986 426a 33ed 415d 20de 69a7 566c 694c 15ae 129d 5c37 75c7 1f81 5952 6ed9 1adc 492b 07c2 7cf3 6067 6ce1 797a 1c5a 3dac 6aa5 4e99 7e4f 6867 489c 5cdb 521d 5590 1ce8 19ed 6f3b 72f2 0882 73bf 7176 59ad 321c 15d2 163f
5695 66ae 251e 4b5f 1c98 4494 5c8e 6092 1b0b 5c0a 590d 57d6 0715 2a54 77bb 58f2 4fe0 2182 545b 1bb6 38ac 5c7c 6d8d 6984 5b59 299f 5794 1e13 35e9 21b3 201a 658f 304b 58dd 6f4b 5178 4d07 4fdb 3d56 7df6 2ce2 1713 2437 1089 5a69 1a1e 5dd7 2c59 42dc 092a 7c22 2a2d 7d7c 7841 5074 1eaf 0daf 69ff
44a4 7d44 4e4b 29a0 6e20 3d22 58ac 30bb 6f10 10d4 515c 1b43 2c13 0a0c 0404 2cf3 4bb2 5824 70bd 7311 44a3 7b20 6efa 4a1f 745a 3ec8 5eb9 7764 43a1 0915 265f 6848 6ad5 60bd 4afe 0d89 17b4 3342 37f7 2c82 1a83 30cd 49c6 4e21 574c 653a 05dc 3444 15e2 3537 214d 6704 4bed 3048 122b 0ac4 07f1 5280
61a2 04ac 2fc8 6702 2a48 4480 07b9 4f9d 72cb 1739 5754 3240 2b48 4169 6d49 308b 6d8d 1db2 65d0 3e7a 5fe8 2ee0 0688 4d65 7ce9 3ede 62e0 2a91 36ed 38dc 1387 18b3 44e8 364e 2a34 664c 6bbe 1f19 16df 6877 0e65 4002 794c 5a6c 1b29 6709 5653 0c5b 2ca2 226c 5bc5 5f60 1def 3270 53c9 50aa 79b5 093c
3eb2 1ebe 6793 1ea3 411e 4587 60ef 342f 0d04 475c 49a5 2086 6ac6 3f3b 331d 67b9 1aa5 0a6c 2958 3e51 0b6d 5528 5e36 216b 7767 6a31 1da5 2386 6b23 0adb 1436 7b41 3348 63dc 285e 2799 68bc 2942 61ae 4a89 066a 6575 3da6 35a5 5917 5616 5509 4cc9 450a 0141 1527 773f 2006 1d40 0182 5e60 4f07 7bf3
59a0 3c80 1ebc 5567 2da1 7951 6e8a 2ae3 26b7 0dbf 5323 0268 6b09 2ad1 5894 1e22 4282 2ef2 065d 09f9 330d 6f2e 3d1a 6c18 1cba 5c47 0d49 2ca7 297c 4c7b 4702 0beb 5331 4cef 0ddc 2eff 127c 0f48 6fb3 25ef 732d 201e 5407 61ed 3cd6 6c76 5f72 2e8b 690a 41a1 727a 4c3a 2ea1 58e8 106b 7685 1259 58d8
573a 0000
20c2 1d07 5fff 53f2 5c33 1e1f 636a 76d0 0e6b 3675 40cb 4acc 41c6 32bb 6b20 3771 314e 7cb7 48bd 011e 47ee 4405 5c95 26c0 17ce 4c9e 5c32 65b8 235f 6be2 662a 5a9f 7508 7b83 17e4 4b1d 11fe 288d 6d79 2f13 2fa1 5044 6b25 332a 1dd8 7e26 036b 3b35 2ffd 7a04 6e46 16b4 687b 6f17 38ed 7c1d 3eb1 43d7
6651 26f6 79ae 57d7 1c12 6c75 5e95 0de6 398c 3d8a 4756 529b 5acf 61cf 3145 355c 6a23 7579 6fd0 75d6 06bf 26da 63d4 2710 6649 2a6e 1647 0177 725a 118f 1df6 72d5 6380 3d4a 0138 1c0d 70f8 5b51 272d 37c3 50d5 5660 608c 6123 6914 3441 4eb3 3349 6447 40db 356f 2763 36f2 777e 11e1 4286 40aa 157f
1f91 5f5b 534d 6c8d 769a 094b 3f22 4285 60c3 2ec0 5a6d 7ce5 7b79 6fe2 629f 6858 16e1 2b0c 73e7 1017 77c1 3846 6f54 3cf4 7b15 4030 4821 5ff1 4816 73ec 69d7 0732 0bca 1347 32eb 50b6 1f58 4375 28f5 77b7 0db0 6a33 3488 70e5 6110 294f 69cf 42c6 7390 35b7 104b 6f2e 226d 36ba 40a1 55a8 023c 210d
568b 2b30 7b36 1a62 3d04 322c 113d 5aa7 5568 75a7 3e85 1ef8 2e8f 102c 6ef2 373e 7bd9 4ca2 69c3 3c38 65ea 5d7f 14c4 5232 7de8 6bc8 7ec1 1998 5c25 30ca 7348 08a3 19da 705f 4d32 08f8 1326 6a27 122f 5fc0 678c 1d7f 0210 313b 4955 56a1 5c2a 1186 7bf3 3164 4415 1986 78fe 5e31 46eb 7c37 7129 1b17
6b16 67b4 6043 0ee1 7353 65e6 3156 2a78 7e30 3bd2 6d2d 7fb6 3ab1 13fb 5a23 29b9 24d5 3c59 47d4 7656 1f1e 11f0 6de5 3801 1fc6 402b 695e 7fb9 2abc 04da 1b19 576f 5956 5e55 4429 79e9 7a9e 36da 288c 6056 4af8 35e3 5062 028f 43e5 0605 746d 7fd4 3ca8 4131 1704 5518 7dac 7713 06ec 1492 02f6 2203
0646 5703 4bd5 5830 79e3 3c55 5df2 227e 78e8 73b0 4615 0219 5ed3 47cd 6585 0013 00b3 38fc 512e 276e 7c44 3ebe 0d65 0253 2a3b 17d3 130c 4d50 4a8e 7919 3b8c 5565 70d2 31f0 7c5e 62f4 1336 2fbf 591a 3c14 75be 7722 5d11 2121 48a7 3be4 06c1 617b 0089 6326 6e47 64bd 74fe 1838 13a9 56c0 04f2 6a08
6b39 0846 5a76 7808 73cb 57d8 2c8f 6d69 02d6 6bda 446d 134b 111a 093f 0a86 528f 6952 78dd 44ff 7f09 5928 15f3 48e1 5172 5a13 3041 7bb6 5406 5963 4538 0c30 7b6c 6dbe 3b53 3834 7802 0e47 5684 3201 5674 0583 39ea 7148 40ee 1965 66ff 6c6e 24bf 5cc0 2be0 7cb8 509a 02fe 3868 0e88 4d5c 779e 3a54
6318 0000
