// conv1x1_core test vectors (Thesis Sec 5.4.1.2)
// N_FILT=58  N_CHAN=29  N_ACC=7
// Format per case:
//   For k=0..6: 1 data line (29 tokens) + 58 weight lines (29 tokens each)
//   Then 58 bias+expected lines (2 tokens each)
0000 0000 0000 0000 0000 0000 0000 0000 0000 0000 0000 0000 0000 0000 0000 0000 0000 0000 0000 0000 0000 0000 0000 0000 0000 0000 0000 0000 0000
0000 0000 0000 0000 0000 0000 0000 0000 0000 0000 0000 0000 0000 0000 0000 0000 0000 0000 0000 0000 0000 0000 0000 0000 0000 0000 0000 0000 0000
0000 0000 0000 0000 0000 0000 0000 0000 0000 0000 0000 0000 0000 0000 0000 0000 0000 0000 0000 0000 0000 0000 0000 0000 0000 0000 0000 0000 0000
0000 0000 0000 0000 0000 0000 0000 0000 0000 0000 0000 0000 0000 0000 0000 0000 0000 0000 0000 0000 0000 0000 0000 0000 0000 0000 0000 0000 0000
0000 0000 0000 0000 0000 0000 0000 0000 0000 0000 0000 0000 0000 0000 0000 0000 0000 0000 0000 0000 0000 0000 0000 0000 0000 0000 0000 0000 0000
0000 0000 0000 0000 0000 0000 0000 0000 0000 0000 0000 0000 0000 0000 0000 0000 0000 0000 0000 0000 0000 0000 0000 0000 0000 0000 0000 0000 0000
0000 0000 0000 0000 0000 0000 0000 0000 0000 0000 0000 0000 0000 0000 0000 0000 0000 0000 0000 0000 0000 0000 0000 0000 0000 0000 0000 0000 0000
0000 0000 0000 0000 0000 0000 0000 0000 0000 0000 0000 0000 0000 0000 0000 0000 0000 0000 0000 0000 0000 0000 0000 0000 0000 0000 0000 0000 0000
0000 0000 0000 0000 0000 0000 0000 0000 0000 0000 0000 0000 0000 0000 0000 0000 0000 0000 0000 0000 0000 0000 0000 0000 0000 0000 0000 0000 0000
0000 0000 0000 0000 0000 0000 0000 0000 0000 0000 0000 0000 0000 0000 0000 0000 0000 0000 0000 0000 0000 0000 0000 0000 0000 0000 0000 0000 0000
0000 0000 0000 0000 0000 0000 0000 0000 0000 0000 0000 0000 0000 0000 0000 0000 0000 0000 0000 0000 0000 0000 0000 0000 0000 0000 0000 0000 0000
0000 0000 0000 0000 0000 0000 0000 0000 0000 0000 0000 0000 0000 0000 0000 0000 0000 0000 0000 0000 0000 0000 0000 0000 0000 0000 0000 0000 0000
0000 0000 0000 0000 0000 0000 0000 0000 0000 0000 0000 0000 0000 0000 0000 0000 0000 0000 0000 0000 0000 0000 0000 0000 0000 0000 0000 0000 0000
0000 0000 0000 0000 0000 0000 0000 0000 0000 0000 0000 0000 0000 0000 0000 0000 0000 0000 0000 0000 0000 0000 0000 0000 0000 0000 0000 0000 0000
0000 0000 0000 0000 0000 0000 0000 0000 0000 0000 0000 0000 0000 0000 0000 0000 0000 0000 0000 0000 0000 0000 0000 0000 0000 0000 0000 0000 0000
0000 0000 0000 0000 0000 0000 0000 0000 0000 0000 0000 0000 0000 0000 0000 0000 0000 0000 0000 0000 0000 0000 0000 0000 0000 0000 0000 0000 0000
0000 0000 0000 0000 0000 0000 0000 0000 0000 0000 0000 0000 0000 0000 0000 0000 0000 0000 0000 0000 0000 0000 0000 0000 0000 0000 0000 0000 0000
0000 0000 0000 0000 0000 0000 0000 0000 0000 0000 0000 0000 0000 0000 0000 0000 0000 0000 0000 0000 0000 0000 0000 0000 0000 0000 0000 0000 0000
0000 0000 0000 0000 0000 0000 0000 0000 0000 0000 0000 0000 0000 0000 0000 0000 0000 0000 0000 0000 0000 0000 0000 0000 0000 0000 0000 0000 0000
0000 0000 0000 0000 0000 0000 0000 0000 0000 0000 0000 0000 0000 0000 0000 0000 0000 0000 0000 0000 0000 0000 0000 0000 0000 0000 0000 0000 0000
0000 0000 0000 0000 0000 0000 0000 0000 0000 0000 0000 0000 0000 0000 0000 0000 0000 0000 0000 0000 0000 0000 0000 0000 0000 0000 0000 0000 0000
0000 0000 0000 0000 0000 0000 0000 0000 0000 0000 0000 0000 0000 0000 0000 0000 0000 0000 0000 0000 0000 0000 0000 0000 0000 0000 0000 0000 0000
0000 0000 0000 0000 0000 0000 0000 0000 0000 0000 0000 0000 0000 0000 0000 0000 0000 0000 0000 0000 0000 0000 0000 0000 0000 0000 0000 0000 0000
0000 0000 0000 0000 0000 0000 0000 0000 0000 0000 0000 0000 0000 0000 0000 0000 0000 0000 0000 0000 0000 0000 0000 0000 0000 0000 0000 0000 0000
0000 0000 0000 0000 0000 0000 0000 0000 0000 0000 0000 0000 0000 0000 0000 0000 0000 0000 0000 0000 0000 0000 0000 0000 0000 0000 0000 0000 0000
0000 0000 0000 0000 0000 0000 0000 0000 0000 0000 0000 0000 0000 0000 0000 0000 0000 0000 0000 0000 0000 0000 0000 0000 0000 0000 0000 0000 0000
0000 0000 0000 0000 0000 0000 0000 0000 0000 0000 0000 0000 0000 0000 0000 0000 0000 0000 0000 0000 0000 0000 0000 0000 0000 0000 0000 0000 0000
0000 0000 0000 0000 0000 0000 0000 0000 0000 0000 0000 0000 0000 0000 0000 0000 0000 0000 0000 0000 0000 0000 0000 0000 0000 0000 0000 0000 0000
0000 0000 0000 0000 0000 0000 0000 0000 0000 0000 0000 0000 0000 0000 0000 0000 0000 0000 0000 0000 0000 0000 0000 0000 0000 0000 0000 0000 0000
0000 0000 0000 0000 0000 0000 0000 0000 0000 0000 0000 0000 0000 0000 0000 0000 0000 0000 0000 0000 0000 0000 0000 0000 0000 0000 0000 0000 0000
0000 0000 0000 0000 0000 0000 0000 0000 0000 0000 0000 0000 0000 0000 0000 0000 0000 0000 0000 0000 0000 0000 0000 0000 0000 0000 0000 0000 0000
0000 0000 0000 0000 0000 0000 0000 0000 0000 0000 0000 0000 0000 0000 0000 0000 0000 0000 0000 0000 0000 0000 0000 0000 0000 0000 0000 0000 0000
0000 0000 0000 0000 0000 0000 0000 0000 0000 0000 0000 0000 0000 0000 0000 0000 0000 0000 0000 0000 0000 0000 0000 0000 0000 0000 0000 0000 0000
0000 0000 0000 0000 0000 0000 0000 0000 0000 0000 0000 0000 0000 0000 0000 0000 0000 0000 0000 0000 0000 0000 0000 0000 0000 0000 0000 0000 0000
0000 0000 0000 0000 0000 0000 0000 0000 0000 0000 0000 0000 0000 0000 0000 0000 0000 0000 0000 0000 0000 0000 0000 0000 0000 0000 0000 0000 0000
0000 0000 0000 0000 0000 0000 0000 0000 0000 0000 0000 0000 0000 0000 0000 0000 0000 0000 0000 0000 0000 0000 0000 0000 0000 0000 0000 0000 0000
0000 0000 0000 0000 0000 0000 0000 0000 0000 0000 0000 0000 0000 0000 0000 0000 0000 0000 0000 0000 0000 0000 0000 0000 0000 0000 0000 0000 0000
0000 0000 0000 0000 0000 0000 0000 0000 0000 0000 0000 0000 0000 0000 0000 0000 0000 0000 0000 0000 0000 0000 0000 0000 0000 0000 0000 0000 0000
0000 0000 0000 0000 0000 0000 0000 0000 0000 0000 0000 0000 0000 0000 0000 0000 0000 0000 0000 0000 0000 0000 0000 0000 0000 0000 0000 0000 0000
0000 0000 0000 0000 0000 0000 0000 0000 0000 0000 0000 0000 0000 0000 0000 0000 0000 0000 0000 0000 0000 0000 0000 0000 0000 0000 0000 0000 0000
0000 0000 0000 0000 0000 0000 0000 0000 0000 0000 0000 0000 0000 0000 0000 0000 0000 0000 0000 0000 0000 0000 0000 0000 0000 0000 0000 0000 0000
0000 0000 0000 0000 0000 0000 0000 0000 0000 0000 0000 0000 0000 0000 0000 0000 0000 0000 0000 0000 0000 0000 0000 0000 0000 0000 0000 0000 0000
0000 0000 0000 0000 0000 0000 0000 0000 0000 0000 0000 0000 0000 0000 0000 0000 0000 0000 0000 0000 0000 0000 0000 0000 0000 0000 0000 0000 0000
0000 0000 0000 0000 0000 0000 0000 0000 0000 0000 0000 0000 0000 0000 0000 0000 0000 0000 0000 0000 0000 0000 0000 0000 0000 0000 0000 0000 0000
0000 0000 0000 0000 0000 0000 0000 0000 0000 0000 0000 0000 0000 0000 0000 0000 0000 0000 0000 0000 0000 0000 0000 0000 0000 0000 0000 0000 0000
0000 0000 0000 0000 0000 0000 0000 0000 0000 0000 0000 0000 0000 0000 0000 0000 0000 0000 0000 0000 0000 0000 0000 0000 0000 0000 0000 0000 0000
0000 0000 0000 0000 0000 0000 0000 0000 0000 0000 0000 0000 0000 0000 0000 0000 0000 0000 0000 0000 0000 0000 0000 0000 0000 0000 0000 0000 0000
0000 0000 0000 0000 0000 0000 0000 0000 0000 0000 0000 0000 0000 0000 0000 0000 0000 0000 0000 0000 0000 0000 0000 0000 0000 0000 0000 0000 0000
0000 0000 0000 0000 0000 0000 0000 0000 0000 0000 0000 0000 0000 0000 0000 0000 0000 0000 0000 0000 0000 0000 0000 0000 0000 0000 0000 0000 0000
0000 0000 0000 0000 0000 0000 0000 0000 0000 0000 0000 0000 0000 0000 0000 0000 0000 0000 0000 0000 0000 0000 0000 0000 0000 0000 0000 0000 0000
0000 0000 0000 0000 0000 0000 0000 0000 0000 0000 0000 0000 0000 0000 0000 0000 0000 0000 0000 0000 0000 0000 0000 0000 0000 0000 0000 0000 0000
0000 0000 0000 0000 0000 0000 0000 0000 0000 0000 0000 0000 0000 0000 0000 0000 0000 0000 0000 0000 0000 0000 0000 0000 0000 0000 0000 0000 0000
0000 0000 0000 0000 0000 0000 0000 0000 0000 0000 0000 0000 0000 0000 0000 0000 0000 0000 0000 0000 0000 0000 0000 0000 0000 0000 0000 0000 0000
0000 0000 0000 0000 0000 0000 0000 0000 0000 0000 0000 0000 0000 0000 0000 0000 0000 0000 0000 0000 0000 0000 0000 0000 0000 0000 0000 0000 0000
0000 0000 0000 0000 0000 0000 0000 0000 0000 0000 0000 0000 0000 0000 0000 0000 0000 0000 0000 0000 0000 0000 0000 0000 0000 0000 0000 0000 0000
0000 0000 0000 0000 0000 0000 0000 0000 0000 0000 0000 0000 0000 0000 0000 0000 0000 0000 0000 0000 0000 0000 0000 0000 0000 0000 0000 0000 0000
0000 0000 0000 0000 0000 0000 0000 0000 0000 0000 0000 0000 0000 0000 0000 0000 0000 0000 0000 0000 0000 0000 0000 0000 0000 0000 0000 0000 0000
0000 0000 0000 0000 0000 0000 0000 0000 0000 0000 0000 0000 0000 0000 0000 0000 0000 0000 0000 0000 0000 0000 0000 0000 0000 0000 0000 0000 0000
0000 0000 0000 0000 0000 0000 0000 0000 0000 0000 0000 0000 0000 0000 0000 0000 0000 0000 0000 0000 0000 0000 0000 0000 0000 0000 0000 0000 0000
0000 0000 0000 0000 0000 0000 0000 0000 0000 0000 0000 0000 0000 0000 0000 0000 0000 0000 0000 0000 0000 0000 0000 0000 0000 0000 0000 0000 0000
0000 0000 0000 0000 0000 0000 0000 0000 0000 0000 0000 0000 0000 0000 0000 0000 0000 0000 0000 0000 0000 0000 0000 0000 0000 0000 0000 0000 0000
0000 0000 0000 0000 0000 0000 0000 0000 0000 0000 0000 0000 0000 0000 0000 0000 0000 0000 0000 0000 0000 0000 0000 0000 0000 0000 0000 0000 0000
0000 0000 0000 0000 0000 0000 0000 0000 0000 0000 0000 0000 0000 0000 0000 0000 0000 0000 0000 0000 0000 0000 0000 0000 0000 0000 0000 0000 0000
0000 0000 0000 0000 0000 0000 0000 0000 0000 0000 0000 0000 0000 0000 0000 0000 0000 0000 0000 0000 0000 0000 0000 0000 0000 0000 0000 0000 0000
0000 0000 0000 0000 0000 0000 0000 0000 0000 0000 0000 0000 0000 0000 0000 0000 0000 0000 0000 0000 0000 0000 0000 0000 0000 0000 0000 0000 0000
0000 0000 0000 0000 0000 0000 0000 0000 0000 0000 0000 0000 0000 0000 0000 0000 0000 0000 0000 0000 0000 0000 0000 0000 0000 0000 0000 0000 0000
0000 0000 0000 0000 0000 0000 0000 0000 0000 0000 0000 0000 0000 0000 0000 0000 0000 0000 0000 0000 0000 0000 0000 0000 0000 0000 0000 0000 0000
0000 0000 0000 0000 0000 0000 0000 0000 0000 0000 0000 0000 0000 0000 0000 0000 0000 0000 0000 0000 0000 0000 0000 0000 0000 0000 0000 0000 0000
0000 0000 0000 0000 0000 0000 0000 0000 0000 0000 0000 0000 0000 0000 0000 0000 0000 0000 0000 0000 0000 0000 0000 0000 0000 0000 0000 0000 0000
0000 0000 0000 0000 0000 0000 0000 0000 0000 0000 0000 0000 0000 0000 0000 0000 0000 0000 0000 0000 0000 0000 0000 0000 0000 0000 0000 0000 0000
0000 0000 0000 0000 0000 0000 0000 0000 0000 0000 0000 0000 0000 0000 0000 0000 0000 0000 0000 0000 0000 0000 0000 0000 0000 0000 0000 0000 0000
0000 0000 0000 0000 0000 0000 0000 0000 0000 0000 0000 0000 0000 0000 0000 0000 0000 0000 0000 0000 0000 0000 0000 0000 0000 0000 0000 0000 0000
0000 0000 0000 0000 0000 0000 0000 0000 0000 0000 0000 0000 0000 0000 0000 0000 0000 0000 0000 0000 0000 0000 0000 0000 0000 0000 0000 0000 0000
0000 0000 0000 0000 0000 0000 0000 0000 0000 0000 0000 0000 0000 0000 0000 0000 0000 0000 0000 0000 0000 0000 0000 0000 0000 0000 0000 0000 0000
0000 0000 0000 0000 0000 0000 0000 0000 0000 0000 0000 0000 0000 0000 0000 0000 0000 0000 0000 0000 0000 0000 0000 0000 0000 0000 0000 0000 0000
0000 0000 0000 0000 0000 0000 0000 0000 0000 0000 0000 0000 0000 0000 0000 0000 0000 0000 0000 0000 0000 0000 0000 0000 0000 0000 0000 0000 0000
0000 0000 0000 0000 0000 0000 0000 0000 0000 0000 0000 0000 0000 0000 0000 0000 0000 0000 0000 0000 0000 0000 0000 0000 0000 0000 0000 0000 0000
0000 0000 0000 0000 0000 0000 0000 0000 0000 0000 0000 0000 0000 0000 0000 0000 0000 0000 0000 0000 0000 0000 0000 0000 0000 0000 0000 0000 0000
0000 0000 0000 0000 0000 0000 0000 0000 0000 0000 0000 0000 0000 0000 0000 0000 0000 0000 0000 0000 0000 0000 0000 0000 0000 0000 0000 0000 0000
0000 0000 0000 0000 0000 0000 0000 0000 0000 0000 0000 0000 0000 0000 0000 0000 0000 0000 0000 0000 0000 0000 0000 0000 0000 0000 0000 0000 0000
0000 0000 0000 0000 0000 0000 0000 0000 0000 0000 0000 0000 0000 0000 0000 0000 0000 0000 0000 0000 0000 0000 0000 0000 0000 0000 0000 0000 0000
0000 0000 0000 0000 0000 0000 0000 0000 0000 0000 0000 0000 0000 0000 0000 0000 0000 0000 0000 0000 0000 0000 0000 0000 0000 0000 0000 0000 0000
0000 0000 0000 0000 0000 0000 0000 0000 0000 0000 0000 0000 0000 0000 0000 0000 0000 0000 0000 0000 0000 0000 0000 0000 0000 0000 0000 0000 0000
0000 0000 0000 0000 0000 0000 0000 0000 0000 0000 0000 0000 0000 0000 0000 0000 0000 0000 0000 0000 0000 0000 0000 0000 0000 0000 0000 0000 0000
0000 0000 0000 0000 0000 0000 0000 0000 0000 0000 0000 0000 0000 0000 0000 0000 0000 0000 0000 0000 0000 0000 0000 0000 0000 0000 0000 0000 0000
0000 0000 0000 0000 0000 0000 0000 0000 0000 0000 0000 0000 0000 0000 0000 0000 0000 0000 0000 0000 0000 0000 0000 0000 0000 0000 0000 0000 0000
0000 0000 0000 0000 0000 0000 0000 0000 0000 0000 0000 0000 0000 0000 0000 0000 0000 0000 0000 0000 0000 0000 0000 0000 0000 0000 0000 0000 0000
0000 0000 0000 0000 0000 0000 0000 0000 0000 0000 0000 0000 0000 0000 0000 0000 0000 0000 0000 0000 0000 0000 0000 0000 0000 0000 0000 0000 0000
0000 0000 0000 0000 0000 0000 0000 0000 0000 0000 0000 0000 0000 0000 0000 0000 0000 0000 0000 0000 0000 0000 0000 0000 0000 0000 0000 0000 0000
0000 0000 0000 0000 0000 0000 0000 0000 0000 0000 0000 0000 0000 0000 0000 0000 0000 0000 0000 0000 0000 0000 0000 0000 0000 0000 0000 0000 0000
0000 0000 0000 0000 0000 0000 0000 0000 0000 0000 0000 0000 0000 0000 0000 0000 0000 0000 0000 0000 0000 0000 0000 0000 0000 0000 0000 0000 0000
0000 0000 0000 0000 0000 0000 0000 0000 0000 0000 0000 0000 0000 0000 0000 0000 0000 0000 0000 0000 0000 0000 0000 0000 0000 0000 0000 0000 0000
0000 0000 0000 0000 0000 0000 0000 0000 0000 0000 0000 0000 0000 0000 0000 0000 0000 0000 0000 0000 0000 0000 0000 0000 0000 0000 0000 0000 0000
0000 0000 0000 0000 0000 0000 0000 0000 0000 0000 0000 0000 0000 0000 0000 0000 0000 0000 0000 0000 0000 0000 0000 0000 0000 0000 0000 0000 0000
0000 0000 0000 0000 0000 0000 0000 0000 0000 0000 0000 0000 0000 0000 0000 0000 0000 0000 0000 0000 0000 0000 0000 0000 0000 0000 0000 0000 0000
0000 0000 0000 0000 0000 0000 0000 0000 0000 0000 0000 0000 0000 0000 0000 0000 0000 0000 0000 0000 0000 0000 0000 0000 0000 0000 0000 0000 0000
0000 0000 0000 0000 0000 0000 0000 0000 0000 0000 0000 0000 0000 0000 0000 0000 0000 0000 0000 0000 0000 0000 0000 0000 0000 0000 0000 0000 0000
0000 0000 0000 0000 0000 0000 0000 0000 0000 0000 0000 0000 0000 0000 0000 0000 0000 0000 0000 0000 0000 0000 0000 0000 0000 0000 0000 0000 0000
0000 0000 0000 0000 0000 0000 0000 0000 0000 0000 0000 0000 0000 0000 0000 0000 0000 0000 0000 0000 0000 0000 0000 0000 0000 0000 0000 0000 0000
0000 0000 0000 0000 0000 0000 0000 0000 0000 0000 0000 0000 0000 0000 0000 0000 0000 0000 0000 0000 0000 0000 0000 0000 0000 0000 0000 0000 0000
0000 0000 0000 0000 0000 0000 0000 0000 0000 0000 0000 0000 0000 0000 0000 0000 0000 0000 0000 0000 0000 0000 0000 0000 0000 0000 0000 0000 0000
0000 0000 0000 0000 0000 0000 0000 0000 0000 0000 0000 0000 0000 0000 0000 0000 0000 0000 0000 0000 0000 0000 0000 0000 0000 0000 0000 0000 0000
0000 0000 0000 0000 0000 0000 0000 0000 0000 0000 0000 0000 0000 0000 0000 0000 0000 0000 0000 0000 0000 0000 0000 0000 0000 0000 0000 0000 0000
0000 0000 0000 0000 0000 0000 0000 0000 0000 0000 0000 0000 0000 0000 0000 0000 0000 0000 0000 0000 0000 0000 0000 0000 0000 0000 0000 0000 0000
0000 0000 0000 0000 0000 0000 0000 0000 0000 0000 0000 0000 0000 0000 0000 0000 0000 0000 0000 0000 0000 0000 0000 0000 0000 0000 0000 0000 0000
0000 0000 0000 0000 0000 0000 0000 0000 0000 0000 0000 0000 0000 0000 0000 0000 0000 0000 0000 0000 0000 0000 0000 0000 0000 0000 0000 0000 0000
0000 0000 0000 0000 0000 0000 0000 0000 0000 0000 0000 0000 0000 0000 0000 0000 0000 0000 0000 0000 0000 0000 0000 0000 0000 0000 0000 0000 0000
0000 0000 0000 0000 0000 0000 0000 0000 0000 0000 0000 0000 0000 0000 0000 0000 0000 0000 0000 0000 0000 0000 0000 0000 0000 0000 0000 0000 0000
0000 0000 0000 0000 0000 0000 0000 0000 0000 0000 0000 0000 0000 0000 0000 0000 0000 0000 0000 0000 0000 0000 0000 0000 0000 0000 0000 0000 0000
0000 0000 0000 0000 0000 0000 0000 0000 0000 0000 0000 0000 0000 0000 0000 0000 0000 0000 0000 0000 0000 0000 0000 0000 0000 0000 0000 0000 0000
0000 0000 0000 0000 0000 0000 0000 0000 0000 0000 0000 0000 0000 0000 0000 0000 0000 0000 0000 0000 0000 0000 0000 0000 0000 0000 0000 0000 0000
0000 0000 0000 0000 0000 0000 0000 0000 0000 0000 0000 0000 0000 0000 0000 0000 0000 0000 0000 0000 0000 0000 0000 0000 0000 0000 0000 0000 0000
0000 0000 0000 0000 0000 0000 0000 0000 0000 0000 0000 0000 0000 0000 0000 0000 0000 0000 0000 0000 0000 0000 0000 0000 0000 0000 0000 0000 0000
0000 0000 0000 0000 0000 0000 0000 0000 0000 0000 0000 0000 0000 0000 0000 0000 0000 0000 0000 0000 0000 0000 0000 0000 0000 0000 0000 0000 0000
0000 0000 0000 0000 0000 0000 0000 0000 0000 0000 0000 0000 0000 0000 0000 0000 0000 0000 0000 0000 0000 0000 0000 0000 0000 0000 0000 0000 0000
0000 0000 0000 0000 0000 0000 0000 0000 0000 0000 0000 0000 0000 0000 0000 0000 0000 0000 0000 0000 0000 0000 0000 0000 0000 0000 0000 0000 0000
0000 0000 0000 0000 0000 0000 0000 0000 0000 0000 0000 0000 0000 0000 0000 0000 0000 0000 0000 0000 0000 0000 0000 0000 0000 0000 0000 0000 0000
0000 0000 0000 0000 0000 0000 0000 0000 0000 0000 0000 0000 0000 0000 0000 0000 0000 0000 0000 0000 0000 0000 0000 0000 0000 0000 0000 0000 0000
0000 0000 0000 0000 0000 0000 0000 0000 0000 0000 0000 0000 0000 0000 0000 0000 0000 0000 0000 0000 0000 0000 0000 0000 0000 0000 0000 0000 0000
0000 0000 0000 0000 0000 0000 0000 0000 0000 0000 0000 0000 0000 0000 0000 0000 0000 0000 0000 0000 0000 0000 0000 0000 0000 0000 0000 0000 0000
0000 0000 0000 0000 0000 0000 0000 0000 0000 0000 0000 0000 0000 0000 0000 0000 0000 0000 0000 0000 0000 0000 0000 0000 0000 0000 0000 0000 0000
0000 0000 0000 0000 0000 0000 0000 0000 0000 0000 0000 0000 0000 0000 0000 0000 0000 0000 0000 0000 0000 0000 0000 0000 0000 0000 0000 0000 0000
0000 0000 0000 0000 0000 0000 0000 0000 0000 0000 0000 0000 0000 0000 0000 0000 0000 0000 0000 0000 0000 0000 0000 0000 0000 0000 0000 0000 0000
0000 0000 0000 0000 0000 0000 0000 0000 0000 0000 0000 0000 0000 0000 0000 0000 0000 0000 0000 0000 0000 0000 0000 0000 0000 0000 0000 0000 0000
0000 0000 0000 0000 0000 0000 0000 0000 0000 0000 0000 0000 0000 0000 0000 0000 0000 0000 0000 0000 0000 0000 0000 0000 0000 0000 0000 0000 0000
0000 0000 0000 0000 0000 0000 0000 0000 0000 0000 0000 0000 0000 0000 0000 0000 0000 0000 0000 0000 0000 0000 0000 0000 0000 0000 0000 0000 0000
0000 0000 0000 0000 0000 0000 0000 0000 0000 0000 0000 0000 0000 0000 0000 0000 0000 0000 0000 0000 0000 0000 0000 0000 0000 0000 0000 0000 0000
0000 0000 0000 0000 0000 0000 0000 0000 0000 0000 0000 0000 0000 0000 0000 0000 0000 0000 0000 0000 0000 0000 0000 0000 0000 0000 0000 0000 0000
0000 0000 0000 0000 0000 0000 0000 0000 0000 0000 0000 0000 0000 0000 0000 0000 0000 0000 0000 0000 0000 0000 0000 0000 0000 0000 0000 0000 0000
0000 0000 0000 0000 0000 0000 0000 0000 0000 0000 0000 0000 0000 0000 0000 0000 0000 0000 0000 0000 0000 0000 0000 0000 0000 0000 0000 0000 0000
0000 0000 0000 0000 0000 0000 0000 0000 0000 0000 0000 0000 0000 0000 0000 0000 0000 0000 0000 0000 0000 0000 0000 0000 0000 0000 0000 0000 0000
0000 0000 0000 0000 0000 0000 0000 0000 0000 0000 0000 0000 0000 0000 0000 0000 0000 0000 0000 0000 0000 0000 0000 0000 0000 0000 0000 0000 0000
0000 0000 0000 0000 0000 0000 0000 0000 0000 0000 0000 0000 0000 0000 0000 0000 0000 0000 0000 0000 0000 0000 0000 0000 0000 0000 0000 0000 0000
0000 0000 0000 0000 0000 0000 0000 0000 0000 0000 0000 0000 0000 0000 0000 0000 0000 0000 0000 0000 0000 0000 0000 0000 0000 0000 0000 0000 0000
0000 0000 0000 0000 0000 0000 0000 0000 0000 0000 0000 0000 0000 0000 0000 0000 0000 0000 0000 0000 0000 0000 0000 0000 0000 0000 0000 0000 0000
0000 0000 0000 0000 0000 0000 0000 0000 0000 0000 0000 0000 0000 0000 0000 0000 0000 0000 0000 0000 0000 0000 0000 0000 0000 0000 0000 0000 0000
0000 0000 0000 0000 0000 0000 0000 0000 0000 0000 0000 0000 0000 0000 0000 0000 0000 0000 0000 0000 0000 0000 0000 0000 0000 0000 0000 0000 0000
0000 0000 0000 0000 0000 0000 0000 0000 0000 0000 0000 0000 0000 0000 0000 0000 0000 0000 0000 0000 0000 0000 0000 0000 0000 0000 0000 0000 0000
0000 0000 0000 0000 0000 0000 0000 0000 0000 0000 0000 0000 0000 0000 0000 0000 0000 0000 0000 0000 0000 0000 0000 0000 0000 0000 0000 0000 0000
0000 0000 0000 0000 0000 0000 0000 0000 0000 0000 0000 0000 0000 0000 0000 0000 0000 0000 0000 0000 0000 0000 0000 0000 0000 0000 0000 0000 0000
0000 0000 0000 0000 0000 0000 0000 0000 0000 0000 0000 0000 0000 0000 0000 0000 0000 0000 0000 0000 0000 0000 0000 0000 0000 0000 0000 0000 0000
0000 0000 0000 0000 0000 0000 0000 0000 0000 0000 0000 0000 0000 0000 0000 0000 0000 0000 0000 0000 0000 0000 0000 0000 0000 0000 0000 0000 0000
0000 0000 0000 0000 0000 0000 0000 0000 0000 0000 0000 0000 0000 0000 0000 0000 0000 0000 0000 0000 0000 0000 0000 0000 0000 0000 0000 0000 0000
0000 0000 0000 0000 0000 0000 0000 0000 0000 0000 0000 0000 0000 0000 0000 0000 0000 0000 0000 0000 0000 0000 0000 0000 0000 0000 0000 0000 0000
0000 0000 0000 0000 0000 0000 0000 0000 0000 0000 0000 0000 0000 0000 0000 0000 0000 0000 0000 0000 0000 0000 0000 0000 0000 0000 0000 0000 0000
0000 0000 0000 0000 0000 0000 0000 0000 0000 0000 0000 0000 0000 0000 0000 0000 0000 0000 0000 0000 0000 0000 0000 0000 0000 0000 0000 0000 0000
0000 0000 0000 0000 0000 0000 0000 0000 0000 0000 0000 0000 0000 0000 0000 0000 0000 0000 0000 0000 0000 0000 0000 0000 0000 0000 0000 0000 0000
0000 0000 0000 0000 0000 0000 0000 0000 0000 0000 0000 0000 0000 0000 0000 0000 0000 0000 0000 0000 0000 0000 0000 0000 0000 0000 0000 0000 0000
0000 0000 0000 0000 0000 0000 0000 0000 0000 0000 0000 0000 0000 0000 0000 0000 0000 0000 0000 0000 0000 0000 0000 0000 0000 0000 0000 0000 0000
0000 0000 0000 0000 0000 0000 0000 0000 0000 0000 0000 0000 0000 0000 0000 0000 0000 0000 0000 0000 0000 0000 0000 0000 0000 0000 0000 0000 0000
0000 0000 0000 0000 0000 0000 0000 0000 0000 0000 0000 0000 0000 0000 0000 0000 0000 0000 0000 0000 0000 0000 0000 0000 0000 0000 0000 0000 0000
0000 0000 0000 0000 0000 0000 0000 0000 0000 0000 0000 0000 0000 0000 0000 0000 0000 0000 0000 0000 0000 0000 0000 0000 0000 0000 0000 0000 0000
0000 0000 0000 0000 0000 0000 0000 0000 0000 0000 0000 0000 0000 0000 0000 0000 0000 0000 0000 0000 0000 0000 0000 0000 0000 0000 0000 0000 0000
0000 0000 0000 0000 0000 0000 0000 0000 0000 0000 0000 0000 0000 0000 0000 0000 0000 0000 0000 0000 0000 0000 0000 0000 0000 0000 0000 0000 0000
0000 0000 0000 0000 0000 0000 0000 0000 0000 0000 0000 0000 0000 0000 0000 0000 0000 0000 0000 0000 0000 0000 0000 0000 0000 0000 0000 0000 0000
0000 0000 0000 0000 0000 0000 0000 0000 0000 0000 0000 0000 0000 0000 0000 0000 0000 0000 0000 0000 0000 0000 0000 0000 0000 0000 0000 0000 0000
0000 0000 0000 0000 0000 0000 0000 0000 0000 0000 0000 0000 0000 0000 0000 0000 0000 0000 0000 0000 0000 0000 0000 0000 0000 0000 0000 0000 0000
0000 0000 0000 0000 0000 0000 0000 0000 0000 0000 0000 0000 0000 0000 0000 0000 0000 0000 0000 0000 0000 0000 0000 0000 0000 0000 0000 0000 0000
0000 0000 0000 0000 0000 0000 0000 0000 0000 0000 0000 0000 0000 0000 0000 0000 0000 0000 0000 0000 0000 0000 0000 0000 0000 0000 0000 0000 0000
0000 0000 0000 0000 0000 0000 0000 0000 0000 0000 0000 0000 0000 0000 0000 0000 0000 0000 0000 0000 0000 0000 0000 0000 0000 0000 0000 0000 0000
0000 0000 0000 0000 0000 0000 0000 0000 0000 0000 0000 0000 0000 0000 0000 0000 0000 0000 0000 0000 0000 0000 0000 0000 0000 0000 0000 0000 0000
0000 0000 0000 0000 0000 0000 0000 0000 0000 0000 0000 0000 0000 0000 0000 0000 0000 0000 0000 0000 0000 0000 0000 0000 0000 0000 0000 0000 0000
0000 0000 0000 0000 0000 0000 0000 0000 0000 0000 0000 0000 0000 0000 0000 0000 0000 0000 0000 0000 0000 0000 0000 0000 0000 0000 0000 0000 0000
0000 0000 0000 0000 0000 0000 0000 0000 0000 0000 0000 0000 0000 0000 0000 0000 0000 0000 0000 0000 0000 0000 0000 0000 0000 0000 0000 0000 0000
0000 0000 0000 0000 0000 0000 0000 0000 0000 0000 0000 0000 0000 0000 0000 0000 0000 0000 0000 0000 0000 0000 0000 0000 0000 0000 0000 0000 0000
0000 0000 0000 0000 0000 0000 0000 0000 0000 0000 0000 0000 0000 0000 0000 0000 0000 0000 0000 0000 0000 0000 0000 0000 0000 0000 0000 0000 0000
0000 0000 0000 0000 0000 0000 0000 0000 0000 0000 0000 0000 0000 0000 0000 0000 0000 0000 0000 0000 0000 0000 0000 0000 0000 0000 0000 0000 0000
0000 0000 0000 0000 0000 0000 0000 0000 0000 0000 0000 0000 0000 0000 0000 0000 0000 0000 0000 0000 0000 0000 0000 0000 0000 0000 0000 0000 0000
0000 0000 0000 0000 0000 0000 0000 0000 0000 0000 0000 0000 0000 0000 0000 0000 0000 0000 0000 0000 0000 0000 0000 0000 0000 0000 0000 0000 0000
0000 0000 0000 0000 0000 0000 0000 0000 0000 0000 0000 0000 0000 0000 0000 0000 0000 0000 0000 0000 0000 0000 0000 0000 0000 0000 0000 0000 0000
0000 0000 0000 0000 0000 0000 0000 0000 0000 0000 0000 0000 0000 0000 0000 0000 0000 0000 0000 0000 0000 0000 0000 0000 0000 0000 0000 0000 0000
0000 0000 0000 0000 0000 0000 0000 0000 0000 0000 0000 0000 0000 0000 0000 0000 0000 0000 0000 0000 0000 0000 0000 0000 0000 0000 0000 0000 0000
0000 0000 0000 0000 0000 0000 0000 0000 0000 0000 0000 0000 0000 0000 0000 0000 0000 0000 0000 0000 0000 0000 0000 0000 0000 0000 0000 0000 0000
0000 0000 0000 0000 0000 0000 0000 0000 0000 0000 0000 0000 0000 0000 0000 0000 0000 0000 0000 0000 0000 0000 0000 0000 0000 0000 0000 0000 0000
0000 0000 0000 0000 0000 0000 0000 0000 0000 0000 0000 0000 0000 0000 0000 0000 0000 0000 0000 0000 0000 0000 0000 0000 0000 0000 0000 0000 0000
0000 0000 0000 0000 0000 0000 0000 0000 0000 0000 0000 0000 0000 0000 0000 0000 0000 0000 0000 0000 0000 0000 0000 0000 0000 0000 0000 0000 0000
0000 0000 0000 0000 0000 0000 0000 0000 0000 0000 0000 0000 0000 0000 0000 0000 0000 0000 0000 0000 0000 0000 0000 0000 0000 0000 0000 0000 0000
0000 0000 0000 0000 0000 0000 0000 0000 0000 0000 0000 0000 0000 0000 0000 0000 0000 0000 0000 0000 0000 0000 0000 0000 0000 0000 0000 0000 0000
0000 0000 0000 0000 0000 0000 0000 0000 0000 0000 0000 0000 0000 0000 0000 0000 0000 0000 0000 0000 0000 0000 0000 0000 0000 0000 0000 0000 0000
0000 0000 0000 0000 0000 0000 0000 0000 0000 0000 0000 0000 0000 0000 0000 0000 0000 0000 0000 0000 0000 0000 0000 0000 0000 0000 0000 0000 0000
0000 0000 0000 0000 0000 0000 0000 0000 0000 0000 0000 0000 0000 0000 0000 0000 0000 0000 0000 0000 0000 0000 0000 0000 0000 0000 0000 0000 0000
0000 0000 0000 0000 0000 0000 0000 0000 0000 0000 0000 0000 0000 0000 0000 0000 0000 0000 0000 0000 0000 0000 0000 0000 0000 0000 0000 0000 0000
0000 0000 0000 0000 0000 0000 0000 0000 0000 0000 0000 0000 0000 0000 0000 0000 0000 0000 0000 0000 0000 0000 0000 0000 0000 0000 0000 0000 0000
0000 0000 0000 0000 0000 0000 0000 0000 0000 0000 0000 0000 0000 0000 0000 0000 0000 0000 0000 0000 0000 0000 0000 0000 0000 0000 0000 0000 0000
0000 0000 0000 0000 0000 0000 0000 0000 0000 0000 0000 0000 0000 0000 0000 0000 0000 0000 0000 0000 0000 0000 0000 0000 0000 0000 0000 0000 0000
0000 0000 0000 0000 0000 0000 0000 0000 0000 0000 0000 0000 0000 0000 0000 0000 0000 0000 0000 0000 0000 0000 0000 0000 0000 0000 0000 0000 0000
0000 0000 0000 0000 0000 0000 0000 0000 0000 0000 0000 0000 0000 0000 0000 0000 0000 0000 0000 0000 0000 0000 0000 0000 0000 0000 0000 0000 0000
0000 0000 0000 0000 0000 0000 0000 0000 0000 0000 0000 0000 0000 0000 0000 0000 0000 0000 0000 0000 0000 0000 0000 0000 0000 0000 0000 0000 0000
0000 0000 0000 0000 0000 0000 0000 0000 0000 0000 0000 0000 0000 0000 0000 0000 0000 0000 0000 0000 0000 0000 0000 0000 0000 0000 0000 0000 0000
0000 0000 0000 0000 0000 0000 0000 0000 0000 0000 0000 0000 0000 0000 0000 0000 0000 0000 0000 0000 0000 0000 0000 0000 0000 0000 0000 0000 0000
0000 0000 0000 0000 0000 0000 0000 0000 0000 0000 0000 0000 0000 0000 0000 0000 0000 0000 0000 0000 0000 0000 0000 0000 0000 0000 0000 0000 0000
0000 0000 0000 0000 0000 0000 0000 0000 0000 0000 0000 0000 0000 0000 0000 0000 0000 0000 0000 0000 0000 0000 0000 0000 0000 0000 0000 0000 0000
0000 0000 0000 0000 0000 0000 0000 0000 0000 0000 0000 0000 0000 0000 0000 0000 0000 0000 0000 0000 0000 0000 0000 0000 0000 0000 0000 0000 0000
0000 0000 0000 0000 0000 0000 0000 0000 0000 0000 0000 0000 0000 0000 0000 0000 0000 0000 0000 0000 0000 0000 0000 0000 0000 0000 0000 0000 0000
0000 0000 0000 0000 0000 0000 0000 0000 0000 0000 0000 0000 0000 0000 0000 0000 0000 0000 0000 0000 0000 0000 0000 0000 0000 0000 0000 0000 0000
0000 0000 0000 0000 0000 0000 0000 0000 0000 0000 0000 0000 0000 0000 0000 0000 0000 0000 0000 0000 0000 0000 0000 0000 0000 0000 0000 0000 0000
0000 0000 0000 0000 0000 0000 0000 0000 0000 0000 0000 0000 0000 0000 0000 0000 0000 0000 0000 0000 0000 0000 0000 0000 0000 0000 0000 0000 0000
0000 0000 0000 0000 0000 0000 0000 0000 0000 0000 0000 0000 0000 0000 0000 0000 0000 0000 0000 0000 0000 0000 0000 0000 0000 0000 0000 0000 0000
0000 0000 0000 0000 0000 0000 0000 0000 0000 0000 0000 0000 0000 0000 0000 0000 0000 0000 0000 0000 0000 0000 0000 0000 0000 0000 0000 0000 0000
0000 0000 0000 0000 0000 0000 0000 0000 0000 0000 0000 0000 0000 0000 0000 0000 0000 0000 0000 0000 0000 0000 0000 0000 0000 0000 0000 0000 0000
0000 0000 0000 0000 0000 0000 0000 0000 0000 0000 0000 0000 0000 0000 0000 0000 0000 0000 0000 0000 0000 0000 0000 0000 0000 0000 0000 0000 0000
0000 0000 0000 0000 0000 0000 0000 0000 0000 0000 0000 0000 0000 0000 0000 0000 0000 0000 0000 0000 0000 0000 0000 0000 0000 0000 0000 0000 0000
0000 0000 0000 0000 0000 0000 0000 0000 0000 0000 0000 0000 0000 0000 0000 0000 0000 0000 0000 0000 0000 0000 0000 0000 0000 0000 0000 0000 0000
0000 0000 0000 0000 0000 0000 0000 0000 0000 0000 0000 0000 0000 0000 0000 0000 0000 0000 0000 0000 0000 0000 0000 0000 0000 0000 0000 0000 0000
0000 0000 0000 0000 0000 0000 0000 0000 0000 0000 0000 0000 0000 0000 0000 0000 0000 0000 0000 0000 0000 0000 0000 0000 0000 0000 0000 0000 0000
0000 0000 0000 0000 0000 0000 0000 0000 0000 0000 0000 0000 0000 0000 0000 0000 0000 0000 0000 0000 0000 0000 0000 0000 0000 0000 0000 0000 0000
0000 0000 0000 0000 0000 0000 0000 0000 0000 0000 0000 0000 0000 0000 0000 0000 0000 0000 0000 0000 0000 0000 0000 0000 0000 0000 0000 0000 0000
0000 0000 0000 0000 0000 0000 0000 0000 0000 0000 0000 0000 0000 0000 0000 0000 0000 0000 0000 0000 0000 0000 0000 0000 0000 0000 0000 0000 0000
0000 0000 0000 0000 0000 0000 0000 0000 0000 0000 0000 0000 0000 0000 0000 0000 0000 0000 0000 0000 0000 0000 0000 0000 0000 0000 0000 0000 0000
0000 0000 0000 0000 0000 0000 0000 0000 0000 0000 0000 0000 0000 0000 0000 0000 0000 0000 0000 0000 0000 0000 0000 0000 0000 0000 0000 0000 0000
0000 0000 0000 0000 0000 0000 0000 0000 0000 0000 0000 0000 0000 0000 0000 0000 0000 0000 0000 0000 0000 0000 0000 0000 0000 0000 0000 0000 0000
0000 0000 0000 0000 0000 0000 0000 0000 0000 0000 0000 0000 0000 0000 0000 0000 0000 0000 0000 0000 0000 0000 0000 0000 0000 0000 0000 0000 0000
0000 0000 0000 0000 0000 0000 0000 0000 0000 0000 0000 0000 0000 0000 0000 0000 0000 0000 0000 0000 0000 0000 0000 0000 0000 0000 0000 0000 0000
0000 0000 0000 0000 0000 0000 0000 0000 0000 0000 0000 0000 0000 0000 0000 0000 0000 0000 0000 0000 0000 0000 0000 0000 0000 0000 0000 0000 0000
0000 0000 0000 0000 0000 0000 0000 0000 0000 0000 0000 0000 0000 0000 0000 0000 0000 0000 0000 0000 0000 0000 0000 0000 0000 0000 0000 0000 0000
0000 0000 0000 0000 0000 0000 0000 0000 0000 0000 0000 0000 0000 0000 0000 0000 0000 0000 0000 0000 0000 0000 0000 0000 0000 0000 0000 0000 0000
0000 0000 0000 0000 0000 0000 0000 0000 0000 0000 0000 0000 0000 0000 0000 0000 0000 0000 0000 0000 0000 0000 0000 0000 0000 0000 0000 0000 0000
0000 0000 0000 0000 0000 0000 0000 0000 0000 0000 0000 0000 0000 0000 0000 0000 0000 0000 0000 0000 0000 0000 0000 0000 0000 0000 0000 0000 0000
0000 0000 0000 0000 0000 0000 0000 0000 0000 0000 0000 0000 0000 0000 0000 0000 0000 0000 0000 0000 0000 0000 0000 0000 0000 0000 0000 0000 0000
0000 0000 0000 0000 0000 0000 0000 0000 0000 0000 0000 0000 0000 0000 0000 0000 0000 0000 0000 0000 0000 0000 0000 0000 0000 0000 0000 0000 0000
0000 0000 0000 0000 0000 0000 0000 0000 0000 0000 0000 0000 0000 0000 0000 0000 0000 0000 0000 0000 0000 0000 0000 0000 0000 0000 0000 0000 0000
0000 0000 0000 0000 0000 0000 0000 0000 0000 0000 0000 0000 0000 0000 0000 0000 0000 0000 0000 0000 0000 0000 0000 0000 0000 0000 0000 0000 0000
0000 0000 0000 0000 0000 0000 0000 0000 0000 0000 0000 0000 0000 0000 0000 0000 0000 0000 0000 0000 0000 0000 0000 0000 0000 0000 0000 0000 0000
0000 0000 0000 0000 0000 0000 0000 0000 0000 0000 0000 0000 0000 0000 0000 0000 0000 0000 0000 0000 0000 0000 0000 0000 0000 0000 0000 0000 0000
0000 0000 0000 0000 0000 0000 0000 0000 0000 0000 0000 0000 0000 0000 0000 0000 0000 0000 0000 0000 0000 0000 0000 0000 0000 0000 0000 0000 0000
0000 0000 0000 0000 0000 0000 0000 0000 0000 0000 0000 0000 0000 0000 0000 0000 0000 0000 0000 0000 0000 0000 0000 0000 0000 0000 0000 0000 0000
0000 0000 0000 0000 0000 0000 0000 0000 0000 0000 0000 0000 0000 0000 0000 0000 0000 0000 0000 0000 0000 0000 0000 0000 0000 0000 0000 0000 0000
0000 0000 0000 0000 0000 0000 0000 0000 0000 0000 0000 0000 0000 0000 0000 0000 0000 0000 0000 0000 0000 0000 0000 0000 0000 0000 0000 0000 0000
0000 0000 0000 0000 0000 0000 0000 0000 0000 0000 0000 0000 0000 0000 0000 0000 0000 0000 0000 0000 0000 0000 0000 0000 0000 0000 0000 0000 0000
0000 0000 0000 0000 0000 0000 0000 0000 0000 0000 0000 0000 0000 0000 0000 0000 0000 0000 0000 0000 0000 0000 0000 0000 0000 0000 0000 0000 0000
0000 0000 0000 0000 0000 0000 0000 0000 0000 0000 0000 0000 0000 0000 0000 0000 0000 0000 0000 0000 0000 0000 0000 0000 0000 0000 0000 0000 0000
0000 0000 0000 0000 0000 0000 0000 0000 0000 0000 0000 0000 0000 0000 0000 0000 0000 0000 0000 0000 0000 0000 0000 0000 0000 0000 0000 0000 0000
0000 0000 0000 0000 0000 0000 0000 0000 0000 0000 0000 0000 0000 0000 0000 0000 0000 0000 0000 0000 0000 0000 0000 0000 0000 0000 0000 0000 0000
0000 0000 0000 0000 0000 0000 0000 0000 0000 0000 0000 0000 0000 0000 0000 0000 0000 0000 0000 0000 0000 0000 0000 0000 0000 0000 0000 0000 0000
0000 0000 0000 0000 0000 0000 0000 0000 0000 0000 0000 0000 0000 0000 0000 0000 0000 0000 0000 0000 0000 0000 0000 0000 0000 0000 0000 0000 0000
0000 0000 0000 0000 0000 0000 0000 0000 0000 0000 0000 0000 0000 0000 0000 0000 0000 0000 0000 0000 0000 0000 0000 0000 0000 0000 0000 0000 0000
0000 0000 0000 0000 0000 0000 0000 0000 0000 0000 0000 0000 0000 0000 0000 0000 0000 0000 0000 0000 0000 0000 0000 0000 0000 0000 0000 0000 0000
0000 0000 0000 0000 0000 0000 0000 0000 0000 0000 0000 0000 0000 0000 0000 0000 0000 0000 0000 0000 0000 0000 0000 0000 0000 0000 0000 0000 0000
0000 0000 0000 0000 0000 0000 0000 0000 0000 0000 0000 0000 0000 0000 0000 0000 0000 0000 0000 0000 0000 0000 0000 0000 0000 0000 0000 0000 0000
0000 0000 0000 0000 0000 0000 0000 0000 0000 0000 0000 0000 0000 0000 0000 0000 0000 0000 0000 0000 0000 0000 0000 0000 0000 0000 0000 0000 0000
0000 0000 0000 0000 0000 0000 0000 0000 0000 0000 0000 0000 0000 0000 0000 0000 0000 0000 0000 0000 0000 0000 0000 0000 0000 0000 0000 0000 0000
0000 0000 0000 0000 0000 0000 0000 0000 0000 0000 0000 0000 0000 0000 0000 0000 0000 0000 0000 0000 0000 0000 0000 0000 0000 0000 0000 0000 0000
0000 0000 0000 0000 0000 0000 0000 0000 0000 0000 0000 0000 0000 0000 0000 0000 0000 0000 0000 0000 0000 0000 0000 0000 0000 0000 0000 0000 0000
0000 0000 0000 0000 0000 0000 0000 0000 0000 0000 0000 0000 0000 0000 0000 0000 0000 0000 0000 0000 0000 0000 0000 0000 0000 0000 0000 0000 0000
0000 0000 0000 0000 0000 0000 0000 0000 0000 0000 0000 0000 0000 0000 0000 0000 0000 0000 0000 0000 0000 0000 0000 0000 0000 0000 0000 0000 0000
0000 0000 0000 0000 0000 0000 0000 0000 0000 0000 0000 0000 0000 0000 0000 0000 0000 0000 0000 0000 0000 0000 0000 0000 0000 0000 0000 0000 0000
0000 0000 0000 0000 0000 0000 0000 0000 0000 0000 0000 0000 0000 0000 0000 0000 0000 0000 0000 0000 0000 0000 0000 0000 0000 0000 0000 0000 0000
0000 0000 0000 0000 0000 0000 0000 0000 0000 0000 0000 0000 0000 0000 0000 0000 0000 0000 0000 0000 0000 0000 0000 0000 0000 0000 0000 0000 0000
0000 0000 0000 0000 0000 0000 0000 0000 0000 0000 0000 0000 0000 0000 0000 0000 0000 0000 0000 0000 0000 0000 0000 0000 0000 0000 0000 0000 0000
0000 0000 0000 0000 0000 0000 0000 0000 0000 0000 0000 0000 0000 0000 0000 0000 0000 0000 0000 0000 0000 0000 0000 0000 0000 0000 0000 0000 0000
0000 0000 0000 0000 0000 0000 0000 0000 0000 0000 0000 0000 0000 0000 0000 0000 0000 0000 0000 0000 0000 0000 0000 0000 0000 0000 0000 0000 0000
0000 0000 0000 0000 0000 0000 0000 0000 0000 0000 0000 0000 0000 0000 0000 0000 0000 0000 0000 0000 0000 0000 0000 0000 0000 0000 0000 0000 0000
0000 0000 0000 0000 0000 0000 0000 0000 0000 0000 0000 0000 0000 0000 0000 0000 0000 0000 0000 0000 0000 0000 0000 0000 0000 0000 0000 0000 0000
0000 0000 0000 0000 0000 0000 0000 0000 0000 0000 0000 0000 0000 0000 0000 0000 0000 0000 0000 0000 0000 0000 0000 0000 0000 0000 0000 0000 0000
0000 0000 0000 0000 0000 0000 0000 0000 0000 0000 0000 0000 0000 0000 0000 0000 0000 0000 0000 0000 0000 0000 0000 0000 0000 0000 0000 0000 0000
0000 0000 0000 0000 0000 0000 0000 0000 0000 0000 0000 0000 0000 0000 0000 0000 0000 0000 0000 0000 0000 0000 0000 0000 0000 0000 0000 0000 0000
0000 0000 0000 0000 0000 0000 0000 0000 0000 0000 0000 0000 0000 0000 0000 0000 0000 0000 0000 0000 0000 0000 0000 0000 0000 0000 0000 0000 0000
0000 0000 0000 0000 0000 0000 0000 0000 0000 0000 0000 0000 0000 0000 0000 0000 0000 0000 0000 0000 0000 0000 0000 0000 0000 0000 0000 0000 0000
0000 0000 0000 0000 0000 0000 0000 0000 0000 0000 0000 0000 0000 0000 0000 0000 0000 0000 0000 0000 0000 0000 0000 0000 0000 0000 0000 0000 0000
0000 0000 0000 0000 0000 0000 0000 0000 0000 0000 0000 0000 0000 0000 0000 0000 0000 0000 0000 0000 0000 0000 0000 0000 0000 0000 0000 0000 0000
0000 0000 0000 0000 0000 0000 0000 0000 0000 0000 0000 0000 0000 0000 0000 0000 0000 0000 0000 0000 0000 0000 0000 0000 0000 0000 0000 0000 0000
0000 0000 0000 0000 0000 0000 0000 0000 0000 0000 0000 0000 0000 0000 0000 0000 0000 0000 0000 0000 0000 0000 0000 0000 0000 0000 0000 0000 0000
0000 0000 0000 0000 0000 0000 0000 0000 0000 0000 0000 0000 0000 0000 0000 0000 0000 0000 0000 0000 0000 0000 0000 0000 0000 0000 0000 0000 0000
0000 0000 0000 0000 0000 0000 0000 0000 0000 0000 0000 0000 0000 0000 0000 0000 0000 0000 0000 0000 0000 0000 0000 0000 0000 0000 0000 0000 0000
0000 0000 0000 0000 0000 0000 0000 0000 0000 0000 0000 0000 0000 0000 0000 0000 0000 0000 0000 0000 0000 0000 0000 0000 0000 0000 0000 0000 0000
0000 0000 0000 0000 0000 0000 0000 0000 0000 0000 0000 0000 0000 0000 0000 0000 0000 0000 0000 0000 0000 0000 0000 0000 0000 0000 0000 0000 0000
0000 0000 0000 0000 0000 0000 0000 0000 0000 0000 0000 0000 0000 0000 0000 0000 0000 0000 0000 0000 0000 0000 0000 0000 0000 0000 0000 0000 0000
0000 0000 0000 0000 0000 0000 0000 0000 0000 0000 0000 0000 0000 0000 0000 0000 0000 0000 0000 0000 0000 0000 0000 0000 0000 0000 0000 0000 0000
0000 0000 0000 0000 0000 0000 0000 0000 0000 0000 0000 0000 0000 0000 0000 0000 0000 0000 0000 0000 0000 0000 0000 0000 0000 0000 0000 0000 0000
0000 0000 0000 0000 0000 0000 0000 0000 0000 0000 0000 0000 0000 0000 0000 0000 0000 0000 0000 0000 0000 0000 0000 0000 0000 0000 0000 0000 0000
0000 0000 0000 0000 0000 0000 0000 0000 0000 0000 0000 0000 0000 0000 0000 0000 0000 0000 0000 0000 0000 0000 0000 0000 0000 0000 0000 0000 0000
0000 0000 0000 0000 0000 0000 0000 0000 0000 0000 0000 0000 0000 0000 0000 0000 0000 0000 0000 0000 0000 0000 0000 0000 0000 0000 0000 0000 0000
0000 0000 0000 0000 0000 0000 0000 0000 0000 0000 0000 0000 0000 0000 0000 0000 0000 0000 0000 0000 0000 0000 0000 0000 0000 0000 0000 0000 0000
0000 0000 0000 0000 0000 0000 0000 0000 0000 0000 0000 0000 0000 0000 0000 0000 0000 0000 0000 0000 0000 0000 0000 0000 0000 0000 0000 0000 0000
0000 0000 0000 0000 0000 0000 0000 0000 0000 0000 0000 0000 0000 0000 0000 0000 0000 0000 0000 0000 0000 0000 0000 0000 0000 0000 0000 0000 0000
0000 0000 0000 0000 0000 0000 0000 0000 0000 0000 0000 0000 0000 0000 0000 0000 0000 0000 0000 0000 0000 0000 0000 0000 0000 0000 0000 0000 0000
0000 0000 0000 0000 0000 0000 0000 0000 0000 0000 0000 0000 0000 0000 0000 0000 0000 0000 0000 0000 0000 0000 0000 0000 0000 0000 0000 0000 0000
0000 0000 0000 0000 0000 0000 0000 0000 0000 0000 0000 0000 0000 0000 0000 0000 0000 0000 0000 0000 0000 0000 0000 0000 0000 0000 0000 0000 0000
0000 0000 0000 0000 0000 0000 0000 0000 0000 0000 0000 0000 0000 0000 0000 0000 0000 0000 0000 0000 0000 0000 0000 0000 0000 0000 0000 0000 0000
0000 0000 0000 0000 0000 0000 0000 0000 0000 0000 0000 0000 0000 0000 0000 0000 0000 0000 0000 0000 0000 0000 0000 0000 0000 0000 0000 0000 0000
0000 0000 0000 0000 0000 0000 0000 0000 0000 0000 0000 0000 0000 0000 0000 0000 0000 0000 0000 0000 0000 0000 0000 0000 0000 0000 0000 0000 0000
0000 0000 0000 0000 0000 0000 0000 0000 0000 0000 0000 0000 0000 0000 0000 0000 0000 0000 0000 0000 0000 0000 0000 0000 0000 0000 0000 0000 0000
0000 0000 0000 0000 0000 0000 0000 0000 0000 0000 0000 0000 0000 0000 0000 0000 0000 0000 0000 0000 0000 0000 0000 0000 0000 0000 0000 0000 0000
0000 0000 0000 0000 0000 0000 0000 0000 0000 0000 0000 0000 0000 0000 0000 0000 0000 0000 0000 0000 0000 0000 0000 0000 0000 0000 0000 0000 0000
0000 0000 0000 0000 0000 0000 0000 0000 0000 0000 0000 0000 0000 0000 0000 0000 0000 0000 0000 0000 0000 0000 0000 0000 0000 0000 0000 0000 0000
0000 0000 0000 0000 0000 0000 0000 0000 0000 0000 0000 0000 0000 0000 0000 0000 0000 0000 0000 0000 0000 0000 0000 0000 0000 0000 0000 0000 0000
0000 0000 0000 0000 0000 0000 0000 0000 0000 0000 0000 0000 0000 0000 0000 0000 0000 0000 0000 0000 0000 0000 0000 0000 0000 0000 0000 0000 0000
0000 0000 0000 0000 0000 0000 0000 0000 0000 0000 0000 0000 0000 0000 0000 0000 0000 0000 0000 0000 0000 0000 0000 0000 0000 0000 0000 0000 0000
0000 0000 0000 0000 0000 0000 0000 0000 0000 0000 0000 0000 0000 0000 0000 0000 0000 0000 0000 0000 0000 0000 0000 0000 0000 0000 0000 0000 0000
0000 0000 0000 0000 0000 0000 0000 0000 0000 0000 0000 0000 0000 0000 0000 0000 0000 0000 0000 0000 0000 0000 0000 0000 0000 0000 0000 0000 0000
0000 0000 0000 0000 0000 0000 0000 0000 0000 0000 0000 0000 0000 0000 0000 0000 0000 0000 0000 0000 0000 0000 0000 0000 0000 0000 0000 0000 0000
0000 0000 0000 0000 0000 0000 0000 0000 0000 0000 0000 0000 0000 0000 0000 0000 0000 0000 0000 0000 0000 0000 0000 0000 0000 0000 0000 0000 0000
0000 0000 0000 0000 0000 0000 0000 0000 0000 0000 0000 0000 0000 0000 0000 0000 0000 0000 0000 0000 0000 0000 0000 0000 0000 0000 0000 0000 0000
0000 0000 0000 0000 0000 0000 0000 0000 0000 0000 0000 0000 0000 0000 0000 0000 0000 0000 0000 0000 0000 0000 0000 0000 0000 0000 0000 0000 0000
0000 0000 0000 0000 0000 0000 0000 0000 0000 0000 0000 0000 0000 0000 0000 0000 0000 0000 0000 0000 0000 0000 0000 0000 0000 0000 0000 0000 0000
0000 0000 0000 0000 0000 0000 0000 0000 0000 0000 0000 0000 0000 0000 0000 0000 0000 0000 0000 0000 0000 0000 0000 0000 0000 0000 0000 0000 0000
0000 0000 0000 0000 0000 0000 0000 0000 0000 0000 0000 0000 0000 0000 0000 0000 0000 0000 0000 0000 0000 0000 0000 0000 0000 0000 0000 0000 0000
0000 0000 0000 0000 0000 0000 0000 0000 0000 0000 0000 0000 0000 0000 0000 0000 0000 0000 0000 0000 0000 0000 0000 0000 0000 0000 0000 0000 0000
0000 0000 0000 0000 0000 0000 0000 0000 0000 0000 0000 0000 0000 0000 0000 0000 0000 0000 0000 0000 0000 0000 0000 0000 0000 0000 0000 0000 0000
0000 0000 0000 0000 0000 0000 0000 0000 0000 0000 0000 0000 0000 0000 0000 0000 0000 0000 0000 0000 0000 0000 0000 0000 0000 0000 0000 0000 0000
0000 0000 0000 0000 0000 0000 0000 0000 0000 0000 0000 0000 0000 0000 0000 0000 0000 0000 0000 0000 0000 0000 0000 0000 0000 0000 0000 0000 0000
0000 0000 0000 0000 0000 0000 0000 0000 0000 0000 0000 0000 0000 0000 0000 0000 0000 0000 0000 0000 0000 0000 0000 0000 0000 0000 0000 0000 0000
0000 0000 0000 0000 0000 0000 0000 0000 0000 0000 0000 0000 0000 0000 0000 0000 0000 0000 0000 0000 0000 0000 0000 0000 0000 0000 0000 0000 0000
0000 0000 0000 0000 0000 0000 0000 0000 0000 0000 0000 0000 0000 0000 0000 0000 0000 0000 0000 0000 0000 0000 0000 0000 0000 0000 0000 0000 0000
0000 0000 0000 0000 0000 0000 0000 0000 0000 0000 0000 0000 0000 0000 0000 0000 0000 0000 0000 0000 0000 0000 0000 0000 0000 0000 0000 0000 0000
0000 0000 0000 0000 0000 0000 0000 0000 0000 0000 0000 0000 0000 0000 0000 0000 0000 0000 0000 0000 0000 0000 0000 0000 0000 0000 0000 0000 0000
0000 0000 0000 0000 0000 0000 0000 0000 0000 0000 0000 0000 0000 0000 0000 0000 0000 0000 0000 0000 0000 0000 0000 0000 0000 0000 0000 0000 0000
0000 0000 0000 0000 0000 0000 0000 0000 0000 0000 0000 0000 0000 0000 0000 0000 0000 0000 0000 0000 0000 0000 0000 0000 0000 0000 0000 0000 0000
0000 0000 0000 0000 0000 0000 0000 0000 0000 0000 0000 0000 0000 0000 0000 0000 0000 0000 0000 0000 0000 0000 0000 0000 0000 0000 0000 0000 0000
0000 0000 0000 0000 0000 0000 0000 0000 0000 0000 0000 0000 0000 0000 0000 0000 0000 0000 0000 0000 0000 0000 0000 0000 0000 0000 0000 0000 0000
0000 0000 0000 0000 0000 0000 0000 0000 0000 0000 0000 0000 0000 0000 0000 0000 0000 0000 0000 0000 0000 0000 0000 0000 0000 0000 0000 0000 0000
0000 0000 0000 0000 0000 0000 0000 0000 0000 0000 0000 0000 0000 0000 0000 0000 0000 0000 0000 0000 0000 0000 0000 0000 0000 0000 0000 0000 0000
0000 0000 0000 0000 0000 0000 0000 0000 0000 0000 0000 0000 0000 0000 0000 0000 0000 0000 0000 0000 0000 0000 0000 0000 0000 0000 0000 0000 0000
0000 0000 0000 0000 0000 0000 0000 0000 0000 0000 0000 0000 0000 0000 0000 0000 0000 0000 0000 0000 0000 0000 0000 0000 0000 0000 0000 0000 0000
0000 0000 0000 0000 0000 0000 0000 0000 0000 0000 0000 0000 0000 0000 0000 0000 0000 0000 0000 0000 0000 0000 0000 0000 0000 0000 0000 0000 0000
0000 0000 0000 0000 0000 0000 0000 0000 0000 0000 0000 0000 0000 0000 0000 0000 0000 0000 0000 0000 0000 0000 0000 0000 0000 0000 0000 0000 0000
0000 0000 0000 0000 0000 0000 0000 0000 0000 0000 0000 0000 0000 0000 0000 0000 0000 0000 0000 0000 0000 0000 0000 0000 0000 0000 0000 0000 0000
0000 0000 0000 0000 0000 0000 0000 0000 0000 0000 0000 0000 0000 0000 0000 0000 0000 0000 0000 0000 0000 0000 0000 0000 0000 0000 0000 0000 0000
0000 0000 0000 0000 0000 0000 0000 0000 0000 0000 0000 0000 0000 0000 0000 0000 0000 0000 0000 0000 0000 0000 0000 0000 0000 0000 0000 0000 0000
0000 0000 0000 0000 0000 0000 0000 0000 0000 0000 0000 0000 0000 0000 0000 0000 0000 0000 0000 0000 0000 0000 0000 0000 0000 0000 0000 0000 0000
0000 0000 0000 0000 0000 0000 0000 0000 0000 0000 0000 0000 0000 0000 0000 0000 0000 0000 0000 0000 0000 0000 0000 0000 0000 0000 0000 0000 0000
0000 0000 0000 0000 0000 0000 0000 0000 0000 0000 0000 0000 0000 0000 0000 0000 0000 0000 0000 0000 0000 0000 0000 0000 0000 0000 0000 0000 0000
0000 0000 0000 0000 0000 0000 0000 0000 0000 0000 0000 0000 0000 0000 0000 0000 0000 0000 0000 0000 0000 0000 0000 0000 0000 0000 0000 0000 0000
0000 0000 0000 0000 0000 0000 0000 0000 0000 0000 0000 0000 0000 0000 0000 0000 0000 0000 0000 0000 0000 0000 0000 0000 0000 0000 0000 0000 0000
0000 0000 0000 0000 0000 0000 0000 0000 0000 0000 0000 0000 0000 0000 0000 0000 0000 0000 0000 0000 0000 0000 0000 0000 0000 0000 0000 0000 0000
0000 0000 0000 0000 0000 0000 0000 0000 0000 0000 0000 0000 0000 0000 0000 0000 0000 0000 0000 0000 0000 0000 0000 0000 0000 0000 0000 0000 0000
0000 0000 0000 0000 0000 0000 0000 0000 0000 0000 0000 0000 0000 0000 0000 0000 0000 0000 0000 0000 0000 0000 0000 0000 0000 0000 0000 0000 0000
0000 0000 0000 0000 0000 0000 0000 0000 0000 0000 0000 0000 0000 0000 0000 0000 0000 0000 0000 0000 0000 0000 0000 0000 0000 0000 0000 0000 0000
0000 0000 0000 0000 0000 0000 0000 0000 0000 0000 0000 0000 0000 0000 0000 0000 0000 0000 0000 0000 0000 0000 0000 0000 0000 0000 0000 0000 0000
0000 0000 0000 0000 0000 0000 0000 0000 0000 0000 0000 0000 0000 0000 0000 0000 0000 0000 0000 0000 0000 0000 0000 0000 0000 0000 0000 0000 0000
0000 0000 0000 0000 0000 0000 0000 0000 0000 0000 0000 0000 0000 0000 0000 0000 0000 0000 0000 0000 0000 0000 0000 0000 0000 0000 0000 0000 0000
0000 0000 0000 0000 0000 0000 0000 0000 0000 0000 0000 0000 0000 0000 0000 0000 0000 0000 0000 0000 0000 0000 0000 0000 0000 0000 0000 0000 0000
0000 0000 0000 0000 0000 0000 0000 0000 0000 0000 0000 0000 0000 0000 0000 0000 0000 0000 0000 0000 0000 0000 0000 0000 0000 0000 0000 0000 0000
0000 0000 0000 0000 0000 0000 0000 0000 0000 0000 0000 0000 0000 0000 0000 0000 0000 0000 0000 0000 0000 0000 0000 0000 0000 0000 0000 0000 0000
0000 0000 0000 0000 0000 0000 0000 0000 0000 0000 0000 0000 0000 0000 0000 0000 0000 0000 0000 0000 0000 0000 0000 0000 0000 0000 0000 0000 0000
0000 0000 0000 0000 0000 0000 0000 0000 0000 0000 0000 0000 0000 0000 0000 0000 0000 0000 0000 0000 0000 0000 0000 0000 0000 0000 0000 0000 0000
0000 0000 0000 0000 0000 0000 0000 0000 0000 0000 0000 0000 0000 0000 0000 0000 0000 0000 0000 0000 0000 0000 0000 0000 0000 0000 0000 0000 0000
0000 0000 0000 0000 0000 0000 0000 0000 0000 0000 0000 0000 0000 0000 0000 0000 0000 0000 0000 0000 0000 0000 0000 0000 0000 0000 0000 0000 0000
0000 0000 0000 0000 0000 0000 0000 0000 0000 0000 0000 0000 0000 0000 0000 0000 0000 0000 0000 0000 0000 0000 0000 0000 0000 0000 0000 0000 0000
0000 0000 0000 0000 0000 0000 0000 0000 0000 0000 0000 0000 0000 0000 0000 0000 0000 0000 0000 0000 0000 0000 0000 0000 0000 0000 0000 0000 0000
0000 0000 0000 0000 0000 0000 0000 0000 0000 0000 0000 0000 0000 0000 0000 0000 0000 0000 0000 0000 0000 0000 0000 0000 0000 0000 0000 0000 0000
0000 0000 0000 0000 0000 0000 0000 0000 0000 0000 0000 0000 0000 0000 0000 0000 0000 0000 0000 0000 0000 0000 0000 0000 0000 0000 0000 0000 0000
0000 0000 0000 0000 0000 0000 0000 0000 0000 0000 0000 0000 0000 0000 0000 0000 0000 0000 0000 0000 0000 0000 0000 0000 0000 0000 0000 0000 0000
0000 0000 0000 0000 0000 0000 0000 0000 0000 0000 0000 0000 0000 0000 0000 0000 0000 0000 0000 0000 0000 0000 0000 0000 0000 0000 0000 0000 0000
0000 0000 0000 0000 0000 0000 0000 0000 0000 0000 0000 0000 0000 0000 0000 0000 0000 0000 0000 0000 0000 0000 0000 0000 0000 0000 0000 0000 0000
0000 0000 0000 0000 0000 0000 0000 0000 0000 0000 0000 0000 0000 0000 0000 0000 0000 0000 0000 0000 0000 0000 0000 0000 0000 0000 0000 0000 0000
0000 0000 0000 0000 0000 0000 0000 0000 0000 0000 0000 0000 0000 0000 0000 0000 0000 0000 0000 0000 0000 0000 0000 0000 0000 0000 0000 0000 0000
0000 0000 0000 0000 0000 0000 0000 0000 0000 0000 0000 0000 0000 0000 0000 0000 0000 0000 0000 0000 0000 0000 0000 0000 0000 0000 0000 0000 0000
0000 0000 0000 0000 0000 0000 0000 0000 0000 0000 0000 0000 0000 0000 0000 0000 0000 0000 0000 0000 0000 0000 0000 0000 0000 0000 0000 0000 0000
0000 0000 0000 0000 0000 0000 0000 0000 0000 0000 0000 0000 0000 0000 0000 0000 0000 0000 0000 0000 0000 0000 0000 0000 0000 0000 0000 0000 0000
0000 0000 0000 0000 0000 0000 0000 0000 0000 0000 0000 0000 0000 0000 0000 0000 0000 0000 0000 0000 0000 0000 0000 0000 0000 0000 0000 0000 0000
0000 0000 0000 0000 0000 0000 0000 0000 0000 0000 0000 0000 0000 0000 0000 0000 0000 0000 0000 0000 0000 0000 0000 0000 0000 0000 0000 0000 0000
0000 0000 0000 0000 0000 0000 0000 0000 0000 0000 0000 0000 0000 0000 0000 0000 0000 0000 0000 0000 0000 0000 0000 0000 0000 0000 0000 0000 0000
0000 0000 0000 0000 0000 0000 0000 0000 0000 0000 0000 0000 0000 0000 0000 0000 0000 0000 0000 0000 0000 0000 0000 0000 0000 0000 0000 0000 0000
0000 0000 0000 0000 0000 0000 0000 0000 0000 0000 0000 0000 0000 0000 0000 0000 0000 0000 0000 0000 0000 0000 0000 0000 0000 0000 0000 0000 0000
0000 0000 0000 0000 0000 0000 0000 0000 0000 0000 0000 0000 0000 0000 0000 0000 0000 0000 0000 0000 0000 0000 0000 0000 0000 0000 0000 0000 0000
0000 0000 0000 0000 0000 0000 0000 0000 0000 0000 0000 0000 0000 0000 0000 0000 0000 0000 0000 0000 0000 0000 0000 0000 0000 0000 0000 0000 0000
0000 0000 0000 0000 0000 0000 0000 0000 0000 0000 0000 0000 0000 0000 0000 0000 0000 0000 0000 0000 0000 0000 0000 0000 0000 0000 0000 0000 0000
0000 0000 0000 0000 0000 0000 0000 0000 0000 0000 0000 0000 0000 0000 0000 0000 0000 0000 0000 0000 0000 0000 0000 0000 0000 0000 0000 0000 0000
0000 0000 0000 0000 0000 0000 0000 0000 0000 0000 0000 0000 0000 0000 0000 0000 0000 0000 0000 0000 0000 0000 0000 0000 0000 0000 0000 0000 0000
0000 0000 0000 0000 0000 0000 0000 0000 0000 0000 0000 0000 0000 0000 0000 0000 0000 0000 0000 0000 0000 0000 0000 0000 0000 0000 0000 0000 0000
0000 0000 0000 0000 0000 0000 0000 0000 0000 0000 0000 0000 0000 0000 0000 0000 0000 0000 0000 0000 0000 0000 0000 0000 0000 0000 0000 0000 0000
0000 0000 0000 0000 0000 0000 0000 0000 0000 0000 0000 0000 0000 0000 0000 0000 0000 0000 0000 0000 0000 0000 0000 0000 0000 0000 0000 0000 0000
0000 0000 0000 0000 0000 0000 0000 0000 0000 0000 0000 0000 0000 0000 0000 0000 0000 0000 0000 0000 0000 0000 0000 0000 0000 0000 0000 0000 0000
0000 0000 0000 0000 0000 0000 0000 0000 0000 0000 0000 0000 0000 0000 0000 0000 0000 0000 0000 0000 0000 0000 0000 0000 0000 0000 0000 0000 0000
0000 0000 0000 0000 0000 0000 0000 0000 0000 0000 0000 0000 0000 0000 0000 0000 0000 0000 0000 0000 0000 0000 0000 0000 0000 0000 0000 0000 0000
0000 0000 0000 0000 0000 0000 0000 0000 0000 0000 0000 0000 0000 0000 0000 0000 0000 0000 0000 0000 0000 0000 0000 0000 0000 0000 0000 0000 0000
0000 0000 0000 0000 0000 0000 0000 0000 0000 0000 0000 0000 0000 0000 0000 0000 0000 0000 0000 0000 0000 0000 0000 0000 0000 0000 0000 0000 0000
0000 0000 0000 0000 0000 0000 0000 0000 0000 0000 0000 0000 0000 0000 0000 0000 0000 0000 0000 0000 0000 0000 0000 0000 0000 0000 0000 0000 0000
0000 0000 0000 0000 0000 0000 0000 0000 0000 0000 0000 0000 0000 0000 0000 0000 0000 0000 0000 0000 0000 0000 0000 0000 0000 0000 0000 0000 0000
0000 0000 0000 0000 0000 0000 0000 0000 0000 0000 0000 0000 0000 0000 0000 0000 0000 0000 0000 0000 0000 0000 0000 0000 0000 0000 0000 0000 0000
0000 0000 0000 0000 0000 0000 0000 0000 0000 0000 0000 0000 0000 0000 0000 0000 0000 0000 0000 0000 0000 0000 0000 0000 0000 0000 0000 0000 0000
0000 0000 0000 0000 0000 0000 0000 0000 0000 0000 0000 0000 0000 0000 0000 0000 0000 0000 0000 0000 0000 0000 0000 0000 0000 0000 0000 0000 0000
0000 0000 0000 0000 0000 0000 0000 0000 0000 0000 0000 0000 0000 0000 0000 0000 0000 0000 0000 0000 0000 0000 0000 0000 0000 0000 0000 0000 0000
0000 0000 0000 0000 0000 0000 0000 0000 0000 0000 0000 0000 0000 0000 0000 0000 0000 0000 0000 0000 0000 0000 0000 0000 0000 0000 0000 0000 0000
0000 0000 0000 0000 0000 0000 0000 0000 0000 0000 0000 0000 0000 0000 0000 0000 0000 0000 0000 0000 0000 0000 0000 0000 0000 0000 0000 0000 0000
0000 0000 0000 0000 0000 0000 0000 0000 0000 0000 0000 0000 0000 0000 0000 0000 0000 0000 0000 0000 0000 0000 0000 0000 0000 0000 0000 0000 0000
0000 0000 0000 0000 0000 0000 0000 0000 0000 0000 0000 0000 0000 0000 0000 0000 0000 0000 0000 0000 0000 0000 0000 0000 0000 0000 0000 0000 0000
0000 0000 0000 0000 0000 0000 0000 0000 0000 0000 0000 0000 0000 0000 0000 0000 0000 0000 0000 0000 0000 0000 0000 0000 0000 0000 0000 0000 0000
0000 0000 0000 0000 0000 0000 0000 0000 0000 0000 0000 0000 0000 0000 0000 0000 0000 0000 0000 0000 0000 0000 0000 0000 0000 0000 0000 0000 0000
0000 0000 0000 0000 0000 0000 0000 0000 0000 0000 0000 0000 0000 0000 0000 0000 0000 0000 0000 0000 0000 0000 0000 0000 0000 0000 0000 0000 0000
0000 0000 0000 0000 0000 0000 0000 0000 0000 0000 0000 0000 0000 0000 0000 0000 0000 0000 0000 0000 0000 0000 0000 0000 0000 0000 0000 0000 0000
0000 0000 0000 0000 0000 0000 0000 0000 0000 0000 0000 0000 0000 0000 0000 0000 0000 0000 0000 0000 0000 0000 0000 0000 0000 0000 0000 0000 0000
0000 0000 0000 0000 0000 0000 0000 0000 0000 0000 0000 0000 0000 0000 0000 0000 0000 0000 0000 0000 0000 0000 0000 0000 0000 0000 0000 0000 0000
0000 0000 0000 0000 0000 0000 0000 0000 0000 0000 0000 0000 0000 0000 0000 0000 0000 0000 0000 0000 0000 0000 0000 0000 0000 0000 0000 0000 0000
0000 0000 0000 0000 0000 0000 0000 0000 0000 0000 0000 0000 0000 0000 0000 0000 0000 0000 0000 0000 0000 0000 0000 0000 0000 0000 0000 0000 0000
0000 0000 0000 0000 0000 0000 0000 0000 0000 0000 0000 0000 0000 0000 0000 0000 0000 0000 0000 0000 0000 0000 0000 0000 0000 0000 0000 0000 0000
0000 0000 0000 0000 0000 0000 0000 0000 0000 0000 0000 0000 0000 0000 0000 0000 0000 0000 0000 0000 0000 0000 0000 0000 0000 0000 0000 0000 0000
0000 0000 0000 0000 0000 0000 0000 0000 0000 0000 0000 0000 0000 0000 0000 0000 0000 0000 0000 0000 0000 0000 0000 0000 0000 0000 0000 0000 0000
0000 0000 0000 0000 0000 0000 0000 0000 0000 0000 0000 0000 0000 0000 0000 0000 0000 0000 0000 0000 0000 0000 0000 0000 0000 0000 0000 0000 0000
0000 0000 0000 0000 0000 0000 0000 0000 0000 0000 0000 0000 0000 0000 0000 0000 0000 0000 0000 0000 0000 0000 0000 0000 0000 0000 0000 0000 0000
0000 0000 0000 0000 0000 0000 0000 0000 0000 0000 0000 0000 0000 0000 0000 0000 0000 0000 0000 0000 0000 0000 0000 0000 0000 0000 0000 0000 0000
0000 0000 0000 0000 0000 0000 0000 0000 0000 0000 0000 0000 0000 0000 0000 0000 0000 0000 0000 0000 0000 0000 0000 0000 0000 0000 0000 0000 0000
0000 0000 0000 0000 0000 0000 0000 0000 0000 0000 0000 0000 0000 0000 0000 0000 0000 0000 0000 0000 0000 0000 0000 0000 0000 0000 0000 0000 0000
0000 0000 0000 0000 0000 0000 0000 0000 0000 0000 0000 0000 0000 0000 0000 0000 0000 0000 0000 0000 0000 0000 0000 0000 0000 0000 0000 0000 0000
0000 0000 0000 0000 0000 0000 0000 0000 0000 0000 0000 0000 0000 0000 0000 0000 0000 0000 0000 0000 0000 0000 0000 0000 0000 0000 0000 0000 0000
0000 0000 0000 0000 0000 0000 0000 0000 0000 0000 0000 0000 0000 0000 0000 0000 0000 0000 0000 0000 0000 0000 0000 0000 0000 0000 0000 0000 0000
0000 0000 0000 0000 0000 0000 0000 0000 0000 0000 0000 0000 0000 0000 0000 0000 0000 0000 0000 0000 0000 0000 0000 0000 0000 0000 0000 0000 0000
0000 0000 0000 0000 0000 0000 0000 0000 0000 0000 0000 0000 0000 0000 0000 0000 0000 0000 0000 0000 0000 0000 0000 0000 0000 0000 0000 0000 0000
0000 0000 0000 0000 0000 0000 0000 0000 0000 0000 0000 0000 0000 0000 0000 0000 0000 0000 0000 0000 0000 0000 0000 0000 0000 0000 0000 0000 0000
0000 0000 0000 0000 0000 0000 0000 0000 0000 0000 0000 0000 0000 0000 0000 0000 0000 0000 0000 0000 0000 0000 0000 0000 0000 0000 0000 0000 0000
0000 0000 0000 0000 0000 0000 0000 0000 0000 0000 0000 0000 0000 0000 0000 0000 0000 0000 0000 0000 0000 0000 0000 0000 0000 0000 0000 0000 0000
0000 0000 0000 0000 0000 0000 0000 0000 0000 0000 0000 0000 0000 0000 0000 0000 0000 0000 0000 0000 0000 0000 0000 0000 0000 0000 0000 0000 0000
0000 0000 0000 0000 0000 0000 0000 0000 0000 0000 0000 0000 0000 0000 0000 0000 0000 0000 0000 0000 0000 0000 0000 0000 0000 0000 0000 0000 0000
0000 0000 0000 0000 0000 0000 0000 0000 0000 0000 0000 0000 0000 0000 0000 0000 0000 0000 0000 0000 0000 0000 0000 0000 0000 0000 0000 0000 0000
0000 0000 0000 0000 0000 0000 0000 0000 0000 0000 0000 0000 0000 0000 0000 0000 0000 0000 0000 0000 0000 0000 0000 0000 0000 0000 0000 0000 0000
0000 0000 0000 0000 0000 0000 0000 0000 0000 0000 0000 0000 0000 0000 0000 0000 0000 0000 0000 0000 0000 0000 0000 0000 0000 0000 0000 0000 0000
0000 0000 0000 0000 0000 0000 0000 0000 0000 0000 0000 0000 0000 0000 0000 0000 0000 0000 0000 0000 0000 0000 0000 0000 0000 0000 0000 0000 0000
0000 0000 0000 0000 0000 0000 0000 0000 0000 0000 0000 0000 0000 0000 0000 0000 0000 0000 0000 0000 0000 0000 0000 0000 0000 0000 0000 0000 0000
0000 0000 0000 0000 0000 0000 0000 0000 0000 0000 0000 0000 0000 0000 0000 0000 0000 0000 0000 0000 0000 0000 0000 0000 0000 0000 0000 0000 0000
0000 0000 0000 0000 0000 0000 0000 0000 0000 0000 0000 0000 0000 0000 0000 0000 0000 0000 0000 0000 0000 0000 0000 0000 0000 0000 0000 0000 0000
0000 0000 0000 0000 0000 0000 0000 0000 0000 0000 0000 0000 0000 0000 0000 0000 0000 0000 0000 0000 0000 0000 0000 0000 0000 0000 0000 0000 0000
0000 0000 0000 0000 0000 0000 0000 0000 0000 0000 0000 0000 0000 0000 0000 0000 0000 0000 0000 0000 0000 0000 0000 0000 0000 0000 0000 0000 0000
0000 0000
0000 0000
0000 0000
0000 0000
0000 0000
0000 0000
0000 0000
0000 0000
0000 0000
0000 0000
0000 0000
0000 0000
0000 0000
0000 0000
0000 0000
0000 0000
0000 0000
0000 0000
0000 0000
0000 0000
0000 0000
0000 0000
0000 0000
0000 0000
0000 0000
0000 0000
0000 0000
0000 0000
0000 0000
0000 0000
0000 0000
0000 0000
0000 0000
0000 0000
0000 0000
0000 0000
0000 0000
0000 0000
0000 0000
0000 0000
0000 0000
0000 0000
0000 0000
0000 0000
0000 0000
0000 0000
0000 0000
0000 0000
0000 0000
0000 0000
0000 0000
0000 0000
0000 0000
0000 0000
0000 0000
0000 0000
0000 0000
0000 0000

0001 0001 0001 0001 0001 0001 0001 0001 0001 0001 0001 0001 0001 0001 0001 0001 0001 0001 0001 0001 0001 0001 0001 0001 0001 0001 0001 0001 0001
0001 0001 0001 0001 0001 0001 0001 0001 0001 0001 0001 0001 0001 0001 0001 0001 0001 0001 0001 0001 0001 0001 0001 0001 0001 0001 0001 0001 0001
0001 0001 0001 0001 0001 0001 0001 0001 0001 0001 0001 0001 0001 0001 0001 0001 0001 0001 0001 0001 0001 0001 0001 0001 0001 0001 0001 0001 0001
0001 0001 0001 0001 0001 0001 0001 0001 0001 0001 0001 0001 0001 0001 0001 0001 0001 0001 0001 0001 0001 0001 0001 0001 0001 0001 0001 0001 0001
0001 0001 0001 0001 0001 0001 0001 0001 0001 0001 0001 0001 0001 0001 0001 0001 0001 0001 0001 0001 0001 0001 0001 0001 0001 0001 0001 0001 0001
0001 0001 0001 0001 0001 0001 0001 0001 0001 0001 0001 0001 0001 0001 0001 0001 0001 0001 0001 0001 0001 0001 0001 0001 0001 0001 0001 0001 0001
0001 0001 0001 0001 0001 0001 0001 0001 0001 0001 0001 0001 0001 0001 0001 0001 0001 0001 0001 0001 0001 0001 0001 0001 0001 0001 0001 0001 0001
0001 0001 0001 0001 0001 0001 0001 0001 0001 0001 0001 0001 0001 0001 0001 0001 0001 0001 0001 0001 0001 0001 0001 0001 0001 0001 0001 0001 0001
0001 0001 0001 0001 0001 0001 0001 0001 0001 0001 0001 0001 0001 0001 0001 0001 0001 0001 0001 0001 0001 0001 0001 0001 0001 0001 0001 0001 0001
0001 0001 0001 0001 0001 0001 0001 0001 0001 0001 0001 0001 0001 0001 0001 0001 0001 0001 0001 0001 0001 0001 0001 0001 0001 0001 0001 0001 0001
0001 0001 0001 0001 0001 0001 0001 0001 0001 0001 0001 0001 0001 0001 0001 0001 0001 0001 0001 0001 0001 0001 0001 0001 0001 0001 0001 0001 0001
0001 0001 0001 0001 0001 0001 0001 0001 0001 0001 0001 0001 0001 0001 0001 0001 0001 0001 0001 0001 0001 0001 0001 0001 0001 0001 0001 0001 0001
0001 0001 0001 0001 0001 0001 0001 0001 0001 0001 0001 0001 0001 0001 0001 0001 0001 0001 0001 0001 0001 0001 0001 0001 0001 0001 0001 0001 0001
0001 0001 0001 0001 0001 0001 0001 0001 0001 0001 0001 0001 0001 0001 0001 0001 0001 0001 0001 0001 0001 0001 0001 0001 0001 0001 0001 0001 0001
0001 0001 0001 0001 0001 0001 0001 0001 0001 0001 0001 0001 0001 0001 0001 0001 0001 0001 0001 0001 0001 0001 0001 0001 0001 0001 0001 0001 0001
0001 0001 0001 0001 0001 0001 0001 0001 0001 0001 0001 0001 0001 0001 0001 0001 0001 0001 0001 0001 0001 0001 0001 0001 0001 0001 0001 0001 0001
0001 0001 0001 0001 0001 0001 0001 0001 0001 0001 0001 0001 0001 0001 0001 0001 0001 0001 0001 0001 0001 0001 0001 0001 0001 0001 0001 0001 0001
0001 0001 0001 0001 0001 0001 0001 0001 0001 0001 0001 0001 0001 0001 0001 0001 0001 0001 0001 0001 0001 0001 0001 0001 0001 0001 0001 0001 0001
0001 0001 0001 0001 0001 0001 0001 0001 0001 0001 0001 0001 0001 0001 0001 0001 0001 0001 0001 0001 0001 0001 0001 0001 0001 0001 0001 0001 0001
0001 0001 0001 0001 0001 0001 0001 0001 0001 0001 0001 0001 0001 0001 0001 0001 0001 0001 0001 0001 0001 0001 0001 0001 0001 0001 0001 0001 0001
0001 0001 0001 0001 0001 0001 0001 0001 0001 0001 0001 0001 0001 0001 0001 0001 0001 0001 0001 0001 0001 0001 0001 0001 0001 0001 0001 0001 0001
0001 0001 0001 0001 0001 0001 0001 0001 0001 0001 0001 0001 0001 0001 0001 0001 0001 0001 0001 0001 0001 0001 0001 0001 0001 0001 0001 0001 0001
0001 0001 0001 0001 0001 0001 0001 0001 0001 0001 0001 0001 0001 0001 0001 0001 0001 0001 0001 0001 0001 0001 0001 0001 0001 0001 0001 0001 0001
0001 0001 0001 0001 0001 0001 0001 0001 0001 0001 0001 0001 0001 0001 0001 0001 0001 0001 0001 0001 0001 0001 0001 0001 0001 0001 0001 0001 0001
0001 0001 0001 0001 0001 0001 0001 0001 0001 0001 0001 0001 0001 0001 0001 0001 0001 0001 0001 0001 0001 0001 0001 0001 0001 0001 0001 0001 0001
0001 0001 0001 0001 0001 0001 0001 0001 0001 0001 0001 0001 0001 0001 0001 0001 0001 0001 0001 0001 0001 0001 0001 0001 0001 0001 0001 0001 0001
0001 0001 0001 0001 0001 0001 0001 0001 0001 0001 0001 0001 0001 0001 0001 0001 0001 0001 0001 0001 0001 0001 0001 0001 0001 0001 0001 0001 0001
0001 0001 0001 0001 0001 0001 0001 0001 0001 0001 0001 0001 0001 0001 0001 0001 0001 0001 0001 0001 0001 0001 0001 0001 0001 0001 0001 0001 0001
0001 0001 0001 0001 0001 0001 0001 0001 0001 0001 0001 0001 0001 0001 0001 0001 0001 0001 0001 0001 0001 0001 0001 0001 0001 0001 0001 0001 0001
0001 0001 0001 0001 0001 0001 0001 0001 0001 0001 0001 0001 0001 0001 0001 0001 0001 0001 0001 0001 0001 0001 0001 0001 0001 0001 0001 0001 0001
0001 0001 0001 0001 0001 0001 0001 0001 0001 0001 0001 0001 0001 0001 0001 0001 0001 0001 0001 0001 0001 0001 0001 0001 0001 0001 0001 0001 0001
0001 0001 0001 0001 0001 0001 0001 0001 0001 0001 0001 0001 0001 0001 0001 0001 0001 0001 0001 0001 0001 0001 0001 0001 0001 0001 0001 0001 0001
0001 0001 0001 0001 0001 0001 0001 0001 0001 0001 0001 0001 0001 0001 0001 0001 0001 0001 0001 0001 0001 0001 0001 0001 0001 0001 0001 0001 0001
0001 0001 0001 0001 0001 0001 0001 0001 0001 0001 0001 0001 0001 0001 0001 0001 0001 0001 0001 0001 0001 0001 0001 0001 0001 0001 0001 0001 0001
0001 0001 0001 0001 0001 0001 0001 0001 0001 0001 0001 0001 0001 0001 0001 0001 0001 0001 0001 0001 0001 0001 0001 0001 0001 0001 0001 0001 0001
0001 0001 0001 0001 0001 0001 0001 0001 0001 0001 0001 0001 0001 0001 0001 0001 0001 0001 0001 0001 0001 0001 0001 0001 0001 0001 0001 0001 0001
0001 0001 0001 0001 0001 0001 0001 0001 0001 0001 0001 0001 0001 0001 0001 0001 0001 0001 0001 0001 0001 0001 0001 0001 0001 0001 0001 0001 0001
0001 0001 0001 0001 0001 0001 0001 0001 0001 0001 0001 0001 0001 0001 0001 0001 0001 0001 0001 0001 0001 0001 0001 0001 0001 0001 0001 0001 0001
0001 0001 0001 0001 0001 0001 0001 0001 0001 0001 0001 0001 0001 0001 0001 0001 0001 0001 0001 0001 0001 0001 0001 0001 0001 0001 0001 0001 0001
0001 0001 0001 0001 0001 0001 0001 0001 0001 0001 0001 0001 0001 0001 0001 0001 0001 0001 0001 0001 0001 0001 0001 0001 0001 0001 0001 0001 0001
0001 0001 0001 0001 0001 0001 0001 0001 0001 0001 0001 0001 0001 0001 0001 0001 0001 0001 0001 0001 0001 0001 0001 0001 0001 0001 0001 0001 0001
0001 0001 0001 0001 0001 0001 0001 0001 0001 0001 0001 0001 0001 0001 0001 0001 0001 0001 0001 0001 0001 0001 0001 0001 0001 0001 0001 0001 0001
0001 0001 0001 0001 0001 0001 0001 0001 0001 0001 0001 0001 0001 0001 0001 0001 0001 0001 0001 0001 0001 0001 0001 0001 0001 0001 0001 0001 0001
0001 0001 0001 0001 0001 0001 0001 0001 0001 0001 0001 0001 0001 0001 0001 0001 0001 0001 0001 0001 0001 0001 0001 0001 0001 0001 0001 0001 0001
0001 0001 0001 0001 0001 0001 0001 0001 0001 0001 0001 0001 0001 0001 0001 0001 0001 0001 0001 0001 0001 0001 0001 0001 0001 0001 0001 0001 0001
0001 0001 0001 0001 0001 0001 0001 0001 0001 0001 0001 0001 0001 0001 0001 0001 0001 0001 0001 0001 0001 0001 0001 0001 0001 0001 0001 0001 0001
0001 0001 0001 0001 0001 0001 0001 0001 0001 0001 0001 0001 0001 0001 0001 0001 0001 0001 0001 0001 0001 0001 0001 0001 0001 0001 0001 0001 0001
0001 0001 0001 0001 0001 0001 0001 0001 0001 0001 0001 0001 0001 0001 0001 0001 0001 0001 0001 0001 0001 0001 0001 0001 0001 0001 0001 0001 0001
0001 0001 0001 0001 0001 0001 0001 0001 0001 0001 0001 0001 0001 0001 0001 0001 0001 0001 0001 0001 0001 0001 0001 0001 0001 0001 0001 0001 0001
0001 0001 0001 0001 0001 0001 0001 0001 0001 0001 0001 0001 0001 0001 0001 0001 0001 0001 0001 0001 0001 0001 0001 0001 0001 0001 0001 0001 0001
0001 0001 0001 0001 0001 0001 0001 0001 0001 0001 0001 0001 0001 0001 0001 0001 0001 0001 0001 0001 0001 0001 0001 0001 0001 0001 0001 0001 0001
0001 0001 0001 0001 0001 0001 0001 0001 0001 0001 0001 0001 0001 0001 0001 0001 0001 0001 0001 0001 0001 0001 0001 0001 0001 0001 0001 0001 0001
0001 0001 0001 0001 0001 0001 0001 0001 0001 0001 0001 0001 0001 0001 0001 0001 0001 0001 0001 0001 0001 0001 0001 0001 0001 0001 0001 0001 0001
0001 0001 0001 0001 0001 0001 0001 0001 0001 0001 0001 0001 0001 0001 0001 0001 0001 0001 0001 0001 0001 0001 0001 0001 0001 0001 0001 0001 0001
0001 0001 0001 0001 0001 0001 0001 0001 0001 0001 0001 0001 0001 0001 0001 0001 0001 0001 0001 0001 0001 0001 0001 0001 0001 0001 0001 0001 0001
0001 0001 0001 0001 0001 0001 0001 0001 0001 0001 0001 0001 0001 0001 0001 0001 0001 0001 0001 0001 0001 0001 0001 0001 0001 0001 0001 0001 0001
0001 0001 0001 0001 0001 0001 0001 0001 0001 0001 0001 0001 0001 0001 0001 0001 0001 0001 0001 0001 0001 0001 0001 0001 0001 0001 0001 0001 0001
0001 0001 0001 0001 0001 0001 0001 0001 0001 0001 0001 0001 0001 0001 0001 0001 0001 0001 0001 0001 0001 0001 0001 0001 0001 0001 0001 0001 0001
0001 0001 0001 0001 0001 0001 0001 0001 0001 0001 0001 0001 0001 0001 0001 0001 0001 0001 0001 0001 0001 0001 0001 0001 0001 0001 0001 0001 0001
0001 0001 0001 0001 0001 0001 0001 0001 0001 0001 0001 0001 0001 0001 0001 0001 0001 0001 0001 0001 0001 0001 0001 0001 0001 0001 0001 0001 0001
0001 0001 0001 0001 0001 0001 0001 0001 0001 0001 0001 0001 0001 0001 0001 0001 0001 0001 0001 0001 0001 0001 0001 0001 0001 0001 0001 0001 0001
0001 0001 0001 0001 0001 0001 0001 0001 0001 0001 0001 0001 0001 0001 0001 0001 0001 0001 0001 0001 0001 0001 0001 0001 0001 0001 0001 0001 0001
0001 0001 0001 0001 0001 0001 0001 0001 0001 0001 0001 0001 0001 0001 0001 0001 0001 0001 0001 0001 0001 0001 0001 0001 0001 0001 0001 0001 0001
0001 0001 0001 0001 0001 0001 0001 0001 0001 0001 0001 0001 0001 0001 0001 0001 0001 0001 0001 0001 0001 0001 0001 0001 0001 0001 0001 0001 0001
0001 0001 0001 0001 0001 0001 0001 0001 0001 0001 0001 0001 0001 0001 0001 0001 0001 0001 0001 0001 0001 0001 0001 0001 0001 0001 0001 0001 0001
0001 0001 0001 0001 0001 0001 0001 0001 0001 0001 0001 0001 0001 0001 0001 0001 0001 0001 0001 0001 0001 0001 0001 0001 0001 0001 0001 0001 0001
0001 0001 0001 0001 0001 0001 0001 0001 0001 0001 0001 0001 0001 0001 0001 0001 0001 0001 0001 0001 0001 0001 0001 0001 0001 0001 0001 0001 0001
0001 0001 0001 0001 0001 0001 0001 0001 0001 0001 0001 0001 0001 0001 0001 0001 0001 0001 0001 0001 0001 0001 0001 0001 0001 0001 0001 0001 0001
0001 0001 0001 0001 0001 0001 0001 0001 0001 0001 0001 0001 0001 0001 0001 0001 0001 0001 0001 0001 0001 0001 0001 0001 0001 0001 0001 0001 0001
0001 0001 0001 0001 0001 0001 0001 0001 0001 0001 0001 0001 0001 0001 0001 0001 0001 0001 0001 0001 0001 0001 0001 0001 0001 0001 0001 0001 0001
0001 0001 0001 0001 0001 0001 0001 0001 0001 0001 0001 0001 0001 0001 0001 0001 0001 0001 0001 0001 0001 0001 0001 0001 0001 0001 0001 0001 0001
0001 0001 0001 0001 0001 0001 0001 0001 0001 0001 0001 0001 0001 0001 0001 0001 0001 0001 0001 0001 0001 0001 0001 0001 0001 0001 0001 0001 0001
0001 0001 0001 0001 0001 0001 0001 0001 0001 0001 0001 0001 0001 0001 0001 0001 0001 0001 0001 0001 0001 0001 0001 0001 0001 0001 0001 0001 0001
0001 0001 0001 0001 0001 0001 0001 0001 0001 0001 0001 0001 0001 0001 0001 0001 0001 0001 0001 0001 0001 0001 0001 0001 0001 0001 0001 0001 0001
0001 0001 0001 0001 0001 0001 0001 0001 0001 0001 0001 0001 0001 0001 0001 0001 0001 0001 0001 0001 0001 0001 0001 0001 0001 0001 0001 0001 0001
0001 0001 0001 0001 0001 0001 0001 0001 0001 0001 0001 0001 0001 0001 0001 0001 0001 0001 0001 0001 0001 0001 0001 0001 0001 0001 0001 0001 0001
0001 0001 0001 0001 0001 0001 0001 0001 0001 0001 0001 0001 0001 0001 0001 0001 0001 0001 0001 0001 0001 0001 0001 0001 0001 0001 0001 0001 0001
0001 0001 0001 0001 0001 0001 0001 0001 0001 0001 0001 0001 0001 0001 0001 0001 0001 0001 0001 0001 0001 0001 0001 0001 0001 0001 0001 0001 0001
0001 0001 0001 0001 0001 0001 0001 0001 0001 0001 0001 0001 0001 0001 0001 0001 0001 0001 0001 0001 0001 0001 0001 0001 0001 0001 0001 0001 0001
0001 0001 0001 0001 0001 0001 0001 0001 0001 0001 0001 0001 0001 0001 0001 0001 0001 0001 0001 0001 0001 0001 0001 0001 0001 0001 0001 0001 0001
0001 0001 0001 0001 0001 0001 0001 0001 0001 0001 0001 0001 0001 0001 0001 0001 0001 0001 0001 0001 0001 0001 0001 0001 0001 0001 0001 0001 0001
0001 0001 0001 0001 0001 0001 0001 0001 0001 0001 0001 0001 0001 0001 0001 0001 0001 0001 0001 0001 0001 0001 0001 0001 0001 0001 0001 0001 0001
0001 0001 0001 0001 0001 0001 0001 0001 0001 0001 0001 0001 0001 0001 0001 0001 0001 0001 0001 0001 0001 0001 0001 0001 0001 0001 0001 0001 0001
0001 0001 0001 0001 0001 0001 0001 0001 0001 0001 0001 0001 0001 0001 0001 0001 0001 0001 0001 0001 0001 0001 0001 0001 0001 0001 0001 0001 0001
0001 0001 0001 0001 0001 0001 0001 0001 0001 0001 0001 0001 0001 0001 0001 0001 0001 0001 0001 0001 0001 0001 0001 0001 0001 0001 0001 0001 0001
0001 0001 0001 0001 0001 0001 0001 0001 0001 0001 0001 0001 0001 0001 0001 0001 0001 0001 0001 0001 0001 0001 0001 0001 0001 0001 0001 0001 0001
0001 0001 0001 0001 0001 0001 0001 0001 0001 0001 0001 0001 0001 0001 0001 0001 0001 0001 0001 0001 0001 0001 0001 0001 0001 0001 0001 0001 0001
0001 0001 0001 0001 0001 0001 0001 0001 0001 0001 0001 0001 0001 0001 0001 0001 0001 0001 0001 0001 0001 0001 0001 0001 0001 0001 0001 0001 0001
0001 0001 0001 0001 0001 0001 0001 0001 0001 0001 0001 0001 0001 0001 0001 0001 0001 0001 0001 0001 0001 0001 0001 0001 0001 0001 0001 0001 0001
0001 0001 0001 0001 0001 0001 0001 0001 0001 0001 0001 0001 0001 0001 0001 0001 0001 0001 0001 0001 0001 0001 0001 0001 0001 0001 0001 0001 0001
0001 0001 0001 0001 0001 0001 0001 0001 0001 0001 0001 0001 0001 0001 0001 0001 0001 0001 0001 0001 0001 0001 0001 0001 0001 0001 0001 0001 0001
0001 0001 0001 0001 0001 0001 0001 0001 0001 0001 0001 0001 0001 0001 0001 0001 0001 0001 0001 0001 0001 0001 0001 0001 0001 0001 0001 0001 0001
0001 0001 0001 0001 0001 0001 0001 0001 0001 0001 0001 0001 0001 0001 0001 0001 0001 0001 0001 0001 0001 0001 0001 0001 0001 0001 0001 0001 0001
0001 0001 0001 0001 0001 0001 0001 0001 0001 0001 0001 0001 0001 0001 0001 0001 0001 0001 0001 0001 0001 0001 0001 0001 0001 0001 0001 0001 0001
0001 0001 0001 0001 0001 0001 0001 0001 0001 0001 0001 0001 0001 0001 0001 0001 0001 0001 0001 0001 0001 0001 0001 0001 0001 0001 0001 0001 0001
0001 0001 0001 0001 0001 0001 0001 0001 0001 0001 0001 0001 0001 0001 0001 0001 0001 0001 0001 0001 0001 0001 0001 0001 0001 0001 0001 0001 0001
0001 0001 0001 0001 0001 0001 0001 0001 0001 0001 0001 0001 0001 0001 0001 0001 0001 0001 0001 0001 0001 0001 0001 0001 0001 0001 0001 0001 0001
0001 0001 0001 0001 0001 0001 0001 0001 0001 0001 0001 0001 0001 0001 0001 0001 0001 0001 0001 0001 0001 0001 0001 0001 0001 0001 0001 0001 0001
0001 0001 0001 0001 0001 0001 0001 0001 0001 0001 0001 0001 0001 0001 0001 0001 0001 0001 0001 0001 0001 0001 0001 0001 0001 0001 0001 0001 0001
0001 0001 0001 0001 0001 0001 0001 0001 0001 0001 0001 0001 0001 0001 0001 0001 0001 0001 0001 0001 0001 0001 0001 0001 0001 0001 0001 0001 0001
0001 0001 0001 0001 0001 0001 0001 0001 0001 0001 0001 0001 0001 0001 0001 0001 0001 0001 0001 0001 0001 0001 0001 0001 0001 0001 0001 0001 0001
0001 0001 0001 0001 0001 0001 0001 0001 0001 0001 0001 0001 0001 0001 0001 0001 0001 0001 0001 0001 0001 0001 0001 0001 0001 0001 0001 0001 0001
0001 0001 0001 0001 0001 0001 0001 0001 0001 0001 0001 0001 0001 0001 0001 0001 0001 0001 0001 0001 0001 0001 0001 0001 0001 0001 0001 0001 0001
0001 0001 0001 0001 0001 0001 0001 0001 0001 0001 0001 0001 0001 0001 0001 0001 0001 0001 0001 0001 0001 0001 0001 0001 0001 0001 0001 0001 0001
0001 0001 0001 0001 0001 0001 0001 0001 0001 0001 0001 0001 0001 0001 0001 0001 0001 0001 0001 0001 0001 0001 0001 0001 0001 0001 0001 0001 0001
0001 0001 0001 0001 0001 0001 0001 0001 0001 0001 0001 0001 0001 0001 0001 0001 0001 0001 0001 0001 0001 0001 0001 0001 0001 0001 0001 0001 0001
0001 0001 0001 0001 0001 0001 0001 0001 0001 0001 0001 0001 0001 0001 0001 0001 0001 0001 0001 0001 0001 0001 0001 0001 0001 0001 0001 0001 0001
0001 0001 0001 0001 0001 0001 0001 0001 0001 0001 0001 0001 0001 0001 0001 0001 0001 0001 0001 0001 0001 0001 0001 0001 0001 0001 0001 0001 0001
0001 0001 0001 0001 0001 0001 0001 0001 0001 0001 0001 0001 0001 0001 0001 0001 0001 0001 0001 0001 0001 0001 0001 0001 0001 0001 0001 0001 0001
0001 0001 0001 0001 0001 0001 0001 0001 0001 0001 0001 0001 0001 0001 0001 0001 0001 0001 0001 0001 0001 0001 0001 0001 0001 0001 0001 0001 0001
0001 0001 0001 0001 0001 0001 0001 0001 0001 0001 0001 0001 0001 0001 0001 0001 0001 0001 0001 0001 0001 0001 0001 0001 0001 0001 0001 0001 0001
0001 0001 0001 0001 0001 0001 0001 0001 0001 0001 0001 0001 0001 0001 0001 0001 0001 0001 0001 0001 0001 0001 0001 0001 0001 0001 0001 0001 0001
0001 0001 0001 0001 0001 0001 0001 0001 0001 0001 0001 0001 0001 0001 0001 0001 0001 0001 0001 0001 0001 0001 0001 0001 0001 0001 0001 0001 0001
0001 0001 0001 0001 0001 0001 0001 0001 0001 0001 0001 0001 0001 0001 0001 0001 0001 0001 0001 0001 0001 0001 0001 0001 0001 0001 0001 0001 0001
0001 0001 0001 0001 0001 0001 0001 0001 0001 0001 0001 0001 0001 0001 0001 0001 0001 0001 0001 0001 0001 0001 0001 0001 0001 0001 0001 0001 0001
0001 0001 0001 0001 0001 0001 0001 0001 0001 0001 0001 0001 0001 0001 0001 0001 0001 0001 0001 0001 0001 0001 0001 0001 0001 0001 0001 0001 0001
0001 0001 0001 0001 0001 0001 0001 0001 0001 0001 0001 0001 0001 0001 0001 0001 0001 0001 0001 0001 0001 0001 0001 0001 0001 0001 0001 0001 0001
0001 0001 0001 0001 0001 0001 0001 0001 0001 0001 0001 0001 0001 0001 0001 0001 0001 0001 0001 0001 0001 0001 0001 0001 0001 0001 0001 0001 0001
0001 0001 0001 0001 0001 0001 0001 0001 0001 0001 0001 0001 0001 0001 0001 0001 0001 0001 0001 0001 0001 0001 0001 0001 0001 0001 0001 0001 0001
0001 0001 0001 0001 0001 0001 0001 0001 0001 0001 0001 0001 0001 0001 0001 0001 0001 0001 0001 0001 0001 0001 0001 0001 0001 0001 0001 0001 0001
0001 0001 0001 0001 0001 0001 0001 0001 0001 0001 0001 0001 0001 0001 0001 0001 0001 0001 0001 0001 0001 0001 0001 0001 0001 0001 0001 0001 0001
0001 0001 0001 0001 0001 0001 0001 0001 0001 0001 0001 0001 0001 0001 0001 0001 0001 0001 0001 0001 0001 0001 0001 0001 0001 0001 0001 0001 0001
0001 0001 0001 0001 0001 0001 0001 0001 0001 0001 0001 0001 0001 0001 0001 0001 0001 0001 0001 0001 0001 0001 0001 0001 0001 0001 0001 0001 0001
0001 0001 0001 0001 0001 0001 0001 0001 0001 0001 0001 0001 0001 0001 0001 0001 0001 0001 0001 0001 0001 0001 0001 0001 0001 0001 0001 0001 0001
0001 0001 0001 0001 0001 0001 0001 0001 0001 0001 0001 0001 0001 0001 0001 0001 0001 0001 0001 0001 0001 0001 0001 0001 0001 0001 0001 0001 0001
0001 0001 0001 0001 0001 0001 0001 0001 0001 0001 0001 0001 0001 0001 0001 0001 0001 0001 0001 0001 0001 0001 0001 0001 0001 0001 0001 0001 0001
0001 0001 0001 0001 0001 0001 0001 0001 0001 0001 0001 0001 0001 0001 0001 0001 0001 0001 0001 0001 0001 0001 0001 0001 0001 0001 0001 0001 0001
0001 0001 0001 0001 0001 0001 0001 0001 0001 0001 0001 0001 0001 0001 0001 0001 0001 0001 0001 0001 0001 0001 0001 0001 0001 0001 0001 0001 0001
0001 0001 0001 0001 0001 0001 0001 0001 0001 0001 0001 0001 0001 0001 0001 0001 0001 0001 0001 0001 0001 0001 0001 0001 0001 0001 0001 0001 0001
0001 0001 0001 0001 0001 0001 0001 0001 0001 0001 0001 0001 0001 0001 0001 0001 0001 0001 0001 0001 0001 0001 0001 0001 0001 0001 0001 0001 0001
0001 0001 0001 0001 0001 0001 0001 0001 0001 0001 0001 0001 0001 0001 0001 0001 0001 0001 0001 0001 0001 0001 0001 0001 0001 0001 0001 0001 0001
0001 0001 0001 0001 0001 0001 0001 0001 0001 0001 0001 0001 0001 0001 0001 0001 0001 0001 0001 0001 0001 0001 0001 0001 0001 0001 0001 0001 0001
0001 0001 0001 0001 0001 0001 0001 0001 0001 0001 0001 0001 0001 0001 0001 0001 0001 0001 0001 0001 0001 0001 0001 0001 0001 0001 0001 0001 0001
0001 0001 0001 0001 0001 0001 0001 0001 0001 0001 0001 0001 0001 0001 0001 0001 0001 0001 0001 0001 0001 0001 0001 0001 0001 0001 0001 0001 0001
0001 0001 0001 0001 0001 0001 0001 0001 0001 0001 0001 0001 0001 0001 0001 0001 0001 0001 0001 0001 0001 0001 0001 0001 0001 0001 0001 0001 0001
0001 0001 0001 0001 0001 0001 0001 0001 0001 0001 0001 0001 0001 0001 0001 0001 0001 0001 0001 0001 0001 0001 0001 0001 0001 0001 0001 0001 0001
0001 0001 0001 0001 0001 0001 0001 0001 0001 0001 0001 0001 0001 0001 0001 0001 0001 0001 0001 0001 0001 0001 0001 0001 0001 0001 0001 0001 0001
0001 0001 0001 0001 0001 0001 0001 0001 0001 0001 0001 0001 0001 0001 0001 0001 0001 0001 0001 0001 0001 0001 0001 0001 0001 0001 0001 0001 0001
0001 0001 0001 0001 0001 0001 0001 0001 0001 0001 0001 0001 0001 0001 0001 0001 0001 0001 0001 0001 0001 0001 0001 0001 0001 0001 0001 0001 0001
0001 0001 0001 0001 0001 0001 0001 0001 0001 0001 0001 0001 0001 0001 0001 0001 0001 0001 0001 0001 0001 0001 0001 0001 0001 0001 0001 0001 0001
0001 0001 0001 0001 0001 0001 0001 0001 0001 0001 0001 0001 0001 0001 0001 0001 0001 0001 0001 0001 0001 0001 0001 0001 0001 0001 0001 0001 0001
0001 0001 0001 0001 0001 0001 0001 0001 0001 0001 0001 0001 0001 0001 0001 0001 0001 0001 0001 0001 0001 0001 0001 0001 0001 0001 0001 0001 0001
0001 0001 0001 0001 0001 0001 0001 0001 0001 0001 0001 0001 0001 0001 0001 0001 0001 0001 0001 0001 0001 0001 0001 0001 0001 0001 0001 0001 0001
0001 0001 0001 0001 0001 0001 0001 0001 0001 0001 0001 0001 0001 0001 0001 0001 0001 0001 0001 0001 0001 0001 0001 0001 0001 0001 0001 0001 0001
0001 0001 0001 0001 0001 0001 0001 0001 0001 0001 0001 0001 0001 0001 0001 0001 0001 0001 0001 0001 0001 0001 0001 0001 0001 0001 0001 0001 0001
0001 0001 0001 0001 0001 0001 0001 0001 0001 0001 0001 0001 0001 0001 0001 0001 0001 0001 0001 0001 0001 0001 0001 0001 0001 0001 0001 0001 0001
0001 0001 0001 0001 0001 0001 0001 0001 0001 0001 0001 0001 0001 0001 0001 0001 0001 0001 0001 0001 0001 0001 0001 0001 0001 0001 0001 0001 0001
0001 0001 0001 0001 0001 0001 0001 0001 0001 0001 0001 0001 0001 0001 0001 0001 0001 0001 0001 0001 0001 0001 0001 0001 0001 0001 0001 0001 0001
0001 0001 0001 0001 0001 0001 0001 0001 0001 0001 0001 0001 0001 0001 0001 0001 0001 0001 0001 0001 0001 0001 0001 0001 0001 0001 0001 0001 0001
0001 0001 0001 0001 0001 0001 0001 0001 0001 0001 0001 0001 0001 0001 0001 0001 0001 0001 0001 0001 0001 0001 0001 0001 0001 0001 0001 0001 0001
0001 0001 0001 0001 0001 0001 0001 0001 0001 0001 0001 0001 0001 0001 0001 0001 0001 0001 0001 0001 0001 0001 0001 0001 0001 0001 0001 0001 0001
0001 0001 0001 0001 0001 0001 0001 0001 0001 0001 0001 0001 0001 0001 0001 0001 0001 0001 0001 0001 0001 0001 0001 0001 0001 0001 0001 0001 0001
0001 0001 0001 0001 0001 0001 0001 0001 0001 0001 0001 0001 0001 0001 0001 0001 0001 0001 0001 0001 0001 0001 0001 0001 0001 0001 0001 0001 0001
0001 0001 0001 0001 0001 0001 0001 0001 0001 0001 0001 0001 0001 0001 0001 0001 0001 0001 0001 0001 0001 0001 0001 0001 0001 0001 0001 0001 0001
0001 0001 0001 0001 0001 0001 0001 0001 0001 0001 0001 0001 0001 0001 0001 0001 0001 0001 0001 0001 0001 0001 0001 0001 0001 0001 0001 0001 0001
0001 0001 0001 0001 0001 0001 0001 0001 0001 0001 0001 0001 0001 0001 0001 0001 0001 0001 0001 0001 0001 0001 0001 0001 0001 0001 0001 0001 0001
0001 0001 0001 0001 0001 0001 0001 0001 0001 0001 0001 0001 0001 0001 0001 0001 0001 0001 0001 0001 0001 0001 0001 0001 0001 0001 0001 0001 0001
0001 0001 0001 0001 0001 0001 0001 0001 0001 0001 0001 0001 0001 0001 0001 0001 0001 0001 0001 0001 0001 0001 0001 0001 0001 0001 0001 0001 0001
0001 0001 0001 0001 0001 0001 0001 0001 0001 0001 0001 0001 0001 0001 0001 0001 0001 0001 0001 0001 0001 0001 0001 0001 0001 0001 0001 0001 0001
0001 0001 0001 0001 0001 0001 0001 0001 0001 0001 0001 0001 0001 0001 0001 0001 0001 0001 0001 0001 0001 0001 0001 0001 0001 0001 0001 0001 0001
0001 0001 0001 0001 0001 0001 0001 0001 0001 0001 0001 0001 0001 0001 0001 0001 0001 0001 0001 0001 0001 0001 0001 0001 0001 0001 0001 0001 0001
0001 0001 0001 0001 0001 0001 0001 0001 0001 0001 0001 0001 0001 0001 0001 0001 0001 0001 0001 0001 0001 0001 0001 0001 0001 0001 0001 0001 0001
0001 0001 0001 0001 0001 0001 0001 0001 0001 0001 0001 0001 0001 0001 0001 0001 0001 0001 0001 0001 0001 0001 0001 0001 0001 0001 0001 0001 0001
0001 0001 0001 0001 0001 0001 0001 0001 0001 0001 0001 0001 0001 0001 0001 0001 0001 0001 0001 0001 0001 0001 0001 0001 0001 0001 0001 0001 0001
0001 0001 0001 0001 0001 0001 0001 0001 0001 0001 0001 0001 0001 0001 0001 0001 0001 0001 0001 0001 0001 0001 0001 0001 0001 0001 0001 0001 0001
0001 0001 0001 0001 0001 0001 0001 0001 0001 0001 0001 0001 0001 0001 0001 0001 0001 0001 0001 0001 0001 0001 0001 0001 0001 0001 0001 0001 0001
0001 0001 0001 0001 0001 0001 0001 0001 0001 0001 0001 0001 0001 0001 0001 0001 0001 0001 0001 0001 0001 0001 0001 0001 0001 0001 0001 0001 0001
0001 0001 0001 0001 0001 0001 0001 0001 0001 0001 0001 0001 0001 0001 0001 0001 0001 0001 0001 0001 0001 0001 0001 0001 0001 0001 0001 0001 0001
0001 0001 0001 0001 0001 0001 0001 0001 0001 0001 0001 0001 0001 0001 0001 0001 0001 0001 0001 0001 0001 0001 0001 0001 0001 0001 0001 0001 0001
0001 0001 0001 0001 0001 0001 0001 0001 0001 0001 0001 0001 0001 0001 0001 0001 0001 0001 0001 0001 0001 0001 0001 0001 0001 0001 0001 0001 0001
0001 0001 0001 0001 0001 0001 0001 0001 0001 0001 0001 0001 0001 0001 0001 0001 0001 0001 0001 0001 0001 0001 0001 0001 0001 0001 0001 0001 0001
0001 0001 0001 0001 0001 0001 0001 0001 0001 0001 0001 0001 0001 0001 0001 0001 0001 0001 0001 0001 0001 0001 0001 0001 0001 0001 0001 0001 0001
0001 0001 0001 0001 0001 0001 0001 0001 0001 0001 0001 0001 0001 0001 0001 0001 0001 0001 0001 0001 0001 0001 0001 0001 0001 0001 0001 0001 0001
0001 0001 0001 0001 0001 0001 0001 0001 0001 0001 0001 0001 0001 0001 0001 0001 0001 0001 0001 0001 0001 0001 0001 0001 0001 0001 0001 0001 0001
0001 0001 0001 0001 0001 0001 0001 0001 0001 0001 0001 0001 0001 0001 0001 0001 0001 0001 0001 0001 0001 0001 0001 0001 0001 0001 0001 0001 0001
0001 0001 0001 0001 0001 0001 0001 0001 0001 0001 0001 0001 0001 0001 0001 0001 0001 0001 0001 0001 0001 0001 0001 0001 0001 0001 0001 0001 0001
0001 0001 0001 0001 0001 0001 0001 0001 0001 0001 0001 0001 0001 0001 0001 0001 0001 0001 0001 0001 0001 0001 0001 0001 0001 0001 0001 0001 0001
0001 0001 0001 0001 0001 0001 0001 0001 0001 0001 0001 0001 0001 0001 0001 0001 0001 0001 0001 0001 0001 0001 0001 0001 0001 0001 0001 0001 0001
0001 0001 0001 0001 0001 0001 0001 0001 0001 0001 0001 0001 0001 0001 0001 0001 0001 0001 0001 0001 0001 0001 0001 0001 0001 0001 0001 0001 0001
0001 0001 0001 0001 0001 0001 0001 0001 0001 0001 0001 0001 0001 0001 0001 0001 0001 0001 0001 0001 0001 0001 0001 0001 0001 0001 0001 0001 0001
0001 0001 0001 0001 0001 0001 0001 0001 0001 0001 0001 0001 0001 0001 0001 0001 0001 0001 0001 0001 0001 0001 0001 0001 0001 0001 0001 0001 0001
0001 0001 0001 0001 0001 0001 0001 0001 0001 0001 0001 0001 0001 0001 0001 0001 0001 0001 0001 0001 0001 0001 0001 0001 0001 0001 0001 0001 0001
0001 0001 0001 0001 0001 0001 0001 0001 0001 0001 0001 0001 0001 0001 0001 0001 0001 0001 0001 0001 0001 0001 0001 0001 0001 0001 0001 0001 0001
0001 0001 0001 0001 0001 0001 0001 0001 0001 0001 0001 0001 0001 0001 0001 0001 0001 0001 0001 0001 0001 0001 0001 0001 0001 0001 0001 0001 0001
0001 0001 0001 0001 0001 0001 0001 0001 0001 0001 0001 0001 0001 0001 0001 0001 0001 0001 0001 0001 0001 0001 0001 0001 0001 0001 0001 0001 0001
0001 0001 0001 0001 0001 0001 0001 0001 0001 0001 0001 0001 0001 0001 0001 0001 0001 0001 0001 0001 0001 0001 0001 0001 0001 0001 0001 0001 0001
0001 0001 0001 0001 0001 0001 0001 0001 0001 0001 0001 0001 0001 0001 0001 0001 0001 0001 0001 0001 0001 0001 0001 0001 0001 0001 0001 0001 0001
0001 0001 0001 0001 0001 0001 0001 0001 0001 0001 0001 0001 0001 0001 0001 0001 0001 0001 0001 0001 0001 0001 0001 0001 0001 0001 0001 0001 0001
0001 0001 0001 0001 0001 0001 0001 0001 0001 0001 0001 0001 0001 0001 0001 0001 0001 0001 0001 0001 0001 0001 0001 0001 0001 0001 0001 0001 0001
0001 0001 0001 0001 0001 0001 0001 0001 0001 0001 0001 0001 0001 0001 0001 0001 0001 0001 0001 0001 0001 0001 0001 0001 0001 0001 0001 0001 0001
0001 0001 0001 0001 0001 0001 0001 0001 0001 0001 0001 0001 0001 0001 0001 0001 0001 0001 0001 0001 0001 0001 0001 0001 0001 0001 0001 0001 0001
0001 0001 0001 0001 0001 0001 0001 0001 0001 0001 0001 0001 0001 0001 0001 0001 0001 0001 0001 0001 0001 0001 0001 0001 0001 0001 0001 0001 0001
0001 0001 0001 0001 0001 0001 0001 0001 0001 0001 0001 0001 0001 0001 0001 0001 0001 0001 0001 0001 0001 0001 0001 0001 0001 0001 0001 0001 0001
0001 0001 0001 0001 0001 0001 0001 0001 0001 0001 0001 0001 0001 0001 0001 0001 0001 0001 0001 0001 0001 0001 0001 0001 0001 0001 0001 0001 0001
0001 0001 0001 0001 0001 0001 0001 0001 0001 0001 0001 0001 0001 0001 0001 0001 0001 0001 0001 0001 0001 0001 0001 0001 0001 0001 0001 0001 0001
0001 0001 0001 0001 0001 0001 0001 0001 0001 0001 0001 0001 0001 0001 0001 0001 0001 0001 0001 0001 0001 0001 0001 0001 0001 0001 0001 0001 0001
0001 0001 0001 0001 0001 0001 0001 0001 0001 0001 0001 0001 0001 0001 0001 0001 0001 0001 0001 0001 0001 0001 0001 0001 0001 0001 0001 0001 0001
0001 0001 0001 0001 0001 0001 0001 0001 0001 0001 0001 0001 0001 0001 0001 0001 0001 0001 0001 0001 0001 0001 0001 0001 0001 0001 0001 0001 0001
0001 0001 0001 0001 0001 0001 0001 0001 0001 0001 0001 0001 0001 0001 0001 0001 0001 0001 0001 0001 0001 0001 0001 0001 0001 0001 0001 0001 0001
0001 0001 0001 0001 0001 0001 0001 0001 0001 0001 0001 0001 0001 0001 0001 0001 0001 0001 0001 0001 0001 0001 0001 0001 0001 0001 0001 0001 0001
0001 0001 0001 0001 0001 0001 0001 0001 0001 0001 0001 0001 0001 0001 0001 0001 0001 0001 0001 0001 0001 0001 0001 0001 0001 0001 0001 0001 0001
0001 0001 0001 0001 0001 0001 0001 0001 0001 0001 0001 0001 0001 0001 0001 0001 0001 0001 0001 0001 0001 0001 0001 0001 0001 0001 0001 0001 0001
0001 0001 0001 0001 0001 0001 0001 0001 0001 0001 0001 0001 0001 0001 0001 0001 0001 0001 0001 0001 0001 0001 0001 0001 0001 0001 0001 0001 0001
0001 0001 0001 0001 0001 0001 0001 0001 0001 0001 0001 0001 0001 0001 0001 0001 0001 0001 0001 0001 0001 0001 0001 0001 0001 0001 0001 0001 0001
0001 0001 0001 0001 0001 0001 0001 0001 0001 0001 0001 0001 0001 0001 0001 0001 0001 0001 0001 0001 0001 0001 0001 0001 0001 0001 0001 0001 0001
0001 0001 0001 0001 0001 0001 0001 0001 0001 0001 0001 0001 0001 0001 0001 0001 0001 0001 0001 0001 0001 0001 0001 0001 0001 0001 0001 0001 0001
0001 0001 0001 0001 0001 0001 0001 0001 0001 0001 0001 0001 0001 0001 0001 0001 0001 0001 0001 0001 0001 0001 0001 0001 0001 0001 0001 0001 0001
0001 0001 0001 0001 0001 0001 0001 0001 0001 0001 0001 0001 0001 0001 0001 0001 0001 0001 0001 0001 0001 0001 0001 0001 0001 0001 0001 0001 0001
0001 0001 0001 0001 0001 0001 0001 0001 0001 0001 0001 0001 0001 0001 0001 0001 0001 0001 0001 0001 0001 0001 0001 0001 0001 0001 0001 0001 0001
0001 0001 0001 0001 0001 0001 0001 0001 0001 0001 0001 0001 0001 0001 0001 0001 0001 0001 0001 0001 0001 0001 0001 0001 0001 0001 0001 0001 0001
0001 0001 0001 0001 0001 0001 0001 0001 0001 0001 0001 0001 0001 0001 0001 0001 0001 0001 0001 0001 0001 0001 0001 0001 0001 0001 0001 0001 0001
0001 0001 0001 0001 0001 0001 0001 0001 0001 0001 0001 0001 0001 0001 0001 0001 0001 0001 0001 0001 0001 0001 0001 0001 0001 0001 0001 0001 0001
0001 0001 0001 0001 0001 0001 0001 0001 0001 0001 0001 0001 0001 0001 0001 0001 0001 0001 0001 0001 0001 0001 0001 0001 0001 0001 0001 0001 0001
0001 0001 0001 0001 0001 0001 0001 0001 0001 0001 0001 0001 0001 0001 0001 0001 0001 0001 0001 0001 0001 0001 0001 0001 0001 0001 0001 0001 0001
0001 0001 0001 0001 0001 0001 0001 0001 0001 0001 0001 0001 0001 0001 0001 0001 0001 0001 0001 0001 0001 0001 0001 0001 0001 0001 0001 0001 0001
0001 0001 0001 0001 0001 0001 0001 0001 0001 0001 0001 0001 0001 0001 0001 0001 0001 0001 0001 0001 0001 0001 0001 0001 0001 0001 0001 0001 0001
0001 0001 0001 0001 0001 0001 0001 0001 0001 0001 0001 0001 0001 0001 0001 0001 0001 0001 0001 0001 0001 0001 0001 0001 0001 0001 0001 0001 0001
0001 0001 0001 0001 0001 0001 0001 0001 0001 0001 0001 0001 0001 0001 0001 0001 0001 0001 0001 0001 0001 0001 0001 0001 0001 0001 0001 0001 0001
0001 0001 0001 0001 0001 0001 0001 0001 0001 0001 0001 0001 0001 0001 0001 0001 0001 0001 0001 0001 0001 0001 0001 0001 0001 0001 0001 0001 0001
0001 0001 0001 0001 0001 0001 0001 0001 0001 0001 0001 0001 0001 0001 0001 0001 0001 0001 0001 0001 0001 0001 0001 0001 0001 0001 0001 0001 0001
0001 0001 0001 0001 0001 0001 0001 0001 0001 0001 0001 0001 0001 0001 0001 0001 0001 0001 0001 0001 0001 0001 0001 0001 0001 0001 0001 0001 0001
0001 0001 0001 0001 0001 0001 0001 0001 0001 0001 0001 0001 0001 0001 0001 0001 0001 0001 0001 0001 0001 0001 0001 0001 0001 0001 0001 0001 0001
0001 0001 0001 0001 0001 0001 0001 0001 0001 0001 0001 0001 0001 0001 0001 0001 0001 0001 0001 0001 0001 0001 0001 0001 0001 0001 0001 0001 0001
0001 0001 0001 0001 0001 0001 0001 0001 0001 0001 0001 0001 0001 0001 0001 0001 0001 0001 0001 0001 0001 0001 0001 0001 0001 0001 0001 0001 0001
0001 0001 0001 0001 0001 0001 0001 0001 0001 0001 0001 0001 0001 0001 0001 0001 0001 0001 0001 0001 0001 0001 0001 0001 0001 0001 0001 0001 0001
0001 0001 0001 0001 0001 0001 0001 0001 0001 0001 0001 0001 0001 0001 0001 0001 0001 0001 0001 0001 0001 0001 0001 0001 0001 0001 0001 0001 0001
0001 0001 0001 0001 0001 0001 0001 0001 0001 0001 0001 0001 0001 0001 0001 0001 0001 0001 0001 0001 0001 0001 0001 0001 0001 0001 0001 0001 0001
0001 0001 0001 0001 0001 0001 0001 0001 0001 0001 0001 0001 0001 0001 0001 0001 0001 0001 0001 0001 0001 0001 0001 0001 0001 0001 0001 0001 0001
0001 0001 0001 0001 0001 0001 0001 0001 0001 0001 0001 0001 0001 0001 0001 0001 0001 0001 0001 0001 0001 0001 0001 0001 0001 0001 0001 0001 0001
0001 0001 0001 0001 0001 0001 0001 0001 0001 0001 0001 0001 0001 0001 0001 0001 0001 0001 0001 0001 0001 0001 0001 0001 0001 0001 0001 0001 0001
0001 0001 0001 0001 0001 0001 0001 0001 0001 0001 0001 0001 0001 0001 0001 0001 0001 0001 0001 0001 0001 0001 0001 0001 0001 0001 0001 0001 0001
0001 0001 0001 0001 0001 0001 0001 0001 0001 0001 0001 0001 0001 0001 0001 0001 0001 0001 0001 0001 0001 0001 0001 0001 0001 0001 0001 0001 0001
0001 0001 0001 0001 0001 0001 0001 0001 0001 0001 0001 0001 0001 0001 0001 0001 0001 0001 0001 0001 0001 0001 0001 0001 0001 0001 0001 0001 0001
0001 0001 0001 0001 0001 0001 0001 0001 0001 0001 0001 0001 0001 0001 0001 0001 0001 0001 0001 0001 0001 0001 0001 0001 0001 0001 0001 0001 0001
0001 0001 0001 0001 0001 0001 0001 0001 0001 0001 0001 0001 0001 0001 0001 0001 0001 0001 0001 0001 0001 0001 0001 0001 0001 0001 0001 0001 0001
0001 0001 0001 0001 0001 0001 0001 0001 0001 0001 0001 0001 0001 0001 0001 0001 0001 0001 0001 0001 0001 0001 0001 0001 0001 0001 0001 0001 0001
0001 0001 0001 0001 0001 0001 0001 0001 0001 0001 0001 0001 0001 0001 0001 0001 0001 0001 0001 0001 0001 0001 0001 0001 0001 0001 0001 0001 0001
0001 0001 0001 0001 0001 0001 0001 0001 0001 0001 0001 0001 0001 0001 0001 0001 0001 0001 0001 0001 0001 0001 0001 0001 0001 0001 0001 0001 0001
0001 0001 0001 0001 0001 0001 0001 0001 0001 0001 0001 0001 0001 0001 0001 0001 0001 0001 0001 0001 0001 0001 0001 0001 0001 0001 0001 0001 0001
0001 0001 0001 0001 0001 0001 0001 0001 0001 0001 0001 0001 0001 0001 0001 0001 0001 0001 0001 0001 0001 0001 0001 0001 0001 0001 0001 0001 0001
0001 0001 0001 0001 0001 0001 0001 0001 0001 0001 0001 0001 0001 0001 0001 0001 0001 0001 0001 0001 0001 0001 0001 0001 0001 0001 0001 0001 0001
0001 0001 0001 0001 0001 0001 0001 0001 0001 0001 0001 0001 0001 0001 0001 0001 0001 0001 0001 0001 0001 0001 0001 0001 0001 0001 0001 0001 0001
0001 0001 0001 0001 0001 0001 0001 0001 0001 0001 0001 0001 0001 0001 0001 0001 0001 0001 0001 0001 0001 0001 0001 0001 0001 0001 0001 0001 0001
0001 0001 0001 0001 0001 0001 0001 0001 0001 0001 0001 0001 0001 0001 0001 0001 0001 0001 0001 0001 0001 0001 0001 0001 0001 0001 0001 0001 0001
0001 0001 0001 0001 0001 0001 0001 0001 0001 0001 0001 0001 0001 0001 0001 0001 0001 0001 0001 0001 0001 0001 0001 0001 0001 0001 0001 0001 0001
0001 0001 0001 0001 0001 0001 0001 0001 0001 0001 0001 0001 0001 0001 0001 0001 0001 0001 0001 0001 0001 0001 0001 0001 0001 0001 0001 0001 0001
0001 0001 0001 0001 0001 0001 0001 0001 0001 0001 0001 0001 0001 0001 0001 0001 0001 0001 0001 0001 0001 0001 0001 0001 0001 0001 0001 0001 0001
0001 0001 0001 0001 0001 0001 0001 0001 0001 0001 0001 0001 0001 0001 0001 0001 0001 0001 0001 0001 0001 0001 0001 0001 0001 0001 0001 0001 0001
0001 0001 0001 0001 0001 0001 0001 0001 0001 0001 0001 0001 0001 0001 0001 0001 0001 0001 0001 0001 0001 0001 0001 0001 0001 0001 0001 0001 0001
0001 0001 0001 0001 0001 0001 0001 0001 0001 0001 0001 0001 0001 0001 0001 0001 0001 0001 0001 0001 0001 0001 0001 0001 0001 0001 0001 0001 0001
0001 0001 0001 0001 0001 0001 0001 0001 0001 0001 0001 0001 0001 0001 0001 0001 0001 0001 0001 0001 0001 0001 0001 0001 0001 0001 0001 0001 0001
0001 0001 0001 0001 0001 0001 0001 0001 0001 0001 0001 0001 0001 0001 0001 0001 0001 0001 0001 0001 0001 0001 0001 0001 0001 0001 0001 0001 0001
0001 0001 0001 0001 0001 0001 0001 0001 0001 0001 0001 0001 0001 0001 0001 0001 0001 0001 0001 0001 0001 0001 0001 0001 0001 0001 0001 0001 0001
0001 0001 0001 0001 0001 0001 0001 0001 0001 0001 0001 0001 0001 0001 0001 0001 0001 0001 0001 0001 0001 0001 0001 0001 0001 0001 0001 0001 0001
0001 0001 0001 0001 0001 0001 0001 0001 0001 0001 0001 0001 0001 0001 0001 0001 0001 0001 0001 0001 0001 0001 0001 0001 0001 0001 0001 0001 0001
0001 0001 0001 0001 0001 0001 0001 0001 0001 0001 0001 0001 0001 0001 0001 0001 0001 0001 0001 0001 0001 0001 0001 0001 0001 0001 0001 0001 0001
0001 0001 0001 0001 0001 0001 0001 0001 0001 0001 0001 0001 0001 0001 0001 0001 0001 0001 0001 0001 0001 0001 0001 0001 0001 0001 0001 0001 0001
0001 0001 0001 0001 0001 0001 0001 0001 0001 0001 0001 0001 0001 0001 0001 0001 0001 0001 0001 0001 0001 0001 0001 0001 0001 0001 0001 0001 0001
0001 0001 0001 0001 0001 0001 0001 0001 0001 0001 0001 0001 0001 0001 0001 0001 0001 0001 0001 0001 0001 0001 0001 0001 0001 0001 0001 0001 0001
0001 0001 0001 0001 0001 0001 0001 0001 0001 0001 0001 0001 0001 0001 0001 0001 0001 0001 0001 0001 0001 0001 0001 0001 0001 0001 0001 0001 0001
0001 0001 0001 0001 0001 0001 0001 0001 0001 0001 0001 0001 0001 0001 0001 0001 0001 0001 0001 0001 0001 0001 0001 0001 0001 0001 0001 0001 0001
0001 0001 0001 0001 0001 0001 0001 0001 0001 0001 0001 0001 0001 0001 0001 0001 0001 0001 0001 0001 0001 0001 0001 0001 0001 0001 0001 0001 0001
0001 0001 0001 0001 0001 0001 0001 0001 0001 0001 0001 0001 0001 0001 0001 0001 0001 0001 0001 0001 0001 0001 0001 0001 0001 0001 0001 0001 0001
0001 0001 0001 0001 0001 0001 0001 0001 0001 0001 0001 0001 0001 0001 0001 0001 0001 0001 0001 0001 0001 0001 0001 0001 0001 0001 0001 0001 0001
0001 0001 0001 0001 0001 0001 0001 0001 0001 0001 0001 0001 0001 0001 0001 0001 0001 0001 0001 0001 0001 0001 0001 0001 0001 0001 0001 0001 0001
0001 0001 0001 0001 0001 0001 0001 0001 0001 0001 0001 0001 0001 0001 0001 0001 0001 0001 0001 0001 0001 0001 0001 0001 0001 0001 0001 0001 0001
0001 0001 0001 0001 0001 0001 0001 0001 0001 0001 0001 0001 0001 0001 0001 0001 0001 0001 0001 0001 0001 0001 0001 0001 0001 0001 0001 0001 0001
0001 0001 0001 0001 0001 0001 0001 0001 0001 0001 0001 0001 0001 0001 0001 0001 0001 0001 0001 0001 0001 0001 0001 0001 0001 0001 0001 0001 0001
0001 0001 0001 0001 0001 0001 0001 0001 0001 0001 0001 0001 0001 0001 0001 0001 0001 0001 0001 0001 0001 0001 0001 0001 0001 0001 0001 0001 0001
0001 0001 0001 0001 0001 0001 0001 0001 0001 0001 0001 0001 0001 0001 0001 0001 0001 0001 0001 0001 0001 0001 0001 0001 0001 0001 0001 0001 0001
0001 0001 0001 0001 0001 0001 0001 0001 0001 0001 0001 0001 0001 0001 0001 0001 0001 0001 0001 0001 0001 0001 0001 0001 0001 0001 0001 0001 0001
0001 0001 0001 0001 0001 0001 0001 0001 0001 0001 0001 0001 0001 0001 0001 0001 0001 0001 0001 0001 0001 0001 0001 0001 0001 0001 0001 0001 0001
0001 0001 0001 0001 0001 0001 0001 0001 0001 0001 0001 0001 0001 0001 0001 0001 0001 0001 0001 0001 0001 0001 0001 0001 0001 0001 0001 0001 0001
0001 0001 0001 0001 0001 0001 0001 0001 0001 0001 0001 0001 0001 0001 0001 0001 0001 0001 0001 0001 0001 0001 0001 0001 0001 0001 0001 0001 0001
0001 0001 0001 0001 0001 0001 0001 0001 0001 0001 0001 0001 0001 0001 0001 0001 0001 0001 0001 0001 0001 0001 0001 0001 0001 0001 0001 0001 0001
0001 0001 0001 0001 0001 0001 0001 0001 0001 0001 0001 0001 0001 0001 0001 0001 0001 0001 0001 0001 0001 0001 0001 0001 0001 0001 0001 0001 0001
0001 0001 0001 0001 0001 0001 0001 0001 0001 0001 0001 0001 0001 0001 0001 0001 0001 0001 0001 0001 0001 0001 0001 0001 0001 0001 0001 0001 0001
0001 0001 0001 0001 0001 0001 0001 0001 0001 0001 0001 0001 0001 0001 0001 0001 0001 0001 0001 0001 0001 0001 0001 0001 0001 0001 0001 0001 0001
0001 0001 0001 0001 0001 0001 0001 0001 0001 0001 0001 0001 0001 0001 0001 0001 0001 0001 0001 0001 0001 0001 0001 0001 0001 0001 0001 0001 0001
0001 0001 0001 0001 0001 0001 0001 0001 0001 0001 0001 0001 0001 0001 0001 0001 0001 0001 0001 0001 0001 0001 0001 0001 0001 0001 0001 0001 0001
0001 0001 0001 0001 0001 0001 0001 0001 0001 0001 0001 0001 0001 0001 0001 0001 0001 0001 0001 0001 0001 0001 0001 0001 0001 0001 0001 0001 0001
0001 0001 0001 0001 0001 0001 0001 0001 0001 0001 0001 0001 0001 0001 0001 0001 0001 0001 0001 0001 0001 0001 0001 0001 0001 0001 0001 0001 0001
0001 0001 0001 0001 0001 0001 0001 0001 0001 0001 0001 0001 0001 0001 0001 0001 0001 0001 0001 0001 0001 0001 0001 0001 0001 0001 0001 0001 0001
0001 0001 0001 0001 0001 0001 0001 0001 0001 0001 0001 0001 0001 0001 0001 0001 0001 0001 0001 0001 0001 0001 0001 0001 0001 0001 0001 0001 0001
0001 0001 0001 0001 0001 0001 0001 0001 0001 0001 0001 0001 0001 0001 0001 0001 0001 0001 0001 0001 0001 0001 0001 0001 0001 0001 0001 0001 0001
0001 0001 0001 0001 0001 0001 0001 0001 0001 0001 0001 0001 0001 0001 0001 0001 0001 0001 0001 0001 0001 0001 0001 0001 0001 0001 0001 0001 0001
0001 0001 0001 0001 0001 0001 0001 0001 0001 0001 0001 0001 0001 0001 0001 0001 0001 0001 0001 0001 0001 0001 0001 0001 0001 0001 0001 0001 0001
0001 0001 0001 0001 0001 0001 0001 0001 0001 0001 0001 0001 0001 0001 0001 0001 0001 0001 0001 0001 0001 0001 0001 0001 0001 0001 0001 0001 0001
0001 0001 0001 0001 0001 0001 0001 0001 0001 0001 0001 0001 0001 0001 0001 0001 0001 0001 0001 0001 0001 0001 0001 0001 0001 0001 0001 0001 0001
0001 0001 0001 0001 0001 0001 0001 0001 0001 0001 0001 0001 0001 0001 0001 0001 0001 0001 0001 0001 0001 0001 0001 0001 0001 0001 0001 0001 0001
0001 0001 0001 0001 0001 0001 0001 0001 0001 0001 0001 0001 0001 0001 0001 0001 0001 0001 0001 0001 0001 0001 0001 0001 0001 0001 0001 0001 0001
0001 0001 0001 0001 0001 0001 0001 0001 0001 0001 0001 0001 0001 0001 0001 0001 0001 0001 0001 0001 0001 0001 0001 0001 0001 0001 0001 0001 0001
0001 0001 0001 0001 0001 0001 0001 0001 0001 0001 0001 0001 0001 0001 0001 0001 0001 0001 0001 0001 0001 0001 0001 0001 0001 0001 0001 0001 0001
0001 0001 0001 0001 0001 0001 0001 0001 0001 0001 0001 0001 0001 0001 0001 0001 0001 0001 0001 0001 0001 0001 0001 0001 0001 0001 0001 0001 0001
0001 0001 0001 0001 0001 0001 0001 0001 0001 0001 0001 0001 0001 0001 0001 0001 0001 0001 0001 0001 0001 0001 0001 0001 0001 0001 0001 0001 0001
0001 0001 0001 0001 0001 0001 0001 0001 0001 0001 0001 0001 0001 0001 0001 0001 0001 0001 0001 0001 0001 0001 0001 0001 0001 0001 0001 0001 0001
0001 0001 0001 0001 0001 0001 0001 0001 0001 0001 0001 0001 0001 0001 0001 0001 0001 0001 0001 0001 0001 0001 0001 0001 0001 0001 0001 0001 0001
0001 0001 0001 0001 0001 0001 0001 0001 0001 0001 0001 0001 0001 0001 0001 0001 0001 0001 0001 0001 0001 0001 0001 0001 0001 0001 0001 0001 0001
0001 0001 0001 0001 0001 0001 0001 0001 0001 0001 0001 0001 0001 0001 0001 0001 0001 0001 0001 0001 0001 0001 0001 0001 0001 0001 0001 0001 0001
0001 0001 0001 0001 0001 0001 0001 0001 0001 0001 0001 0001 0001 0001 0001 0001 0001 0001 0001 0001 0001 0001 0001 0001 0001 0001 0001 0001 0001
0001 0001 0001 0001 0001 0001 0001 0001 0001 0001 0001 0001 0001 0001 0001 0001 0001 0001 0001 0001 0001 0001 0001 0001 0001 0001 0001 0001 0001
0001 0001 0001 0001 0001 0001 0001 0001 0001 0001 0001 0001 0001 0001 0001 0001 0001 0001 0001 0001 0001 0001 0001 0001 0001 0001 0001 0001 0001
0001 0001 0001 0001 0001 0001 0001 0001 0001 0001 0001 0001 0001 0001 0001 0001 0001 0001 0001 0001 0001 0001 0001 0001 0001 0001 0001 0001 0001
0001 0001 0001 0001 0001 0001 0001 0001 0001 0001 0001 0001 0001 0001 0001 0001 0001 0001 0001 0001 0001 0001 0001 0001 0001 0001 0001 0001 0001
0001 0001 0001 0001 0001 0001 0001 0001 0001 0001 0001 0001 0001 0001 0001 0001 0001 0001 0001 0001 0001 0001 0001 0001 0001 0001 0001 0001 0001
0001 0001 0001 0001 0001 0001 0001 0001 0001 0001 0001 0001 0001 0001 0001 0001 0001 0001 0001 0001 0001 0001 0001 0001 0001 0001 0001 0001 0001
0001 0001 0001 0001 0001 0001 0001 0001 0001 0001 0001 0001 0001 0001 0001 0001 0001 0001 0001 0001 0001 0001 0001 0001 0001 0001 0001 0001 0001
0001 0001 0001 0001 0001 0001 0001 0001 0001 0001 0001 0001 0001 0001 0001 0001 0001 0001 0001 0001 0001 0001 0001 0001 0001 0001 0001 0001 0001
0001 0001 0001 0001 0001 0001 0001 0001 0001 0001 0001 0001 0001 0001 0001 0001 0001 0001 0001 0001 0001 0001 0001 0001 0001 0001 0001 0001 0001
0001 0001 0001 0001 0001 0001 0001 0001 0001 0001 0001 0001 0001 0001 0001 0001 0001 0001 0001 0001 0001 0001 0001 0001 0001 0001 0001 0001 0001
0001 0001 0001 0001 0001 0001 0001 0001 0001 0001 0001 0001 0001 0001 0001 0001 0001 0001 0001 0001 0001 0001 0001 0001 0001 0001 0001 0001 0001
0001 0001 0001 0001 0001 0001 0001 0001 0001 0001 0001 0001 0001 0001 0001 0001 0001 0001 0001 0001 0001 0001 0001 0001 0001 0001 0001 0001 0001
0001 0001 0001 0001 0001 0001 0001 0001 0001 0001 0001 0001 0001 0001 0001 0001 0001 0001 0001 0001 0001 0001 0001 0001 0001 0001 0001 0001 0001
0001 0001 0001 0001 0001 0001 0001 0001 0001 0001 0001 0001 0001 0001 0001 0001 0001 0001 0001 0001 0001 0001 0001 0001 0001 0001 0001 0001 0001
0001 0001 0001 0001 0001 0001 0001 0001 0001 0001 0001 0001 0001 0001 0001 0001 0001 0001 0001 0001 0001 0001 0001 0001 0001 0001 0001 0001 0001
0001 0001 0001 0001 0001 0001 0001 0001 0001 0001 0001 0001 0001 0001 0001 0001 0001 0001 0001 0001 0001 0001 0001 0001 0001 0001 0001 0001 0001
0001 0001 0001 0001 0001 0001 0001 0001 0001 0001 0001 0001 0001 0001 0001 0001 0001 0001 0001 0001 0001 0001 0001 0001 0001 0001 0001 0001 0001
0001 0001 0001 0001 0001 0001 0001 0001 0001 0001 0001 0001 0001 0001 0001 0001 0001 0001 0001 0001 0001 0001 0001 0001 0001 0001 0001 0001 0001
0001 0001 0001 0001 0001 0001 0001 0001 0001 0001 0001 0001 0001 0001 0001 0001 0001 0001 0001 0001 0001 0001 0001 0001 0001 0001 0001 0001 0001
0001 0001 0001 0001 0001 0001 0001 0001 0001 0001 0001 0001 0001 0001 0001 0001 0001 0001 0001 0001 0001 0001 0001 0001 0001 0001 0001 0001 0001
0001 0001 0001 0001 0001 0001 0001 0001 0001 0001 0001 0001 0001 0001 0001 0001 0001 0001 0001 0001 0001 0001 0001 0001 0001 0001 0001 0001 0001
0001 0001 0001 0001 0001 0001 0001 0001 0001 0001 0001 0001 0001 0001 0001 0001 0001 0001 0001 0001 0001 0001 0001 0001 0001 0001 0001 0001 0001
0001 0001 0001 0001 0001 0001 0001 0001 0001 0001 0001 0001 0001 0001 0001 0001 0001 0001 0001 0001 0001 0001 0001 0001 0001 0001 0001 0001 0001
0001 0001 0001 0001 0001 0001 0001 0001 0001 0001 0001 0001 0001 0001 0001 0001 0001 0001 0001 0001 0001 0001 0001 0001 0001 0001 0001 0001 0001
0001 0001 0001 0001 0001 0001 0001 0001 0001 0001 0001 0001 0001 0001 0001 0001 0001 0001 0001 0001 0001 0001 0001 0001 0001 0001 0001 0001 0001
0001 0001 0001 0001 0001 0001 0001 0001 0001 0001 0001 0001 0001 0001 0001 0001 0001 0001 0001 0001 0001 0001 0001 0001 0001 0001 0001 0001 0001
0001 0001 0001 0001 0001 0001 0001 0001 0001 0001 0001 0001 0001 0001 0001 0001 0001 0001 0001 0001 0001 0001 0001 0001 0001 0001 0001 0001 0001
0001 0001 0001 0001 0001 0001 0001 0001 0001 0001 0001 0001 0001 0001 0001 0001 0001 0001 0001 0001 0001 0001 0001 0001 0001 0001 0001 0001 0001
0001 0001 0001 0001 0001 0001 0001 0001 0001 0001 0001 0001 0001 0001 0001 0001 0001 0001 0001 0001 0001 0001 0001 0001 0001 0001 0001 0001 0001
0001 0001 0001 0001 0001 0001 0001 0001 0001 0001 0001 0001 0001 0001 0001 0001 0001 0001 0001 0001 0001 0001 0001 0001 0001 0001 0001 0001 0001
0001 0001 0001 0001 0001 0001 0001 0001 0001 0001 0001 0001 0001 0001 0001 0001 0001 0001 0001 0001 0001 0001 0001 0001 0001 0001 0001 0001 0001
0001 0001 0001 0001 0001 0001 0001 0001 0001 0001 0001 0001 0001 0001 0001 0001 0001 0001 0001 0001 0001 0001 0001 0001 0001 0001 0001 0001 0001
0001 0001 0001 0001 0001 0001 0001 0001 0001 0001 0001 0001 0001 0001 0001 0001 0001 0001 0001 0001 0001 0001 0001 0001 0001 0001 0001 0001 0001
0001 0001 0001 0001 0001 0001 0001 0001 0001 0001 0001 0001 0001 0001 0001 0001 0001 0001 0001 0001 0001 0001 0001 0001 0001 0001 0001 0001 0001
0001 0001 0001 0001 0001 0001 0001 0001 0001 0001 0001 0001 0001 0001 0001 0001 0001 0001 0001 0001 0001 0001 0001 0001 0001 0001 0001 0001 0001
0001 0001 0001 0001 0001 0001 0001 0001 0001 0001 0001 0001 0001 0001 0001 0001 0001 0001 0001 0001 0001 0001 0001 0001 0001 0001 0001 0001 0001
0001 0001 0001 0001 0001 0001 0001 0001 0001 0001 0001 0001 0001 0001 0001 0001 0001 0001 0001 0001 0001 0001 0001 0001 0001 0001 0001 0001 0001
0001 0001 0001 0001 0001 0001 0001 0001 0001 0001 0001 0001 0001 0001 0001 0001 0001 0001 0001 0001 0001 0001 0001 0001 0001 0001 0001 0001 0001
0001 0001 0001 0001 0001 0001 0001 0001 0001 0001 0001 0001 0001 0001 0001 0001 0001 0001 0001 0001 0001 0001 0001 0001 0001 0001 0001 0001 0001
0001 0001 0001 0001 0001 0001 0001 0001 0001 0001 0001 0001 0001 0001 0001 0001 0001 0001 0001 0001 0001 0001 0001 0001 0001 0001 0001 0001 0001
0001 0001 0001 0001 0001 0001 0001 0001 0001 0001 0001 0001 0001 0001 0001 0001 0001 0001 0001 0001 0001 0001 0001 0001 0001 0001 0001 0001 0001
0001 0001 0001 0001 0001 0001 0001 0001 0001 0001 0001 0001 0001 0001 0001 0001 0001 0001 0001 0001 0001 0001 0001 0001 0001 0001 0001 0001 0001
0001 0001 0001 0001 0001 0001 0001 0001 0001 0001 0001 0001 0001 0001 0001 0001 0001 0001 0001 0001 0001 0001 0001 0001 0001 0001 0001 0001 0001
0001 0001 0001 0001 0001 0001 0001 0001 0001 0001 0001 0001 0001 0001 0001 0001 0001 0001 0001 0001 0001 0001 0001 0001 0001 0001 0001 0001 0001
0001 0001 0001 0001 0001 0001 0001 0001 0001 0001 0001 0001 0001 0001 0001 0001 0001 0001 0001 0001 0001 0001 0001 0001 0001 0001 0001 0001 0001
0001 0001 0001 0001 0001 0001 0001 0001 0001 0001 0001 0001 0001 0001 0001 0001 0001 0001 0001 0001 0001 0001 0001 0001 0001 0001 0001 0001 0001
0001 0001 0001 0001 0001 0001 0001 0001 0001 0001 0001 0001 0001 0001 0001 0001 0001 0001 0001 0001 0001 0001 0001 0001 0001 0001 0001 0001 0001
0001 0001 0001 0001 0001 0001 0001 0001 0001 0001 0001 0001 0001 0001 0001 0001 0001 0001 0001 0001 0001 0001 0001 0001 0001 0001 0001 0001 0001
0001 0001 0001 0001 0001 0001 0001 0001 0001 0001 0001 0001 0001 0001 0001 0001 0001 0001 0001 0001 0001 0001 0001 0001 0001 0001 0001 0001 0001
0001 0001 0001 0001 0001 0001 0001 0001 0001 0001 0001 0001 0001 0001 0001 0001 0001 0001 0001 0001 0001 0001 0001 0001 0001 0001 0001 0001 0001
0001 0001 0001 0001 0001 0001 0001 0001 0001 0001 0001 0001 0001 0001 0001 0001 0001 0001 0001 0001 0001 0001 0001 0001 0001 0001 0001 0001 0001
0001 0001 0001 0001 0001 0001 0001 0001 0001 0001 0001 0001 0001 0001 0001 0001 0001 0001 0001 0001 0001 0001 0001 0001 0001 0001 0001 0001 0001
0001 0001 0001 0001 0001 0001 0001 0001 0001 0001 0001 0001 0001 0001 0001 0001 0001 0001 0001 0001 0001 0001 0001 0001 0001 0001 0001 0001 0001
0001 0001 0001 0001 0001 0001 0001 0001 0001 0001 0001 0001 0001 0001 0001 0001 0001 0001 0001 0001 0001 0001 0001 0001 0001 0001 0001 0001 0001
0001 0001 0001 0001 0001 0001 0001 0001 0001 0001 0001 0001 0001 0001 0001 0001 0001 0001 0001 0001 0001 0001 0001 0001 0001 0001 0001 0001 0001
0001 0001 0001 0001 0001 0001 0001 0001 0001 0001 0001 0001 0001 0001 0001 0001 0001 0001 0001 0001 0001 0001 0001 0001 0001 0001 0001 0001 0001
0001 0001 0001 0001 0001 0001 0001 0001 0001 0001 0001 0001 0001 0001 0001 0001 0001 0001 0001 0001 0001 0001 0001 0001 0001 0001 0001 0001 0001
0001 0001 0001 0001 0001 0001 0001 0001 0001 0001 0001 0001 0001 0001 0001 0001 0001 0001 0001 0001 0001 0001 0001 0001 0001 0001 0001 0001 0001
0001 0001 0001 0001 0001 0001 0001 0001 0001 0001 0001 0001 0001 0001 0001 0001 0001 0001 0001 0001 0001 0001 0001 0001 0001 0001 0001 0001 0001
0001 0001 0001 0001 0001 0001 0001 0001 0001 0001 0001 0001 0001 0001 0001 0001 0001 0001 0001 0001 0001 0001 0001 0001 0001 0001 0001 0001 0001
0001 0001 0001 0001 0001 0001 0001 0001 0001 0001 0001 0001 0001 0001 0001 0001 0001 0001 0001 0001 0001 0001 0001 0001 0001 0001 0001 0001 0001
0001 0001 0001 0001 0001 0001 0001 0001 0001 0001 0001 0001 0001 0001 0001 0001 0001 0001 0001 0001 0001 0001 0001 0001 0001 0001 0001 0001 0001
0001 0001 0001 0001 0001 0001 0001 0001 0001 0001 0001 0001 0001 0001 0001 0001 0001 0001 0001 0001 0001 0001 0001 0001 0001 0001 0001 0001 0001
0001 0001 0001 0001 0001 0001 0001 0001 0001 0001 0001 0001 0001 0001 0001 0001 0001 0001 0001 0001 0001 0001 0001 0001 0001 0001 0001 0001 0001
0001 0001 0001 0001 0001 0001 0001 0001 0001 0001 0001 0001 0001 0001 0001 0001 0001 0001 0001 0001 0001 0001 0001 0001 0001 0001 0001 0001 0001
0001 0001 0001 0001 0001 0001 0001 0001 0001 0001 0001 0001 0001 0001 0001 0001 0001 0001 0001 0001 0001 0001 0001 0001 0001 0001 0001 0001 0001
0001 0001 0001 0001 0001 0001 0001 0001 0001 0001 0001 0001 0001 0001 0001 0001 0001 0001 0001 0001 0001 0001 0001 0001 0001 0001 0001 0001 0001
0001 0001 0001 0001 0001 0001 0001 0001 0001 0001 0001 0001 0001 0001 0001 0001 0001 0001 0001 0001 0001 0001 0001 0001 0001 0001 0001 0001 0001
0001 0001 0001 0001 0001 0001 0001 0001 0001 0001 0001 0001 0001 0001 0001 0001 0001 0001 0001 0001 0001 0001 0001 0001 0001 0001 0001 0001 0001
0001 0001 0001 0001 0001 0001 0001 0001 0001 0001 0001 0001 0001 0001 0001 0001 0001 0001 0001 0001 0001 0001 0001 0001 0001 0001 0001 0001 0001
0001 0001 0001 0001 0001 0001 0001 0001 0001 0001 0001 0001 0001 0001 0001 0001 0001 0001 0001 0001 0001 0001 0001 0001 0001 0001 0001 0001 0001
0001 0001 0001 0001 0001 0001 0001 0001 0001 0001 0001 0001 0001 0001 0001 0001 0001 0001 0001 0001 0001 0001 0001 0001 0001 0001 0001 0001 0001
0001 0001 0001 0001 0001 0001 0001 0001 0001 0001 0001 0001 0001 0001 0001 0001 0001 0001 0001 0001 0001 0001 0001 0001 0001 0001 0001 0001 0001
0001 0001 0001 0001 0001 0001 0001 0001 0001 0001 0001 0001 0001 0001 0001 0001 0001 0001 0001 0001 0001 0001 0001 0001 0001 0001 0001 0001 0001
0001 0001 0001 0001 0001 0001 0001 0001 0001 0001 0001 0001 0001 0001 0001 0001 0001 0001 0001 0001 0001 0001 0001 0001 0001 0001 0001 0001 0001
0001 0001 0001 0001 0001 0001 0001 0001 0001 0001 0001 0001 0001 0001 0001 0001 0001 0001 0001 0001 0001 0001 0001 0001 0001 0001 0001 0001 0001
0001 0001 0001 0001 0001 0001 0001 0001 0001 0001 0001 0001 0001 0001 0001 0001 0001 0001 0001 0001 0001 0001 0001 0001 0001 0001 0001 0001 0001
0001 0001 0001 0001 0001 0001 0001 0001 0001 0001 0001 0001 0001 0001 0001 0001 0001 0001 0001 0001 0001 0001 0001 0001 0001 0001 0001 0001 0001
0001 0001 0001 0001 0001 0001 0001 0001 0001 0001 0001 0001 0001 0001 0001 0001 0001 0001 0001 0001 0001 0001 0001 0001 0001 0001 0001 0001 0001
0001 0001 0001 0001 0001 0001 0001 0001 0001 0001 0001 0001 0001 0001 0001 0001 0001 0001 0001 0001 0001 0001 0001 0001 0001 0001 0001 0001 0001
0001 0001 0001 0001 0001 0001 0001 0001 0001 0001 0001 0001 0001 0001 0001 0001 0001 0001 0001 0001 0001 0001 0001 0001 0001 0001 0001 0001 0001
0001 0001 0001 0001 0001 0001 0001 0001 0001 0001 0001 0001 0001 0001 0001 0001 0001 0001 0001 0001 0001 0001 0001 0001 0001 0001 0001 0001 0001
0001 0001 0001 0001 0001 0001 0001 0001 0001 0001 0001 0001 0001 0001 0001 0001 0001 0001 0001 0001 0001 0001 0001 0001 0001 0001 0001 0001 0001
0001 0001 0001 0001 0001 0001 0001 0001 0001 0001 0001 0001 0001 0001 0001 0001 0001 0001 0001 0001 0001 0001 0001 0001 0001 0001 0001 0001 0001
0001 0001 0001 0001 0001 0001 0001 0001 0001 0001 0001 0001 0001 0001 0001 0001 0001 0001 0001 0001 0001 0001 0001 0001 0001 0001 0001 0001 0001
0001 0001 0001 0001 0001 0001 0001 0001 0001 0001 0001 0001 0001 0001 0001 0001 0001 0001 0001 0001 0001 0001 0001 0001 0001 0001 0001 0001 0001
0001 0001 0001 0001 0001 0001 0001 0001 0001 0001 0001 0001 0001 0001 0001 0001 0001 0001 0001 0001 0001 0001 0001 0001 0001 0001 0001 0001 0001
0001 0001 0001 0001 0001 0001 0001 0001 0001 0001 0001 0001 0001 0001 0001 0001 0001 0001 0001 0001 0001 0001 0001 0001 0001 0001 0001 0001 0001
0001 0001 0001 0001 0001 0001 0001 0001 0001 0001 0001 0001 0001 0001 0001 0001 0001 0001 0001 0001 0001 0001 0001 0001 0001 0001 0001 0001 0001
0001 0001 0001 0001 0001 0001 0001 0001 0001 0001 0001 0001 0001 0001 0001 0001 0001 0001 0001 0001 0001 0001 0001 0001 0001 0001 0001 0001 0001
0001 0001 0001 0001 0001 0001 0001 0001 0001 0001 0001 0001 0001 0001 0001 0001 0001 0001 0001 0001 0001 0001 0001 0001 0001 0001 0001 0001 0001
0001 0001 0001 0001 0001 0001 0001 0001 0001 0001 0001 0001 0001 0001 0001 0001 0001 0001 0001 0001 0001 0001 0001 0001 0001 0001 0001 0001 0001
0001 0001 0001 0001 0001 0001 0001 0001 0001 0001 0001 0001 0001 0001 0001 0001 0001 0001 0001 0001 0001 0001 0001 0001 0001 0001 0001 0001 0001
0001 0001 0001 0001 0001 0001 0001 0001 0001 0001 0001 0001 0001 0001 0001 0001 0001 0001 0001 0001 0001 0001 0001 0001 0001 0001 0001 0001 0001
0001 0001 0001 0001 0001 0001 0001 0001 0001 0001 0001 0001 0001 0001 0001 0001 0001 0001 0001 0001 0001 0001 0001 0001 0001 0001 0001 0001 0001
0001 0001 0001 0001 0001 0001 0001 0001 0001 0001 0001 0001 0001 0001 0001 0001 0001 0001 0001 0001 0001 0001 0001 0001 0001 0001 0001 0001 0001
0001 0001 0001 0001 0001 0001 0001 0001 0001 0001 0001 0001 0001 0001 0001 0001 0001 0001 0001 0001 0001 0001 0001 0001 0001 0001 0001 0001 0001
0001 0001 0001 0001 0001 0001 0001 0001 0001 0001 0001 0001 0001 0001 0001 0001 0001 0001 0001 0001 0001 0001 0001 0001 0001 0001 0001 0001 0001
0001 0001 0001 0001 0001 0001 0001 0001 0001 0001 0001 0001 0001 0001 0001 0001 0001 0001 0001 0001 0001 0001 0001 0001 0001 0001 0001 0001 0001
0001 0001 0001 0001 0001 0001 0001 0001 0001 0001 0001 0001 0001 0001 0001 0001 0001 0001 0001 0001 0001 0001 0001 0001 0001 0001 0001 0001 0001
0001 0001 0001 0001 0001 0001 0001 0001 0001 0001 0001 0001 0001 0001 0001 0001 0001 0001 0001 0001 0001 0001 0001 0001 0001 0001 0001 0001 0001
0001 0001 0001 0001 0001 0001 0001 0001 0001 0001 0001 0001 0001 0001 0001 0001 0001 0001 0001 0001 0001 0001 0001 0001 0001 0001 0001 0001 0001
0001 0001 0001 0001 0001 0001 0001 0001 0001 0001 0001 0001 0001 0001 0001 0001 0001 0001 0001 0001 0001 0001 0001 0001 0001 0001 0001 0001 0001
0001 0001 0001 0001 0001 0001 0001 0001 0001 0001 0001 0001 0001 0001 0001 0001 0001 0001 0001 0001 0001 0001 0001 0001 0001 0001 0001 0001 0001
0001 0001 0001 0001 0001 0001 0001 0001 0001 0001 0001 0001 0001 0001 0001 0001 0001 0001 0001 0001 0001 0001 0001 0001 0001 0001 0001 0001 0001
0001 0001 0001 0001 0001 0001 0001 0001 0001 0001 0001 0001 0001 0001 0001 0001 0001 0001 0001 0001 0001 0001 0001 0001 0001 0001 0001 0001 0001
0001 0001 0001 0001 0001 0001 0001 0001 0001 0001 0001 0001 0001 0001 0001 0001 0001 0001 0001 0001 0001 0001 0001 0001 0001 0001 0001 0001 0001
0001 0001 0001 0001 0001 0001 0001 0001 0001 0001 0001 0001 0001 0001 0001 0001 0001 0001 0001 0001 0001 0001 0001 0001 0001 0001 0001 0001 0001
0001 0001 0001 0001 0001 0001 0001 0001 0001 0001 0001 0001 0001 0001 0001 0001 0001 0001 0001 0001 0001 0001 0001 0001 0001 0001 0001 0001 0001
0001 0001 0001 0001 0001 0001 0001 0001 0001 0001 0001 0001 0001 0001 0001 0001 0001 0001 0001 0001 0001 0001 0001 0001 0001 0001 0001 0001 0001
0001 0001 0001 0001 0001 0001 0001 0001 0001 0001 0001 0001 0001 0001 0001 0001 0001 0001 0001 0001 0001 0001 0001 0001 0001 0001 0001 0001 0001
0001 0001 0001 0001 0001 0001 0001 0001 0001 0001 0001 0001 0001 0001 0001 0001 0001 0001 0001 0001 0001 0001 0001 0001 0001 0001 0001 0001 0001
0001 0001 0001 0001 0001 0001 0001 0001 0001 0001 0001 0001 0001 0001 0001 0001 0001 0001 0001 0001 0001 0001 0001 0001 0001 0001 0001 0001 0001
0000 0000
0000 0000
0000 0000
0000 0000
0000 0000
0000 0000
0000 0000
0000 0000
0000 0000
0000 0000
0000 0000
0000 0000
0000 0000
0000 0000
0000 0000
0000 0000
0000 0000
0000 0000
0000 0000
0000 0000
0000 0000
0000 0000
0000 0000
0000 0000
0000 0000
0000 0000
0000 0000
0000 0000
0000 0000
0000 0000
0000 0000
0000 0000
0000 0000
0000 0000
0000 0000
0000 0000
0000 0000
0000 0000
0000 0000
0000 0000
0000 0000
0000 0000
0000 0000
0000 0000
0000 0000
0000 0000
0000 0000
0000 0000
0000 0000
0000 0000
0000 0000
0000 0000
0000 0000
0000 0000
0000 0000
0000 0000
0000 0000
0000 0000

5330 0b36 3343 421c 5d3e 7f66 22c8 6f9b 0a35 1208 0456 7321 6666 16be 3c4f 1672 2cee 1ca0 5178 516a 5217 4c4b 7516 158f 6515 35fd 593e 7787 0d45
7c95 3a9d 2ce9 0eac 7726 1400 7598 29e4 785f 271d 2d92 5879 41b6 4e4c 6e42 161f 157f 238e 5ac1 0f31 3d5b 2463 5fdb 0275 279b 1c88 10af 17c1 4ce3
4389 4b53 65da 25cf 28d9 3ab0 3213 137e 2dfa 5deb 3ef3 3a9f 10af 0495 2bed 53d5 439b 689c 4a21 6c52 592a 66b1 1e00 1a9c 0a41 6d66 22c5 5d94 4cc6
16f7 530b 2b2a 18c3 6122 3ded 0d65 11d1 0491 082f 6c43 030f 4f5f 746f 7325 4783 4a0b 2963 5041 56c8 02f4 4427 1de6 1d50 4eb7 57bd 7a7a 780a 7534
4f35 78a2 48b9 2a86 51b1 16fa 76e4 3f08 6f1e 7a6b 2e11 4a30 7e57 13b0 23b2 1764 4935 7c69 4540 69d4 1eff 2d8a 6816 6f81 4442 0d82 1930 6fde 5e74
3c07 1a47 54f7 290a 54b3 13e2 202c 3316 7bed 7617 7ac5 1d40 55f2 10a5 3d30 0812 1f3c 2fc8 06eb 6230 54c0 6dce 3021 596f 4a4a 3e4e 1760 5452 15d9
2c66 313a 4940 0250 4935 0cf8 2fd1 780d 784e 5b30 657f 4531 2c88 62bd 410b 18f1 32d4 6562 3190 1a2c 4cb8 7efb 0a74 73aa 1d7e 422b 5840 012d 55a9
60cb 4e15 04eb 3137 5c54 605c 360c 6fe5 4cc6 5160 2f2a 4220 1661 62ff 3fcb 68d3 6bb9 7f2c 1947 7b3b 21ef 0757 377e 0e2b 4d9a 055e 51d1 570d 060c
61fd 5b52 200a 7d85 7e3d 13c1 5997 49f4 6610 666c 0702 6281 5a54 3899 1504 7bf4 7ca8 2f5b 1db8 494a 7d17 6001 2d47 7c2b 3b32 0d80 74b8 4f6d 705a
6f5b 3119 227e 29e8 2bfb 62d0 4192 6f9b 6234 2d6d 612e 554e 7d7f 0885 5fbd 02bf 38b6 4393 229c 43b4 1c69 1618 65fa 55d1 2dc6 30b0 1e59 2133 695a
0aef 1c82 76d0 786b 428a 6888 64f2 41fb 71d3 7dc2 4f89 11a4 6b9f 6def 1f80 7573 7bb4 24d5 681f 0921 0129 71b3 6041 407f 1ec9 42d8 414f 3387 3595
182b 6a8a 7f04 5314 089b 5ad0 4f86 4c72 5eb3 20b3 2316 14c9 6af2 171c 1b6a 6ee6 430f 4d97 426a 62dd 49db 12ae 152f 5d49 4afb 05e4 223b 7d77 3b9a
1e98 3b3c 5ac1 0551 024f 2a36 346e 2564 45aa 71a4 02ce 3c9f 5e3d 70dd 4be3 28b8 2f9f 7df4 485b 4ede 6d15 2309 2133 1cbd 207c 0ca4 5369 62f5 63f1
2d84 17f8 218f 1d02 24da 43be 2753 17a5 6d76 394b 3a8d 4105 6b7f 27db 34b1 5382 745b 32ed 7133 4cb8 6c13 5343 1634 24d5 0343 2872 2131 55f2 6d1a
1669 0708 61aa 165d 047c 4300 6d7f 6109 44f4 0b42 5e80 1f94 68c2 6c2a 17fc 2032 6039 2bda 6f63 1f7e 765c 64e8 2065 0f5c 5eb4 37f3 65d9 11bf 6aea
7445 2872 5c9b 2b9a 4384 08d3 558f 0148 559c 523c 4e3b 01ae 7ff0 6cb8 3ce3 3ee7 3f8a 0862 05f0 1891 3235 3f2d 1a01 0533 5014 0c51 6032 1a80 5867
3458 3b88 0ea2 4e23 02a8 6a72 7ec0 3761 602b 4803 4283 5eaf 16c8 777b 095f 2039 6826 0974 0c27 7942 44e4 3a90 2eac 0451 5229 1609 54b2 6815 6417
728d 6a8b 4a11 1fd0 4a3f 6a82 4e39 4588 1785 0194 65fd 273e 7cb8 6530 2cc1 0c99 23ea 50a2 47f2 4554 20de 07f8 34d6 2c39 1d12 7862 7e56 1923 19e5
3b65 5b25 3b35 361d 3611 6591 069d 5c31 68f3 447b 45b5 62aa 584e 29ce 3df2 500d 7823 1ebe 3bcc 6fcb 7532 0fb1 28cd 2738 39de 2a2c 6b2b 10a9 5686
2371 31c0 46e7 0097 06c4 10ea 02ac 3d48 0c8a 628d 6b10 3184 2011 2945 467d 525e 2f5a 6519 1eac 4a72 1054 1c1b 4857 21f6 1b2a 6c4b 6940 1563 5b02
62d9 1add 0c3a 048f 0184 63fc 0310 6023 10ec 644d 05b6 2bbf 399f 27d9 5bc4 3045 76c0 41b9 3404 4046 52e5 34c3 7d5d 05fc 554d 6d25 33a5 7348 5e2c
1355 3eec 3801 68d8 145b 07f1 68f9 27a3 7868 201d 78cc 076b 1b46 4a49 22d0 6910 5f92 3546 77be 2e92 4971 04da 6d2e 2c67 3d4e 3d6e 10bc 40ef 5136
366c 2bf4 5b5c 3791 2e45 4d5a 461f 6259 28a3 7306 520b 0431 689a 154c 6914 4588 0a3f 3dd7 1fcf 0fdc 1dd2 0c9f 648e 5311 1a86 530a 3f1a 6880 61ad
0d98 35ab 581b 6ffd 0c22 7514 7ee0 1b04 667b 47f8 1a7e 77a0 771d 7e9a 7564 18bd 001f 487a 3fbf 4199 516b 637a 08af 2b89 3d1f 511f 3a96 6956 4a18
4dc1 20ed 76c0 2428 7c02 4706 2bce 48ff 3470 1d0d 0c67 0083 430e 3feb 2223 535e 47c9 58ab 5b41 727e 016c 43b7 2177 00d2 28b7 4581 03b1 50de 3d3d
344a 300f 32dc 363c 6c4e 7637 414f 1434 50f0 5730 1507 76ec 3d17 34b4 6622 5bd1 69ee 7fee 1185 388a 6b22 3aa7 1507 367e 7ee2 4ba1 0201 0e1d 1aae
377f 3246 1527 1bf7 131d 7b91 63b0 6399 0d55 24c6 7eb5 1111 27ad 24c1 6f51 057a 4ab4 290d 12a7 784f 2ed7 0ce8 1e00 3d79 39e7 6299 1a98 2cda 3d52
48f1 395c 49a1 278a 75e8 4bd8 5210 23e3 3d26 4457 31c0 2a2c 238f 5998 71ce 50d1 48b3 63ac 352d 5c7a 11e4 134e 4c40 2c33 1241 64e6 07ca 47bd 334d
1256 7402 6c3c 50fe 08f0 05c0 11be 6e91 36b0 2163 6789 0260 221c 1575 170f 7fe3 0283 6e41 7d1b 109d 32e9 0646 3e59 771d 5bd9 08db 154a 6894 1894
1562 7f30 3bab 3dc1 5bcd 1df0 2662 2475 0fc7 0ce7 52e7 17c7 0a79 2fab 6601 60f3 4e53 0cb5 6789 594e 6af8 1b5b 4ec4 17fa 2d40 4b37 3a22 1cf8 1757
6fcb 3163 6353 797a 5c81 1667 6a8a 21b5 0339 4f87 303a 6c7a 7a6a 24c9 0c3d 0705 4188 6c2d 168d 0706 75c0 390d 238a 7150 7e9b 2f2e 2d55 64ed 787f
1d57 66e8 4050 5ddb 40ec 1016 6ad7 55a9 5108 5552 2d17 1cee 73aa 299d 1cf1 6e75 28bb 68c8 6672 0f1c 2578 3442 59dd 0f59 3a70 165a 219e 4bcc 570b
3215 5fcb 3073 7e2e 59e6 5f6d 766c 6ad3 3dcd 70ef 19b3 55bd 3f19 30dc 3d3a 74dc 21b5 2ef5 3ebe 0b02 7804 71b6 1fc4 630a 27ac 415a 1116 71fe 7c57
06cb 494e 07a1 74b9 13f8 55c3 0010 45d3 76a7 69d3 196c 4c22 7c2b 0389 1bcd 6fb1 18aa 6fa2 0257 0d55 51b0 7b4e 2f11 7cac 4d4a 3899 5373 5b2c 1940
6109 1fed 6290 25bd 4f25 7148 03e4 0614 2049 279b 192a 4534 3372 45e6 154e 6a88 6f2a 6d3b 3faa 3d50 4332 1c77 58bd 28ec 2605 1c8b 215a 093a 6248
4a25 0942 5f28 5698 79c6 195c 65f5 7c33 7b30 5135 1cc8 173f 0f1c 45d2 546f 078a 1f8e 29dc 3477 3a21 32c1 1970 5d35 0ab0 389f 0c33 7181 7c69 3f2f
4f20 3039 40d6 3d4e 6f91 45d7 1dba 7e56 2bc2 0dbf 3a77 30e9 44d1 3741 43db 76bb 6ea9 59d8 3d13 6867 6704 2bf3 6d71 6041 5621 084f 542d 48e1 1e27
2503 793b 6a65 0a47 3e0e 013a 639a 548d 0aaa 2d5e 5e44 7777 2f48 7a9c 3566 5e11 7615 4984 30c6 1fcd 28f9 7cc5 6b2e 6fbb 579d 3a17 2887 6fcb 5e39
1a02 1e42 0e85 72c5 4f9a 35fc 239e 653b 679b 19ff 6ed0 6975 6a26 23c4 30a0 3e0d 4708 403e 61fd 1f15 5920 2b46 295a 7415 5d75 2cab 0e47 4b11 0c11
7c8a 55d3 3a84 65c3 6b80 44bd 4102 7188 1025 080d 3a8f 5932 4e36 4625 32b0 59ea 3b30 2b17 1086 5925 3fa0 608f 2422 44c5 60e5 47c3 5c9d 1d72 3bcd
0cfc 2bac 3038 29fb 7d69 24eb 249e 5667 46a4 660a 5809 464f 4efe 4d2c 0b8c 0f3d 6a48 157c 4fe9 2028 0c1e 27e2 4ba1 2430 6720 1cb2 15db 170c 6fd1
2764 359f 6c0a 53b9 1873 3429 017f 1817 1829 0045 0de4 4b4a 5fc4 5920 0062 4157 231d 7dce 3181 5e44 63f2 39be 4fb4 7e72 4b4b 3513 541d 6fb5 4347
42b3 14fe 2b93 0faf 39c7 1c13 2d41 23f7 28ed 02b0 11da 3fe0 35b3 4a81 54c7 5947 48d8 253a 1ce5 17ec 6230 3c5b 5fc5 650d 6e6a 1e91 121d 3af8 5baa
73ce 617a 4d40 106d 10a2 0bd5 0dcf 21d1 5518 168c 33d1 3f99 0140 5059 7bb2 09bf 62a8 52ef 401d 66eb 452e 4c76 6d47 608e 7906 6c27 04ee 4586 42ed
033e 3d0f 5a16 116a 5541 7235 1c14 6ac5 2e39 2406 5bef 7055 012d 449d 689c 7402 65be 45fb 6ce7 1d04 3b79 544b 12c3 75d6 199a 4edc 6142 5fe3 5f07
635f 462c 2f2e 69cf 6963 3b68 0350 7c43 027a 5afd 493b 09ca 30c2 2207 33cc 24c5 613b 7b36 2a2c 0710 03c0 5d0e 3144 51db 0544 1b6a 367b 4114 4534
0bf8 4769 6ab6 7366 7be5 4e41 0aff 3a46 6d45 2b29 20e2 2bad 7d13 0d42 794b 48a0 4124 5ba8 580a 2541 3b54 3874 5e3c 036b 7f23 79e7 7e56 4355 5547
0e68 1d8a 0f83 2f30 501c 7a04 0f3f 3ec0 5dcf 0f10 052b 0b25 6fab 4d66 2c69 5984 1928 7072 3dc5 13bb 594a 0966 6d9f 3a36 7a5e 47b1 10dd 163c 4a67
2e48 78f7 58f3 0980 47e2 75ba 2ccb 3ff6 3d45 496e 3963 1b97 5702 3384 79ac 18be 3c03 32f3 3478 49a1 2cec 3920 70ef 495f 4be0 2b35 3407 4a4b 439f
2c66 6067 77fa 2932 56df 44a7 2c75 25bf 40ba 72af 0d32 2271 3126 2eeb 71e4 34fe 3595 122f 480f 6788 295c 06e8 2405 7f11 5755 3ae7 2630 2458 1436
4ebb 2e8d 68e9 4703 12c9 218d 15f4 7def 7da9 5b82 0536 4cdb 1730 0470 4563 244c 2c87 6a52 03ef 6be3 7b33 1696 42dd 514b 7583 5a3a 55f9 445d 7e7a
56ea 69ad 7558 3c6a 388c 7957 72bc 38b8 451a 2165 4355 6e2d 1846 5fd6 2e66 262a 15a5 674c 0064 6c36 64f5 60e7 672a 5873 0ef8 3097 08b7 4c3b 00a2
21f2 38e5 632c 306f 7455 23ec 5aeb 72ea 2cf6 5cac 29e6 667a 7a58 4f0c 460e 328e 02d8 6109 1a98 4202 20ba 3319 38f7 3548 6d09 2d99 32c3 6be7 59a3
2b33 122c 0502 6ff3 68be 77a1 2143 59fa 2005 2744 675b 7348 143c 7d5c 2936 5b63 3935 75fb 0c47 7b30 71d4 0106 2614 0988 2fa2 5ce5 0a01 63d7 3eca
26ca 31d1 3ecb 7306 529c 4fe3 603c 6976 4c46 53b3 38c5 4517 38f3 4323 045a 7bb5 7bdf 25ff 5e9c 4504 488d 6bc2 53ca 162a 3fc6 0b57 4fe6 0f45 28bb
3535 33c7 50e0 5603 7f0e 6db6 0286 29b1 2647 0292 7523 5c06 28dd 50dc 159f 57e1 4c76 1537 6f3c 5dd9 4c2b 79ea 3050 1b96 4e85 6fe8 1492 1ebd 6e15
6e21 5237 040e 4e13 2b6c 3e4d 24ba 16fb 2300 0306 1f45 503a 437f 5050 27ff 7a3b 66f7 451f 3248 4f99 5e59 5acf 5dc3 552d 5279 4f4e 733b 55ac 661a
7407 6578 3905 1777 053e 2bd6 2b8b 2ce2 2ad1 58f7 51c3 17f0 76c8 12cd 7717 1df7 5ba9 4c44 14d1 7700 46b2 5c17 2e33 535c 2f84 0223 3b56 7256 7433
244a 6f74 37b1 33cc 3aef 5b73 29de 2d52 60e6 567d 709d 6ae1 6e72 24af 4ffb 50ed 10ad 03b0 0904 46cb 2062 7cf8 40a6 0bed 5595 6f5e 332f 2cbb 4e19
4d14 12c8 1ed9 0f12 09b6 4ba7 3a8e 678a 0df6 4ef9 5e0b 1383 3927 7e60 02cd 4d45 0558 5a4e 6fa2 0097 56e6 2303 7dbd 3218 00f5 7a59 5578 5db0 3a40
50b3 1038 4504 594e 248a 625d 63e4 1009 3a29 3b1d 2375 1e7e 3ee5 6600 71ef 562d 55eb 780c 5bc1 1563 58e4 0bc1 24cd 3540 364d 394e 2695 4e52 6f55
0114 21a2 2a3b 2d43 587d 2b84 0071 3187 2fa0 6835 477b 64fa 2553 0450 4302 2a12 7c9d 79df 5f7b 191d 4026 1938 1b36 53fd 1aae 7111 4c69 24af 3fc3
1482 26b8 273c 7912 42e5 3d67 54eb 1db4 43b0 6756 63c7 0fdc 243f 08e4 7808 0567 32ec 1e45 59cb 74e2 2d48 2472 7dd8 5329 20ab 6f44 7b65 3c39 2836
3de5 4d6e 7fee 6f52 5e83 0f4d 3b6f 320f 27b3 08b7 770b 3198 18ef 5f7d 6ffa 75fb 190d 01f2 4f51 3da3 38d4 2fdf 6a3c 344a 3f60 1192 5ffc 5ca6 3946
7e85 10d2 5768 42a0 1bae 33f6 321e 68b5 4708 2d76 1e70 4fd9 3299 794c 0454 33c5 4b52 30e7 6948 298b 3f93 450b 17fc 0fcc 5add 0165 15fc 7f9c 1b37
1e88 7e02 2818 5942 1827 4b4e 770a 50bb 4538 4092 7530 5fb2 5e71 07fd 0b4e 1f3f 468c 1356 241e 6bd1 74b4 000c 56f8 1a97 754c 43a1 3200 0be6 113e
6cb9 45cc 7686 148a 232a 18a8 4031 61ca 221d 2547 1e2f 1fe4 33b6 3426 6854 367b 6209 7027 7fd2 478c 4c72 0ff7 1deb 421d 691f 5b80 65ff 4a14 5399
1c88 737e 79cb 65fc 05ab 62ce 2975 5f6e 7c28 587d 37a2 52b1 0642 1695 2e53 3890 1fe8 401b 6702 28b8 5471 4558 2266 0af3 4df0 552d 26b7 45f0 6b4d
413d 4486 48b2 67c9 5ded 662c 3034 787c 05de 1193 7bc9 46a1 398c 15c7 6d2c 75f9 72cb 428c 0a2e 4097 2fe0 410a 34f8 07ae 5129 5ba7 3fb1 60ea 14b1
3201 32e7 2899 1213 5bec 61c3 4c08 47e6 3205 3195 0512 4952 5645 4652 60e4 45b5 5375 27dc 6c52 0e12 7455 6087 1d4d 7a53 335e 0454 656c 1764 291e
65aa 51a7 6102 7274 26c7 6034 2d30 5367 2096 24dc 22cf 7e9e 14e3 2543 2be9 7bc0 40f9 4708 7b7f 51ed 3e6e 2181 7ed9 22cd 631f 0ec7 43bd 74dd 05fe
6b1f 6e96 29cd 6c6a 01b6 6362 7dfc 20a6 5eba 0b3e 07b9 20a8 7d88 206e 2780 5e91 785f 6272 493d 2c79 1dbf 1c67 15b6 5943 06e8 6d6b 47a1 3a8d 7e2b
7a36 2948 130b 428d 39c0 3e57 2bb5 01aa 3c74 31b6 711b 57c1 0ff5 2ef0 7e12 0aa5 755f 6c77 6bcd 77b4 423d 4cfd 732d 74f9 51ad 0f4d 572c 1dec 588a
617e 33ee 188c 3a26 18d7 26f4 17a8 2f4e 4750 568f 38de 658c 7ceb 1020 7496 18c0 2c52 68f7 54d7 2c18 6a0b 40d5 3033 7ae8 5882 69d7 351f 7b37 067c
78a6 79e8 7b26 5c63 3a94 6ab5 2c55 604b 6d7c 6d95 05cd 72a4 2c79 7c5f 5799 2a90 4125 5084 0f0f 6e59 67ff 419e 2c23 35a8 7b1e 2ebf 7d82 7991 6880
5082 5cfe 7601 7e2a 4096 76d4 4ecf 5e52 4326 78fe 28d5 09b0 67b6 215c 2070 687a 6793 6205 6ee4 60d8 43d1 6ee4 2c61 3e51 4e2f 5ebc 3f84 5318 0018
1193 05ab 364b 1734 5389 1d87 52c4 231c 1366 1aad 3677 0393 4d85 7bfb 70be 4a01 190c 7757 2329 51e3 010e 605f 6c65 77b5 03ac 0161 7e61 37f1 2b60
77b8 54ec 50e3 7d2b 15e8 073f 7bb6 77d4 190f 7dac 0682 4945 0cbe 5223 41ff 288f 7ad2 3a39 0990 7b50 01ab 78a2 3e16 4f62 6245 0f10 7e72 61d0 7888
131a 7e30 74b7 43ad 0df3 2bc5 3b93 6d16 4823 73ce 43ae 6f39 53fd 68dd 405b 7e1f 56f8 6b8b 4183 6628 2e7a 3db6 4c20 7cce 658d 58db 19d5 31d8 0a7a
775d 274a 38d6 5670 16ac 44fd 2638 4577 5499 54bc 77fe 22a8 3b51 6440 0301 1c2d 218d 35e3 40cf 1d4c 569e 5859 785d 2e0c 66f8 4c89 5c01 2b71 7a38
00da 405b 2b42 0b2e 289b 0c19 4b64 789c 5047 089c 4fe9 6e5c 3463 2500 2008 49b9 272c 1d17 733e 4b0f 096a 5fab 1207 3d33 1bfd 1121 72b2 1b1e 508a
135c 35e7 0f67 2d8d 49b4 5d32 1572 1995 2c2d 5736 7c8c 05ce 3326 4ab1 69c7 032e 676c 60c9 1e81 5af4 6d65 508c 3093 38dd 054a 2606 1051 45ef 0c8d
331f 6b95 459c 6f94 6f6d 057e 2995 4de9 41fe 7467 663b 12cd 2997 5a0b 0f96 15cb 08e9 3db6 2d2c 527f 3390 5907 5fc6 6392 27b7 5065 4ac8 1bd5 0698
76f2 3621 6c40 1f55 5217 1e55 7d79 0421 3eb9 5800 7371 0c66 4fe1 0693 0776 1d9c 36fc 1a06 1d20 12d7 6bbf 15f2 1dfd 0431 245a 1a60 4f7b 26be 58ff
0230 00c3 211f 514b 3937 1516 6f99 4b81 0372 3af2 7322 70e6 35e5 0474 7f18 7b85 643a 1fb5 7b9b 07c4 4aef 312b 3791 1ffd 21f0 731f 2dcc 28fc 35a3
1782 3a46 335e 5b53 64c1 5d09 722b 7650 1d4d 06a1 6ac0 4dcb 0ab5 3869 08c6 47cb 6b7f 63b5 1422 0cbc 45bf 0cdf 6f94 19af 5626 65bd 48c0 1337 521a
2316 16f3 64a1 7976 216e 4e88 06f8 5d98 6631 7002 49ab 03d1 6539 3fc4 2272 6da5 48b0 7b99 65c7 75dc 66f4 15af 164a 1736 01ee 4577 7363 5d9e 5b9c
14ec 6d87 043e 30b0 2545 5956 026b 0d4e 7632 6ea1 7958 7b5b 0111 6b72 2340 546b 2fdf 2446 66c7 6f9b 3d9a 1ee9 2b35 383d 3d3a 2556 35c4 6cf2 6c4f
2a2b 6da0 4b57 0471 7a46 4499 1602 2703 2c2a 6406 686d 0127 2e9a 2d88 06db 52b4 3ded 0051 3a0c 54c5 796d 5039 1d8b 2eff 6ae0 2c5b 2375 1030 19f7
4cc7 0869 3b7d 3007 0d8e 37eb 0e1f 7885 3169 6acd 611b 4bda 6f0e 4b73 4028 6fcc 16d3 601a 7a19 3d5d 2915 41ab 5846 1c78 4624 2010 354d 66ca 3f29
4be0 6599 639f 63c7 1065 7c55 7c82 5f17 6fc8 3e9a 7254 00f6 15d6 504c 4c6d 1a24 6b4a 6b41 592a 376b 503e 5b4a 6816 7a09 33e6 2f92 6937 4252 1c06
7618 0949 36cb 15dc 2c5f 4522 7e93 5fa8 1b9e 2e9e 40c3 0e2f 7c67 580d 7f5d 1a65 79fb 03c0 5389 5340 7f63 0797 6022 147e 78e7 39d1 7993 68d4 0dcb
1994 516a 6d0c 2cd8 3b97 33d3 1b23 0a8c 44eb 5d57 76e2 6df0 25da 6b1e 17e8 66af 47f3 0d16 2cbe 6d36 3b91 689f 36ac 1d53 0a57 072d 2d9e 6091 3b26
4f98 7667 22f0 7fe3 48e8 2fee 5062 765d 58be 2121 77b8 4858 4254 325f 2278 652c 1784 1448 69c8 2776 4bb2 3ace 5953 5827 46c1 3e30 387d 0cd4 3d4f
1484 3d4c 54c0 3133 6850 7565 58fb 39d0 5701 036c 1695 6492 71c4 4ff3 0f6f 1016 298b 5076 5ba2 2f0c 3d9a 42b9 29e2 64a7 2ecd 43f6 0fac 7369 6ff4
63a4 7c64 5907 7314 10ec 36ad 1d86 4db1 5f88 7067 7bca 6044 188d 2013 3c66 538b 1fac 1d15 724e 3bdb 55b0 6b05 69d5 6c00 016d 6ba1 10a5 4aa5 00d9
52cd 2992 38af 364f 329f 62e7 1ccf 5886 0592 0940 0246 2766 233d 52d0 254b 1608 0f85 3a4c 2727 5eee 577c 5936 338c 51c6 59b9 3ef0 4d67 2224 50cc
550e 61c8 0a09 02b4 3966 433d 19a5 5ea7 13f8 5298 6498 2685 6ca1 1030 6974 5b65 565a 5eb1 4ea4 51e1 76dd 0758 47a0 5c06 3f46 3f76 4b7e 0df5 1e81
1c47 38ce 7f51 243b 0b78 166c 22cc 146a 04fb 65ca 2de0 5c4e 1051 0fc5 6b0f 42ff 651a 600d 6081 3c37 0b05 6dd9 124d 55e5 7c26 0066 217c 05b9 07e4
0465 158a 36d4 166d 1732 1c13 10ce 7b97 32dc 055a 7dfc 7c0f 19b2 59cd 22ab 0bdc 6b15 1042 079c 2967 59b1 414b 194e 3067 5e50 5d09 7253 448d 05ee
7fd0 7436 47bd 692f 6067 585c 5ee4 1a63 37fb 3dc8 0f84 5694 7e6f 588c 4a70 567b 4da1 303d 3132 362a 668e 43bc 7b26 2c49 5c07 5624 6cd5 780d 2650
60c5 0a9b 7071 2852 3ea6 54b8 416d 702d 2d92 3d9b 60c3 098c 0ea4 51b0 6b2a 08cf 497c 7ef5 011c 4d43 7c91 1d9b 6fbc 51d1 28bb 23de 2413 3c63 32d0
3b96 121a 180d 2eab 0cd5 20d4 4002 1434 4195 56ca 30ec 1d03 7346 15fe 6549 7604 1f39 7b68 3c7c 654e 2edf 43fc 5138 3449 16ad 3590 0132 1593 2acb
26aa 4b7c 1dfe 03f4 7da7 17a9 6c50 2de2 1ebe 6609 1ce2 7ec4 0bc7 6587 2205 7bba 4a2a 40e1 5523 52de 04ac 613b 2f57 5e4e 3c3b 4222 6389 4082 29f1
73f2 43e0 6f08 666b 0fba 543e 3376 1bf0 4018 35c0 0e05 518a 7785 0c17 7a67 7cf3 2c39 5a69 429b 437e 3677 60ae 1782 5f21 5781 7de8 375f 5998 3bf3
5902 63a6 475f 3288 13a6 394d 61c1 5521 492d 0c56 5598 36fd 1bcf 111c 0f01 29be 0756 6cf2 7e2c 5eca 2662 082f 3da9 1846 4f9d 052d 1f5a 343a 0d93
51f3 2eed 3dec 1abd 07e0 1a1e 7882 0d50 5579 2c71 11a9 6647 175c 20d7 4eb2 1ff7 5a2d 245e 7ac2 41dc 03b1 1e02 6353 6a95 5f84 223d 3628 31b3 4485
52f7 3312 3b98 28c7 6dcd 0b9f 32a9 32a7 0873 52c5 27b3 5759 554d 23f7 5147 4d15 4724 7e6b 5125 6d5a 17f2 29f4 6c35 0a76 2bd0 4192 371f 4469 6e30
0a23 22bf 2a9d 0908 32d8 4ff7 03d6 4430 43cc 5885 387f 2e46 1c94 7e73 3e73 7251 26ec 4f39 3ad8 5a35 30db 7e0f 6a7a 202a 05c8 68ad 47cd 7914 27dc
1ba0 4138 2e71 2aaf 3135 5aca 6d54 5208 6acb 6166 2359 4b8b 1dfc 7e2c 3c8c 2835 6ee0 64bd 506b 4807 2def 0ab0 3e34 1a97 44a3 6747 704e 3583 7d13
2990 1e6e 33f8 7cc2 70ac 384e 21f2 1119 2552 5bfd 2a0d 08f7 379d 284e 4c81 05a7 3d07 1aaa 62a4 7073 1eba 5af7 6855 408b 2474 2b33 6ce6 11a0 0b14
096f 75ba 202e 076a 713f 4e24 0f09 2a78 0063 228d 6cf4 6058 6092 4b73 6090 5ffc 5896 133b 6632 4da4 0c7c 4014 6aaa 17ec 1d2f 57d3 4070 1c20 0462
5827 3339 6d10 5b5d 0299 2808 570e 06fd 6e10 613a 7d87 2b8c 2f77 1e0e 4e08 0e19 6da6 3a36 1291 63ae 1109 739b 227d 77ef 6959 48d2 42f3 60e9 3d8a
55b0 3341 1d2a 7cd1 11c5 49af 53bd 38e6 0d8d 5fff 4eaa 6c4e 5552 48e7 1900 789a 605d 0783 298b 6119 34b6 5524 7d00 67f9 5e07 0eda 20c5 1504 2492
64a0 5777 317f 5f76 1827 1ff9 4180 777a 6ce8 3635 3c17 0187 738b 3f32 5dfe 5149 5b53 1aaf 2c7a 0d54 18d9 010a 0d94 0f56 7e22 6fd7 75b7 772b 75da
30e1 5e22 3421 3eab 5689 0bd4 05fc 43f8 5efc 2216 4271 1fcc 05a4 76b4 01a8 72fa 5dd0 3db6 241b 22d6 002d 51e6 6935 60cc 4fb6 24fc 216a 5da4 0be9
73e4 6c1c 0f41 0087 4c83 623c 7cd2 3368 19f0 6637 6c55 1b7d 42ea 7d88 484a 2044 57d3 5f62 0c4c 5f92 58c6 4ec6 359f 4316 0d3a 24c2 46c6 6117 76de
2d82 4e75 1ac9 5ade 3cea 1220 0881 276f 5300 7d25 0839 4e44 020b 41e3 3b0e 6b1d 1f06 4318 6b00 135f 35da 4463 005b 0fcb 058d 422b 7276 6e7d 7fc6
1d58 69e1 54d1 1298 1e2f 0f70 0f84 4922 65af 4630 6859 38db 7e5b 63e9 0cc5 7134 547b 3b18 599c 4a8d 6afe 1d92 4c78 2353 350c 3827 71ad 632c 5628
7134 4cb5 1617 6ce1 7df2 6bb7 01ca 67e1 0b96 6afa 1922 1eee 4a4b 6965 2ff6 6b09 2e52 3943 1b30 37cb 5fce 29b4 109c 60bb 68bc 6cce 19fe 00b6 2d55
5c5b 42fd 115d 0061 5645 0702 261b 73cc 6156 771c 673f 6f98 39e9 3554 655a 68b5 2703 5bce 70a7 3c72 59ef 7272 644d 40b6 35a1 359a 5981 3330 06ff
7dc0 4aa1 7491 56a8 2f13 61ef 30e0 14d2 7dd4 062a 6088 7702 1d51 44fa 65cd 0a9f 3ffe 7347 067f 1a27 5adc 6f2b 2333 6acf 2482 3ccb 0adf 1792 0413
2b94 51f5 3520 2c90 1d01 7c1a 43ab 10b9 20a2 2dd5 0fbd 779e 3643 6dfc 3f7e 76dc 14f7 449f 2e6e 3c12 07d0 2e6a 491f 060d 16cf 602a 10e2 0854 6376
58a6 44d7 346f 4dbe 41ac 5af8 5ab8 1b41 0d39 752b 1bb9 0024 488e 1da4 212f 3b8a 55d5 653c 6ba7 2aa6 512d 4b70 3869 4063 0659 5917 3b25 15ed 652d
67b4 20aa 3043 47a3 270e 445d 0111 0b93 38d6 4364 12ff 28ed 10ef 7854 1a3b 2445 4a88 56bb 3e06 3d09 1b29 6bae 1696 612b 4005 337e 14a0 70fc 0963
62c1 19d1 4e50 546c 04d2 4265 3b6b 230d 6606 4053 2624 7ea1 25bd 318a 62ea 299d 4720 367b 0866 1e89 03e8 69b1 4011 4791 7812 6cb5 5b2e 4c12 635d
770c 4830 7d73 7bcd 2a85 3969 02e6 2ee2 5dc9 5502 6561 67cb 53a3 18b3 389e 07f2 5215 4885 634b 031e 7230 0ab5 6997 712d 7c09 6c31 28c5 62ea 32df
36f0 73de 71a8 2101 1559 15ef 738f 5b30 351c 0c93 4795 7430 5c41 2497 3bdd 0c66 1bf7 1e49 0113 19e8 724b 60d1 5b98 69fc 5386 2e25 0c67 561a 361c
7051 4330 6327 6087 5f5e 214b 00d6 0a1c 7282 2b7f 7b2c 3b10 2d12 518b 122a 60e9 7a1a 39a9 2611 7200 10ce 162d 197e 64bc 39f3 6ac9 0d40 6406 335b
1872 767f 633a 622f 7a45 0763 05f6 5ff4 5080 1241 4140 3eef 3815 2822 2e81 0043 688e 6a58 29ac 5948 100f 4120 234f 58fa 3581 4952 0425 1321 1c49
4fb3 56a9 1456 45da 1fd7 2c33 78b6 72c5 2749 2f1d 5432 13c8 6d16 2ec5 1cab 672d 686d 6be8 282a 53af 1a09 4df9 5a47 4960 235f 1a38 0e6d 471d 17be
1d0d 2dee 02a5 23a7 5340 6758 3bfc 0144 0c61 240a 74d5 1035 160c 2621 00b9 7ecf 7a66 2637 7bbe 7558 3049 65d5 38a2 2de7 6b66 21ff 544e 4b42 4afe
698b 5eac 7204 3aaa 5730 135b 4cd2 45c0 2220 2036 3dfb 5e80 0cf7 5dfa 032a 4b60 2a24 7389 0e7c 2090 0145 5613 5c45 3d2b 3a85 1b70 3ed3 37dd 2d51
7e8c 3e6e 3bc5 0658 051c 3ca7 68c1 4757 35d2 082a 0ae4 0965 6d75 43a5 409d 50ef 3f7c 5017 516f 433c 4e03 038c 2be4 46be 5282 4b4b 001e 4cb2 6ded
226a 419f 5bed 58f2 10f2 306f 1571 7a27 1089 7431 65c3 7205 57e8 7805 03f7 56ba 127e 23d5 055e 620b 3658 795f 3395 7fa5 5bec 5b3a 6ef8 722b 4497
3cf9 151e 5634 444e 131a 68f3 3a82 1cd2 27a4 7067 6e5f 3f52 6346 3e68 2b9e 4ed5 232b 537d 5f36 5a73 74ba 74a8 7f22 662a 6c34 115d 4daa 10b8 75a7
341a 4e90 1370 514c 33d9 0e89 24d7 5eae 305a 2b09 4ffe 5c94 0c87 764e 4833 7132 0c68 2b86 0f03 6852 6611 56ce 1937 2594 1a1c 6e86 2eec 44ef 38e1
6709 3085 057f 54ba 2447 6991 67fa 4515 09a3 4db3 77c5 0394 1216 3583 0c45 718c 1c73 39ce 1f56 2842 5918 2b68 1c91 35f2 7db6 1662 7290 30ae 4e36
719f 17da 397b 360a 08d2 1e53 17a4 09cc 3fe0 046e 22dc 5480 0e6d 3bf5 3d66 3fe2 2161 552f 0030 0faa 261a 3f8a 49fe 2f16 3712 3432 7070 6faa 5ddc
08be 5288 0b26 653e 6738 4712 53fa 694a 0235 0d1f 1644 705b 4276 2f4a 4c58 1dc8 5ba9 7794 2a8a 1d0d 25a6 0095 4fbb 3527 2e12 62ad 6709 0b00 2219
2331 55db 1927 0c10 7539 7716 3d5f 4495 06c6 0f24 7c9a 3808 4829 3950 1178 66a6 4e05 1403 53bc 216f 2d4e 4c81 2018 38e0 0d86 3d74 05f3 4c29 793b
7c10 545a 4365 14d3 4622 48c6 21e7 3181 08da 0226 43f1 5f41 3081 1173 2dd9 5a36 3bf6 136c 31b5 43c5 06a7 2f66 75d1 581c 6248 39ee 17bd 4b9f 4c56
013b 0246 3904 6975 6cad 0940 7270 7fa3 2ddd 53f4 7198 15e6 16b7 6c99 1024 3944 5b61 504f 34fe 4670 233b 17e2 07e8 0a9c 3e0d 327e 5355 0dd8 5716
4358 07b6 3a94 28af 41f9 6ae9 5c55 1e99 3847 509f 247c 31b3 08c7 0d39 6e3f 501c 0a2a 1d1d 2971 732d 1038 543f 372e 7a20 537b 3563 46d6 4066 6c7d
2fdb 01ae 204c 0197 2516 5f82 2ffe 0486 039b 5ecc 3649 0dae 7ff4 1c00 5369 3350 4583 72a8 5a00 2d96 58f6 5d11 09b7 502b 4a3b 0a55 3cda 1422 55cc
66c3 49a0 54d5 592c 411f 37d5 386a 1ee4 3f3c 343f 7754 35c2 093e 402f 601b 1856 4499 25f9 4538 11c4 2e44 28d5 129a 1e15 2ec9 0c1e 7b87 49b8 5dc3
734a 06f0 6368 09cd 6323 6a16 5429 3001 1bad 7fba 190e 29b1 502b 3f17 18c7 21d8 7ace 11f2 6313 1e2b 02e8 4b3c 1f74 7fa1 7321 0abc 70cd 23e1 1d38
7881 0c2e 30e6 08a1 5ffc 15ed 4334 1b4a 6651 6085 0019 1ed5 2b55 46a6 0401 0185 1343 0581 7389 5a33 0067 42ef 04ef 09fa 764f 39f6 3932 41da 2773
4d0a 10dc 43a1 439c 1d62 52bb 5a0d 13ea 2f33 56c8 610e 04f2 6f65 7027 0cc7 55db 1e28 6779 6877 2244 67fb 4021 45d2 077a 4c54 58d9 3042 6533 6be7
49c6 3b92 5c90 5b0a 462b 0195 6652 299f 4639 089b 5652 4955 7be7 1076 7228 1bbe 0648 36f3 0a25 3bb8 56bf 1549 5cce 2a39 2646 4d03 1414 448c 0987
4b18 4b16 72f0 6a2b 4d9c 1f82 0da9 6825 15e6 25ea 5f7d 1131 19a0 0475 35ad 0891 54e3 3d62 2824 7796 1dc2 410a 1c16 3fce 388f 75f1 18cd 6177 40c7
385b 4422 69c6 4d32 2f93 605b 1bdb 1c68 78cc 7023 1b37 09c8 4a84 7590 6bb1 33b0 43dd 6335 7133 183c 162e 52ed 0c8f 0e1c 464d 34a1 6fa9 7348 6454
24dc 69d9 4e66 0024 5999 0c8a 7d9a 32bc 2718 7977 0188 4391 719a 72f2 2335 33fa 3a15 5b6e 22ce 6f83 25a6 17e8 0830 27a3 0276 2006 7484 566b 4fe1
5a96 4b08 77c7 1f1a 6d4f 65d3 7f17 20b0 3e38 05c8 3ff8 7e08 296c 03eb 0db9 20d2 7e26 5545 71ec 4be9 5134 7002 06a9 1a8d 032c 356e 5de3 2ae4 346b
49e3 30ff 79be 4738 315d 438d 2fd4 1747 4af4 5c42 30fd 0f08 09ad 2895 5d88 2de5 2ef2 7bad 2e52 3974 67bc 5786 7d93 2862 17ea 09d6 3ec7 2588 4c4f
261a 3649 5fbf 5907 2f31 3f5f 6640 7039 0763 1c43 0b4c 62a2 0502 7544 29a3 613b 3e8f 5a40 089b 4dcf 1aa9 22a0 3247 2471 0ce6 406c 1953 79cf 24c3
717e 3732 5842 797c 7738 3f22 0052 17ac 3ae7 4740 5705 7074 602a 7173 5d4c 529c 474e 2fa6 797e 2469 32ba 22ca 49fa 0188 4291 7b41 71a8 73be 26d3
671b 6ccd 0d2b 42dc 4d07 4c02 483e 27ed 443e 3368 6b89 5af1 1b93 483e 3d55 5e08 4047 09cc 7f4d 1af7 3f88 4cd6 29c6 5be2 2562 1f27 3308 25de 56ef
7722 395a 2701 0cbb 2e6c 618f 5f97 13d9 442d 0cdf 1fbe 2f58 1026 3515 0b50 753c 5e24 2bb4 2119 2f38 6ff2 0b5c 175a 3f9a 69e9 1713 4c72 17a7 19ec
575a 20d6 5822 685a 5f45 0431 0065 542c 77fe 010f 2a44 5211 006b 4208 6164 0276 31fc 659c 0a9a 60d8 1537 2bc7 09bd 693f 7f7c 3dac 7302 0b87 2f55
3b50 6348 2e89 6aec 1528 3d51 4fc3 48a2 54d2 4a7c 3594 605d 363f 1c90 4fc6 3674 7a7e 4316 382c 2bc1 0544 4aa7 6fbe 6355 462e 3882 66c8 544d 6a52
3fa5 5600 1e85 776d 0b0d 4686 3e00 7683 6c30 17e4 42c3 2058 6a11 4776 493b 2d51 0753 2595 3578 04e9 4d08 5fad 68e3 4adf 5cd2 28d9 6a15 7e32 10f0
28d5 49de 1077 3442 062c 3027 03c6 5059 18b1 4b0b 084c 5a1f 293b 5cf2 50e7 7959 37fa 3d04 16f5 16ea 315d 1f0d 7e56 3956 3914 0329 77bc 05ed 7028
175e 2126 459d 3327 4617 6b7a 102e 3828 5a2b 4911 18ff 0e66 0ea4 0f76 0e62 5551 6a4e 06e6 2354 4f1e 6959 1738 73dd 35ac 3d39 13cc 2ae1 3a4d 2f49
691a 4161 2aff 357a 2fdf 5ab2 5ecc 186b 0799 0e28 3ccb 293c 694c 14cb 5e89 4644 3e3a 14c8 042d 3bc4 2a06 711d 4cee 595b 6026 1e29 1792 1561 632b
2b53 35bd 4633 6224 6146 52c0 28ed 4f66 2f4a 0e71 4dbf 3ed9 2eba 55e6 1275 5dc8 4528 0527 3f17 7221 6995 63ae 1c16 6b91 36c7 5f4a 468f 2393 1219
7229 6ddb 23ba 3323 5fdd 3210 1c60 38cd 189b 1ad8 4f86 4b6f 6566 2ca1 071e 516b 7bd9 23e0 42da 29f3 2e76 6cd4 0c8e 422d 0268 5e33 75b7 7c3b 3861
788b 1393 535a 24f5 6978 4c29 34e1 082d 5b6e 08e9 6aec 11f4 005d 572b 02ac 3984 4761 29fc 26f6 1b97 5bf6 49c9 37a3 3b17 10ae 67d5 73c8 1ba7 3b0d
2329 1c35 5308 1c41 31b1 1bf9 4d4a 2c3d 29f7 190f 57be 6085 5fa2 1b6a 3c1c 3251 04cf 4adf 78dc 558b 4859 4b19 56e9 1fe7 46d4 7d10 050c 24d6 7cac
1d2c 2b4a 6762 2a66 0ecb 5730 2a09 72a9 1ab3 2b0d 356e 3aee 1f27 1881 5c90 2973 132e 4322 4f25 0c87 2aee 75cd 5e6d 0a20 3793 3529 0f3c 4eb2 6ab4
3f10 2227 4899 5377 199f 76c2 4d5e 68ea 3f2f 3b58 6138 404e 517d 39b4 52b4 5d30 6848 49eb 0d20 3264 2cfd 4f4b 6b96 4024 1851 5226 7706 2c04 10c8
75e6 17be 361a 1994 1108 256c 5734 642b 04f7 17a6 320f 7ab6 4200 1259 5838 60ad 6fc2 1ab3 68dd 6c5f 5c03 2016 2d16 33e7 3492 7b94 3b72 55a7 48b6
3552 7daa 6ec1 761b 5e6e 6740 22ef 7bb1 5552 55c9 170a 5c4e 79b4 4a09 3dc2 6dff 0ce7 3681 6214 593e 1a08 7d89 4f0b 7b31 0b00 4d78 0683 3210 795a
0640 104a 5448 101a 5020 44d1 0f66 6593 5204 5bbb 4cdd 72d0 5a12 2569 6d5e 1c72 000c 0227 0ef8 1c29 1863 7906 38c0 6347 7d84 5d32 0baf 4b53 6aca
3f41 3514 0fe2 219c 12a6 45db 1ff8 532c 74cf 2418 74c7 304a 683c 6c9c 1fce 441c 7235 3dd7 7e87 7537 7275 5f98 0db1 718a 5b57 7f2a 5013 1a27 54dc
0d3a 4041 7cef 676a 7126 6229 1d4b 6bdd 5f97 5975 0fff 15dc 700a 7b1d 0aff 5347 013d 41ee 5142 2a9b 21b6 7e45 17f6 5ce4 0e61 68cc 4352 2fc5 2a4b
47af 4121 367b 60a9 651a 6e15 44be 04c5 626a 2532 2be1 761c 3340 022c 534f 75b0 52dd 7854 7c19 0cba 0cd3 65fc 72a4 555b 1f7e 6b49 0a6d 634c 5ed0
7055 09d0 7bd4 4bfe 7e4e 13fd 3cd1 6427 7f43 21d1 7779 1f31 5f1f 714a 57c4 2f49 3e16 23a0 4744 56f5 7446 5f48 7fe5 3e54 64e5 37b7 1228 4869 26b4
63ff 7b87 4ad1 03de 7d00 6828 4146 4e6a 13e6 5067 297f 4446 7a0b 7d50 7e45 41aa 7d95 166c 7008 4ac4 2093 0617 015b 5ddf 0814 47e1 64ad 6c9d 5c57
5e15 4f2c 3f77 280f 424e 165a 10e5 5ea2 74a6 35d4 6463 7bef 215c 6ab3 7787 79f3 6b7e 1900 1c88 3aaf 6bb6 0859 1389 1bbe 24e0 6566 3742 7b5a 2dae
67ca 1b6b 24bf 596c 48d6 17b3 7d96 5acd 7b32 5282 51c1 35a8 2810 00ce 2736 7090 6855 769f 72d0 3bdc 2ea1 1694 3648 543a 4e1e 794b 751b 4ed5 7dad
51c3 7143 3b85 65b8 599f 10e6 15b0 5fd6 65b7 7a5b 0d06 0933 6a75 4d55 4c86 20a9 2905 4bbf 7925 17ed 7e2c 6b5a 03f4 65aa 1ae5 5d43 7d1f 1104 1a80
1f01 130c 3b4e 104e 21f4 53b6 5cdb 088c 3ce2 5d38 45f7 6e31 3e24 7fbe 1784 4df9 5d41 0dcc 25c3 66cf 3bd2 00ed 3257 06ba 6b84 0dd3 40f5 337d 0dad
07bf 7d0b 756b 6afe 2255 6631 27d2 017f 6262 08f7 336a 31df 0af8 1932 29cb 7fac 177a 26be 702e 1b18 33a4 433f 3077 7225 37f1 27de 654c 662f 7744
134a 2506 776f 6451 500e 0470 4acd 76bf 1944 1232 6394 0179 7a5f 40a3 0818 4d24 4e35 3a26 6c3d 18d6 7c98 1ec2 2b01 1181 1a23 6945 2732 74c5 1b2d
7914 7bba 15ec 458f 733f 1cde 503d 4d10 6665 3dd0 1e7f 164a 5080 1494 17db 496b 665d 46c0 2bb7 426a 514b 7024 3992 5a4a 5a81 5f83 367e 2401 1af8
60cd 18fa 5224 5ef3 334e 6ea0 4aa1 4542 71b8 323d 7784 17be 512a 3e38 6008 67ef 2da9 27bf 1d4f 20f4 1913 31ff 6034 49d0 7fc2 68b7 3649 218c 70af
5bac 0e8f 69bb 0fc3 2915 634f 4494 61d1 2ac6 7c7e 54d6 2d26 7cac 78c1 52a0 4362 5172 0f98 35c5 7f32 7163 1959 68e6 63c3 0b0a 58bd 55d9 0f65 14c2
6b26 1c16 4895 786e 3506 6d9a 3c01 4991 7f76 48b8 5233 6b21 7219 1749 5f5a 028c 49e4 2d29 79c4 4719 01bd 7d4a 0ca9 539f 2d06 0d96 22e2 6b2b 4cdb
16a2 6050 78d8 5941 4b19 1094 1027 50a0 66bd 1658 1d6a 260b 3a8f 6748 6856 1722 2ec2 50de 54a1 0b70 5b69 1fed 377d 630c 3ad8 5329 4b60 4413 37cd
3b29 5797 44b2 51ae 36d4 7234 7a5a 182c 33f3 222b 19e9 0c4c 0cfb 4bf0 7235 6849 5b12 2b92 27c6 55d4 425a 70c3 3005 1b65 1d8e 5038 1316 714e 67f8
16c9 3794 22c4 53a9 1602 1bf6 41d7 6f8f 729c 523f 7313 7f55 679b 1281 5727 0993 4323 59db 67a3 1270 7fba 4f65 7ee4 713d 6078 5983 4757 3bb5 62cd
6805 54fc 2862 05bc 3eb7 44f6 4d75 6b36 4ab1 5f54 28dd 488f 4ce3 60e8 107d 7978 4290 453c 6a86 0283 3084 5208 28d0 2b5e 23a9 76a3 1c0a 2918 0878
1235 39de 20f6 5a77 2593 0f9f 4825 43f1 2aa7 2d7f 3144 04d2 6543 0b83 5328 7f90 3746 79fb 4f1d 2379 32f5 28a3 5045 0af2 3bcf 3857 3a71 50ce 2f31
4f65 6f3c 092d 1f48 29e3 6f37 56fa 1401 5d4c 3bc8 5d3e 1281 1221 33f7 3233 3c7a 208e 3825 4075 2ce7 5e1a 3426 65ee 019f 4647 3dc7 0355 2fa4 53bf
7646 6335 7343 5d2b 663c 5211 756e 53ec 65ba 52d4 022e 483d 1747 5484 7485 460d 4d89 38b4 0ec3 7d83 2550 0139 1497 66a9 3858 7b80 27e9 52b9 4920
46f2 1579 1f99 41eb 6485 5bf6 61b8 1778 0511 5636 75a6 5ecd 050d 4afd 0dda 2775 514c 468a 2a0d 6924 0f97 0c7c 2a9f 2427 40ea 3bce 7d21 51fb 4827
31c9 3584 638a 6c24 5266 5d74 3ae3 4176 6a93 31fd 468c 2400 0c77 4674 3637 6284 0bcd 27d3 2654 464c 5ec5 0014 38cd 6e43 6024 29eb 5444 074c 0495
039d 0950 4067 314b 7232 1bc4 1852 6c55 0856 4a5e 7111 2b26 7784 7cd1 1511 1827 7838 05d3 5933 67fe 79dc 63b9 3313 71a3 3528 6eee 742a 6d11 14f2
062b 056d 23f6 64ab 523e 61e4 670c 35be 1db9 635f 1f31 77da 5145 64e2 421e 358e 3d37 24b5 5fc6 2898 0c18 159d 5fc1 4e01 0777 18ba 7a1c 04cd 7987
6588 16a4 4fb0 479d 1918 64ce 20a8 103e 02b7 490c 5445 4c77 348b 3e96 7b32 6f2c 57fc 59db 44a9 3259 1fa2 4dd0 0212 03da 6d67 0339 4bb1 1e65 0c32
1f99 5552 0768 6b15 3027 0826 1d08 6b3f 2bff 1e55 4e54 2b16 006e 1a3d 07f1 2acc 1f7e 798e 4726 7faa 3a37 08d0 0157 08d7 7212 30f8 17aa 33ee 469c
5791 7f21 3a98 7353 3682 1b28 027f 3b98 65d7 2513 1a6c 3260 74c1 3a64 171f 6bd0 3cdc 6b2a 4e13 5d92 6148 06e3 75e2 63ec 24eb 3c5c 4f00 2124 5f7f
6419 071c 45cf 0e4c 0bbc 1d89 11e8 2fe2 2b14 76b3 6196 6120 3a70 769d 5904 6c71 568f 28d4 7752 6d76 0e8f 0504 6885 68d2 29e6 22e2 7026 5ec4 6182
5fff 4b95 2685 4c91 309b 5ac6 6892 6c51 36af 4c00 255a 27a1 7247 2687 0233 3462 6801 2cd6 0205 3b12 4987 317a 467f 5e08 234b 2e59 6674 5186 7875
6a78 01d0 452d 7f87 1556 1a26 7f2e 35f9 5510 3cca 0a03 7571 7556 267a 6a40 6a53 32ee 4e2b 2c81 53fc 7575 5fec 2be0 098e 2e08 00e7 7b6d 173d 739e
0070 60b4 344a 288c 0fa0 671f 2a8c 63e7 7c6b 7999 6ec2 450d 4e76 6900 0077 1452 3f3c 61ad 7a5c 5221 48cb 38d4 275d 7a8d 1741 395e 347c 2f61 424b
4eb1 24b4 0ea3 069d 4072 1c18 7d02 21e3 7f26 0958 6f1b 566b 6a32 05a4 5a34 422f 512a 27d3 6961 56a4 4bb8 7558 2fdd 5397 6030 6031 3e72 00b9 713c
54ac 0992 5fd0 71a2 08ab 6b2e 4c4b 7fa7 4554 45b3 0150 174e 2fcd 58b9 6025 77a5 29e4 0102 2025 188a 5ae8 4fc1 0274 2a4f 5c75 0d8f 7ecb 45cf 074b
44a8 1260 1ef2 4b12 7f9f 6749 3109 0429 2ab6 6f8e 4ecb 171f 5e6e 3ad9 6dc5 19be 0cfb 6ef4 7f6b 4352 5d3b 38db 4e0d 158c 69ad 02df 6758 2904 3094
5541 4ea4 0b58 1b60 5ecf 2d2e 2981 0569 7b05 2254 4cf4 545f 2cf7 24f5 72e8 43f4 7069 1e2f 3e2c 7297 42e5 5fd0 08d1 6823 215d 2342 4b53 321a 04fa
34b4 7757 4dd7 423f 30d6 370c 7ec1 497c 6006 2ce9 6120 08ab 00ac 16e6 3a51 74bf 54d8 0d96 4953 1a69 4a12 47cc 2e19 6940 6562 46a4 34bf 39b8 01ed
725e 4c52 040e 7e22 08ff 6abb 3e50 683a 5b09 41e1 6c2d 2ec5 3eff 2803 77bb 1fd8 491b 7f7d 63db 6fcc 720e 0262 6410 4336 3045 52ea 2c85 6843 2e5a
28a1 6e61 36ab 1d3b 2e54 3c54 6eda 2e51 2022 13cd 153a 57c1 5da1 5bf3 5dd4 21a7 6ca0 6596 1693 62de 15f8 2d49 4b77 45c3 047c 1b15 1e52 1a6c 5bdf
6da1 16f8 7788 4dd6 648a 3991 5fdd 3b4f 2c63 4ed9 5cde 656c 1082 5756 0b57 11d7 3e8d 79b5 5fe4 7b60 49f3 3d44 5b3b 2916 7c39 0c61 2075 7ea9 40ca
71cf 3f69 1d14 792b 7e8b 538a 158b 7ce4 06f5 5600 258d 35cf 7a56 7588 6ffe 29c5 1256 25cf 11c3 30ab 2ae8 6b48 6b5f 0a90 73a6 34fa 641f 0a92 0d0a
2cc8 55a4 3ea0 14cf 3b71 3e47 5f60 7900 7400 20d8 7611 72e2 65cf 28dd 3f69 68b5 0195 4935 007c 5209 5626 0de1 4bfc 41b2 006f 0d0a 0a71 0cf3 09d2
4665 30d7 336d 273a 65c3 21c2 54e6 5844 762f 3806 646e 4de7 0562 552e 4771 51c5 59c5 203c 660f 44e7 0799 0155 23ad 65b9 01b9 2327 321b 5f1f 0fc6
5dc7 2c2c 79bb 010c 1486 7b1f 2262 2080 50fd 5007 7e82 2bf4 7552 6895 1f8c 21bd 4d69 2ea8 207a 2c73 0a3c 3ee7 0d8c 0167 6507 17ef 0b7e 6021 587b
5894 6ec7 4376 775f 5f2e 4bd8 353d 61a6 6884 0a2e 30b6 2030 731b 2cc9 534a 03f4 76c8 74f6 2ac0 6d9c 5e8a 023e 236b 26c2 7e50 088a 3f68 14c3 3d07
2000 0cf0 7d17 2d86 02a2 0493 0eed 285a 05eb 3f4d 780a 0634 4a37 1124 780c 70e3 6be4 2bad 5bc4 4857 626a 2356 1a08 5391 4636 217e 3655 1137 4723
2110 1cfb 454e 74cf 44ee 785d 0b66 2d6f 2a73 2f2a 6455 3805 0cc1 6efa 3b64 47b1 2ff8 6248 4199 4a28 2d87 3ed4 551c 0ac7 5011 7c18 3765 4e7d 2e21
0439 200e 569b 1ee1 66a6 6b46 0513 2212 7381 5f56 32af 18f8 10cd 72e4 3d59 616f 3b62 3ca3 4192 2c29 1e2d 19a5 01ab 3494 2a43 4d84 2e49 158e 716a
6ba2 67ba 5e39 0edf 74ed 4b2e 4821 51ac 11ea 7538 21c0 64aa 1ae9 55bf 31fd 20d5 0131 0ddb 32e7 49e3 4f34 3b57 2aeb 5031 3d0d 7983 331a 6588 1da8
6fa9 6e73 22c4 00c3 10ff 0ce3 734b 69bd 62ed 3447 19f1 0460 68d9 3488 2994 430c 6804 1797 62f6 74a7 5acf 1fcd 74ff 24b1 439f 47bc 2555 0cfd 4995
6b50 424d 77e8 5619 64d7 7668 781e 5db2 774a 0867 7121 6175 6930 21c1 7731 66b8 0bc3 6b8a 5f7f 3bdd 17ba 4005 0d67 37d4 7ab4 1986 09a0 48c2 5cad
4ba9 7c4f 69ea 4858 3148 1ac4 326a 5706 590f 34fe 4f8d 7f46 0ede 3b18 5716 3f35 0a7e 6796 30e8 23b7 5caf 4b76 6be6 0bad 544a 1039 4b0c 783e 252b
1e57 65ff 348b 188b 7353 74fd 27bb 7690 49ed 0b01 06fa 2147 26d5 1280 684f 0a09 4c60 6733 66ad 22bd 6628 4f9d 5881 3d63 4213 771f 57ab 35db 7ad8
3271 1b65 3ef8 7d1c 6d59 6501 514e 21b7 72c0 7d06 58b4 3494 3441 32c4 7c97 3e6c 78c3 3f4a 002c 4a32 270c 45f9 1312 1a7d 738d 0649 23c4 2b97 6f64
490b 58c1 26fa 4361 1444 6373 3423 4f67 67ed 4cc9 0a06 47ed 48a9 1ec5 4316 7773 607c 6a8c 4bf6 64aa 1962 556b 2f2c 0ffc 4cb1 2d2f 2689 30f5 7aa6
4fc5 4e0c 0b2c 5534 331f 2539 633e 67e5 7264 5940 337d 3c02 0358 31dc 7294 042e 777b 0224 1035 5b1d 7fe7 0854 3eda 6977 78a8 3b49 13fc 2ebd 66cf
32bb 1e3f 2d31 7e28 1e7a 399a 0c3c 0128 2ed8 103e 146c 2990 4629 41f1 19e3 03b0 63f4 6c6e 79c4 089a 3a72 4693 0f89 4cf9 70a3 5baf 0997 1b6f 17af
2d58 27f4 6de2 3ba2 1bbc 7302 5aa0 5a7d 060e 2a33 1e7d 3b9b 2def 0c7f 04de 7dda 7b54 2828 2e7b 588f 6ac9 3cc0 6ebc 675c 2b29 6a2f 3b73 74f5 264d
6c92 3f73 5e9d 29bf 12f9 58c0 2c67 60db 04ae 22a5 7bc7 0c20 2c28 566b 1bac 110c 2c4c 0743 186e 7df4 370d 040f 67bd 6b5f 56b0 144b 58df 55bb 4500
5088 713a 2e0d 4d9e 6a57 7c8f 3ae6 08bb 457d 69ab 4c32 570c 512e 3b4a 47b2 4a40 6488 193d 6b29 271b 78bd 6f28 1fbf 4a38 7d48 3b2e 1f08 5607 1514
0d68 78c3 3338 55ee 773a 7e2f 7386 6e4b 5d11 44c5 461c 68b7 67e6 5a1e 27f6 7219 3306 55d9 30fa 6857 7ae7 164d 3468 42b2 7004 0543 346f 207b 3f44
5b36 28b6 5d7b 6ad3 67d1 7f83 15fa 6b08 1248 5db9 0235 291e 045d 0843 345d 2941 17ca 0b1b 37f1 4b37 3bda 11d7 3258 47b0 5e1a 2997 7eca 6bc4 611d
2387 7e78 32b0 3e19 6c51 217d 2d2e 7318 0d15 2c34 754e 2e83 4bc4 704c 41e5 28bf 5fc0 33bc 66c9 32be 6af7 60a6 0f68 514a 43e9 1c1c 4e5a 2089 679e
06bb 27ae 20ef 6c5d 1350 2bf3 11ee 4731 6bc5 4d7b 72c8 5b26 136a 3d31 78d6 2ee3 141c 2c94 2d86 4081 446c 2a18 533a 4381 7ff6 3c37 5263 2d72 41fe
1510 22cf 187f 12f3 6ec7 0cd5 7d48 1aef 1cfe 53dc 5863 33bf 5cb9 435e 2a5f 14da 7333 445b 068f 6364 0c89 1ddd 64aa 085c 113d 0598 7a22 08a6 17f2
6da7 1814 583c 32d1 26aa 140e 1df4 6bff 4228 6b05 4df7 3e32 5d09 3fbd 6b0f 6fdc 7975 0607 0b84 69a7 47f7 77a3 387b 5932 4096 75be 7716 49d5 50f7
37a0 6fff 5dca 1826 4ff6 728a 14a3 409a 75b8 19f9 6f30 5c3a 49f5 7889 238f 21ea 1c7a 7557 6a4a 12ce 1cee 380f 6ad8 70cd 4748 05b5 6b89 4df6 1006
5c0d 5fcb 4ff1 2a6c 73e8 5d77 2fa0 10c1 72e0 2e37 2bf7 7679 011d 74d0 104c 7b50 7318 2016 15c7 1262 1516 07ac 0f0d 5a2e 3a93 33e9 00d7 7778 1a99
2475 153a 7abf 5074 65ba 75d2 7a13 2bbc 67ef 375f 2589 332e 4ffd 6cf3 46ba 7080 0e4d 5d49 1fcc 573b 01e6 5df7 1c4c 1ce9 3f00 45ba 7892 12ba 13f1
79c2 7523 2105 0414 784b 03c9 32e5 254c 0806 07cc 4963 5124 5cdf 592d 3dc4 3aa4 3145 63e2 0693 09e9 47dc 0c18 646b 11a5 7c7b 0a79 2c81 7fa6 0544
36f7 65f7 2240 2365 3717 5a9f 2d2e 4cb2 2ff7 3356 58b4 6c61 5288 4a70 76d0 4fb5 2a42 02d3 2732 202e 050f 0e3a 4a9d 7746 4465 263f 2f04 29e6 1b4b
071a 3bc4 48c0 3bf3 5c59 659a 116c 72cd 38d3 4043 6697 51a4 6363 4f72 2b58 411b 7d09 2f0d 3ae9 570d 22b7 5112 768b 4e92 6c14 0d83 607d 61e4 1490
36da 727c 3093 190d 0335 7947 56e3 68f1 440e 7a28 0366 3adb 3a05 6660 4f3c 274d 326d 524e 0e24 7066 48f9 513d 7455 48e7 0e07 72fb 35bc 190a 0df1
4b42 729f 4930 105b 0e72 3d23 7959 7c71 7eb1 038d 53f4 697e 72b6 750f 41cf 61e8 1d7f 6784 7766 0e18 0823 7ee8 1f1d 718b 5c50 2aac 084e 5077 21b4
63f8 7a77 713f 0381 4d33 4add 13ec 7a2c 45bb 0031 60ac 577b 6cf8 3540 50e1 72cd 4cde 6c87 1795 5a21 20fb 6d56 0b90 1c51 682a 2cd5 1837 1875 3619
5665 7aaa 4fb5 3c2f 2c65 0280 0447 32c5 7b01 0e7c 423a 4042 359b 64e9 1aeb 3be0 5594 78b4 7858 275b 27aa 78b4 7eac 34e3 3342 66ce 1fcb 607e 01dd
31e6 7c7c 61c4 60ba 2575 46ea 210c 7971 2d2b 5333 08de 191f 3eba 1a6d 2e2a 4421 4de6 1268 1ce5 1a5d 243d 3e61 23f2 1d9c 71f8 1688 5068 5f6c 3c3f
37f7 1dd8 4c20 398f 13d9 6aac 619b 4ee6 7c50 3b18 23f1 55a6 2edb 1130 6500 0e10 225b 0c78 55da 4031 522a 1783 31b1 6338 4a2e 79ea 22da 22a0 1e48
30bd 47c0 6d31 2c4b 7fb0 1a07 3c2c 438f 1fef 67cd 632c 090f 34c4 70b0 7090 0dee 2384 27ec 3e09 4d05 27d8 5d0f 768f 2d6c 2005 1121 76b4 4bf1 081f
1ca7 594a 7d9e 7e26 0ab4 2a34 1683 4794 6cc3 5046 1efc 5648 6c48 781c 2e98 340e 68e1 2f9b 766d 24fe 4c26 20eb 6269 6afd 4a0d 6de7 209b 5417 4f52
0177 27cd 6a3a 3b1b 0b4e 221f 5d8b 66ba 3e88 1209 18c9 7001 35b2 17fa 13a7 1cda 4804 57ad 4b09 1ed9 484c 34f8 2ad0 73e5 2852 1667 4acb 6650 5407
72fb 2d0f 6e45 1f9f 1f1c 37e9 6f4b 51ad 519a 393f 2d1c 2ea1 0ced 1c93 7bd3 6659 1cf6 38e3 5db4 0458 32bb 5247 665a 45d6 4db9 4139 1820 4389 5f6d
6aeb 1d3f 650a 3e65 68dc 2ee5 0736 6839 0943 6b6e 49a0 7167 6319 12e4 581b 317a 2526 5bd8 1de8 3fcb 2670 3999 1d1c 422b 456a 7bb8 437c 0aeb 0ae4
4733 7dc4 3cd4 6f77 6bc6 6faa 73c3 693f 391d 0828 6773 2e03 3e6a 0d0e 064d 303d 5a9d 4014 3199 6178 4599 481e 69c4 75f1 6376 32d7 6275 7f77 7899
21d2 6594 32fd 63cc 3a4b 4807 1131 6a05 75ae 69ae 675c 1559 3aaa 6b1f 56f1 2038 60b7 6c16 408f 5992 4529 2b4b 4b14 0db5 3b01 0a18 3960 4922 6985
7702 0da6 1890 414a 4d14 5d2b 5d6f 0a63 22bf 3401 0f9b 1ef8 13e2 51e3 7afa 0734 39b3 0c97 2b36 6394 2d05 746a 7123 77af 399f 658d 2808 60a5 5825
4902 12ef 644b 7dc4 4ad8 1045 301c 68ac 5ed5 3a07 34e6 3c52 4d7f 131b 12c2 2740 2379 7e39 4e00 3243 7715 1a2e 72f4 5986 65f0 1c2b 7d85 2f55 75df
69ed 62f9 5239 2fbb 4087 482e 43cd 1264 22eb 27a0 3371 2e88 3c25 4e95 3fa7 1399 3879 43da 2fa5 7139 2fcc 2e46 6838 2e24 0140 1cdc 02bf 2838 5c4e
1416 512a 6527 70a5 4087 0d01 0bbc 725b 1132 0cb4 1548 24fa 4b28 64f4 6b1d 0125 7d3e 7e30 13eb 5931 1853 739c 753d 4eb2 4a49 4b0d 0661 07d1 5662
7cc5 074c 217f 5427 41b6 3761 3b50 259d 763e 3173 76d0 0fe2 7a24 4641 2581 5a9a 0e5b 5f55 1963 1ebc 4992 747f 1ea2 07c9 7812 36de 1cce 569d 1c4c
0e64 792f 1036 2420 48b6 6be9 21a6 3a07 62ae 25da 1b68 220d 5f31 677b 4720 20dc 073c 1317 627b 09a0 146f 79f5 1472 2192 326c 6a81 6fb6 453c 62c0
1220 2082 5f7f 430a 7d63 0c25 37ff 0408 7d0b 5e8e 7f93 6378 48cd 2113 1713 6edb 3759 5369 097e 62e9 0cf9 0831 0797 77a1 5414 75bf 2b7f 16ad 409c
1825 3cdc 2fee 0a2e 1c7e 2166 631b 0d5e 29d9 00e4 180e 04cd 67d6 4679 6283 5b18 6ef2 2303 471a 664b 236a 72bf 2375 7616 09b8 1f53 0af8 3be2 5425
1c21 3788 0251 4880 115c 6696 1265 56c8 203a 0e34 063d 316f 5db6 3a50 0fb7 3772 6db2 6d3c 58dd 188d 651c 00cf 3600 42bb 2e1f 3d15 75fa 78df 064e
0db7 6cd8 0120 5e1b 0cae 4029 6d01 0c98 6512 7e21 1fa2 6295 69f3 0663 5a9c 716e 69bd 17f4 03c7 7f1f 07ad 2f9d 05f7 1023 5cc2 5254 4ad1 5be1 34b0
68bc 35c5 41e9 3857 39a9 0027 597a 5177 2995 45f0 3692 7567 0840 7cd3 41e7 7082 0d10 6542 5d47 6b73 0aac 373f 791b 1efb 356f 0bb3 6b61 1d2f 4e4c
71f9 08c6 6c8f 0128 4f39 54bd 04b2 710f 540b 0bbd 037c 4a66 24b6 78fa 6d2c 35bc 7f4d 0869 0839 21b8 6a8b 01a5 3afe 4297 6cd0 0418 35f5 5c02 3874
004c 6d7c 2798 40ef 4b18 7bc1 0d4e 024d 13fb 02ca 4cd7 0330 210b 738c 2099 0934 364c 4344 5416 4e83 26da 21a3 07df 50f1 3041 2d0c 06ae 1cb1 1e5d
77be 1665 1b3d 01fe 774a 6ea2 40f8 5451 439e 6dab 5882 3612 7bcc 7839 34d7 321c 2d4f 2b50 4db1 6ae7 2f91 568b 758d 5f7c 6da8 2548 27ad 43b9 5c0a
6174 34ea 6d80 2c92 63b5 5307 13bf 6315 7cf9 3692 622f 0d8b 25f9 4828 41c1 132e 5782 6dc1 54bc 6b7d 1451 77b5 7548 3c90 7098 7688 774a 5da7 371f
35c4 1490 44e3 20b5 6b03 2fb6 5e04 1094 51a7 2d92 402b 5d3e 26d0 191d 54bd 303d 7b49 4ed9 68d1 6044 0bd1 5b79 4e5c 2db9 5119 7e49 3865 6fb6 77a3
47d8 12bf 157a 7d09 0c55 2098 3d79 52ad 4c14 1d00 05d4 052c 18b3 46cd 6750 176f 6b05 3be9 652d 57d7 38f7 6a01 1c21 5745 4297 492e 64e4 1073 1b09
1891 0aa5 5120 450d 0c0f 208d 47dc 0fe3 54e0 5368 3c4b 53b7 447c 304d 17fc 1bbd 674f 022e 320d 42e8 1131 2839 5445 1b20 364c 67a3 3d90 2354 05b2
3aeb 0094 3187 0526 5818 4c51 4f60 7303 29fc 3b31 4c4f 19af 243a 6704 56be 2b96 06be 0b01 0152 3998 6d32 3c5b 74ce 6a31 3ac0 4383 7344 1c98 7feb
58c7 3e44 2c3e 1a7d 13e4 16f1 3444 6745 5c43 34c0 5f58 64d0 2956 4466 1003 29ca 1623 785f 3a77 0779 6a4a 2dad 0bea 7a78 07a0 2fd1 0b6f 4918 4119
35de 0b13 4983 23c8 6a09 6270 33b8 6ab0 5d03 33b3 7053 7c6d 1f2a 2547 5577 3944 6cd4 7320 3c70 6fff 3be5 3467 1a16 7309 37a3 04e8 3bb4 19eb 0484
5b71 4517 2c89 65a9 0b51 4a07 05a4 4df1 2170 2fa0 1b27 0670 6e72 4127 3eae 67fb 621f 7420 013a 4b51 7f15 45e7 38f0 431b 2294 6269 3cde 319e 2592
6a41 335d 6bf0 2ccb 37f2 19bc 4445 7ec8 5e2c 49de 6428 1f28 121d 0d3b 5cff 67d5 2fef 0a3f 49b9 15d6 3c24 4c0b 0d0c 7569 3173 728f 5b00 7665 07c3
39ef 64ca 17a9 3325 3a85 2357 5041 40ca 3c10 4f25 700b 23e1 4681 706c 5ece 4617 2abf 4e86 3ed5 059a 2216 0edb 0b9c 150f 145c 64e4 3a98 448a 5c51
12b4 09f1 21cc 13ea 65b9 76f7 758c 18b2 5387 6092 2087 4225 60fb 1d96 7089 5c35 6fd9 2588 056a 622d 0134 5edf 5c6d 795f 62c0 51c0 2916 2fb3 02cb
0233 00e2 1ae9 6870 4162 432b 6fdd 2ff2 1966 513d 64a9 3589 1054 6f8b 37d3 193d 3284 1662 72a9 0bd3 6dbe 03a6 736f 717a 214d 50ad 6fb0 4f33 4103
372b 2d6b 4dcb 680a 67da 2f9b 793d 74f5 398a 6db2 36b7 38e4 753f 4390 0578 7d74 30a9 02a1 2df5 209f 1156 1787 227b 7877 37e4 7111 493c 2bdd 2aef
2724 6675 525d 5c3f 38e2 0b5c 73c4 2ef4 7453 3867 4b6c 7292 44fa 4e8e 0a95 3640 6bae 2eb8 1fbb 4cb1 1164 0ae9 2d56 2c57 5260 70cd 3993 7de3 4661
1798 71dd 183c 7b1b 3816 06f1 2367 41ba 2fc5 5d69 1d1a 7ff9 44c0 2baa 3eb4 1520 6c2b 01b6 116d 225f 370c 6828 49fd 790b 6eef 4d21 6114 38df 4809
3f0f 2ffe 6427 099b 0bf7 6cf4 5b74 7d1b 3194 660d 222b 6ff3 2f35 71f2 7c20 2355 505b 4a82 5b6c 4a60 20d9 68ca 6ea8 7dd9 667d 15b7 47c3 65ae 7eeb
24c6 0d08 5b5a 7392 293b 38de 2585 152e 6570 46ec 0295 5667 7904 2fe6 22fd 1576 5e60 121c 4df6 6b3d 4aeb 768d 65aa 0190 25ca 5b24 7261 103d 1296
3e58 5fe0 4cbe 666a 5153 78c7 16f5 02ff 668a 4ea9 4525 5708 18f4 064a 3967 264f 6ba7 66e2 445b 6a8f 00f1 71cf 7022 288e 6530 4558 7ca4 2a55 479e
238f 4ebb 33d9 3086 72ff 4d9f 050d 7d7e 659c 4f54 78eb 2444 75bc 0d70 50b3 002e 10bc 4997 3a82 266b 4947 4402 6e14 5f5b 30c8 4fd9 22b2 1a51 49ce
36b2 0fa5 6896 0a3c 3661 0581 0fc9 7d54 3920 2c37 58ba 4156 5a0a 43ac 67c9 4a3e 13be 1a9e 2905 2c2b 04df 5808 7618 46d9 5ddf 3e3a 6c16 29b8 78af
7f19 2105 21ec 1f00 1641 1500 64bd 4354 6792 60cb 69cc 0855 4ef5 48fa 6011 7e28 6c61 472c 0670 599e 043c 1f35 443d 75c6 5167 7d08 3990 4655 107e
5ad4 5732 5c88 4dd8 1970 0e2d 3c99 63a3 0fc5 173d 6cc8 5164 071b 6364 3470 52bf 5391 7146 6e9d 2469 0d33 03da 03e6 5807 1e28 57b3 1b13 280f 1f69
0ee5 6841 51c2 627d 36f4 58ba 3242 7620 2693 0f4b 6e51 74bc 52da 14c9 4b09 3c5e 3817 018f 01df 0165 1de7 59c7 3dc5 5eae 259c 7714 5bf5 1d2f 26ab
7af2 42c4 3925 5094 0f82 6c19 75f2 48c0 2de9 58ad 34d9 1a0b 2fa1 7b62 7cc5 565e 3956 7d8d 3940 2ac8 3cdc 451b 62a8 21aa 6719 3c1e 6772 500e 1fd4
6e90 788e 5a8f 44eb 673a 2cfd 381a 5852 093c 0d8b 57af 2689 04c0 674e 7891 63ad 1b33 36a4 41f2 16cb 2b86 59d3 629d 0ac5 3c30 5bfa 4efd 5473 57c8
2514 0727 13c6 4a34 412b 706d 7250 0dbd 5281 6998 7cf4 5709 7f96 7597 11a1 66f7 45f3 2864 78c6 4762 42de 098c 4b2a 1005 1542 734a 4e63 650b 0c61
5375 7d2e 2079 3390 78bd 126f 2ae4 377f 75c7 7465 7a72 6a55 6c46 7350 3886 6e04 3b35 05fd 5193 08e9 0ba6 7584 6f47 70f0 0f17 381c 0c04 23e8 6346
3596 286d 0006 704f 0465 45ec 5c6a 551a 54cf 1d81 677d 6c80 0e5c 5fe1 2033 7bd5 19a4 1697 5e2a 2486 3fb9 5337 644c 0c2c 4bdc 7f79 32fa 7476 5199
17d2 0738 794b 18d0 6c94 6af9 58ab 497e 0cf8 2868 547b 3e45 4ede 31c3 1f49 5789 4dd6 3bb6 6f01 55c1 33e3 5f8e 60f0 6058 7be9 348f 55a1 059e 4d6f
4cbc 38c8 79d4 67fd 68a9 03d7 399e 4bb7 3a3f 46b9 2ef2 6901 7f6e 710e 3b73 52b8 2100 64be 027e 215c 5f18 3338 2feb 61ba 7946 0ad4 3893 54fd 4c3c
3f38 0dda 312e 413d 6c01 0121 20f9 5c47 270f 1b17 70c7 6c02 4112 5268 5ffc 27e1 24de 55b4 3d99 0675 23f4 45d5 54f8 4517 0d7c 12c4 57ec 0a2d 0484
2289 579c 499c 4604 59ab 3e62 5f62 0b32 1f0f 6cc7 1e57 2af7 177b 062d 75a8 429c 31d3 423b 39ea 2c0a 3048 6b23 54c8 7ffa 0e98 6af9 42b0 137c 5cc1
6bf2 2029 7327 6844 02c1 0e8e 296f 34fb 78cd 47bd 32cc 452d 060f 48ab 2cc1 402f 707a 0b49 3ad6 74ea 724c 3b56 77ca 6179 7170 7f83 1048 0bd6 56a2
6ba5 2ac5 10c5 0f94 59cd 3fb2 66d2 703f 26b7 5613 782f 47f0 17ab 7996 3805 4fce 0f15 7001 492a 1ffd 6e90 283d 2166 5af6 421b 7370 751e 2f2e 2fe4
5625 7805 3004 10c3 09db 5fbe 4fcc 3149 50d8 6ead 4ac0 6870 219f 4b4b 3756 466b 20e6 3714 26bf 4d6c 11a3 60a8 7426 1775 44a8 3911 41e6 4096 5fb5
2d68 762c 344f 6c23 77cd 54d1 0938 7980 5b12 570b 372e 704b 0254 0a2b 2167 0de9 25be 3410 3be9 1ccd 6327 376e 54ee 621c 042b 5843 1641 09df 6626
43ff 3b74 4c76 0d80 0e20 7a44 0a89 5a47 21af 4668 50b9 3653 4edc 23f6 27e9 400d 06f9 5d27 2f2d 7cbe 0d02 4f27 3566 4029 4a73 7b06 3136 1371 4fa5
2f52 7805 0c69 7196 22ff 1350 08b6 30b5 7a54 605c 1592 4789 5540 5348 472d 0ef4 73e9 7493 0d01 3888 5468 6ecf 6133 01ab 14f0 75c1 0d45 51fd 09f3
604a 77ed 2742 1ec8 0f3d 670d 37ea 7c82 0c14 2399 31d5 119a 0072 11f1 595b 5f96 7631 237d 3c88 1c79 3687 7c2a 3e5b 178a 0df6 51ae 409e 241d 5c10
63fe 1934 0b70 778b 4224 3595 0f67 2ae9 3e26 6af2 61b1 36c2 6e30 2f10 1d61 6991 33aa 4892 240e 66fb 0229 70bb 41bd 5869 63ee 439c 677c 371c 7741
2918 4753 10a0 2878 7c6a 386a 5f6c 7bb4 26a1 3bdf 467b 1d14 4716 0df4 0fc6 1d8a 2c2d 2459 57ad 6dd2 0894 33ce 06e5 6060 547c 6df9 4ea2 134f 7bb6
16cb 1268 45d4 2cf3 10de 02d7 1c7a 0eaf 5d83 6a56 5924 12e1 4240 579a 3994 4b45 7ea4 56b2 1192 3690 2bdc 6dd2 1673 29b6 3e46 2f58 143f 6b35 1238
1648 40cb 1e8b 6605 054d 7e9a 1597 4fcd 408d 57f2 21ba 72dc 40ba 0dd8 7b5c 3b6a 749f 6510 1a52 2b91 7ea0 085e 4f93 5074 6117 3769 23a6 4455 0935
4462 4004 7607 6dec 43a3 6cda 4883 22c5 51ad 638b 1cde 7946 7778 2c0f 3c3b 0154 7c55 5c2c 5908 2f1b 0ef0 1675 6a79 0f91 646f 7919 1d94 3d8b 3f43
1e2e 3db1 0150 1854 33c1 22ed 43ef 62dd 0335 7f20 34a5 424d 5eb6 3bcd 6be1 1885 3fe2 2cc3 35e2 0349 6492 5b63 2dba 4b0a 448e 3ff3 2344 03ff 23d7
0aff 59ee 6d9d 1050 550b 4a7b 0007 07ef 25d0 7540 45fd 3817 6c5d 671c 00b5 2586 297c 2b2b 1ee4 1fb2 05b7 2409 59b1 1485 7306 0ddc 05c7 0162 2111
28b4 12be 143b 4d9a 706c 2158 606a 448d 48a5 5d04 2aed 2454 612e 2a2a 0cac 79cc 3c05 1597 3944 5db4 6a07 6e32 75cc 320c 4bcd 2dc2 0595 22b1 0e19
6505 62ea 211b 5cb8 7487 12a0 7275 4c67 7931 2a94 0c2f 3bd2 3099 18c2 1f8d 45a5 5af5 2456 171c 7a36 505a 53d8 1bdd 6dfc 7249 7401 4c41 6819 7801
5d90 391e 3c32 3b91 1ff1 0964 44c8 0248 2fdb 4799 68a3 073c 15b9 49ff 0cd0 6c3c 38e2 5e18 6432 34a4 3c49 1582 1623 7811 6afa 3f35 67fc 409e 739e
0a0f 4d1b 2115 11c9 7b5b 0c59 724e 5232 7336 6cde 4921 5c9f 298c 1bba 73eb 13ea 015f 6d46 3cbe 311f 61d6 7c90 7581 6218 0292 3345 42a3 5fb9 3e6d
2709 1a67 16f7 0b4b 460a 0409 0db5 66b5 1739 66a9 648f 2079 01e0 08b4 3ca2 07ef 5c5d 07d3 21c1 3f7b 1141 7158 13ba 0d5e 3c15 2319 71e5 24ff 4561
06eb 639d 403b 68f6 04b9 2e8f 7880 1a25 3243 5fa1 008e 5d04 2724 1f46 73e3 02ab 0fa3 6bf3 3db7 7092 71d8 21d1 3999 0488 668e 3bb3 21a2 6788 2dad
60c5 0a7f 3bac 67cd 73eb 3312 6863 2cf5 370a 729e 2b0f 752b 5971 1f2e 3ca2 72c6 6614 77c9 019b 434f 3a4b 0d79 763c 79e2 74dc 3576 47e0 3927 5b55
1a14 2d1f 1bf0 6824 5e5d 1ebd 01e1 5225 5d52 0dc0 03d1 2028 63b7 525d 57f8 40d1 09d7 6177 0826 2de0 3f34 44cd 6961 4dcc 438d 017c 1a49 788c 6cb1
329d 7076 560d 20ac 2d25 2c3b 4516 4957 2be7 1761 512a 246d 5f71 541e 243a 5af6 35ee 4f2a 018b 73d8 5329 7e66 3b70 7ed7 224a 526a 42f7 7853 4ebc
67f2 05a7 6c6b 2868 73e1 7d45 72a2 5f8f 5532 1f40 1dc0 1d34 5f2f 4608 0746 78ec 18b4 0399 79a0 7f66 7852 6a77 57bf 4636 6e14 66cf 071f 08b6 14b3
56fa 33c3 7d38 0890 5edb 34b1 1ffe 3ac6 27db 6587 7eb6 5499 44d7 2d3d 1505 648f 0c52 2e4f 2f4d 58ec 7fa6 7b5e 7070 2789 0841 3bf7 6a2d 7171 7dbe
3b9a 6542 5941 3583 48dd 7285 6cc2 3409 35f9 7bf6 2c3e 1f88 67fc 12c9 331f 0f76 2dd7 5c18 1b18 45a4 2d86 14c7 3925 6162 564c 1cdc 6dda 781c 74aa
23c1 50d8 718d 30cf 5fc6 4fbb 3150 2f03 287d 3747 71ba 32f7 3a8f 5255 77a2 6755 795d 6805 44e0 48ec 6937 0050 5576 7777 3e17 1141 4387 4d75 3ad7
6ab6 2087 3852 035c 7b19 4912 4b6c 70ca 0d83 7e1b 3272 7904 616f 7582 6315 37f3 1303 3d8a 2fd5 0957 49d6 00f0 6631 4b33 0ef9 4ea4 75a1 3c6e 2a11
4994 4c95 7840 0535 285b 696c 4787 262d 7a7c 2c58 7389 431a 6a5f 2fe1 3e10 59f8 5f15 2039 63af 1860 2ab5 6ae7 38ab 7a5f 7117 66cf 1bed 65f8 5118
7ac1 657e 47d7 49fe 182e 64f8 1258 34d3 5975 61a1 22f1 72c2 6e55 25df 34ce 7ebf 2a3d 15d2 19a4 6f95 7234 07e4 76e4 6f5d 28cc 6eda 4738 08a0 13e3
38a2 75d6 66a4 750c 1091 2ed8 6a40 4d94 6e9e 6284 7358 6ef9 2338 2259 2ab0 55c8 49bb 59ba 551a 2b56 2c65 002f 75fd 22f3 50de 5c3f 55d8 4fb5 5bdf
1f65 20bb 6919 128e 3bb4 70d8 7b98 637e 45d2 7775 0172 22fd 28a6 6f3f 6985 60a1 18e5 175e 7766 604a 73a0 1d7c 5a4e 6f51 516c 4a4d 15a2 0efc 2904
0673 0ce2 34b1 1799 3e15 133d 2e66 004f 4dd1 1403 35c0 12df 009a 795b 2abd 5758 5648 75df 4c2a 0d04 6324 1993 5b1c 4479 614e 0d5d 653a 636d 71ed
683b 3745 6db2 6d9f 6208 645f 11fd 2ef1 2410 2027 0922 2bc5 7a97 7038 0241 0926 7b2b 1500 60ef 651d 5327 55e4 4cbf 4361 152e 33d3 7e94 669f 2d75
074b 7299 1c59 1ad9 441e 2499 5107 7bcb 67fd 18b3 167f 59ff 1db8 500f 2699 75d2 354a 7fd9 0656 4143 6c5d 39df 5db9 5519 2459 77fd 3f17 4f31 1453
445a 1259 69c8 5e91 58c4 3d34 0984 2c50 4f7d 755f 108e 242c 7864 049b 2840 0603 7894 7073 43d7 596d 577d 4593 2ee6 29ba 256c 7955 2222 20ee 074f
655f 1aad 704a 08ac 1165 5453 7586 217a 3e2a 2fd8 5a27 2c5b 0350 72ce 772c 2c47 43e8 1ade 2834 1b4e 0ff8 2b29 714a 182b 34ac 0e45 4b73 0991 2a7c
0f2c 6bc4 0062 6483 1daa 5d60 1c58 35d4 5c22 68bf 1aa9 26ca 089c 673b 32a2 70f4 2eb3 0fc1 6f78 3f68 13db 5ffd 59a9 17d1 6188 0bf7 4a31 6c8b 7848
7b13 6a75 7fb0 5002 716b 5a78 6619 38c1 4701 24f1 271d 3b43 446e 4447 2cf5 6290 6c22 3d9c 1e49 040f 752e 3851 28ba 21e7 3857 1c96 2052 4aa5 5d66
4997 7dbc 0f6f 2f09 764d 79f5 1850 6b3f 046e 0469 0d4e 1ece 68c1 3f1a 5eac 52cc 2e85 4003 196c 79c6 38e0 0304 28a1 07e8 6c10 66a4 3909 07ac 3a35
0641 05b0 74d5 6011 11e5 14dd 1b42 6f36 58d7 3ca4 24b7 6c94 3f46 769c 4195 15a5 24cc 1208 55e7 5530 3cf6 0247 43d7 36c0 4d0b 5318 1f5a 4c3a 2b22
53b4 4ea6 717c 168f 7d47 408d 3984 2a6a 0ef2 220a 7947 2e20 4fb1 0ce8 1014 15b5 415f 3ad6 6942 61ed 17ee 33d0 60ea 6c3c 2135 7771 26ee 0d8b 4049
3482 5c1a 247b 00b8 56a0 5372 2a60 086e 1a40 16cf 5008 7e93 35a8 42ce 1a33 38c7 506a 79f3 53b2 7f78 678e 150a 3766 2c3c 3562 6d36 5ba0 1abd 2e03
0304 15cc 47f3 0556 7ca4 418f 56f9 5a05 0b0f 7af9 1c11 40a0 088f 0586 3049 69ca 7407 2b47 521b 4296 3277 7ea8 293e 415f 7b9d 1c1c 139a 3e69 79e4
600c 6a35 1705 6a93 28c2 7106 5200 0d64 0340 3d9e 7d64 2a81 3849 0b21 0e15 5446 7637 1a0e 5306 48d7 0bb8 3b2f 59a4 3b10 215f 2876 2feb 1efe 4747
69b4 5234 2bb6 09d1 47d9 7f7d 6759 109f 3c01 5489 1381 4adf 337d 23fd 1fe5 39e5 4887 696a 7155 60ee 30e2 4287 4711 7477 79bd 0138 22fa 59fe 1697
5797 760c 2506 1502 7f20 3462 030c 3b0a 21aa 71f9 5ace 3b30 73b6 46c2 031d 0a6d 6889 5ef7 050d 0ef4 6210 0659 5f40 6d5c 7aa3 4e80 7d54 554d 5a24
21fe 6da7 3aa6 5989 4daf 7fe7 543a 7405 4f4c 60e9 66a3 66cd 1dbf 76b6 75cd 297c 3e37 096c 7e84 27d6 537e 5141 0231 5ac0 445e 750c 322a 2402 3373
35fe 46d1 5c74 4a03 0f4e 5621 19bc 2edb 57b9 7bee 4ee1 672f 53fe 6d73 549f 141f 118c 519f 541e 0d27 57c1 4c3e 272d 7247 2690 746c 44f3 0ad5 3790
5510 3d55 11cf 109d 3be4 26c7 546b 3f95 7905 59bb 6c30 4a6b 24b1 5322 6248 3dc2 7fa0 07f9 2094 5c6a 45e9 2b1e 145c 0caf 5a23 1e1d 24b2 29cb 68d3
6aa0 11d9 5f1e 4ee1 584f 0be9 2952 0cd6 5789 6c88 0a14 0b3d 29d7 6b47 69a3 72d3 0c98 73f7 79e5 5bf2 74e9 2b45 178d 14cb 5fe0 2ff7 1719 4aba 1e21
43c6 19c4 70a8 2151 7f69 5bff 2acf 5457 4718 714e 59fc 32e6 609c 4cd0 36a0 730f 2b8d 5fb7 0ec7 47fc 59a7 7f25 4928 6862 480e 2b2a 04d7 293c 6b3f
2fc6 34f5 3784 4073 20cd 272e 39db 2140 3cdf 43f1 02bf 3267 266e 4cc4 2b84 21de 776a 591d 76db 5e21 20cf 112e 02cb 4a20 239d 0449 7aba 4313 0fa9
6188 6ca8 0e6c 1614 044b 5609 5361 343d 0347 5639 1423 575a 6b97 45f5 620f 387d 5efa 033b 5b27 055a 70dc 5e3d 4661 376d 4e21 54b0 543b 4303 17b0
2746 7452 7872 1170 36e0 0529 61e1 1010 2b63 2e66 3caa 338b 0fdc 1d69 5bff 33ea 13af 08cc 732a 0fb6 2154 2bdc 10bc 632f 2a58 154c 6ae1 420f 13ea
05f9 7582 0d3f 00ee 2393 2780 4d41 614f 5e2c 696e 0f99 64bc 5835 7fbc 17e7 03c6 4c8f 3ec2 72e7 623b 1084 7055 604f 7201 0c62 5015 4cf7 18c8 5862
1f8a 5a1a 77b4 6aef 2e93 53af 0ca5 7d4c 5978 3926 4288 510d 78cc 308b 17ad 67dc 65fb 25bf 1084 099f 414a 01df 6888 5400 47fb 7703 00fe 16f7 3d6c
1ada 3984 3702 6be6 586e 6857 6967 449e 1e36 4ffc 0688 68e6 60c5 477c 1419 664e 7208 4f6a 0f87 6939 47cf 41d3 5d5c 3631 3b54 1ddb 12f0 2c98 7bb4
6b99 19e9 72a6 5047 3e30 722f 0e5d 2b0c 5bd4 4523 530b 01f7 3fcb 6992 44b9 79af 5e2d 4465 3423 58ad 579b 403e 26bd 0f85 7133 6adc 213b 771a 3ca8
47b3 427e 1076 05f4 2b45 4708 4a31 0125 2106 5e4a 270e 30ea 64c9 0eda 350d 1f22 40ff 0899 4b12 1796 1176 2411 4ea8 70ea 0a48 30a5 330e 51e3 63df
23fc 360c 6a63 2828 7f80 70d4 6b5a 2c7a 4d9f 0a67 6627 3a4b 4dc4 4247 67a3 2a7c 38ca 59e1 1d34 43d6 1430 557f 24dc 1fab 48d8 039e 640f 7a61 3a73
292e 3dd6 4ac2 4767 36c1 7fee 7aa0 23d0 6815 451f 25de 4ffc 1b3e 6dd1 571b 1b5c 10a8 5ca6 5d46 4b57 1423 3b02 4312 400e 146c 5657 45f4 36a0 0173
3570 6ea4 724d 67c1 7421 1242 3b6b 00bb 200b 11de 724d 2f1b 2b46 3ffb 5eb1 7020 3abe 5b6b 703f 1e8b 3c2d 2c2a 75c2 69f1 08ad 74b4 4285 6151 67cf
5b11 5730 7d61 185b 39c5 7b89 7763 17eb 4571 58ea 691c 2509 1ff1 101b 3edf 6e51 47af 7bbc 7d06 4418 25a2 1609 482f 57b7 273a 21ed 0da7 5322 6555
60ee 138e 4e4c 0d2a 7f15 799b 5e62 637d 1130 3f01 0c21 1cd1 2c0d 5b8c 526b 0f81 29e9 53b6 460d 40c6 7f43 4be4 2c32 4c2c 697b 1a06 706a 3a64 57fd
6e21 78cb 7404 46a0 2d68 0f6b 0a4f 0cd6 112d 692e 29aa 4d7c 5f00 58dc 0ed5 367b 1b5f 35a3 09aa 22bb 70ad 54c4 3d91 1b08 2b02 1048 76f3 4fe8 707e
5a13 606a 5630 057c 1cc5 3255 1738 0bb6 21f8 57bd 3877 1308 4266 2c3a 66c9 0242 1947 3048 6dfb 177d 3479 3e09 2a8e 59e7 1601 5724 115c 2aca 5867
584a 5cc3 7472 0161 2217 56b7 17cc 452f 3862 0fda 6b48 36fa 0e24 088c 43a8 4a7d 56aa 135e 1af5 00e1 7b67 1ccd 1777 0c98 7567 5f1f 171c 4a4c 06b7
4503 6a7c 555a 6815 6a3c 46ad 2382 2327 276f 3f7c 31f2 5fd1 2aa4 1bcf 06d2 549a 416e 23a0 2dbb 623b 0991 18a6 4f69 7719 0a4f 122f 7bd3 76d3 1355
41de 4c29 4fec 0788 4cc2 28b1 1933 3532 1569 491c 17e8 0d91 7480 0696 4e65 559d 1099 6727 6547 31cf 0f10 46a9 2df8 5f41 76fa 5817 0cc8 0ad5 47cb
2c4d 093f 1ee1 5e25 4108 1476 4e89 77a1 2882 1e9c 5164 3241 2287 431d 415f 26bf 1716 496d 1db7 57be 6a21 4b4e 304f 0364 4f3c 1a15 7485 3793 0cf6
6402 6d89 239c 325b 39bf 4477 0bf5 3d1f 18f0 7238 11e0 21b5 1072 778a 5a36 1a08 2a84 41ba 5673 6d85 0792 4c3c 6caa 46f4 2f2f 49dc 59fa 07df 01d5
40c6 400f 2d94 410a 1b5a 27c5 4fb9 40af 4236 64ba 2860 766b 71fa 6b4b 73aa 0b46 1d28 0850 2043 13a0 3daf 588d 06d4 3eed 354e 6b47 7018 3ba7 1135
25af 15da 0369 3b72 08d3 586b 3fe1 70ca 577a 24b1 7ed8 20eb 397f 609d 0acc 4c66 0719 1e40 636f 0d97 2a1c 5bb0 7cb2 20a7 2ebd 148b 33e2 1999 0c0e
0a47 2a04 3385 38fc 2d0c 6ed3 1a8e 6f64 761c 4f94 14bc 33a1 5a8b 0187 42cc 0aef 36ed 6c12 3e0d 4452 29a1 091b 5e98 36e8 55f5 552b 50e7 1046 4641
06c7 2be3 5c45 14b0 3e4f 3699 3a10 5347 2569 30d5 0029 438e 6f38 2062 0378 40c1 304b 1054 7ef5 29b8 22d2 44f2 6de3 6138 5956 004b 067f 5b4d 5393
1e63 7640 478d 201b 3460 2314 230f 69b3 1773 6381 7783 7551 3e71 3935 5232 34a9 1f96 2048 4b4e 2433 42f0 734c 5f5f 3606 2808 66a6 5d96 3d10 22c7
48b0 7c78 5c02 306d 3c5c 0884 0e07 33d1 4d81 40c4 49db 2beb 766d 1198 77f4 0671 12e3 24f3 009b 0b14 59ac 52d9 7164 41d1 5290 7b94 7f38 57de 1492
0786 523f 083d 5fe6 7e0c 13c1 3cd7 61ba 2f5a 30c2 2131 3b3d 5178 747c 1458 3141 6c4e 2f28 1508 22de 5e16 7b95 1404 4200 746c 24f1 6a69 172f 75ce
384c 5cf4 425d 56c8 4744 3a04 5954 4fac 1fca 0511 5641 133a 1462 7741 4262 652d 0bac 6f2c 1784 58fb 5ed8 6ea4 583e 65ff 6c03 5198 1b69 6b76 5ffa
354c 3923 36d2 69c3 71ba 0088 1a1c 7754 7cb1 7c39 7021 4dcf 6e27 11ee 353f 0b4f 0e0a 7cdb 1e96 6b3a 0591 5c3b 1e86 5c81 76c1 4634 0ab6 3c7e 18a1
2225 1887 5128 3ebe 0de3 265c 5500 6f08 7827 352b 3fcc 5b0e 17a9 6ffd 13a1 189f 6e8b 6fa8 19bf 0912 1337 448e 4234 4c50 03fc 0612 4528 5c28 246a
0877 450b 55fb 4a02 4c4d 653e 4581 22a8 017f 6356 59c4 0fe6 1231 1b79 567d 4196 11cf 19cd 4699 5116 51f7 50ef 2657 7858 4e61 05ff 0bff 2b1b 311d
6f2c 5bcc 794c 7563 37ae 7dd5 0d90 66cd 1c4f 19d6 6317 11dc 68be 2b2d 0cd5 201a 1a49 0a8f 2d27 1ad0 2454 3441 357b 4788 3dbe 529d 6ec2 6a07 287e
65a2 3b7f 263c 54f9 7c66 51af 7e47 1e5a 082c 45a3 46a4 4ec9 727b 3fee 6d5d 617f 403b 78dd 13bc 57ff 503f 6884 181c 1c7a 2761 0f16 5119 2602 4509
6896 1ce6 0994 1084 07c6 6b21 07d6 1360 7bf7 6b57 4dfc 0e18 5d48 4504 5cbe 7dd7 38ff 47ef 3b7c 00cc 7382 09f6 2cf5 0de5 0949 68d3 6636 567f 5fe4
6909 4db5 74c2 02a4 1b77 7277 5afc 2de7 6f37 71c8 2ca6 1d24 3fe8 613b 160a 56dc 221a 4306 7c52 7e8a 59b9 460a 0e29 570c 7735 0026 532c 60c0 1a5b
389b 48c6 76b0 2dbd 33c8 3610 2ef8 1360 17c4 4248 1f6d 7163 709f 5c73 6e39 7654 4466 49d2 1d1b 5bf7 6664 1265 61b2 4621 730b 2469 0840 0594 26f9
5d3b 6cc3 4e36 479c 13f2 3ad1 1c63 7fbe 090d 13fb 6c71 0737 7afe 707e 0be5 0a8a 20b5 0033 0648 2fb1 1abd 350d 5d69 384b 7c14 69d3 1739 0cd6 5266
0049 02d1 792f 57a1 5e40 25ab 64c7 6671 3c3e 0897 1424 0e14 2759 4591 5ec5 5a82 39b4 0ff1 7f5a 1d77 5430 67be 5132 7928 06eb 6d96 5e14 6c0f 6008
3231 7e6e 3c6f 4bb9 54ea 1203 7ee3 7d08 3b9c 454d 14a9 0b89 165c 6dde 53fa 7df4 1c08 53af 32f1 1bce 29ef 1fa6 6804 0304 6522 4c7f 148f 28a0 33f7
3c7c 2652 78f1 4abd 16d6 071b 3f7b 6a58 77c8 1c9d 6e3e 22bf 027f 2770 489c 7418 41bd 1a15 0e7f 0b32 2bc7 203c 064e 5ee6 7756 751b 5f58 7660 5603
23c0 68e2 7fbd 0af5 501b 1f35 543d 35f8 1e1e 64d2 5bd0 2a03 4492 1079 588c 1e68 706b 4541 4a1f 34d2 5b97 55ea 7d99 0abb 23e5 25e1 6910 15b7 569e
2810 1a28 16b3 1e69 34a9 6466 4b69 2b04 7def 02d0 567a 3282 13a7 6f73 29bf 4d74 2a86 5bfb 6942 3ae8 086c 77fc 5220 3a4d 73aa 7526 7a77 6008 6a89
3ec0 52e1 30da 65f6 77ef 49cf 1653 3b49 0f8c 4ef9 572c 50c9 1a1b 477a 0480 6fba 4e31 3bf5 7ef4 263f 28c7 5cca 6b86 139f 7341 265a 15b1 7f2e 675b
1ebf 3fda 6801 3e6e 62f9 058d 14d2 6395 36f8 1af0 53c3 2ff8 7d77 4753 0d73 2ab2 13c2 7c16 07f5 0baf 29aa 6a75 4acb 057d 32a2 6b0a 4cd0 5736 00db
2ff1 2d2a 4500 2637 6f4c 2126 419c 0c3b 31ac 60c5 0a41 77ea 6b8a 0fa3 786e 7659 1dc3 37d0 0764 2a8f 1e8a 623c 1e36 4c0a 6094 6dc6 4fa1 38a3 2642
5d64 5a2a 785c 25b2 5369 2140 37d6 4f70 5cb9 6e4d 66ad 685a 0ded 61f3 6d63 2555 242a 4fc9 58b7 6b05 393a 7f89 3408 0736 2de2 65af 2d64 7b11 6d27
03d3 4982 2f40 6f3e 1fad 4681 0ff1 0f78 2dda 75aa 1d4f 460b 553d 0e4c 57e0 7cd4 141d 70e2 133e 37b5 206e 0e47 3a60 662f 66bd 09a4 173d 005b 3c33
2638 5930 1e67 4167 41fb 16b4 535a 1cd4 4207 7cb5 38ac 43fc 320d 5568 5915 27bf 654a 3b21 114a 3a0b 399c 397b 688a 4d01 099f 74e9 296b 424a 3b52
2531 01e9 60cb 5adc 671e 6f0f 4008 6b45 1524 5e61 5341 595a 1a4f 3fdb 4ad3 3ecc 1bbc 0043 7f74 455b 6268 2028 24ed 3d3e 180b 725a 5466 3942 03ea
6a14 1690 712b 2df2 490b 1801 7521 0b08 634c 2257 7c84 0787 6dac 1403 1cef 0d17 453e 6870 21eb 4629 6571 67f5 0c1a 182a 3027 289f 1f0f 2ad1 7825
3a2b 0720 2915 1f23 418d 167b 0f70 25fa 5b9a 75ad 1a3e 0454 756b 58f4 621d 111d 0027 414d 0c10 07c9 167d 10a1 69c7 73e2 3fd4 2cc6 06ea 1981 6d6a
1c47 1cbb 4ce7 2de5 00c3 53b9 468a 56a5 0d50 48cf 28b7 0ca8 3aa6 2406 1360 0133 3fc1 03be 0e35 315e 67f7 286b 6806 07d8 5a4c 4ea1 617c 6bbb 6d94
5633 705d 3d96 221f 780c 218e 4956 73ae 220f 3f16 7591 7411 065b 1e4a 7f4f 532a 6cd3 755e 3632 5a0c 1d48 77b4 2836 5bc5 4a1d 1d71 4537 1963 3fcc
537c 0784 513a 32f1 20d7 27fa 0ee4 4b1a 44a3 0aa1 077c 0399 45da 1c2b 5a4e 02cd 7ab1 05b0 7317 5662 0072 3dd0 3db6 1ea1 31f9 25f0 6e01 59af 17ec
0906 105d 1f68 2b87 4fd6 2cb2 3e28 5d31 4728 053d 1535 4ae6 5f9a 02c5 5874 5104 4a1c 4167 29e6 674f 2170 7786 42ba 3168 3359 1d7d 217b 61fa 11ff
61aa 0000
7074 3fff
47d7 3fff
3268 3fff
3cc7 0000
2638 0000
6c85 0000
3767 3fff
31b7 0000
0ba9 3fff
0de9 3fff
2260 3fff
7fa4 3fff
118f 0000
3e95 0000
5574 3fff
0e07 3fff
2c48 0000
57d7 0000
5b29 3fff
4f35 3fff
1c39 3fff
525f 0000
58ad 3fff
1a76 0000
7c8a 0000
5989 0000
54ef 3fff
1a21 3fff
5b2d 3fff
0bf3 3fff
325a 3fff
3a52 0000
3e46 3fff
373b 0000
4a0e 0000
5733 3fff
5031 3fff
0df3 0000
6c16 3fff
4a4e 0000
1a6e 0000
151f 3fff
60ed 3fff
6f1b 3fff
5afd 0000
4784 0000
654b 0000
3c36 3fff
0f0b 3fff
7ddb 3fff
363e 3fff
6966 3fff
6e1d 3fff
32a5 0000
6908 0000
30c5 0000
404b 0000

4268 7204 0d32 47b0 0eaa 574d 573b 649b 2bb2 58db 451b 6020 7cff 26f2 1fc4 3055 5b6e 29db 7dd7 0e60 1df6 6099 0dd1 564d 3bb0 093a 6ada 7e64 33db
360f 1403 7952 44e8 0f1e 609d 2d55 332f 72f0 615e 7a7e 7712 75fb 0f82 5902 226a 65ff 598b 6c59 0101 0a98 60c7 70c8 6015 0b47 7963 5551 424f 2f66
56fe 09f8 60d9 6ff1 4b05 7908 6e42 5fe9 1117 5f20 3a41 4979 39b9 1193 7201 265f 6765 302d 7589 146b 0b34 2b41 0a75 0753 674f 780b 2778 42c8 4c48
5b48 79fd 3fd6 6487 2609 3b1c 4812 7856 217f 5734 4ad9 3bac 0ee0 7603 262e 7f93 2d5a 1e42 7b9e 4890 1b2c 3841 66ce 23ef 7eac 426a 1bfb 75ce 6ba5
3731 2b6e 25d4 3700 348f 0784 3d54 3f54 3a6a 1bf3 03c5 1234 4f2a 11f2 64f6 2775 7d55 493c 5085 49ad 04bb 1aab 5063 596c 682c 0c95 3b82 4c29 349b
669d 2161 04c7 046a 4c57 0306 2539 69c8 77e5 77d6 0376 3897 3d12 2a2f 5641 227d 4608 7af2 16dc 613c 2ba6 5663 057d 5f04 4d11 5bec 7941 3eed 231b
3f20 4db1 299a 7405 532d 31bf 5c47 42c8 773f 61d3 03c0 5374 2372 1acb 19a4 64f3 7eb2 781c 5196 7ebe 501a 534e 1b6b 7267 2af4 7531 6d33 7f25 308f
5e19 0902 4c82 666a 1d33 2ffe 6f36 1756 7ff6 0c65 6e84 2561 7526 7d44 5d86 6d54 1d4a 4a68 6a6b 7bde 2a1c 14e6 5499 6cb7 2d7b 0ff7 1051 2a5e 3510
188f 44c1 7cc1 612a 7715 6728 2c0d 53b7 42fc 1a10 2d81 4904 0bb5 1be8 062a 1d32 1918 4a2b 3077 500f 6d7d 3a6f 1d92 0a3e 2db1 3788 4d20 1938 1407
0ec7 394e 70d2 0bc7 5202 425a 104d 5add 0b42 5795 39e0 36c1 479a 6e2b 3245 14e2 77de 6f0a 265c 1172 4dbc 080d 4e2d 7604 0194 30fc 0ad8 2f38 2b62
4705 326a 0a86 520c 3fb2 2386 6db7 5b62 570f 6dce 1089 1528 470a 0c62 25cb 00aa 3a2f 3959 0ba5 3a29 5bee 7c10 6eb1 440e 434d 1999 4548 5835 4b76
22f6 2a39 2d89 6390 1e18 1d93 3caf 16ef 64c7 571f 272a 2c29 4e86 3fb0 5095 5eb3 4298 596d 6e76 261b 717e 28b4 598b 36a3 136b 02d8 38d1 2444 6757
786c 5b53 030d 7b1e 12eb 0e8d 5bd2 4fe2 7c40 0305 4ed4 5529 7ddf 557c 52e8 60b4 446a 3eb2 7a10 0a93 4b0a 0ec4 397d 7b1d 32bb 22f6 5a4c 6e76 3c05
3bd8 4aba 29af 153a 6e9b 0b45 47ea 5b4e 23a7 6f3a 0916 4661 1149 4b9b 093e 3729 67f0 4e6f 4cfe 456f 5707 0a05 7dbc 0e6a 6619 148f 7115 0901 2582
7a26 3af1 6f72 2d18 443f 479f 7ec1 4a1b 4bd9 4f28 568c 3ffa 1365 7c3e 7856 7259 73bd 4683 2c0e 1ea5 0bdc 366e 4a98 5c35 49be 7fd7 5826 67ea 5ea4
46be 0b8d 6aaa 4afe 167a 7622 7915 4558 65e3 2dd1 1a66 1c50 6cc0 7b29 40de 53f8 2368 438d 2a50 462f 0d50 1c6c 7d28 1e4d 0bb1 53b3 2e69 11cf 6665
4cb2 2ea3 704e 6fb7 5510 7158 57c5 4c3e 1dcc 4cfd 0c4e 1cfa 556e 23cf 5e1c 1850 214e 650c 5eeb 07e0 6727 04a2 32a0 5cc8 58f9 608c 6e24 38f4 2496
34ec 282a 3c45 19a7 3ed4 1172 0c5e 30d6 7646 29bf 2a97 2fa6 7f34 27ee 0d69 4233 2143 0a7f 5ae7 20c1 327c 17b7 5077 134f 7227 47de 698b 148a 0b34
19fc 2714 73d5 4304 00de 3ed0 62aa 69b9 6097 1706 6eee 7c47 31e1 0e86 0fd1 7d3b 52e5 6b4d 6247 0356 693a 020f 45b0 6386 5adc 454e 54fa 67e1 4545
4087 7b32 6b61 1ac0 6daa 6093 2fd8 3315 6012 249a 3249 7a26 7fb1 0a4b 12f0 62d2 6e0d 47a3 2182 28ac 3e0b 4425 68c5 49eb 46d0 4ee3 5e31 6f75 2071
7cbb 4767 01e4 4f1d 0313 1a13 7218 02fc 5f19 236e 59f5 2b79 64bd 0d16 29ed 0a35 276c 45b3 6224 6721 547a 6bb1 1e8a 5a3e 24e5 6a53 26a9 36a3 6de7
3fd4 4c97 2d81 568d 2ce4 353a 5479 26e3 6b3b 19d6 15de 3319 3946 2325 2d31 140c 5d51 2cfe 5404 0131 4bc0 5504 6e10 2445 2da4 5eba 14fa 5015 5e28
041c 432a 0df5 3025 3c90 279b 4c3f 47da 5b42 2a52 7b05 72b8 0ea6 7bed 37e0 080f 1b7b 101e 0cc2 254f 04a2 7f2b 0b78 41a7 6476 0bff 7a41 46f5 001b
4e4f 4953 4d03 6ff5 5a36 71c9 690d 66a9 1cfb 5d9d 786b 7174 4c1d 3832 1e07 02f6 3a26 717a 5253 7b1f 37a8 71f0 62b8 06e1 1650 3bb8 0eb1 13ae 51bb
26b6 18de 3657 15db 57b9 7cb3 7ad8 158d 0311 2324 3f63 45c3 13b7 6837 23ad 7ec6 17bf 4dc4 73a1 10b2 42bf 5e44 7f88 5e44 69c8 4705 1484 0f1c 1ebf
7013 2c1c 02d8 0aab 554e 34fc 5d7c 09d5 6886 3de3 0017 23eb 3b51 441d 1b91 613e 2a21 00c4 6243 7521 01a2 0d12 1956 531b 19a4 5d7a 06cb 4a86 00a6
38c0 6504 598b 11c2 0fbb 1041 018e 4f77 4e59 27e1 14b9 4db0 6bda 6971 6b4f 4de0 02ff 16f8 2aff 545a 3575 76b1 0f81 34ed 0556 0c89 6358 1f6c 396b
6789 3b3a 6371 5a53 0004 77e0 3ffd 5c36 1bee 1e16 6164 1b78 6243 5d2b 6423 18f2 27af 361d 3367 69b2 5ea8 42db 6018 0df1 4154 062e 4c33 13f2 2fe9
0de0 0978 2eaa 456a 2359 2afa 18f7 5829 3fc6 05cc 632c 6591 4aae 73f9 3612 0327 191b 020f 112f 28f4 5b15 0f5f 62ac 1e84 5e96 58aa 4271 54bc 16d8
4097 0dc4 20f9 4649 3403 7b0a 4db8 0876 3a00 0b79 395b 54fb 72ca 7ec4 1fd9 369a 2527 1a48 7b55 4c62 5128 3899 616b 3252 59d8 1f46 7a7c 2b08 74e7
1426 12e0 7548 0a3c 03c8 53b7 5e2e 4de6 59a0 05ff 6441 5d26 7007 5790 03b5 5abf 296a 367e 0fd2 7919 0d65 441e 5d22 5922 57e0 5706 4e58 05fc 2989
0dbd 6b43 16c1 47a2 1d40 7f9a 2142 57a3 1c60 4bb3 613c 5ce4 0891 7b7b 40d2 4763 39f7 1a74 31ec 6373 0693 573b 2001 20ea 0a49 4c92 36af 7594 1536
6336 7a4b 2c1a 5927 5dee 334a 6d49 2320 6ea6 04ed 5e0a 5700 62f6 0f42 59ba 3dd5 6966 590a 1de8 4843 160a 7e63 23a8 0ce3 52af 42bb 6ed7 66bd 1e4d
25e2 4b8d 6436 22c2 11b0 381e 6117 4946 7e1f 0010 75d7 04cc 5daf 49d9 5ec8 1b69 08d4 1a45 6c45 282a 5d5f 56c5 57c2 327b 635f 45d6 62a5 3eb2 442b
7ff2 6967 3f08 29fa 3006 3468 21c1 12f2 5cfc 154c 1442 7645 7b3f 06bc 1d86 0de1 3e6a 33c6 6e28 5b80 41fb 6bc2 50c7 3a71 38e0 7b49 1ccf 778f 42f3
51e0 5ab7 2cab 305c 5c45 78b8 014b 4594 62b8 6663 682d 528a 0c21 4bf1 3a6f 242b 2a99 79ef 1568 5c34 182e 630e 2ad3 6d11 05a4 5bf7 48e2 7123 7c2f
1bd4 698b 5b44 618f 094b 0539 7469 4e78 43c9 0bd1 5ef1 36c7 183c 3739 6777 07a9 57df 7a73 45e9 1bbe 5fc5 376c 1c98 6606 248b 20fb 4a4d 3e6f 037e
6d04 581e 13d8 7513 2092 0263 1b28 1aae 7026 0d91 4f8f 1c86 5bc0 1155 4128 68e1 6b01 6855 4f85 597b 4fc6 0d4c 5bef 1ae2 3971 22bd 145b 58bd 0cba
7671 2bcc 3bfe 260a 2e61 36fc 6fe1 7921 4652 58eb 39da 6cec 6d3a 0484 46b3 6a9d 7491 07d3 1631 552f 0068 007c 0623 0595 6704 1e3e 0295 306a 03dc
144f 39a0 3835 5f66 5ce5 6741 2d2a 2fa1 353b 757a 461d 7b29 65b4 6176 5d4c 4966 6103 34fb 443a 575d 0939 4fee 43de 4752 5579 4005 19c4 545a 253f
43ac 25df 5193 1155 4187 531c 220d 549b 624e 4893 5fd8 51c6 5664 2aed 5ea2 37d5 7787 19f9 253a 7ff0 4371 7fbe 4471 26fc 6820 66b0 5921 435c 066d
1f5d 4b30 2d3a 5e77 0ca7 0254 5c3c 42f5 1e3f 1ef2 7011 6711 7e6d 34a9 4d00 74d9 2740 1007 2543 0756 1f4c 25e5 0daf 2d20 2b7c 5ab6 315e 73c5 40a0
2faf 4d23 2320 5c8d 7f34 2990 3230 001c 1302 0428 3f8e 334c 2a6e 68b5 25b4 2d83 3042 584f 2537 29b7 65e7 40cb 2e18 586e 54d6 26d7 204f 5ae3 6789
03f1 5014 3538 3c71 7a26 4ed7 28f9 6745 43fa 7a28 6237 0f63 750e 50a4 386c 3d43 0e21 1060 7b8d 1cd3 0d48 3c5a 2316 0505 55aa 0f56 7eb2 2f6f 0631
7063 253d 2b47 36db 49bd 4d05 2529 015e 4197 4360 56ac 638e 2391 0578 7ab1 32a7 5720 6dd2 48f1 50b9 3875 28b5 6c80 1ec5 598d 066e 6ba5 6a2f 2a42
0e2d 78da 4f00 0636 636d 2980 54fd 355c 160e 2a45 6b56 67be 3c7c 302e 3dfb 4f59 5218 56b1 231a 48ec 2307 3b47 0784 7471 334e 12bd 7599 3909 206a
5fcc 11cd 79db 426e 68f5 564d 442e 3b69 3035 3b2b 15d2 061b 0bba 09e5 07a6 6f71 6ab0 7a12 37d9 728c 723a 2233 1b60 724b 44c9 1636 55a0 4e63 3995
15d4 28f0 4377 1f7d 17cd 48e3 4030 0b96 6528 3f16 2e71 6213 1b9e 40f4 47f0 0a7e 6225 325f 7be5 290f 18d4 4b98 02d0 2e1f 660d 573f 6fb8 08c7 3227
58f1 3533 08f0 3e26 757b 31aa 166f 3d84 3e03 5f4b 368c 366b 3c4f 6799 03e3 0874 036b 3efa 417c 312c 36c9 7217 4e65 7cfa 2d0c 33ed 00ab 33ed 61a8
4d38 0655 700d 7f8d 6623 1241 3f8c 1b68 0b14 2b17 51fc 7cdf 378e 3a7a 1790 39be 2a96 4842 2edd 3bf2 3e05 68cb 1c9d 135f 379a 375c 3817 6753 6f5f
4e74 1851 1600 37cf 2632 57db 0b36 3b1f 2bd7 6bdb 5f87 363e 65cc 7e34 0a58 408b 6b90 3bb6 740e 5c78 4d91 4a73 5add 28ba 2365 46e8 06d6 5a50 0f9b
13f7 6412 52d6 3af9 61c5 19ed 3fc9 32c1 348c 1c0a 6680 55eb 3a92 3e08 1d0f 24ef 785b 42d9 0f17 7884 6353 5208 442c 6bd0 3cf4 4b04 3556 67c3 3594
028c 0141 5efe 1a16 0d6b 3fef 185b 278e 3785 02d9 0eed 19f1 54e6 3f5d 1467 3aad 0da5 1f31 1ee0 0735 04aa 168e 28d6 32e8 3dd6 5e09 1807 14d4 01cf
33fa 3419 5ce1 338a 383d 431a 2812 4f10 7862 07e5 476e 68c3 2233 551d 7219 130f 64d2 4fe9 0659 1c19 3a3d 420b 36db 132c 011c 14b0 0cce 3a47 250a
2ee0 619c 40ca 7719 09c6 2473 094e 1c85 7fc9 002c 6091 5372 570f 4ad9 21c5 1aff 20e6 7b46 1bee 127c 599f 1fce 4084 4bc8 6d94 5fb2 5133 5bea 3702
1e22 249b 1d12 2fe6 6c1d 4866 6631 261a 2baa 206a 77da 2c7b 4baf 7ad6 595c 4d85 0580 76b2 6a7c 573b 558e 16e7 2613 5bc4 4cf7 2458 2146 0fc9 5cee
39d5 3915 5efb 5077 4232 7df3 0028 26af 5a96 318a 62b4 3b1f 6a1d 74d4 57e7 5aa7 307a 19eb 448b 321f 3655 424b 4112 49dc 7859 1f0b 7d34 740d 569f
10c9 3c35 39c8 3304 4e87 0bd4 6eef 304a 0102 621e 0f13 1ac7 2174 25e3 410e 494c 3ea9 07c3 07db 3d26 780e 3e5d 584a 58a9 4dc6 19f6 2c0c 0240 0380
02e9 6c78 00a2 6d77 244b 52d7 7b1a 1e83 3798 7c4f 14e4 65f2 724a 41b7 1149 576b 4776 3d51 66ee 3094 67aa 5f1b 38e3 6b64 07a4 52eb 4953 5768 4124
325f 47bd 597a 1770 5e27 64e3 6bbf 2aee 605e 2c94 50cc 5e5f 344f 2443 6117 0563 527f 7864 388f 3ebd 79ad 207a 3228 30a8 3933 5f7e 2d6c 793a 29e1
4892 767f 158b 0285 6a78 3c24 702d 035d 55a5 0a41 1ebb 149b 7bea 1731 04ef 2f67 494d 300a 5365 068a 4635 6ea8 73ba 1433 4943 7b2c 41e9 1c9c 5528
2076 47f1 22fc 6e6d 06ee 4df9 64f4 7da9 6675 4dae 05c0 334d 76a8 1880 1264 7eb4 741f 58db 0f0a 4797 0eb2 5a44 1fda 41c1 4503 0ec4 08be 200d 5d2a
4629 6674 0676 4258 5bd1 7030 413e 7242 48f2 2d04 050a 1745 110c 1086 4985 1372 1750 7843 6a29 1f8c 5271 1adc 54d2 7e9f 61e5 2099 08ac 78c6 4d0e
6802 204f 19c5 079d 7282 54cc 1724 119f 4f29 789a 5a25 1f16 0fbe 1ec6 5ea9 1de7 282d 2e89 6183 7460 1cff 7a29 4721 780a 5608 5f7b 12cf 6c5b 514f
7554 4419 5249 571c 239e 60b3 2adf 48aa 3b11 1734 225c 3d40 774b 302d 5563 104c 70f0 4574 035e 74d7 6549 789c 1e6e 555b 4f98 111a 61ca 4512 0cf8
1549 3ee4 4552 3273 40a8 7871 36fb 30e9 5e7d 3a56 1517 332d 075a 7591 1d20 4091 0cfa 6f80 7c6b 7d08 5d53 158c 6b38 165f 5a8d 686f 4ec3 5191 0c3b
4a72 3317 6e9c 7a52 3921 4804 4d18 5104 208b 0108 2176 4064 1b01 322c 14ae 2782 6548 133b 6e39 5185 4e5b 5017 72c0 2b50 1661 36b7 6af2 33a0 6bf5
2f5a 2a30 7735 7fb3 78f0 0759 395d 22b5 1d75 5917 0f22 2da5 26c6 294a 155a 6aa2 39fa 5d81 76f1 1751 0524 20e0 7afa 6b83 3be3 6bbc 79c7 7e17 388d
5fc7 1c52 28c8 1a1c 2c0a 70e3 6366 07d8 437d 2661 4bdf 348b 5577 2b7f 1f0c 6bf3 0124 03c7 4a15 0c39 2420 1d56 6b97 5382 41ee 749d 0c97 13cd 6432
35c9 25a1 1f51 0e61 6971 59c9 03a2 4b38 6b64 7e48 20c4 3feb 7568 67c8 56b2 676b 12d6 5dde 2b13 184c 4a85 76ea 160f 0dcf 2534 72f7 2fba 59bb 78e6
45b4 46e2 4a08 6120 5009 2a92 6974 5585 6532 1d3e 2ad8 1f8a 150e 3273 191b 2740 710f 4f76 0d10 5708 2171 3256 46df 7031 69b1 60d9 6d24 3d55 45fb
5666 6868 4750 2c40 6b67 63ae 3ae1 4b7a 130d 6e5c 6f88 03e9 4f77 108a 5611 31f5 48de 23f3 3e77 04df 594f 516e 27f6 11be 6d4c 10ce 3098 0cbe 0db7
7cfd 34f7 5475 1c9f 432d 6b98 64dd 4443 7e57 3cb2 5527 7c2a 358e 127e 51ec 61e9 6210 0a03 6b3e 4007 7147 7e0b 33cb 0833 4254 7159 47b1 71e1 34d6
1f78 5547 50fa 680f 1134 0baf 7308 7515 0542 60a0 2d69 3a9b 575b 58b9 3e8b 68a9 63a1 27a6 4e71 1bf1 0ce5 112a 2529 3119 65de 5962 7ddd 42bc 24a9
0d41 558e 4dcc 3734 34a1 6faa 3e55 03d6 387d 0778 6b2a 1a1c 0f2e 2450 0596 7be6 1d14 5bf6 7a80 1048 267f 011e 29e9 0957 09e7 64db 174e 5860 1d02
5d36 4550 6d98 2101 13c2 227e 4a6c 7cf2 463d 00cf 2e7b 0f34 5a2b 7075 6150 1ef3 5bf1 43b2 65fc 43a0 65d6 566f 40a4 18e2 64ec 3f76 1517 5c8f 0125
2621 5d0e 3452 565e 5847 29c3 5348 2d94 3aa7 0221 4874 42f5 3c94 56fc 7f3b 1f10 15c0 5e61 7869 709b 1163 034d 0003 5f6a 3338 4a49 7fd5 09c7 2ab4
40db 37c1 64e8 5581 02bd 7eef 515d 56ff 4950 4e10 2faf 0740 1bfc 422c 5c6c 7a67 244e 2172 0446 6dd6 6263 1f87 1f5e 2b30 6858 1833 09ee 55ad 1259
42da 7cf2 258b 36bd 3b92 677b 4cf6 2518 6060 7fa2 7726 11df 7868 5d71 2b62 4ca3 0802 6fd2 4493 5d48 43fa 5948 22cd 6200 0627 2afe 44f1 36bc 1ae9
4d4c 7b4c 1e8f 4645 2aad 1307 038c 0931 76d4 5179 1c0a 4156 1a6f 015a 2631 4720 1e34 1cfa 4101 5bc1 3783 0117 215f 7e9d 2591 77fe 4758 3254 56bb
3b15 3f27 711f 61ff 15d4 601d 74fa 2f18 798b 4141 778e 7340 69ac 5443 51cd 4b92 430e 45c4 6c51 0374 67a9 5ffe 1b99 0ed0 15c1 5024 6ea5 4cf4 0ff0
0220 60a7 7587 118c 3c3c 5c0c 22b0 641d 0c8f 1938 492d 47c8 7a62 2e75 724a 1656 5a1f 7021 4f90 7629 242a 00a0 1e37 1b5d 1a07 52cd 0a4c 2ba7 260d
617d 79f8 64ff 38b6 564f 2965 1788 6973 6984 225c 6d6c 60ea 1c90 40c7 16f0 46c2 52de 7f89 7d48 1d0a 6d62 2e52 0139 007e 636b 1352 4732 7af6 7e50
192a 47c8 5018 3648 7faf 49fd 19f8 6430 598d 6d09 6ba4 52d7 4db9 2679 396b 0fef 79c3 67b5 1041 27a6 67af 7fb6 73e0 4c41 5fc1 3719 608d 1b67 0610
06f3 43cb 1f68 1995 4715 58f0 5d19 654f 3775 3eec 54e5 6085 0a6c 6034 5957 6593 088b 5053 6bcd 0b7d 6274 5ea4 451e 5a1d 7089 41e3 5952 7177 4aab
59f1 7cbe 7c7e 614e 7d49 717e 1628 2865 23df 1b24 5166 334e 4bf2 7905 6ade 07c5 4754 5f93 673b 70c3 62d8 1eb6 560a 674c 4bdc 14e4 1d12 5038 7f22
06ac 3105 41e0 6f91 754b 27dc 1c4a 17ad 188c 2fc8 767e 2951 7f91 0f3c 28f8 036a 37a8 5bd7 5821 24b6 6606 5d69 1f3c 297e 775b 5daf 0c2f 315a 1bae
525e 001e 5ec2 775d 6d6e 1c8a 43ab 69b5 5ef6 6d2f 64f3 10e5 32ef 1e42 37c1 6a65 2a43 27af 50b6 5f50 07e1 3f0d 0ae8 6a74 6d40 5b5a 34b2 6cc4 3cef
772f 06f7 6b57 066a 09fe 17b2 5910 5f29 5dfc 1368 3ffc 1dfa 7ea9 0b60 530b 6bd5 6626 660c 230e 235c 4349 2b39 14bf 6d07 4e1e 0b2b 645c 14d9 12b3
36d0 417d 408f 0d8c 6252 13d1 00e5 048a 626f 0738 6f77 688e 4fce 03f2 3de4 2f00 76a3 0bc4 1f9d 121a 79d3 2dce 43bc 1dc5 202f 042d 45a6 558b 2f8a
7bf7 2776 68ae 3614 1614 55fa 2e8e 36d4 4a49 4f70 683d 708e 6c0a 0289 723b 0905 4e2b 6a46 16d1 19bb 0fb0 3b4b 77b1 15fe 3726 12c8 6e31 7efe 5bc3
2a59 1dbb 5790 34d3 3e02 49e6 52a6 6938 3e39 5efb 4b29 5cb5 16aa 4586 5598 3907 182c 53d4 0ab2 5cc5 3458 6e75 686f 0b45 6a46 3d30 6d63 3285 3db6
3a97 2efd 2d34 4f64 2695 62bc 36ad 4670 69ac 0221 22e2 5a23 052e 013e 77ed 7bf4 3e5a 1dd7 1660 6225 3dd2 6628 6285 5fcb 09d7 3d20 022d 44dd 477f
368a 0012 101a 235f 2dde 1ac9 1ad2 02b4 16d7 0e10 1856 4660 6edd 357d 50a0 31a5 2cc0 598a 2c9c 2fc6 4c8c 0f6e 4597 3ce6 6056 4ec8 6dd7 35de 2b1b
49e9 58aa 67a4 25f5 7327 176b 3cfa 427b 3e3c 0ea3 43b3 5734 6f7f 2ad9 63b9 5c39 08f9 4a4e 0608 70bb 38fc 2687 64bf 4241 5709 5714 7fd0 3adf 1c0a
752d 4c0d 376c 1397 6f90 49b6 6cbd 4b60 1664 34b5 2e74 6ac4 1773 1a30 11ef 39db 44d6 7ef6 5e39 287d 3a85 12b7 3e34 1304 14de 0883 7558 0124 5a3f
3e15 510a 3af1 42d2 5dfa 74fa 0acb 2e5e 55ef 0e3f 13c6 0012 741e 2c6d 244c 19a1 3c0d 7d5c 479c 00e4 7c08 5295 2790 5382 667b 53d6 1efd 2bc8 1dd4
6025 25ee 4e8f 33ef 2762 5a78 5e17 046a 05b1 7233 0b14 631c 5d11 6236 4c3b 3807 0cde 3630 6d9e 21c1 74d8 3e50 280b 7372 7cdd 7263 5737 0f2d 6f6b
21db 1c03 540f 2c66 59cb 1b78 1e15 1e9c 1ced 60d8 43d3 6396 151e 53bd 09ad 60c5 5741 0b2f 2b0d 0553 081a 390e 42f1 26b3 46ec 6e84 5a65 0d0b 2d8c
6b33 0c8d 6862 4c60 436f 39ed 76ea 5ef9 479d 6b0d 2ff6 6ec1 0d10 7c5e 5da1 2432 4249 7eed 7e6d 0eda 0310 0111 0567 3861 6878 6e4f 7df2 4d65 4585
446e 608a 5f52 6131 068f 5ce8 0189 312a 66c8 369b 5b48 717b 1c00 13e0 2567 195c 42ec 2a55 68df 4e11 0c0d 62af 77c9 78ce 1346 6882 5e7e 7b6e 533b
7bc0 2e14 53a9 4fec 45d6 355e 668d 2ab6 4d49 277a 2b17 6784 0d3c 3a68 1a06 3711 23ef 19e9 6bf5 1ab8 2f30 22e9 0180 2799 10b4 5cf0 7dc7 48f5 2f37
7dc9 3549 7793 28e2 00d5 6705 08a1 5d89 07a5 39c3 2b98 2de5 6afd 0167 5804 0a60 6a65 3f13 7985 2ccd 70ad 4680 0efc 3b67 515d 43a4 349b 22fb 0549
28c9 525d 2eb8 6117 04a7 1d1a 0854 1915 5ae8 7fae 50c8 4ca2 4e2f 2c28 147c 2370 2bcf 6bd3 332b 0392 7b54 4612 3ebb 7d83 4ec3 134c 2692 0d24 53a9
3fbb 7b57 77e5 74ba 653f 5e43 18fb 0273 2df3 3478 6cad 54f1 1ac4 4f95 3bac 58be 7b45 1466 13e3 123e 4359 5911 497e 5e09 5503 16d6 46bf 7a6d 0790
6a0b 0c15 2e82 1126 1363 3d0d 67c9 011f 06ed 1d73 71ff 3dd9 1719 17c5 6d2d 1784 3dd5 3b86 31dc 1455 60b0 38ef 3050 3f45 32cd 4043 2a5d 6996 305d
58fa 3908 3fbd 11dd 4277 3ca7 21a5 3b72 2459 3647 2164 7b4a 054e 0b98 0fa0 3006 264a 552c 6591 2051 0fc7 446a 1b86 4898 03ed 3a8b 0a00 39a9 19b0
44e0 7eb5 39d9 66be 0dbd 58d1 6e19 5533 5bb3 1abe 3471 39d5 0c9f 7589 3332 357a 51cc 08c4 5c7c 286b 170a 1bed 202f 1dd5 21a9 4554 17eb 2a30 3ad5
47f2 3aed 58d9 687e 0476 6fb2 23c8 22d3 4e7d 1c81 70bb 3d31 66f0 3c60 14e1 7681 2cf0 1246 45ae 1b22 0017 6ab1 3e0c 63ba 2619 4170 7b47 65cd 1e11
21dc 6bc8 2e31 3aa0 0db8 0058 5a5f 09bd 7363 70e3 2bbc 32e1 70a9 7f4e 0743 6120 7728 75d0 399a 2a81 6dc7 254a 3c03 1a82 776b 672b 4786 62f2 7a9b
3bd8 5dad 4315 4d74 0fa8 0c60 7ec6 148b 6443 47e7 0b6c 6318 7866 536c 79d9 174d 030c 5337 04a2 61fe 2cb8 0646 6669 3638 0657 0b4f 0199 093a 529e
75a2 0a88 661f 73e8 5404 5837 316f 48fb 4dbd 3b31 63da 4bc6 00a9 1690 2d80 3632 470b 49e1 4710 6e7e 5570 06ad 62c3 4642 0c2a 0c70 7d62 2ec1 0af3
2150 1e7f 1f20 6976 27ef 3e88 4ff7 1e63 4986 73c8 1ac7 7e03 3467 20b9 687c 6738 6ca7 6c15 04a2 77df 658b 7d5f 70ba 2e21 156f 1937 28aa 1128 3d85
7966 38a7 52bf 7e26 43b6 303a 74d4 5d6c 294c 05f1 5755 2c67 433d 1377 0433 1752 2f5a 292c 7ed7 098f 3eef 6a41 1459 793d 59c0 6c06 5ee2 67b1 41fb
51a4 2b7f 4934 5ec4 1078 3c61 34bd 184a 3633 2353 2d66 6b72 1dbd 47b3 6e99 4d17 2d52 5191 4b6b 5b60 3d80 391a 5187 218f 577b 3c0a 5561 5a50 36c5
235d 55fa 455f 14bc 1fb6 7071 00cc 6bad 29df 754b 62e7 58b0 62f0 0beb 6ce3 0eda 1be9 6563 419c 55bc 5351 6e38 7375 136e 351c 225d 18b9 0dbc 32ed
26a7 0f76 6944 7fb9 0a6e 77fe 1866 6079 24aa 477e 05a0 7025 1d18 6866 48e3 4366 7143 1739 31fe 4cc9 4598 5cb3 66d2 2e51 2fac 0564 7bf4 3731 5d33
1f66 7b02 345a 276f 47f1 2b26 5254 195d 4421 6f98 288d 33da 6ca5 5202 217e 4943 613e 0f34 4759 3326 20c5 5f41 4af1 1fd5 1b90 674a 1ac4 177d 2c28
00a4 607a 4351 3ba4 7f8b 5be9 4af2 348c 18e6 7e1c 27c0 0e94 53b7 1549 7016 06df 4a14 79b5 57be 0969 60f3 7f3c 2614 4e71 20b6 7d2f 4f89 094b 4443
25c5 720c 297a 0658 618b 63f9 660d 4fc1 593c 490b 25d1 4af8 1414 61f5 4f91 0d41 039b 061f 48f1 48fd 1d3f 3e17 4ea0 7287 44d3 52e6 5e1a 38db 38dd
694c 75dd 630a 2d1d 175a 6c6b 5167 24d3 5d11 488c 4b39 2295 408d 57fd 664f 333f 0349 1585 4176 6137 4efe 5ebc 736a 531b 7859 5ba6 094d 01c1 7d0b
4672 5d9f 1b73 59d8 24c1 42e2 0405 004d 7e81 6d1a 35b7 15f1 3612 1026 5cf8 7ae3 4bf0 067e 2a9d 7f4f 3abb 605c 5d85 02a6 32f0 601b 4a3e 0fad 0a31
68dc 76cb 0cec 507e 50b7 4d75 54e2 527d 115f 5c93 2d4c 0b26 0b6e 31bf 2512 76fc 61a2 3c66 5e0f 161a 5769 2897 6777 655c 624f 2e42 2977 2fed 0e26
23ff 22e4 7636 7ed4 35cb 59fc 03cd 282b 603e 4214 3d16 45a8 157a 44ca 5156 5370 409e 3461 14b2 3c62 5e53 2458 0f76 09a4 1ed5 2656 53e9 4634 3216
3ecf 35b4 168b 7483 6b74 7195 791f 2227 15cd 5a74 5b41 407c 62e0 3d83 0f8b 0be1 65ac 3fec 7911 7969 08d0 26be 2735 3651 7e69 6726 4c2d 3a70 162f
3d0b 6d2e 49ec 0c8d 5373 154f 5d28 1c0d 0378 313e 3aa0 1c3a 3bae 5b05 4391 6dcc 4a75 1b83 526a 25e2 3fab 6731 05ff 0e8c 137d 0ede 3f78 4f23 1771
05b1 5a92 5eca 35cc 59d0 319b 0e46 2d23 56d7 1410 1e54 6fd7 53fc 6dca 7e50 3648 0279 3b93 6451 6646 4580 79ef 54b0 2b47 5254 7d35 3c87 3732 727f
3d57 3065 2d72 58b7 0228 4d2e 1617 2ee1 0076 60ea 498f 75a9 2d43 77df 7e89 12dc 0dc4 02dd 4701 34f4 5018 1715 2c21 1d9c 0259 5a41 348e 0faa 6556
58fc 7bc2 5608 7fcd 50d8 2aa7 331c 7a61 14db 4f8d 123c 6ab5 45e5 639d 25f9 6b95 7332 6c21 0dce 4cfb 13f2 4ad1 0c76 4f9c 6ac6 53c5 4bfc 7ce5 5b9d
5a7a 5d43 780a 6e8e 29c1 20ab 7ce7 22cc 1c2f 61c9 13ba 067a 75e8 6935 093b 0967 4d0a 7283 067c 6819 70a6 25e2 29a1 0aca 45c5 0edd 79a0 19f0 05a8
0223 4680 2785 1423 4aca 5b17 3d3b 2a50 0fc9 4595 7037 2169 7786 2655 5136 79d7 7af5 01b3 5462 1979 6421 1b0d 2315 4f58 5428 65fc 4b6b 6e18 157a
30f2 3575 6983 6e75 1233 010e 5218 56bb 4ea9 0c93 7c96 6b60 7e93 5cb5 6039 637b 31a8 6913 3f84 24f6 64dd 3d0b 775f 0574 2cbf 4c41 323b 6c32 6988
1221 17c0 764f 1c6f 6516 536d 681b 549d 6aeb 6cb8 3828 1ed0 43db 2fe2 6b0a 0200 711c 25df 6608 609d 4dbd 50be 0a2d 7ff0 374a 327a 3ca8 4b89 63e7
40ce 2ab0 69ce 745e 7269 5416 4b65 60f3 1832 4b7e 1bbd 3b20 2de2 2c80 1d8c 2b79 6bf8 6253 12bb 07a6 2491 33dc 67c4 7eb7 2d39 4245 706b 6d0f 0673
7f6a 5d7f 394f 0562 507c 7b3b 6975 6de2 5d64 293f 5795 0e11 3def 0e52 08e5 5036 2313 5fb0 430c 47e9 79a8 293a 3bf9 3506 488e 7fbf 4587 61e2 1d3b
26b9 6b03 15b0 31d7 4320 5245 3ef0 1de8 477c 0ab2 05bc 581f 038f 0a44 409e 16c5 3699 6851 5fc5 260e 3e73 3221 21a8 3e5f 500b 5b3a 2c0f 5201 705d
625e 24be 7a8b 0f9a 432e 2968 6ce6 6484 55e5 0964 2beb 5582 3421 7a2e 7795 06a1 4269 31a8 058b 709f 78b8 5552 1b11 1c33 1045 460a 3c88 2129 5758
577a 2025 685d 2150 0f93 6e6c 43b1 1533 6fe1 054d 6d2d 22fc 2b58 5014 56cc 6b02 38ce 2563 40d9 766d 368a 5901 30fc 68c2 2250 397d 5791 618f 1c1a
1237 0389 7279 71bb 601e 4fdf 77f2 1bb5 4635 525e 3386 6b87 5b36 37d8 1074 6741 3321 5239 2606 457d 4375 3bb0 4c71 36f5 1489 35aa 7fa2 7544 47c5
30d3 638e 4484 237f 572f 7f7f 7fd7 3c80 0c24 5a27 0002 6cd1 2a93 5a09 5c2e 392c 1999 4657 1353 2e08 327e 63d0 04ee 2c7c 3ab0 2a9b 4933 252a 6976
5573 19c6 72a5 5150 334d 2809 78ec 060f 071b 460f 2a02 0dfa 739d 4e4a 50dd 69b2 4098 4f24 3351 214f 4f38 38ae 43f5 7ec6 29bc 4fe6 075f 663b 0450
3fab 0671 3fd8 3032 4d92 2382 61f8 4870 5e07 2159 774e 06ef 1cb5 6578 6aa3 7cbc 67fb 4160 0bab 4afe 344b 2ef5 047b 7565 289e 7ad4 43f2 686d 384c
328b 5212 1923 726a 1d81 596d 4027 2af2 0af5 7406 5fab 36a2 66f3 428a 3960 4142 6874 5192 05e6 6ca7 3aff 62ae 4552 525d 052c 5702 2e25 2cd5 7a82
2a24 655d 7048 7dd2 2023 4dfc 34ae 2421 4032 216b 394a 06f5 114d 4f82 099f 0f30 162b 7fee 3bbe 5a89 6d16 37c8 3bb4 6ce4 1617 259c 632b 68e4 16ee
7e70 2bcd 6ed0 3565 3f18 5baf 5742 307f 3e84 1f88 1d00 57d2 7ffd 246b 3a99 67a9 329f 4881 2613 06db 06a9 793d 3526 1b9c 1a31 3c3b 2b6d 1a1e 76ec
0791 0135 2c44 6dd9 7ca2 0939 6117 6aa2 1bb4 2fad 72d2 1548 6f2e 52db 2044 25b0 68c4 11ef 6c18 1ac8 7073 30ab 71ce 4c1c 3b84 299c 2ec1 5a12 7e31
0519 4d52 1bf8 7530 2b40 5c8a 167a 56cd 10d7 5c13 2f86 1d6d 1794 1a99 7f9e 141d 62fc 063f 5cb3 0ffb 0e77 2118 6491 73c6 4e0e 641b 6378 15fc 1466
1031 407b 1787 2824 07c5 0403 6c99 4ddc 7282 3c7c 5f90 4c02 5dc2 1309 4c89 7aed 0a80 620e 485c 0d94 346c 3749 0802 30f1 5769 1925 7039 6c32 0dd5
6c07 0a12 6558 61ac 6130 7829 3011 6346 1d3e 09ee 4d6b 5679 1206 4da7 6f86 0196 4691 787d 01dc 76df 05cd 2b02 0ad5 6696 5554 50b7 78de 45da 0ed2
15be 1b69 20d2 4272 0811 39ec 2c5c 67b3 3ecf 3f59 130b 52a4 3d37 6b77 4596 3615 1c21 647b 1b80 79c3 5f56 03ed 06c3 5f1a 71cb 36e9 03de 4050 2f10
30c6 1cd7 01c4 726d 6b22 2ad5 0d4d 5724 26e3 362c 17fb 3673 4789 4029 3298 52f4 6e6e 5627 03ae 1a45 0a4b 6bc2 7619 328f 5fe1 6742 2ce5 2678 7898
79a6 155f 1693 2851 28c0 1a74 1451 50ba 79ec 563a 12fb 7fdc 3567 2ffa 1653 3e63 3c85 41b7 3cda 7407 4767 2a52 42b6 0c80 4163 4e82 7f69 22b5 0ffb
6534 0c0a 394c 215c 1215 2b6d 0cbb 4659 78b0 3a9b 7b87 7487 5975 2202 1e91 290a 4371 5466 2e35 21f7 3ef8 6519 018f 7e9c 51c1 5a6a 6f4a 3ec5 582a
2006 42d1 2855 2adf 6318 25a6 7115 5b1f 1d15 75f5 490b 4409 4f7a 6420 3c3f 5021 7cc9 1f42 25f6 4411 5944 05ee 1733 20e8 1c97 45b2 258c 5d0a 503e
7648 07e2 6fe2 3c74 19df 3f4a 33fb 298c 1e62 7eae 1d59 2290 2522 252b 5d30 4045 787f 509b 0abf 6b0e 7044 7716 06a0 7879 6fe0 112c 1637 7380 3a29
18b3 6904 3a29 1a86 3937 0324 7659 676b 613e 7002 1375 357d 0212 6333 1f0b 7b40 0b8f 7166 163b 7167 70c1 40dc 42ee 1ffc 7eb0 7bec 3a2a 437f 74c0
5a05 2ce8 0aa9 31c2 1d4d 15f9 2912 1ac4 7a14 1620 2601 4050 3a45 2de2 4d52 1184 4d71 3a46 48bf 7935 2fd4 7d2d 61e3 2032 1b56 798b 5041 6276 4d8b
6abb 4379 466e 396d 5524 0c17 2453 54ca 7a24 3cf5 5b39 3fe1 3fe5 4cbd 48ae 1655 7792 7c97 280a 6463 1050 1920 5ed9 5303 6de3 2cd5 4a38 6a9e 1083
653f 119a 60f8 078f 15ae 18ae 774a 2af9 7df9 506a 332f 2de2 3493 4f62 2284 0ac5 24fc 3f55 3d9a 2c01 5afa 1598 5f8d 757b 78c3 557f 13f4 1e85 2469
129f 202c 1748 2b53 6ecf 600e 0e14 225d 0443 71ae 5b9e 65d0 04ee 4c60 4787 77bb 4edd 7464 7482 5746 7256 06e7 529b 4623 1de1 0ccc 4808 2be8 4828
28cf 2729 1697 186d 4090 75b4 199d 2ee3 748b 6525 70db 692c 57ef 4ff9 4ef9 2689 4f18 1694 6bd6 3201 3484 23f6 06b4 0326 475d 123d 1bd6 37cf 6bf5
38c5 539a 32d1 0bc2 7066 74c3 3340 3c91 2a8f 21a7 623c 6daf 73bd 7417 4a04 3cee 2a76 32fb 79ba 18c0 51a9 16f7 6731 2933 18b4 452d 23ba 568e 25ac
5fe5 760a 6c82 2a41 4df6 08a2 303f 3994 5efd 328f 7c4b 2459 0091 4751 0f1d 6bb2 592f 0094 3c09 0d3a 339f 3e76 0eb0 2437 1794 39fa 7312 6d0f 11a4
7a31 0caf 4a2c 6d70 1612 057b 44bb 31ce 563d 7281 5885 5e63 5d83 5c66 48a4 5e87 5311 0675 0443 2ba6 2da0 57fb 4699 4397 780c 2d8d 4937 676e 6355
57f1 7ce8 2417 3f75 2135 2df4 495a 5ec4 18ab 0b69 39d2 41ff 7454 31c0 49a0 571c 374f 4222 19a3 4935 19f1 12da 6995 4c72 723a 063d 0f53 36a7 0bdb
2872 5fb2 64f6 1d41 1e91 43b9 2fb3 64b4 2ecb 6ec2 6ce1 071a 79f1 55d6 5007 453c 5948 3e4d 5747 448e 34be 43c0 5774 115b 608a 1c81 508c 3964 6f7e
34c8 68dc 1eff 0626 43c9 0705 3563 463b 76bc 4dfb 1364 4c05 66ce 7e46 6b86 2e71 3ce9 7bb8 3978 7d13 1c58 13eb 62a0 3c5e 6e23 6f6e 4ad1 4648 4e4c
0730 5831 17cf 146c 0dc8 47a5 41a0 7e32 6603 79d8 70a8 4cd9 51bc 7dc1 5042 4480 25ce 657d 13a5 5473 4d55 3a2e 2f0e 6f14 3ccc 7e9b 0927 1b60 52f5
5814 73e4 477c 44bd 34e4 5de1 3940 7cda 73bf 7f83 3f60 696e 0477 2908 7242 7a19 191c 01e4 64ae 4f50 3c5d 018b 5eb2 5e49 417b 2ba0 6b12 1d34 101d
33bf 236a 3ade 3ff3 370d 7756 1486 5ce5 06c9 78d9 58f7 21dd 65fb 72dc 5b01 62d0 2d1d 56bc 413f 5c1f 2cc5 3f27 4f9c 0f07 6e6a 7327 6b3e 1adf 3926
6d87 4d1f 77f3 40aa 00ae 348e 4dfc 6439 5e00 7a61 2639 1662 531c 0aff 5e5e 1f17 2432 7152 59f2 7ca4 2081 15bf 675b 7784 6408 6517 5201 799d 508c
6f66 60dc 02f4 4f00 54a2 32e5 282e 4112 0cd5 4445 786a 2be2 7caf 0c50 13b3 270c 3e7b 001c 1aed 5098 5870 1b2c 590c 5fa8 2c74 1210 23f4 71e6 39cf
011c 1586 7b1a 52d1 3a79 0b44 59bf 2430 2a29 1a55 77e3 7ef8 3d16 638d 457f 221e 652f 7b2d 6c85 4e8e 7a54 7116 6ff5 1fea 78e0 3b09 4ffd 1106 20f6
59a6 7bb5 001c 4d46 06eb 7805 1353 26f9 4539 2a21 7c83 795d 1067 294f 1432 0ec5 5294 7922 2da5 0f03 05a0 7bd6 0a37 72d2 43f6 7870 330e 2ab8 364f
56d1 6fbd 5871 0c69 0f76 6a42 7528 2427 3756 4fc5 3947 6f94 34c0 6ff3 015a 239f 2ea4 1af0 71e4 5b63 7193 769d 0b50 2dc5 439a 6325 30a4 0681 1abf
4807 26da 7a1b 5de4 1d6f 72dc 2eda 09b5 4c84 5e7d 692b 73c9 33ef 30ce 7c40 1b2d 7836 59f9 17ee 0ec3 3b5a 1c47 035e 36a7 347e 7bfa 2741 581d 7bc9
6070 46ca 78d0 457d 3559 1bb2 0196 6398 79ee 2a48 31d5 3af2 3f14 1c3f 3fc5 363b 540f 084d 63e1 4619 0f4c 62c9 4365 376a 2517 285f 315e 4b9b 6bf2
7f64 6959 672f 332a 4358 3488 5a97 76cc 5a45 1088 5add 733f 630e 7e3e 5880 00f2 2902 29b2 4a8b 4a63 72ac 667a 5065 0eb4 0846 3f2d 1cee 74d0 07cc
35f3 7205 2063 22d3 773c 7e06 3c9f 53d9 1de6 0e3d 4add 33d8 5ae6 1f80 2356 08e7 45c6 3a2a 2e62 5099 1057 32e5 0274 5934 64dc 7d1a 52f4 67da 562e
243e 05ab 3fb7 13fb 6358 1dd6 0141 597d 7298 347f 10c0 2b71 2cfd 19b5 5dbe 63b6 27eb 6d99 0c38 5cd0 4dfe 7d99 4b11 5eaf 74f3 63a4 0a34 7968 4f6a
045f 58c9 5616 789b 0b5d 1e8c 0ac6 7e92 5a65 71eb 36d0 73e0 1136 567a 3941 0363 18e3 172a 7d89 444b 420f 3f31 4c7a 25e9 5383 0efa 55a5 33d7 1e80
326e 00d0 06e2 20d1 6bcb 2041 4606 61f0 5e25 5abf 7c6a 5e48 30e3 28bd 5e41 6da9 3f62 066e 370f 0693 690d 200e 3008 4444 2500 2ebf 3707 73f4 79f2
5c3a 1220 4b42 47ef 7e00 3242 341d 0b80 4a43 5366 0f1b 4bc5 4c1d 0746 037c 06e2 3215 7706 4d4e 5d9a 30df 1165 0300 6c12 7cee 7c8c 198b 120a 05da
134f 53a8 1425 755c 1535 13aa 6c8f 01a6 4583 0a8c 7415 6f78 087b 6c4a 0517 7cbf 5e72 686b 3958 4d43 5d34 75b2 588a 4bb0 3f56 0e99 4e32 3bd8 0fcb
7a4f 6965 5df3 15f4 7dd2 0278 2e49 22e9 12a9 371c 4b4c 3fbb 19df 72b1 742b 0874 2544 28a1 1fe7 30ba 7d13 0641 335f 3c28 31c7 4b50 13e5 5551 4359
10c5 5311 005f 51e7 0e39 38ea 778c 2c0c 2071 42c6 2efd 55c1 3e7d 61cc 2d05 103a 633a 1e89 0c9e 2bb1 6724 3ccc 52ce 38e9 1e4c 17e0 5ade 655f 6487
31dc 4478 17a5 644c 2313 4476 156b 74f7 2a3c 1851 7858 66ba 06d6 6528 0074 2507 3f66 4363 342c 507b 0d3e 2990 29ee 6485 1760 00bf 1bbf 4b68 4693
381a 6666 710d 3fa2 73e2 1bbf 409e 74df 318b 601c 52b3 4fad 5eab 2ed6 0c6a 610e 0e42 073e 5eaa 584d 7ea8 498b 4b85 53a5 545c 6c35 5b62 682f 31da
3fda 7fda 7dcc 3ef1 6465 36ca 7c28 3175 67b0 3e82 3e6a 0c58 69f8 371b 3f46 0cc5 74c0 48ff 3ad2 1e89 6355 5e13 44de 2ed4 29a4 2212 7751 56ae 7850
68eb 3bc0 4e0a 5a93 7dcc 4ada 3e8c 4e29 120b 30f5 4fe6 4c10 7726 6d20 5acc 4a95 55c6 6e89 69b0 7e31 0b1b 68bf 3300 6801 4d36 069e 4efb 5920 3606
03a1 5be3 5c5b 0aaf 2331 08e2 1991 3e4b 3367 5a89 72f5 36bf 6484 11d2 3e32 63ce 39b1 26fa 20a5 0f98 66a1 31d1 4278 5d09 77a6 02ec 6626 60bb 229c
0ad6 57ff 5278 4bfc 418c 3474 6fbf 7983 524d 0ef7 3c2c 2a54 289c 3185 55e0 2a31 643d 7235 3869 7585 61ab 414e 2293 5f89 1d3e 7eb9 16d5 291d 4686
6c24 78eb 52bd 1055 7b93 261a 3c04 7f78 7bdc 7d9f 51da 15f9 552d 6a92 352b 3421 6256 518d 3ad2 1587 180f 1f88 414d 1e4a 193c 0ace 33b2 7be9 0e0a
7c13 11d8 0473 6832 09fd 798c 711b 4ecb 1798 4ba3 4a3d 7cb0 5d1e 6313 5007 6220 5f75 24bd 1402 3173 69ab 12fa 4268 45c0 6a7f 4b90 705e 7ae4 22f7
6d08 792c 1753 1047 1135 3bf0 0e7d 7a66 66a6 6f8a 3d04 6648 45d0 3483 7dc9 77bc 4573 0d51 7617 0dd7 1b5e 719f 080f 4016 11fb 22b8 166a 0204 0cc4
13b6 1e0e 6660 51c4 7f73 7c48 778f 49e4 0dc5 47b1 20ce 10aa 3910 362a 7050 6aa9 2bf9 44c1 18f6 79da 3365 452b 5d25 0be1 6083 6cf4 2dcf 06bc 270c
7f1a 0c37 60b6 43bf 16a6 5fdc 2962 1eff 2ed5 4b2b 472a 230e 78fb 27b7 4ad8 3c01 0fd5 40d2 16c3 2868 532e 4da6 4f28 5efe 4c9b 343a 49d1 29c7 544e
3a34 35c3 6db2 47c7 3ca7 7412 6476 5213 362c 4a26 6744 402b 1e1f 59d3 3c7b 2bde 76eb 3fb6 44f1 5e4a 63f2 2f7c 1a9f 6328 4843 0b0a 2d7c 5110 634a
0791 13f6 668b 08a9 042b 418b 2eb1 0b57 2560 477f 0de4 6688 30a2 3817 5c35 13f4 7ff8 5492 34d6 2dd2 4e03 4432 1b15 4d8f 7c75 0f14 40a3 485c 69e4
4880 6e16 2955 14e4 1c96 739e 48fe 6454 204d 346e 50a6 0cfb 44d9 59f3 0ec0 685c 7ed7 7064 7e27 279b 304b 241a 11f2 71d4 3391 452e 2508 3bc7 40bf
14eb 2060 2542 37b2 7f0a 7ff7 772c 4ef3 4390 4fcc 6de5 6e96 3559 120d 57ad 3ae3 5efc 5ea0 2323 3fa8 3533 4cb6 57a1 05f0 2ce4 16ab 38bc 0b89 40ee
21ef 4f42 56c3 61cb 67cd 4add 6db6 641c 4db5 016c 1a08 2c67 5be9 6d14 3c50 6674 6009 3762 5f84 05ec 07c6 053e 3c08 4fd1 3343 5339 5649 2981 6e1b
55ad 649d 779d 3fd1 5e39 1fbe 4c1e 1e4d 376b 71fc 0cb0 7a2e 03f5 764e 4d3e 3d56 4f1c 0bc3 10df 1a4a 4836 5315 0e77 60f4 0a8e 6312 604f 0a8c 3fcb
36ee 1719 2bea 24e1 2aaf 703c 041c 7609 0cd9 6161 093c 4ab5 1a4d 7af3 1c0f 2a5a 139d 61b1 7927 6fed 14cc 16d8 142c 58d5 4078 0009 769e 4a9c 3d09
58e6 659c 0664 0ceb 6353 4066 72dd 78cf 59c2 3935 3620 733d 0ac5 6261 38c4 19e8 4b18 070d 0122 619e 03b0 01dd 1a49 6825 1a3b 1f8a 51d8 20c2 62ad
78d8 3238 5322 6647 19c8 3014 7fba 4138 370b 6af2 3825 2b25 774e 3acc 53b1 7cf4 307b 1256 2f0e 1637 2940 22c1 44f9 21e2 7c61 0d9a 7573 165b 36c8
34e2 6fd7 1f1d 4cc9 4768 0223 4fbb 1075 2e48 046d 24d1 6ae0 2dcc 1e31 30b7 61aa 18b2 523d 2de2 061b 43c6 33e4 233a 65ef 7af8 0795 2cd9 3db8 06d2
7ad6 3356 576b 50d6 2b6b 01ef 2b72 2b62 3480 1bad 766e 3549 0689 0bed 35d4 600e 2da2 38a3 5866 58d1 54dd 0ade 3613 597e 0ae5 6aa2 1775 0acf 4b9e
3a3e 6d08 353b 2ce4 115b 6985 53fc 35b7 11a0 367f 23f0 73d6 22fc 09f4 4003 35c6 5420 109f 5ced 6f8d 627c 6b94 3965 002c 1891 15c0 49d2 0035 38c8
5096 220e 3020 0fcc 7a93 0d4b 02f7 39b7 0993 0b7f 364c 1e36 69f0 24b6 2986 05fa 2ba1 4db4 209f 2fb3 7cca 7a3f 487d 3a3c 06a4 63d1 64e8 330b 734d
3207 6df7 61d0 627c 0fba 6cad 70d2 20f6 780a 0720 7de8 73d1 65e0 1cf2 52fa 226f 0130 35a0 5846 0801 3d57 0c3c 1e11 2a46 161c 403f 643b 6403 4b65
19b3 1ddb 2e4c 29f9 5a8e 4cd5 2f34 1a18 03cd 5470 2351 577b 383d 2be0 0fc7 06fd 4f39 44e1 264d 63dd 6974 6134 5a6d 6bb7 2a51 7422 5b10 120a 45b1
35d4 2770 0941 2134 23d7 77be 1609 69fb 0088 6dff 3727 523b 31d7 0071 5e42 7440 224b 0365 0e66 4be7 59a4 0cc7 314e 6649 424d 6a99 76b4 7866 4bc2
5a3f 741c 3c99 62e7 3d9a 2568 6dc6 4294 5b9a 49a5 0907 1084 0d01 0640 18d9 7277 6c08 2011 0013 0919 552a 41df 75bf 1ba8 511b 01cc 672e 0b3c 44c8
773c 54b4 7b81 38eb 2631 0b4e 6ff0 02af 1a52 34a3 526a 1767 5716 52e5 2e87 1089 376f 6a51 77f4 7230 040f 73cc 653a 28b0 7eb5 7d3f 0594 623b 25bd
5d94 7247 0d80 7a54 3ece 0d60 68e4 4b29 5ad2 1f85 44eb 0249 0329 5b0f 04d6 0d65 1d48 15f4 5c9b 0b50 1359 767a 7c4f 3f2b 5b30 1332 1b5f 4197 144c
12ad 4c34 5fcb 6373 5a04 491c 2431 77e2 6a4d 4952 3cf4 57bb 7b7e 55f8 6299 6819 08dc 6e24 10e8 6ade 163b 1dbd 12b8 1f91 570b 2606 2a75 6372 7e8e
0f8a 6ab0 4b18 2c0b 169f 2622 1727 513b 685f 70a9 48ab 63d3 1f66 4a75 37a4 5392 27a2 0f53 4ea6 5840 0a99 4cd5 2afc 7c32 5f1a 7327 3187 6f95 3cb1
5cdc 5722 27a4 57b6 48f1 79ae 4fdc 3053 4a64 5090 05e0 1793 1e82 0e8c 7861 5049 1fa9 6c65 0fed 47d2 1096 2c71 5919 0750 00f8 3f2b 74a9 188b 1599
33ac 46a2 7a3a 1e47 6d7c 4a7a 6dee 0977 7c8b 52d3 0b32 61a8 51a7 6da3 7664 608e 13fc 10ad 07c0 6482 20f8 7b04 1cf8 14ae 48b0 532f 596c 4e1e 77b0
294b 4eff 4c14 7dab 0c56 5360 425b 3cb9 6c0f 271c 61da 62a5 63a5 06d6 56a1 477a 775b 3fa0 03c4 634d 482f 3ead 1cd8 4c70 2780 78a8 280d 5673 4334
6e30 6fb7 4cc2 7b4f 4642 38dc 7941 28db 6d3b 35e4 1f49 3aac 38c4 21ff 0919 043c 3c1c 4cfd 7343 7267 4bae 23a2 6706 0aa4 7cab 3700 6ef3 3e41 4a8e
5340 5e79 56e2 4ee9 5bb8 6c19 6c42 3ce8 0f25 421e 07b6 3c40 4e45 4671 5aad 7e53 2a37 79fc 4c08 7db8 0349 3a31 710b 353a 406e 2443 604c 21d7 00ad
0c2e 2763 7e8d 6848 583c 08e2 2d94 767d 26f4 7c34 0b77 6bd3 5f05 5023 4e26 0adf 2584 6b0b 7338 2ba2 1016 3692 624b 3b26 7e87 600c 57d1 4d88 0b99
0bf3 5f4d 7a5c 7879 4e02 594b 4cb5 3a63 35ff 315b 7eee 79ac 6893 5dae 3984 2082 78df 7669 19a6 6ac1 4e9a 086c 5564 61d4 139b 4b0d 3844 01c0 353f
21da 11ae 07e6 5b28 17b7 124c 0977 32c8 4deb 3533 0202 7ef7 3a3d 007a 34e8 71aa 5d23 13a1 622e 19c8 6855 4715 60dc 5993 0db0 6088 231e 5c7a 2646
1d95 3af2 4c14 0497 0648 1035 1453 7d7b 4895 0466 0672 47b4 3249 53f7 47fb 1ca1 25ab 2e72 38b3 0d48 720e 2fef 0d94 59f4 31a9 4259 07b1 3eea 54cd
026e 1c81 6cd0 46c0 4f8c 6bd4 0234 2eb7 3223 170e 716e 22df 655a 1042 62aa 222e 53d7 0cba 2c43 6c36 5148 4014 322d 125d 2707 3f0f 6fbc 166f 01a7
4964 6286 64c3 78dd 4daf 6927 38da 565a 4f2d 7010 189b 286e 724e 3d9a 2a1d 5c8b 43ad 7458 6dbf 6d4c 48a0 4c52 55f3 3f04 3043 51c6 359a 62d0 53e6
5bcd 68ce 7693 44da 1afc 062a 32cc 124f 511f 27e2 4ea8 3ea4 169f 2536 73a8 0476 6516 588d 1e7f 7e66 066d 028f 445a 1956 0a24 6be1 2ab0 58c3 549c
2027 0786 3232 6922 1979 228c 634b 7ac3 464a 559f 7c38 58c6 7c3d 645d 29ec 0714 358a 5ab8 0481 314b 5346 040e 4e4f 5f13 1da4 2198 4eb8 4541 7355
29ca 7cc1 57d4 2cf7 590c 0cc9 3adf 3a1e 1333 3a02 47f2 1c67 0d7e 3dcf 0be4 645b 08c9 664b 7e19 3739 562f 29fd 3646 6871 76c7 2a25 029f 7f5d 52ec
1c53 2326 1a33 0f7b 2885 28ce 7f1d 6f29 620c 0057 6026 4166 3453 527d 1460 76b5 1a62 0427 15b0 186d 1f46 29ec 3136 1d41 19b4 0356 2c3b 7d20 52e5
46ec 74e7 1a12 5e21 6b65 4434 5dc2 74d1 6158 6344 0682 1af1 6941 60a4 20d5 50ab 30a5 444f 4f96 55ce 7c6e 3ccd 3f97 0a09 0a19 46b4 5807 428a 5dba
4298 678e 69d0 40c1 24b3 3296 192e 7258 7ebb 6edd 0a6e 2b7a 7ce2 6a59 299a 4e04 2690 778b 4c69 4d85 77b8 6abf 5729 783b 51af 1461 0928 740f 5688
7428 3625 13a5 7440 3fd9 3e4e 3ee1 38fb 216f 125b 5e02 7cc5 2faf 4a24 0c58 5fbd 7685 7ec9 1a7c 4345 5544 6c80 09a7 4313 68d9 76e9 1898 78f2 69f9
4af7 2484 6a8e 7f83 49f5 3e31 29de 5936 62fa 1677 3bae 061f 60c0 4f8f 0c80 262a 571d 6314 162a 5341 37f4 7602 2055 736f 0a3d 7446 25a3 765a 3aa1
6ceb 5592 4fbb 4ecf 0c30 3985 2e8d 72af 76ce 5763 23dd 5b0b 18ee 4bef 43f8 4222 2fe4 782b 3a0d 2538 1c86 4699 555b 7f27 425a 5d05 2f73 2177 53c2
5cc8 4e90 3723 7ecd 1f32 3280 7ed9 77f4 22a3 5e3e 43e7 3b1b 336d 13a5 7bca 5de6 175f 772f 2ad5 224e 55e4 1a1c 062c 41f3 02a2 5055 32f7 0032 511a
7c25 147a 4724 37d2 3967 2677 47c9 5c8f 54ec 44b6 2f07 2a97 1308 7d3c 0d52 4abd 0cf5 3254 653a 5746 0978 31e6 0551 2664 51a5 521e 0a08 7cd9 3ddc
6b96 04eb 000a 51b8 7d60 715c 00e5 75fc 7d5e 7c77 1040 2c06 6dad 24fb 051c 4623 1c31 4711 25ce 0034 32e0 64f7 07c4 2478 4c10 7941 7f1e 2f33 6fe7
1c20 6111 3b56 0024 7c0c 3462 15db 2f0a 4ef8 18f7 147b 26dd 7890 5a93 3068 2822 2cd7 4f60 4de6 5232 6a9e 5f7f 2795 3a88 7275 496b 28e1 025a 2d25
5d50 2c0e 1aa6 5ec0 5a11 398f 0f5e 71c5 5225 6123 6432 4b18 688e 3048 33d5 02a6 676a 640b 6018 768d 7997 1eb3 33bb 3923 1632 518f 6273 45a3 579a
31be 241e 2ce5 1a1b 590c 1a55 5be8 5112 75ea 1b60 4e43 3770 1c7a 02a0 39a6 2992 6f71 3169 095e 4a3d 63f1 1bcf 56ba 08e3 0763 39de 1e62 0e93 50bc
3fcd 30fc 1a5c 6de2 7099 3eb1 5065 0bdc 44c2 3057 6b2a 5df3 01d9 1e46 2078 02fc 19e3 4147 040a 7386 7b1d 6085 5e1c 0e43 275c 52ae 4556 59d1 74c5
1d7a 623a 5274 1091 3523 1b55 1e44 4e4a 737a 1895 4aaf 2d4c 06a0 6a27 5bc5 6657 2423 5d75 3a7d 2dbd 06d4 6e79 77ff 213e 04e3 5cad 1cd0 16fc 149f
1fc9 388e 23b3 32aa 2098 3cb4 72b0 0cb4 0ad9 643b 4343 7fac 175c 3f12 08ff 2756 6756 5f47 1600 3105 6576 3819 2fa0 2e82 628a 7403 7fcb 46d3 2a94
23af 3c94 3e6c 5944 4380 1618 06ac 4cda 4a3a 6e2a 5c9c 2b81 46d4 24e2 0109 46bf 1c3c 3422 0a3d 2ce3 7369 3443 1428 79c1 7791 3bc6 5a1b 74bb 52f2
3e0f 7391 4d74 40f4 0a2c 3e72 26f1 781c 1f45 51c9 49de 74a5 02ac 6468 13cc 4a5a 6d08 3b20 5715 1df2 3f8e 3ef2 6ca1 5607 38ed 022d 6308 0353 2b72
4ac4 37eb 1f58 0d79 083d 2506 08d7 006b 56b6 4c9d 1084 2f6c 373f 0fa8 57c5 0ce4 3775 3bff 66de 0a9b 7f48 6e91 335a 2844 0296 66da 54c6 6356 2f74
2c1f 442a 18e1 2638 215b 1a50 53a3 134c 7488 4665 13e5 79a6 72cd 665f 4044 24f6 46dd 75ba 6f15 30e8 5fe3 4307 0e7d 5fe9 27e8 5cf5 4e62 3736 5980
11ff 52fc 37eb 41bd 31ab 3852 22a9 4343 2d54 4c2e 0b2d 3cc5 512a 59bc 5e6c 0df1 39d5 6f0b 17f8 56b4 7fd4 0fc5 6443 280e 6fe7 28df 45f1 73d2 1299
3422 143c 7c29 5632 0927 0b77 0cf2 71f2 1425 1e61 4b0b 0dea 4e3e 0018 749f 4337 3bdb 232c 5e07 1c8f 0990 7240 425e 6df7 074d 6cc1 0c63 3cf3 17fe
5e90 3918 6dae 7b41 0653 371d 7d4b 2380 656a 5c0a 524c 405a 2b33 3f63 227f 5cfd 4d43 776d 4fae 397c 467c 42a4 73cc 3077 7e83 1404 2e41 2995 040a
751f 73fb 659a 79fa 08e8 67d5 5939 0439 6092 5c6f 3c49 2034 7b5e 3e55 4d11 2db1 7a3d 77b3 28c9 0df8 4bd5 09c5 5043 00f8 6a2a 12a9 6100 2e42 5161
0a19 519f 7ff2 30b1 5728 6235 1e77 57e5 0ede 50b2 60b3 254e 75b5 5428 5e9a 3b7b 792b 7cea 77ed 2046 289e 3756 17fb 0a96 4598 36a7 36d8 49e0 1ab1
164b 3022 55d3 0bcc 0310 4530 57f2 1027 55f3 376a 379b 3ff8 2b59 23e5 2758 3130 3225 6379 5c42 08a6 7000 2f20 122a 23ef 2dd1 0945 4bc6 796f 3309
5246 478e 13fd 6e8a 39ee 0670 745f 43af 6063 5d73 0370 670a 41b2 060a 495d 50f9 7360 1bfb 0898 3f0b 0952 4bb2 5cf9 112e 5474 19ad 729d 030b 790c
473d 3dbe 6e12 61af 0921 09d2 673a 204f 6045 2607 6430 3bf8 7d2b 0809 581d 3f1b 51ac 34fc 78f6 37f6 1c87 3b8b 3519 3a66 7d51 35ba 0cbc 1d81 3296
2c5e 0333 160c 0bf2 4112 35e4 4237 7d6c 0eb6 025a 3a06 4fe9 3b21 6130 390c 1719 5dc3 42f9 02df 5009 2525 76db 2f92 168a 7af7 6f0b 31ed 46b0 2ab5
4540 63fa 36f0 4a67 2590 4765 160c 5166 4013 1817 336e 277a 345f 5631 092c 22df 7119 4a73 7324 1d13 3a9e 3cb9 18cc 14a4 1ad2 5932 2da9 140a 0b29
07b9 0e14 6697 6aea 233c 193d 31ea 40a1 5226 5077 526e 184f 20c8 080b 5ffe 4514 291a 61c0 6c18 5ef5 1d88 679e 1d29 09f1 73a5 3009 1b4a 54b4 16ae
7326 37c1 7a50 2429 65b6 1995 02a3 3012 4547 2b6f 1b8c 57c4 72cd 4251 2ef1 54fa 697e 644e 3c6f 2cac 1e6d 2d14 0915 6097 6b3d 10a7 11f8 650c 7904
4cac 1781 0f78 403a 329d 0538 2ad4 019f 23a5 0f7c 7257 0f71 69db 09f4 4f53 4616 406c 4ede 0303 1e70 30c9 317d 168b 5b79 73e3 7de3 6825 4407 3de4
588f 3309 75d6 0867 70b3 2ebf 44df 5349 7d8c 7c4e 3dcf 503b 2e21 6d3d 1cc9 0123 3f2e 20c3 2112 6385 7d3d 531d 6164 6248 023c 3752 0db4 110c 1274
348c 2992 0da1 03eb 431d 57ab 7ebc 5d4e 3894 58cd 45fc 2fd4 42a1 6e38 428c 6f56 5805 0d78 0a1d 7e04 0258 515d 1454 48c2 461f 7bb5 37f8 0ee6 4f5d
340c 2ddd 7ecd 5f9b 6458 56b7 1f8b 5c55 5bea 6939 1696 51d7 5ee9 6626 56f8 3f84 0ad7 7705 565d 5a86 5a5c 589d 1fe2 2da1 3459 0463 2802 25be 2b36
2c8f 0a98 79b8 62db 09a4 6ccf 6491 210c 5af9 2840 2171 2111 660e 7190 4b57 2423 0164 6580 1071 1e31 6ccf 6773 6f7a 5e89 5a66 6e39 2961 2744 4286
7ca5 1b65 529c 25b2 4136 79b6 6008 7745 5d92 0686 2a8a 6ae8 4233 52e0 748b 11f7 16ca 25d3 0e16 3b17 7dd7 457d 0c00 07b9 76a6 1166 614d 4914 00fb
4c5f 0b7d 4e61 5b29 129c 08d5 4c1b 0f8a 4787 235e 01dd 65ab 30be 454c 2b1e 4c79 3bba 458a 3a2a 2aef 3038 6345 4287 2328 3d93 1b83 0419 04dc 1787
4533 21db 2c22 0e8e 63de 2ca4 3a70 4ec8 2a20 7651 316b 4584 51af 3d61 19a5 1e10 585c 2cb6 1628 0560 2b94 4e81 1317 2a4c 5871 27ad 049c 330a 38c7
40e3 6311 789d 2b67 78c1 66ef 35bc 066d 710c 341d 56ce 31b9 288b 7692 3f94 58ab 39d7 205f 6692 4177 3068 294e 0738 108e 5dec 6299 69b8 3c0d 3018
0971 1cc0 4187 60d4 7a6d 30f3 02bf 2bd7 34d3 227e 5645 64e0 776d 6cd0 360d 5f83 0bb4 0267 063d 619d 17ac 5ea3 44fb 25e0 38c5 49f7 5f58 29b7 1731
6543 5b2a 10c0 695b 4dbf 4475 1aad 59d9 3b11 0940 1cad 689a 47cb 7f2f 3ea8 3f59 4b9e 5457 66e5 48a1 0e65 709c 53f7 0ed4 1092 6e5e 77c2 2c70 4402
6eb9 1e39 7cc5 141f 4f6f 7f04 2f26 1089 4d36 7101 343f 4386 2ebe 54fc 2632 6220 6046 37a4 091a 76d8 6a0a 4d12 7ce4 1af7 40cf 6195 538f 3fe0 42f7
5989 09c8 5e81 17f3 0a7c 3f2f 27a9 691b 2f0a 4b4c 5722 4b62 446a 6fee 54db 3dfe 7fcf 5e8d 0d26 3c62 51d7 1458 5055 39b8 4d30 3b04 6b12 1ba1 1faa
65a6 5ec8 2f1f 0dab 2aac 620c 00f5 7cd1 6a15 206a 23fc 0711 38d0 0436 3be9 5673 5a78 78b7 78e1 38e0 2f24 7cf0 7016 13b4 129f 0beb 144f 7fef 2b26
62e3 487e 3330 490f 333b 07d8 6590 25ca 663a 2ec2 73ea 345c 783e 1c5a 2da8 6725 4d29 239e 3eaf 2201 6799 2aba 1cbf 79fd 7901 1fa9 36bd 3059 75e9
7c3c 3401 123c 3e75 11b4 433a 16a4 75b1 280e 50f2 6c41 0f50 7bc1 5bcb 495a 77dd 0e04 2164 1f2f 6bb9 604f 6adc 2a2b 6f81 47e3 1e7c 78d0 0a31 6f90
2bdb 0b1a 363c 30e3 438f 5378 3cb5 1758 6b13 3aae 6bfc 0bba 3e52 4c14 6d80 21ed 0bbb 3a9a 2ebb 0024 6828 3fa0 0cc0 488a 169a 0b1e 0bb6 232f 5b81
2c73 2750 11e0 7318 08d7 3931 7111 40bd 7acc 1965 66f4 0a7e 3b78 7d77 7f43 58aa 0117 743f 5adf 186e 1882 1865 7280 2090 224a 552a 3399 7466 67bc
647c 566e 7d60 1ea5 62af 5525 78f3 2c13 779a 46af 75f4 4e4d 237a 581a 3623 1bfc 6fc3 6593 1bb6 2f46 3af1 50b7 0cb2 77b5 05e6 24f7 3b4b 4922 1ac1
1cb4 5f05 3dd4 6c2a 506c 059f 6af9 1739 6adf 1ff7 3368 6522 41ba 7561 73ba 45c7 4c81 6c6f 77b2 161a 3fa7 7212 6bba 5ab2 69eb 41e2 1dc0 1837 725c
648e 492e 3a6a 43a6 1f81 7fd5 19ca 1717 6255 7ba6 7883 2edd 4b8a 523c 603e 6bbf 0e75 720f 4a82 5918 4553 0472 1529 7b15 32d4 118b 57d7 56aa 3255
3d1b 4871 16ef 07d0 63a1 5c6b 048a 61c4 16af 59a6 7fbc 1588 5417 15da 419e 5b2f 283c 2c5d 55ae 7818 3c75 300f 43ad 7aba 2b81 3bef 19b1 7287 16c8
69db 06c0 6d2c 3167 54f7 1a09 3059 4925 5847 71ae 5747 382d 3c45 114d 016c 6f85 7418 6351 752c 143b 1c69 38c5 63aa 2da3 7500 1ea7 572c 7871 35b9
2a07 5008 3839 5120 25ce 4d16 7adc 3ee5 2f57 584d 29fd 41db 7710 3462 570d 52f5 5dbe 3e4b 2aed 7ea9 19e4 5eb3 2c38 4c94 3f74 3229 398f 4192 128f
68f1 7edc 7d80 2619 3266 7984 2c86 68ff 704a 039f 702c 1b5d 5dec 7531 26cd 3fbd 71e6 1326 57f3 040c 3d6f 414a 6804 18ad 3cab 54eb 4096 170c 331e
5ab6 1880 25ee 15e4 2042 58ce 2f12 3b78 32b1 2dd1 7433 0894 2ac4 2eb3 510c 464b 41fa 4fa3 2b08 64f7 6809 082e 48e2 3063 6baa 1aa0 3b40 031b 08ac
1340 3392 165f 2f3e 6a51 122d 535a 2861 07e7 0f53 5342 1949 6af5 1c93 62dc 0997 0fca 08fc 606e 6284 630b 3e97 556a 70db 4d73 5cf4 583e 78f1 4197
680d 0540 0ea0 0135 5552 50df 732c 712e 73de 44ff 5818 58cf 479e 05c0 0dd9 08ff 5486 5c31 17a1 3081 0a53 58da 4437 491a 525b 52d8 1deb 3a45 17fe
4e53 49cf 57e1 5f0d 68e6 1de2 72d2 4a17 3cd6 6111 7e55 38e2 7865 4173 17d2 6582 1e59 5864 0bfd 4b8c 6e5c 09ec 2afa 3146 0313 433a 67a0 75b5 7fb1
7ce3 523d 4648 4e76 0aac 0dc6 7dc1 607f 668b 7008 4376 5a96 5deb 6bc9 2708 1f12 3815 19da 6edc 08b8 71e8 7a66 4ff4 3b48 6fce 5cde 25ff 39c8 1112
1fdf 6019 69fc 26c3 4633 3523 28a3 308a 4e7e 59e6 1192 5b20 2f22 39fe 108a 6f0d 1a99 18ec 5d73 188a 43b7 5f7c 086e 3dd8 4851 630f 2f82 23d1 6430
38a3 5f09 132c 5498 0c54 3256 4c39 345a 4aa5 68b7 41a9 7d44 0afe 62a0 7f37 0a21 7fd0 7e2a 4c2c 0517 799b 521c 02de 3c6e 547f 6d62 655c 0192 326f
4c17 4559 62c0 2dc4 5d3c 2278 0406 06c2 0735 545e 1c18 7a50 01bd 2da4 3073 6aba 6e77 54f5 28d1 368c 18d1 55c1 17df 5d35 0ad0 620b 4eb5 584d 29f2
45f6 0753 6b7e 269c 6781 14a7 5d01 0bc6 67a4 1876 0ca5 3b67 7ced 69f5 5881 208d 009b 0e02 2400 7b5d 2a7d 6f8d 2508 7a18 78d6 56c1 1dc6 4c25 172d
1c1e 306c 28a0 409d 269a 6b64 3e48 6363 4912 146f 2abd 546e 7648 2968 62f5 5696 4050 7545 7e3c 09c9 5ae4 6adb 4fc6 50d3 584f 5864 4a27 16c5 2c7c
5a5e 4ca0 3ccc 5247 0260 0d4e 1fe2 13a2 2ba7 6291 726c 7cee 3d0b 71ab 1bb0 5725 29d8 343f 41e8 147e 6c94 04fa 66b4 1c9d 5aaf 7317 423f 5537 5cac
6ee4 747d 42cf 17d1 77c6 6458 3477 7ae4 72b3 7192 556f 2e5c 4e97 291e 0e58 4cbd 11e2 3c2a 64e7 5c6c 7be0 6321 0028 36b5 6893 2ba5 7aff 37ea 3dad
134c 4603 6cce 4fc6 0434 148d 3459 3f95 1db9 3859 0324 509d 598f 1fa0 3d70 1270 5e51 1e51 09a0 14e1 6ec1 454c 3e0f 7d4b 5389 4cba 596a 4047 5738
2c30 269a 32f6 56e8 76ba 3fbc 1ea1 02af 4745 33aa 72ea 04e4 2a6b 5f75 0a2c 3c0d 599e 4260 2d93 5546 2079 2939 3409 0df4 3b4f 4e77 7b5f 5f58 573e
65b7 43f5 111e 7fd4 0461 1ba4 417d 4cd6 1c53 3da1 644a 1bc4 2274 0038 4e59 7220 6c72 62d4 6512 4e74 6de3 4b18 441b 6b02 4c6c 1dc6 14f4 5006 7065
1975 3abb 6188 5c46 3741 5c5c 57ab 13c5 2cac 2232 1a93 37c4 71b6 462b 7d40 41dc 2b23 4add 3177 6eb3 3780 7a7e 48ba 4cea 4402 386c 1347 7656 25ec
60f1 737b 077d 4fff 0f38 22b2 4032 12d0 4a9d 6547 7daa 0fc1 0cf9 5941 5966 2f45 13ed 2fec 4c45 24a4 16f1 3cb6 2367 1b98 45e3 3ce4 7b20 0d7d 74d9
4579 4f3a 1475 6970 4c16 1379 4c0c 0f70 462a 750c 34e6 48e0 5282 7353 23b3 5432 2634 76b3 0cf2 0de5 240b 7aa8 755e 3ab6 211f 624a 0d4d 1dad 4235
1560 36c7 5229 2bc0 4734 26c3 3991 30eb 4e82 59e5 6a31 5e7c 5778 0813 3025 1931 0806 442c 5981 60f9 1bf4 706c 029e 1f6b 7c3d 703a 1c84 2d41 63b1
4af3 0df7 7365 161c 4579 19cc 52d9 50d6 724b 25e7 0529 40e5 4977 2f46 648c 37da 7d0a 267a 250d 3dc2 7d91 3c17 50e8 42cd 11cc 78d2 24ae 4de6 3876
1f28 3dd0 3f2a 0e6b 013e 0263 4368 7b80 15eb 38ab 6086 685a 4831 0076 659f 14e0 4d04 04fb 1b98 1847 554e 06de 0cb1 094a 7ee8 68c8 7d43 3c8f 7fe0
3e31 3923 24e2 19ad 1bce 45c9 1954 6572 02da 58e0 267e 0171 6da9 656c 5f21 0eea 2ec0 06e3 3f24 018c 79b1 152e 5c3f 66c7 0137 3dd6 7758 6e33 082e
2251 3060 0e31 40c9 5199 557d 09f7 3c70 5fb2 2f39 74f5 353c 73a8 4b0e 0bb4 338f 5dec 0beb 6303 3737 1c95 1ff4 2e37 22e4 1004 0b03 67ac 3f80 1be7
656d 4f09 5138 6da6 0cdd 68c5 2516 29db 462a 166b 07cf 6787 0fd3 2b2f 26c2 2883 24ac 330c 4fb8 6b84 0c0e 1631 7304 358e 161c 06d6 2f6a 448e 31cc
2256 143e 2207 43f4 4c20 620b 5f16 0aaf 55e7 322f 30f1 4401 35be 7975 4100 1ee0 21cd 7b0b 61a0 4c3d 428f 0cc7 2fa0 6c87 3855 12da 15dd 2139 5282
59d5 7883 13d1 261d 1540 2623 173e 1df2 6388 556f 3a4d 065c 00eb 065e 71c1 0911 6b27 50d0 5a78 1312 3f9f 51e6 764a 7a26 781e 2ed0 1db0 5852 2c6a
67db 0c65 3ed0 4e88 53c5 4b0b 48fb 5da5 1fa0 27c3 4614 2a14 0a9a 54a0 50a1 7d66 3a1a 29df 6cf5 1216 4059 5526 6d4e 2003 1082 6529 2aad 2c66 36c1
422d 59dc 2322 3c4e 60d8 25e8 6643 7d1a 4d91 2e44 2952 69aa 1523 4123 03b1 629e 2dbb 4c92 5e85 7360 6972 632d 79b2 7647 6fbf 18e6 2ca5 5783 4357
1c51 3afd 14f8 4be8 52b9 660a 26de 6734 03cf 3ac1 76bb 256b 7144 2478 615b 69a8 0638 408a 5890 5a94 0e2a 4381 2a95 540d 2811 0e3b 2ec4 032e 5890
3dd9 5133 0222 32ac 773c 792c 4f7b 6a0b 599a 616f 2453 4e0b 54d1 3fdb 3147 13df 7bf9 4d95 35c4 4f8c 4ae8 1fda 1c5b 3583 1856 32b6 2184 0954 1b1b
1835 3565 0fb8 615c 1db2 69f6 4ea6 0fc8 0c01 1ac7 277b 61ae 5a51 6d27 3cea 7f7d 0aff 7652 371c 3720 1f92 52dc 6d9a 470f 05c3 3100 74d7 6b0e 2bff
2b00 188e 29f6 316f 308c 1870 4281 1e8f 5b06 4f1f 45b3 1585 17b4 76c2 77da 1586 4b6e 5ff5 0ba9 2b16 15cf 1434 5c5f 481b 0362 5aa8 64ab 7ba0 1aac
0c64 57a8 4b14 1c66 4018 1c4a 77db 5086 3f1a 1b4e 0a55 5923 0460 6e6a 7ba1 3e37 444b 6382 1fc8 1e6f 53b4 7929 563f 4d87 0e8a 72e4 59b3 2fce 26a1
7f0b 1890 03d2 77c7 7939 744d 4b75 012b 669e 5646 3a40 6ba5 28ea 4908 00c2 2b2b 69cc 3d66 1220 177f 42c4 2700 1ebc 6e4c 312a 4d45 50dd 68aa 760f
7d93 0059 3d8a 57ca 5cf3 0869 0dc2 37ee 6e50 715d 633a 2a99 4991 1079 2958 4e42 10cb 1843 4310 693e 7402 2832 313a 7305 6ca6 1cfd 40a3 38ad 7307
507b 3d9d 46db 61b1 0f42 666b 7195 7fc9 7d2b 7dc7 62d9 7965 0c19 7a91 00d4 6a1b 79b8 014c 1296 619b 6276 7845 66e1 2a66 57d2 7d9b 0023 69d0 1801
3f93 6850 4615 0b96 1a21 710c 0478 6627 1685 53aa 2bfe 4edb 3f37 568e 1af6 1ef1 3776 18c1 4668 78aa 2b15 051e 406c 346d 0430 41a5 59b9 24a4 11ec
26aa 06bf 30c0 639d 1b10 4320 773e 0227 7951 4083 7823 7f88 71dd 7c6c 4089 7950 000b 34b3 04e0 394b 6af6 25a5 5a2c 792d 2d2f 7587 7226 2082 455c
507f 6228 64ac 0ac6 06c8 4e5c 6bbb 0f52 4cf2 44b5 2c32 2e44 7ef3 2738 31d8 5650 55a6 1c87 4722 50dd 0b85 2366 5e86 426f 1d71 7aaf 3542 16ad 3a2b
6b7b 3b82 4db7 688c 74c1 3a39 32d6 70c1 2b8b 3e11 2de8 51ce 432e 1282 04df 5cf4 3111 27fb 58cb 7abc 4f89 7ad7 13e7 78a5 5d45 4474 558c 5b0e 0d95
2d4b 0eda 08ae 7939 656c 4061 4f6f 6ad4 6973 0257 7590 0d3b 44fc 2182 19ec 4ec2 23b0 16c5 1d12 4fd4 75d1 5679 30f3 7860 3634 77ec 1771 3208 2215
6e7e 49da 745e 12af 1b19 4c90 3db3 0ab4 688a 0686 7532 2002 1a2a 2c64 2232 2f61 5925 2539 6ef4 2c97 20cf 72a5 7478 270c 4b6b 1b8e 64a6 3bd1 1ffc
5311 6f61 58a0 327e 1cf4 2b43 56fe 2dd4 3e09 2578 5a5d 14e9 5c8b 427a 1c9b 2c13 5e7d 2196 578a 5070 497e 6972 173f 4f28 1d4f 2ba4 029c 6bb1 0b8f
3d9a 28bd 7bfa 6566 5027 4e2a 2474 0af5 4b9b 0bd1 7c23 601b 062f 4511 4776 1dcf 530d 20d3 3271 7178 047a 5b57 6fb7 2c09 0a5f 35a3 6b07 0fc1 6ea6
2f98 15b3 634c 01b2 2a71 7d7d 5e59 3d66 7131 5e4f 11f9 2d18 6b10 3d65 477d 10ea 7580 44f8 5b38 2b79 4053 4f3b 2ed2 2d6a 5a17 2f22 503c 5b78 3aed
12ae 6843 4ee8 6b21 4f19 4505 32ec 4b82 08de 0541 423f 5671 63a3 411e 6eb7 1482 6b79 3289 660b 51f5 13f1 70b5 76e0 4843 21d5 0bbe 5598 640b 7644
0568 2af1 70a1 7d66 50f7 1910 6d80 13a8 4e04 4c08 458e 6a67 120b 544a 46e3 1d4e 39ee 14df 120c 45fc 5431 26b1 15a0 305c 7659 29ae 29bc 7e37 3b86
1b68 23b4 3a7a 39bd 2f7b 0a66 77f1 596f 0f9e 0ba3 206d 6148 3801 71cd 190a 7066 6ffd 1a78 7324 4071 4d1a 0993 4a54 4f53 4cbb 3d60 4e8b 67ab 3077
770d 6574 0d83 3668 6765 5a4c 4817 5c6c 7b6b 37cf 2b14 33de 181f 7a5f 5447 7f4f 60e4 4e00 3553 6f4d 4ea7 3818 1547 009b 457a 0d41 5f92 79a9 5039
18aa 0057 6748 2e51 077c 4cfb 579e 4f1c 5153 52a4 7bfa 6ed9 7ad8 58af 1585 23c9 4d29 4e6d 4c57 4047 4fd9 3d16 6ba7 6d16 1815 3c0a 3353 5e6e 507a
4a09 01a6 1d46 418c 15c7 6602 7bf0 02dd 31e0 5c50 61d3 1216 3491 6d49 5912 460f 73cf 4493 4e20 1886 04eb 5a21 45d5 24cb 247c 542b 2805 3974 293c
184e 4a51 7f0b 7af8 4c00 6125 6c59 06bd 41b9 6d19 0624 41d2 4326 5de0 518d 0de7 7ba3 3d25 7244 7fec 17f3 0bfa 0baa 0564 1a2d 5e98 2431 4e6b 5601
20dc 5b78 1983 5050 1ca5 11fd 63b4 6c6d 6a85 5678 2f68 5fda 6ca4 245c 5028 75ab 63fb 628f 7ed9 22ec 530b 5bad 730b 2e0c 1c88 6e3e 2073 089c 37c5
4835 4a6d 61c0 5f56 4de1 069f 6e75 3682 0261 5737 7ca8 2071 4cd8 54a8 1705 298f 03dd 6d80 73b8 067d 0d4e 193c 7922 36c0 1bfb 79d0 1126 6ac4 08bc
71be 40c9 6273 4a1e 14bd 4191 6778 1fab 390e 67bf 7dd8 4455 2def 4449 3bf3 68b3 017b 4c5a 69a6 044b 06b4 2bb8 5f59 6b5a 7c4f 275f 258b 6e58 4b08
29a1 549a 7308 5927 63ac 67f1 2f98 16eb 25a0 5b2b 686a 3774 2741 5d64 2fcd 5a3f 325d 5a81 2f06 0d0c 2719 6a34 5dca 5ae6 309f 5575 6b68 127d 5abd
1235 51cf 3cff 4a27 1807 5282 3fb8 4569 2a50 7afe 602f 0fc1 61cf 4c65 719b 23a7 6c12 7508 3af4 4896 2f55 6194 3bc2 287a 1457 6c0e 1f0a 1630 4922
2169 4c4c 6589 6123 18b2 0c4a 3e9b 14f2 73a7 5b0a 1a8f 4f5a 4ad9 0831 76bd 7445 5465 432a 526b 12a1 6a6f 0609 12ed 05ae 1dc4 5528 1c3c 6c9a 139c
17f9 4c76 11e3 743b 6219 2a7e 7d9f 6038 0e46 4b1c 0fc9 0615 3f4d 6c98 4076 432d 5583 1e2c 3c48 4e93 29bf 6f21 3a8b 19f2 78b6 6256 6acb 4d78 3782
6e1d 1c0c 3c1b 4576 047c 350e 6401 5d84 3d0e 3a38 59eb 336f 1f57 12a2 28f9 48f2 1cab 7aeb 0c8e 5076 1670 04d1 1d0b 2a65 0913 52b9 3cd1 5d57 3aac
6e84 1a50 7247 22be 0c5c 3358 432e 11d4 2a56 048a 6d83 13ef 096e 0192 585f 42c3 1637 042f 6ecc 1145 1407 3f7c 607b 0ad4 3e7b 5379 3641 2aad 2c8c
2309 1a70 7cd7 511b 5e38 1e9e 7ae6 6b73 79d3 268d 782c 056a 0c64 1388 1a04 1a7e 6a78 275a 378a 6c2f 2ed6 2da2 7566 68ed 22da 1991 73d3 4804 18a4
72a6 7aa1 447e 32bb 4017 40fa 5786 11d7 7dec 522f 6582 24f2 476f 0c11 2c6d 2e41 678c 5f4f 41b5 3808 4b84 43ca 5b21 265c 490b 6554 4883 2568 05d5
18c1 598e 667e 5192 2a5b 481f 5de4 3604 1786 3f76 48ab 6807 046d 43da 4283 4b64 54bb 4ad6 4563 0de0 01b0 5183 1dfb 2911 36ac 1579 3b52 78d3 2975
54b2 3fbc 7aeb 1f66 3aa2 1216 37d3 1172 4dd2 6549 7619 1282 3d82 1271 5f39 44d3 5bd7 59f9 46b7 68d8 1eeb 4b97 48f1 18d2 3b7c 2157 6426 1756 48c0
1828 01d9 5c31 1542 07d3 0c59 6c5f 4f06 5e45 02c5 10d4 7f4e 1c6c 2861 769a 43b5 43c1 0542 4106 708c 6b6b 2d7f 3bde 32cb 74c9 6107 41d5 1951 4eef
5c36 3c13 38ea 1b8f 5fba 736f 3055 2915 37a7 635a 4e4e 2d72 4a4e 07d4 5b16 3c4e 7782 1465 2187 62db 1aee 1ccd 6bf6 3e1c 38a7 2323 1f4b 0c83 1995
4bde 0496 3852 7809 19b0 0437 7002 3f34 3310 3e28 006f 5dad 4918 26ff 180b 5747 5bf8 427e 6304 7e14 7781 1aa2 5af4 049e 1f88 7e76 731d 53bc 4993
798a 6e83 029b 701f 35b8 17f4 2fc6 6691 0bb1 4d32 23e4 6a1c 5912 2d7b 7bce 0649 1d5e 606c 0b22 4fd3 75fb 74ae 7130 5d2d 7120 5de1 1338 1867 28d7
2c43 1be9 5568 7ee6 043b 37d6 4774 4de2 5dde 2093 2e75 5b1f 3dd1 4251 174c 7594 0ca9 6c57 1e69 15d1 2c6e 0ddd 0200 1008 780a 7f81 0667 5aba 0168
6b2e 7f0d 7cb4 68ce 147e 6a10 6ce0 5219 7221 24ea 2073 2ac1 17cd 2aab 1f95 27f4 4fc2 6884 4e95 31e4 1d05 3a44 2ddc 27eb 2858 59ed 2c0b 43af 1574
1caa 2a4c 7f2b 3637 7317 7bea 4207 1512 05a2 5acb 5f41 7852 5456 0ebe 3c32 3b2b 48cf 0f6f 1d05 6075 7b7e 7d33 17d0 210e 0289 1863 272f 03af 4eaa
4293 45cc 52a3 153a 5913 788a 7332 21da 6ed5 77ec 48a2 3cae 42fe 674d 1f13 3968 4feb 08b6 04b9 19a4 0db2 509c 210b 5720 7117 2b85 07c9 6c66 579d
3943 02dd 0f09 0d17 34a8 173c 24d4 1630 21b8 754d 61d1 3381 42f1 5182 6504 456a 30b6 5657 1eff 0327 686d 67c5 22c0 219e 4981 7006 5e4b 196d 6683
54c7 5e6f 6e7d 6927 4720 7732 5254 2948 21f2 5774 373a 4b95 303e 1888 62f5 1876 1d56 4a37 2748 6c69 0cad 30f3 52b4 57e5 43c5 2efe 2129 6e31 4f26
3a91 61a2 1e47 1946 45de 3520 5047 7683 34bd 6dd9 748e 6ee7 0c2f 4575 01ce 3bda 617f 5e95 35f6 4cce 4080 1037 656e 2958 72c4 6093 669b 50d5 64a1
1333 713d 4ea3 54d6 7e3b 4b1e 03be 4b6b 4583 681d 0a1a 2607 04c9 1f5c 21c5 4c1c 763e 0aa9 7396 0fd8 6c73 4ea0 11f0 1b2a 637b 5ed3 71df 4883 0563
1333 1fac 2c5c 2343 0c05 1d56 6813 37ca 2266 7e4f 0f03 0fb4 4ce9 4976 5e64 2b34 3a09 3e64 4d56 718f 1f91 6021 15ef 464c 126f 2a92 6a42 7ac8 05da
55d2 6d32 3f08 738a 0567 681e 2432 5380 4d5c 7f35 6745 7bcf 5f91 32b7 512f 5b0e 2d6e 6573 0564 3fb2 4001 266d 3e6c 204c 1664 1195 1ab8 5923 71db
64ed 0a66 3a6b 674a 7b3f 21ce 1e37 4ac2 4775 5ea8 5721 4503 5391 6269 78d0 7a80 4d03 1561 352b 7870 04af 5a03 6f29 6cbb 1a44 0588 4e5e 1de2 23dc
6854 2f19 0300 698a 5cc9 0af1 214c 5d5a 63ab 7c61 111a 6b8c 4115 217b 0b44 530e 609d 07ba 5350 291c 2938 4595 417a 7dda 0036 6dc1 2c0c 5a82 32fd
0fae 10e0 51ab 54a3 79ef 25b2 3304 6235 18e0 3a59 1833 22b2 2bcf 3531 2681 1fee 6619 741e 0004 6644 25be 45c5 353f 19e2 6bf1 325b 1b01 3409 6c10
3887 3e5e 5729 08f5 0918 41cb 1a88 5cc9 69e5 45c3 2b53 1973 6aa0 780d 27c4 1e09 019c 3ff3 19af 105d 0392 3095 3b1f 61ab 2855 12bf 0dde 5764 50e2
6845 2b0c 53eb 3008 16fb 139e 7517 0739 2d07 6dd5 2278 6b86 6cf2 2e20 7760 6428 6fee 1d12 02e4 1334 1f1e 7371 429d 2aa2 2284 037e 0b17 0e26 388f
1c63 4ee0 2b45 1965 2a57 1277 5a76 49a3 1c52 52d9 7031 3a6a 24c8 162a 1d9a 31bd 36a1 024c 377c 7e55 5dbf 6668 3591 35ed 689a 1917 69fc 1d11 450c
389c 5f3a 4304 41b0 7879 7bbb 1381 2df7 2888 12bb 2774 6453 204f 11f0 256e 39c8 54dc 5037 468d 3d4d 4ed3 5b8c 33e0 619a 7a91 0bdf 1ee7 3ef5 6c7c
7807 287c 6ccf 5e82 06ce 6905 3726 4539 4fa2 4b20 59ac 3d69 2de9 7e4d 1f1b 654b 5d36 0e71 33ab 483a 20d7 38d9 08ad 30f2 7114 56fb 6f3f 7aa9 422c
47c9 1d4a 4d72 72ce 6c78 152a 7cf8 6112 6fef 5ace 6c3e 74dc 57db 4886 11e6 6536 13c4 221d 28f9 6934 6348 4430 6c05 1bfd 1c7a 179d 773b 1fb9 15dc
31b5 3b4b 0f09 6310 2921 7e08 3f50 4458 4234 54b0 2be3 1144 4eeb 0f76 3bfb 4d66 2ec2 7d2b 2011 6940 0129 5471 476d 01b7 2ca7 336f 30ab 3827 5e54
3c29 1571 32ed 02ab 0a67 3a71 70a2 58db 3380 49f6 01ab 120f 1641 0c69 4a50 6530 57f1 2e5e 545f 4328 12f2 2afb 79e9 5eb8 4961 60ca 52b6 5960 73a3
71bf 6aa8 3a90 57de 1b04 2471 3e38 60ab 6a33 3bda 6c1e 485c 6d61 6bbc 3c55 42d1 724e 5730 7cfb 2499 4306 0720 75ef 09d0 5b18 2f9f 1a08 2eee 5be4
2007 4251 5c33 2a08 5048 23c5 7a7d 1b22 4029 62d8 61d4 3613 789f 627d 34f6 10c2 1636 5476 0f39 2bd3 1e59 7dcd 6d7c 22e5 2ed1 7811 3301 44a2 2fac
6823 4aef 566a 3ab8 5eb5 3135 3025 003e 218f 5ad3 4e48 7732 0144 7ea1 2631 6f61 09f5 7e01 6fd7 2355 06e2 55c4 6ff4 3ca4 2fc5 587d 51d9 6da2 1e9c
09f8 583a 0039 7670 3936 6d75 2ce7 4db4 5a19 3b47 6d6a 3f80 5dc2 61e5 6c24 146f 30dc 6857 184c 0ec1 0d30 50f4 76fe 1344 4241 529d 4850 79a3 19d8
612f 04d2 6c79 3f59 3349 35ff 1827 089a 6d39 4652 399b 50c7 7a90 1c3b 1497 4711 12c3 5206 1e9b 5145 0da1 6d71 5787 21c9 2e86 6931 2b40 3a79 4011
760e 165f 29c0 163c 62ef 492e 4209 350f 324a 5302 4183 1b3d 016f 46f9 37e7 049a 1ec8 40d6 5de1 18ce 3e71 3858 7158 5713 7eaf 5ef5 3599 23f7 2bd9
03cc 72cd 05dd 02df 6f48 509c 6a74 75b6 2ffc 353c 7bc1 4e08 345e 15d3 2275 4268 32a3 765a 6b69 500f 501a 2e76 3936 6b0c 6b4a 4ee6 289f 75ad 3bda
3fcb 5ad4 787e 7e4d 09f1 4dbc 3cbd 387b 6aff 6a81 076e 6efb 719a 4c09 339a 3d0b 31a7 27c4 1b59 1715 55e3 4fb1 7baa 68be 0ae0 43fb 1490 0273 36d7
61b8 5ab4 029f 5930 1c3d 3405 28f5 5d56 56c2 68c4 5e18 2cf6 5342 77a2 1247 6edd 3e4a 3050 2368 137f 7f13 0125 08dc 2e96 4491 28de 78b0 1f88 64a1
76b5 38d6 3921 12a0 13ee 6a65 7077 0d0f 12f1 7c3e 5c03 34fe 2acf 4d2f 5760 1639 3b2f 33cf 1ebe 683c 3b45 53c7 15cc 6878 4d5e 392f 287a 6f58 49b7
0925 3a03 6abf 17e7 1d72 0ece 5eca 0364 1602 712c 3dd9 1d5f 7cef 5ece 1920 2fb1 3148 47af 0769 6619 4fbd 36aa 0865 68d8 5458 43b8 2adf 0610 7bea
48d5 691d 36ab 4066 25b7 2f81 709e 07d2 752c 17e1 6f7d 0230 6262 371b 1cd5 400e 1bf0 4f90 6663 1c7b 01a0 7cf8 7c18 4c3e 0b6d 593d 4222 785c 720b
38de 16f0 70a2 719c 5059 57ff 482e 24a4 3e2c 49f1 4f87 029c 4af8 39e3 15cd 0804 40db 43a8 7f76 5970 4fdc 7603 4121 604c 642f 26bd 3ea9 6f23 7327
2e76 2d51 4d78 042a 5e39 0daa 4534 1eae 0742 037f 765e 3be5 62a9 2655 5ce1 600b 3c4a 282a 3ce1 7e07 2333 0ce5 013e 161c 511f 5b99 1458 3666 2cc4
17e1 74c9 2597 2365 635a 08bf 0a92 28c4 51f2 6475 1daa 30c9 010f 7d90 2cb4 5753 21c4 319b 4671 0cff 0ec5 0e35 01dc 681a 3b55 4c36 3244 1849 728f
632a 2869 77f5 338f 4058 406e 1997 546a 5d96 6ef2 4fb2 6113 300b 0599 0bfe 12e3 0740 2873 7a44 1b72 62ca 348e 4641 5b04 5c81 6a09 6c2c 0e5b 2931
58ab 444d 1174 0958 09a1 0d0b 322c 555b 25cf 0fd4 5ec7 01e9 0dd9 0585 1477 34b1 50d1 57cb 7327 6a5b 1912 60aa 2548 4ea1 67c6 18df 1d08 3c22 58d9
213f 482e 3dc4 340d 4857 225c 2d08 78ba 3933 2752 5c4b 6cb7 4c63 74f7 7264 2705 7830 29a3 77fd 72c2 6c6c 0eee 0bf3 1247 5703 598f 4e00 5d61 6425
2d3d 1b55 5752 321f 01b1 631d 0e65 21aa 0e7a 000a 0e8a 2181 605c 6a60 71d5 4301 79fe 19a8 7386 09b9 7478 3d6f 179e 6264 169e 2745 00b3 5572 37ee
3483 1e9e 1d5c 37e5 2016 6128 73c9 06c0 3677 2858 39b3 03bc 725a 2497 6ac6 5e3d 0532 124d 3c4e 15b9 26e4 5276 5380 2c80 2d4b 69e4 6ac7 32b4 375a
5c6d 1d31 2ce6 66f5 24ac 3871 53a2 5da3 054c 4127 6892 6cf5 04cb 23f9 439c 3619 2c20 54de 61df 5d67 4f95 6a91 1ef9 2f3d 6941 0a37 3de9 49ac 7d9a
7acc 0b1e 12f5 1bcb 0bf7 39a2 5eb4 65d7 3196 7516 6c51 4d06 7403 53d5 7dcd 1e2c 7073 68e3 5e61 4217 02e7 57af 535c 4fd6 74e2 316a 3a88 7928 3cf3
2d46 2e01 215a 4ff6 4684 3367 16d8 23c9 06a8 468a 147b 60e5 58c1 5c83 3440 14f9 143c 0d85 7cd0 1979 3c38 2504 17d2 7785 31d8 6391 272c 376d 2952
515d 796e 79e1 5c99 4730 0db2 500e 3e97 4625 5eaf 7e1c 4a74 7a90 6501 140b 5586 29d1 4017 0234 09e4 4a55 158c 3a14 62a6 6790 4fb9 2127 3c02 4231
615d 2586 5d0f 483b 0ca5 331d 050f 532a 5074 6963 2137 2419 7f92 1a74 40eb 2412 58b4 5911 02ab 67ab 7300 2213 0536 187b 5471 6e04 3581 1250 7c31
08ad 514c 7451 1cb6 4569 6dca 0c9f 348a 5843 5274 6848 6b91 02e8 62ce 3e9d 5c79 60a2 457a 767d 4980 008c 21bf 4f28 5a28 6a8e 055c 50e2 261a 382c
3815 550f 2f1a 5f82 2d23 6062 4466 5d1b 4328 49bd 53c3 3156 7438 3e19 49b1 2535 78ba 0453 32e8 2212 301c 3c79 1236 2ced 4686 5528 1d51 4212 4fae
1b65 0dfb 51e8 54e1 3c4d 0698 36ae 6ce4 4fe8 0f52 3b0c 78fb 6a06 4d2a 10b0 4a54 206d 109b 2c19 55bd 0563 2002 23e2 2c36 0a4e 286c 0599 3407 6a11
3a07 36de 12b4 293a 75e3 0432 3401 76b8 2a76 03f3 70d9 089b 503c 1c83 42d0 20f9 7bc7 7078 15f7 51e9 3eb7 168c 5ce2 173a 6f95 7aa6 72c5 7929 2f5f
50da 46c7 224c 494d 52d4 6d41 0c96 5532 2a4e 7279 6d57 70e7 724e 71b8 7777 7453 7acc 5ae4 7182 28ee 302a 7687 4e23 095f 4bf8 11b5 1d10 5af3 0be1
28c5 1d40 2920 0379 109b 004b 7407 01c3 5a4f 7f67 5057 58e1 44a0 6276 66bb 1be6 28ee 41e3 6392 26be 1533 7c7a 3eaf 7710 276a 45a6 3c4b 6692 7f0f
4785 5c29 5a0a 4e17 4786 08df 1127 7a5a 7519 07f9 067d 2976 1ab6 527d 5b62 5f58 0f21 1693 74a2 11d7 5d28 25fc 508f 014e 5a98 7576 63e2 382a 2c38
08a3 7d49 2e72 3d39 6c3e 2eee 62ea 17ef 61a0 1383 42a3 4901 2e48 0e74 017d 4675 096b 2463 5b40 7616 13c1 655b 6161 5aca 1d40 6e13 048a 342d 248c
4520 17d1 5936 68d7 79e3 740d 13ef 3901 7a23 2498 3967 4009 6f1c 2051 5507 6757 35bd 180f 1655 5a87 279a 22c9 0d07 6586 3ed9 0da2 531f 2327 3eef
4a65 7323 7f1d 702c 457a 0086 4e44 43c7 1e50 2772 6403 6899 1119 3ac8 03da 65f2 5f3f 1180 1ac2 6914 0c95 0e92 7ec8 6398 4973 2389 56f6 622b 1bcc
5e89 3fff
16de 3fff
5ec3 0000
53f3 0000
3ead 3fff
3ebd 3fff
1c7d 0000
2095 0000
0395 0000
0f0c 3fff
590a 0000
66c1 3fff
1133 0000
1d11 0000
231f 0000
2dda 0000
7c37 0000
2eba 0000
1082 0000
2b50 0000
41a1 0000
16d1 3fff
43ac 3fff
3fdb 0000
7d6f 3fff
3435 3fff
1c98 0000
7140 3fff
2d04 3fff
4b50 0000
6ae2 0000
7e14 0000
5fe9 0000
0423 3fff
40e8 0000
6b1c 3fff
5305 3fff
2bce 3fff
52d7 3fff
700c 3fff
5431 3fff
326e 0000
6e4e 3fff
03b3 3fff
1c3c 3fff
2f1c 3fff
10df 0000
181e 0000
4798 3fff
07f7 3fff
27cd 3fff
7658 3fff
1258 0000
7c89 0000
71b2 0000
5481 0000
6502 0000
32da 0000

2a44 5b7f 311c 0c21 51db 06cd 4b92 4010 71dd 056a 041d 3494 7300 52ab 57c5 6066 3353 6a5b 4ab5 5ca9 4699 603c 5820 3a40 1211 6f08 74a1 2c1f 1870
1c62 7df8 3c88 3aba 1269 7dcb 30c3 4ed0 4ac9 1966 0c3b 2552 567b 7f67 4a1e 5c2c 40a8 5907 7e0c 4cfe 4fc3 3e08 4d9c 02c7 61f1 44e4 4e4e 1b4d 7152
1e45 201c 0f55 427c 3420 4a42 068e 1e7e 3cfa 6a59 526b 7ca4 60a6 194d 7f77 3540 0884 0b2c 7114 55dd 7a49 370b 2ec4 44db 5f2e 1409 17b5 4dff 75ba
0848 30d7 3a82 7e93 2452 2d76 370a 7caa 338f 67b2 29e8 4603 0b7f 394d 1d87 0ccb 2a02 5098 49ac 79c9 36a5 413b 383a 781f 581b 5c4c 1be6 70ff 67b5
1f28 4e28 6f42 43d7 71ea 5dc8 6dc6 7c57 7424 5028 34ff 6038 558b 3da7 1af2 1d67 31c6 2ea9 000b 5409 495f 6f0a 530a 7dad 68ab 649f 31b4 755c 0834
56bd 78f9 3075 6d2d 01ac 3ffc 6fb4 7d10 6ab5 47e5 6f88 0af3 238b 40cd 6f54 1a50 58ff 3a45 2279 2f48 56f8 30b8 5124 73d3 36bc 2bbb 12da 3a69 1a1b
6299 5315 7ec7 0cba 7736 0ae7 50b4 6766 56ae 2f30 01f2 29cf 162a 678f 7183 31e1 1019 114e 5390 406f 30ab 74b0 75d5 3b57 2506 1e2a 2f66 7da0 1eec
5c5a 7b64 4926 4559 1687 612d 1d70 2253 56ea 2543 399d 651d 5e90 2e32 2de0 2ea7 093d 334b 2afd 6632 77ab 015d 5e10 515d 4290 7a6d 149f 2e61 4a28
562f 53f5 4f49 20af 0428 3ce3 4a96 7af7 1cc0 3a6a 4938 17d1 121d 3a9c 60e7 0b2d 27bb 6cbe 6674 7c90 05a1 546c 3ec1 1df8 6dfa 6651 469f 3fe5 05f5
12a5 15c1 0692 406a 4b49 31dc 13b1 3a01 2239 003b 4154 38c0 6151 347b 782c 5348 5d17 48d3 1d0b 5773 0a4c 6e78 76dc 0a9b 0b89 0d01 6212 0982 4c62
26da 10e5 134a 36aa 3ebb 0f57 4095 4fef 2543 2cb8 02c1 42a9 0cc2 336c 1dfc 32c2 6aa0 7e95 1ac4 29fd 4a2f 467b 1a22 2d57 7fcf 3494 7c40 721e 28a1
0ce8 7346 3ca2 6e36 23a1 4623 1eae 79b0 14a3 7e4b 37a6 16f6 32a9 44a2 6151 6e9a 0f25 10d0 57f4 0358 594c 3f6e 4d10 746b 7cb2 2b90 3352 5227 2740
7e8d 3792 1e9a 6ad7 6366 4d89 6625 21e2 7f09 479d 053c 5752 7d7c 13e6 6ed7 64d3 72e6 751c 7de9 7de2 7cbf 03b7 76fa 5d54 5950 29b3 335c 4010 6cbf
086a 3886 36d5 38d0 4c41 587e 4c5d 4f34 0474 14dc 397b 0c6b 40f3 36d8 46a9 3304 5d27 7f78 46bd 385f 1d5f 1c81 2a79 54f7 7967 20a2 5db5 1c0c 4f2a
5b58 3f3b 74fb 373d 5ecf 2d08 3f04 00f8 4e22 3223 7bd7 272c 706e 63d4 6106 1312 12b0 04f9 5c12 19f9 5f03 45fc 2d35 463e 24e8 37f3 348d 26cb 535a
3fe7 1164 3ab2 48b2 07e5 448e 65a7 5ece 419a 5f4e 520d 1646 07d9 1828 0928 1d7d 0653 50c0 0a43 5130 733e 48fe 2cd3 3bb5 4249 40eb 7ab8 21cb 6ee5
428f 2e4c 2c8d 726c 4f24 2c22 7b02 7cb0 2cd8 369d 1a29 7077 34f7 4b61 7253 199b 01a1 07eb 282f 72f2 1834 510f 6d5a 0841 7b8d 2af9 6e3b 2a44 141d
7b8c 5a0b 11a5 7042 7930 28c6 3acc 5c3b 6159 1b18 3869 3adf 2a07 0318 43c1 1fc9 0c0e 4b60 7bcc 2094 0212 2105 7e68 6c91 1d2d 4abd 0c75 1354 7d4a
0b3d 0eeb 2a52 2269 3076 0658 35e0 3f40 135f 0be7 2646 5cdf 1e6d 2ee3 7066 56ba 7577 1ebc 24fb 580b 78f3 42da 7f9e 5a02 75c2 30d9 5d48 7892 23f0
2d41 3f9a 54df 4506 2e32 2050 2710 7d3a 13f9 4430 133c 7caf 50c0 59b7 1867 55e4 14df 1ade 1f6f 561c 0707 624e 2370 57e7 7652 083b 5d09 3287 6742
3dcd 0ed8 1766 2bdc 014b 1129 7ac4 111c 611a 7d1d 2554 1148 7298 6d9e 13a1 30aa 4a55 0660 6673 6cdb 6e35 3df5 5b9f 3399 17c0 7094 1056 2c7a 17de
3a6a 79dd 4523 0f31 1c35 5bd8 0887 4ef5 0211 30f9 39ea 7047 7876 5294 665b 017d 4a9d 2b39 7791 3c0b 3343 7002 6b58 3c53 4e62 0229 6098 24ec 622f
6c9e 0a1e 0cdf 05b7 03e7 2763 429f 61c2 498e 20b7 3ea8 276a 54dc 2903 3658 5b40 38e5 08b5 7b66 12c2 0e25 4e02 2a2a 6e69 113d 7285 14a0 3011 7ba8
686f 3c89 75d0 6a05 3db7 62fd 1a5c 7ea7 48f9 7be1 3413 5b0f 4c17 7d21 7369 5a64 149b 4b4f 4edf 7235 503b 6307 7365 6e26 4962 3ff8 48fe 454b 7f7d
0e90 17a5 4e10 47bc 50a6 4339 53e5 1535 3385 377a 1f74 40b1 4a11 3dc5 11a5 52e5 6445 3b2f 0972 2cbe 1e6a 1e45 10af 3384 052e 6d46 7597 1715 08b9
0106 1c52 2da9 61ab 75f5 3768 2681 5ff8 1f0e 64c1 1107 74ec 3bfc 5521 4bce 28d2 41bd 1d08 5eba 0d57 4c94 0949 6ae4 5ec9 6883 46d2 0745 7658 4e77
1ca6 53ad 17b5 778b 7a6b 6bf5 4158 34f6 5201 2594 0ef8 3a14 5b5f 05b7 1601 35f4 2718 7fca 1275 5a8b 3f74 2230 1a0d 577d 56ac 397d 2cb3 5155 732e
0106 42fd 34b0 62ca 0bcf 23bf 6142 074f 3e60 770b 1cd1 2ac7 450a 4b98 7f5a 20a4 22dc 4012 13dc 654e 778a 7760 7ee1 453c 060d 257e 610c 79f1 1394
0ac3 05cd 18af 75bb 7d14 066b 1014 4605 4afa 6b27 4fc4 07bc 4470 3165 6642 70d5 45b5 0c79 2736 379c 5b91 4013 7edf 42fc 4e4d 0641 6846 2f1f 2431
22ee 604e 2e71 1133 3e99 5dcd 5781 019c 1dcd 4515 50c6 7f5c 71aa 721a 6e59 3f3d 5326 3d09 7dbc 1d8a 0af3 5ed1 67ae 65ce 3cd1 1a5e 3e74 01e6 40e5
6832 1482 3e83 4de5 6c7f 66cb 4560 6304 61de 3e1d 4ec5 71c3 2e7d 6c7d 3372 4179 6741 2cb7 1747 2241 5787 6ce2 36b4 314d 706f 2e2a 363a 5906 4106
674d 76a4 6ece 181e 7d9a 4c22 2065 3d13 2479 5609 3588 6b46 591a 7e2b 0fc7 7744 58ff 479d 6c8b 2463 11cd 6088 68cb 3da0 5ec2 43f2 6115 1278 0e42
1fee 1f22 503b 401d 4c33 5ca8 42a7 7bf5 3e99 1089 2d42 760c 7bd5 1873 3d00 752c 5bb0 1505 787f 224c 2a9c 7e3a 6c06 1b0f 5c1a 7962 3646 2a15 74cc
5b15 191b 1851 1ad7 30ac 0947 16ba 2cb3 5f3d 169a 7f6f 075f 4353 3602 044d 732c 6321 474d 774d 2a48 552c 6a74 43ca 0e01 7d8d 3d5f 275c 1c22 2efd
71f4 4b9d 638f 144f 4ce8 69e8 1582 338c 2100 7dee 789a 2424 1544 27e6 0083 37c3 52ee 2ebe 6c90 4c99 1866 39a4 2790 52f1 2153 5b14 730e 70c4 0067
712d 43aa 3792 0187 3025 31cd 3c62 6c8f 3ef3 066b 5168 15ec 42d7 51cb 38d2 28bd 129e 4d2a 0cce 129d 4ad1 3f8b 2cbf 2b7e 11a0 7a77 3be7 2b43 56d8
049b 09b2 612a 5af1 3c03 7604 3370 79ee 56e4 2258 071d 0dd7 0867 2964 11e7 6c65 4641 7caf 3dec 0e51 4d6c 1c60 3324 7d4d 3fcf 0cad 0dd0 4090 04e7
37ef 09fe 51a7 1798 1ddd 0d01 7138 2bfd 37c7 34b3 3ef6 07fc 7faf 0c30 052b 6a92 4842 662a 2880 7af8 032a 692d 2811 1e50 7511 13fd 0ff8 72ff 79a0
428e 13f8 6625 4850 3d17 41cf 3dc5 04b1 21ce 33dd 2a53 2c4d 2c81 3824 2d0d 33ec 68df 1192 275a 0d8e 6c65 64bf 0f49 0257 1a36 1bc0 516e 246c 426b
4597 592c 67e9 408b 0928 5f3d 6c7f 6c7c 4a74 3a61 6ce5 0861 594b 7d75 5745 2270 14aa 071f 7d50 3486 4612 163b 0107 17c9 312b 4da7 1e84 2a5b 19d9
77ee 6e71 6c9f 6cda 7220 4d71 632f 0a2e 312b 223a 425d 5347 041e 449c 0f71 5c11 16c7 2c50 1f3d 3550 205a 2bed 6a5d 4951 6e6f 5f46 32a2 1159 482a
4023 212e 684e 30d0 37b3 57d7 16fc 73e9 5c30 217c 1f21 4994 7e54 48e8 6626 4460 0df1 0c5e 1384 0f8b 459b 3268 2069 6258 1a2c 371f 5786 6555 5f15
7396 7db1 4928 48fb 1f1e 50b7 73af 5006 784e 72af 09a1 781d 2b12 6f2c 0cf9 7659 6f39 654b 3eb8 7bee 54d1 6dd4 320d 1460 43b6 428c 7e62 69ce 6cbb
266f 10c5 3566 01b1 12d2 4617 78c4 2df1 57e8 212f 4e77 5f73 5712 269f 6e81 7703 63b4 5256 27f0 437d 049b 44d4 4f61 3151 7842 4fa2 2466 3f56 566e
06f9 34c3 1472 2110 3a41 2ca0 10f6 4d14 64a1 793f 0ade 2ea6 1f61 629a 1555 40a9 695b 32cb 6c34 2a42 54df 7d7c 365f 58aa 181c 6468 302c 07c5 6dc2
6df8 7bb2 52d5 2eb5 5752 6f54 65ee 3cc1 1e5f 029f 3d83 731a 7437 5a87 68de 7eb8 1ead 4038 600e 62ab 11bf 51b3 1dc9 2383 3db3 0d9d 2ecd 455d 3d2c
0148 3829 4d5d 0c3b 76fe 3918 23ab 315b 4361 40b6 3a1f 389a 2e16 49d5 0426 20b5 48f6 4a97 5893 3fec 5775 2398 62b6 2e5e 36e7 0ce5 6688 3457 4b0d
0acb 27b6 2126 65a1 3fb4 44be 0f51 189e 7f6c 240e 79c3 4440 0f98 0dba 6f83 1528 0457 6840 3718 0ae7 7a81 1868 2e9f 5a1a 4d48 686d 10fa 48af 572a
71a3 2fef 1034 7cc4 2fa7 73ca 2c30 51e9 6003 122b 2046 2a1c 23db 53a7 1054 22ef 02a9 3892 5197 0302 7c46 0151 54b9 6e9c 0ce8 1238 746b 5f8d 6cd1
35c6 4385 546a 629d 703a 174b 05dc 4233 0732 1e65 6663 0c57 028a 3b1e 6f43 72f7 3472 4afd 6742 1fe0 23ea 2613 0b22 4266 636b 512c 5b91 5fb1 69b0
3e0f 0cd4 079b 5efd 21e0 14b7 55ae 4e79 2dd7 2fb5 68f9 553e 0e42 4a05 17cf 3dbb 0f07 452f 5a5d 7daa 2937 350a 441f 1f87 3584 60e6 35d2 7c63 6379
75e8 6238 23af 40da 013f 5ac1 11db 107a 26c5 6c87 454b 5d97 6c62 7c9b 1ea2 7bc8 1a72 411b 7cb4 71e2 7938 7f22 0d35 613c 12d1 0e05 4e53 42f2 750c
55f4 7fe6 1774 5e23 3ed3 0e72 0af4 1f5a 5f67 1e62 5e64 530e 2dae 5c5e 4da9 43e6 4cfc 5bd8 0d1b 0c12 6b93 0ac4 1d58 3a50 6bb3 1702 1357 6703 3f90
2d70 1820 6333 4bc5 31d4 39ea 3e80 301b 3349 338d 39c3 72a1 2d61 6717 1eb5 157d 015e 221b 6776 7e4b 2cfe 1514 7788 6974 2aa2 6b97 3b00 5c71 126a
4c06 4675 2a85 4a2e 68d7 62d4 17c1 1525 6a77 11f3 4d1b 1b8c 2eae 2fed 4836 2537 63d4 6999 3106 4c6b 16f7 17d7 2eec 76be 2520 7b4b 2ba3 517f 3083
38c7 21bf 6981 24ba 7f0e 44ba 5d20 5e7e 566a 2bd2 7bad 74b6 085d 68c9 1a66 44fa 4835 4ecc 3d93 48bb 4bc0 2fd0 43d8 4a46 572c 2fd8 6d2b 15a8 2ed7
6135 7668 1b16 5880 57c8 7d74 1c9f 6e9e 3f63 15ad 3f0b 1647 220b 4d03 200b 01f8 7306 2430 171d 1738 00c3 757f 5c86 42ce 4770 2bf2 5ad2 7662 5ac1
3aec 2838 11f8 231d 39ab 0a33 4de8 352d 7043 672c 1d5d 46f8 527a 207b 12e6 0273 4d7c 0621 30bf 38e9 06bb 7251 3e66 4c7b 29e0 0eeb 108c 23c3 6a6b
72ac 5ceb 4731 2c54 3a26 5e9a 4017 1fa5 7c6d 4b53 2f47 234a 4adc 5b90 65a0 13c3 0d57 5e73 58a9 305a 06d8 53e2 3ab1 2332 1486 06ba 69c9 0b9f 79fe
37ef 14bb 64d0 77e4 1e6d 6bf1 5285 3fc2 0304 6c66 32ef 0699 0c2b 0ac5 2835 0843 4680 30b1 5b16 78fe 3071 5d52 54c0 6cca 1036 7e99 521b 1ff0 1e92
4049 28bd 05fe 1ebd 19c5 4f28 4678 008c 5634 06c3 080d 7a60 19ac 3eb4 73ab 6c55 7ec6 2d6b 589f 4cd9 7ed2 3f88 22e7 0edb 76e7 7a21 6e69 3d75 3041
5189 7044 1c55 6050 21e9 66ab 44bb 1a5d 7018 64f6 0ce4 4357 0107 47aa 1e94 2023 4452 571f 2b24 7dc3 0fc1 2c46 3262 7d86 15d3 4bd4 1454 3fc2 4a09
5f1b 225a 529b 274f 5c98 0fa3 43fd 51dc 53e8 187d 145c 754c 749a 53db 00f8 47bc 21ab 14bd 6d4d 516d 4466 185e 5f06 3a51 6d7b 2b12 339c 1e53 65f3
2ed3 340b 035c 2e03 0727 7656 78b3 334b 2a91 710d 6936 4281 3142 5bed 76fd 5019 1a2a 055f 4ff5 061b 3c3a 64cd 3875 61d3 28ed 16a1 43b8 17f2 4f37
7ef5 4596 2c01 46f1 51ac 1ac4 40a2 7f21 6ed0 6caa 4701 4ba1 7355 6f1c 27e9 36e2 0bb3 696e 3697 1038 23cd 141c 7d99 5fea 1025 7db3 45be 413a 1f97
74f2 5602 60bb 500f 2296 3782 1522 1e84 2659 6516 5860 01b5 00c7 27f4 3f1b 1f10 1e70 5cac 2bc2 69c3 3258 585f 6e50 2138 6c75 47b8 3f85 4383 0e36
4567 7e50 0363 5c1d 0525 7e40 492e 5529 0083 77bf 40b7 68e1 2742 2a1c 6236 64fa 5317 732b 578e 070d 2791 04cc 35a6 36e8 514b 41a3 1a25 6089 525e
64ba 4c32 6312 5e1a 1c60 1ee3 4832 1f9b 3229 42c9 320d 5634 4c47 5f60 5c58 3c6b 71e8 1852 5f1b 6f74 61d1 24c4 65e6 7010 09d8 405f 52c3 122c 2e4a
46e3 55da 62b2 0890 3358 1dd3 5b04 3f71 1cae 6650 2456 0404 060b 25e8 7aa8 6934 24c1 7b5f 5482 3a7c 3f4f 61e5 5577 7c54 7c03 1e5d 36c0 4abb 2425
192a 4040 5f4b 2750 127c 23a8 096f 2a55 39ea 1695 3df7 7489 6535 51c4 53c0 34c9 01b7 7601 5580 460d 4ffe 21f8 67d2 593f 6efe 4e74 7605 18ae 271b
3433 22c7 550e 3174 5ea7 7e24 26e2 06fd 5edb 0561 5c44 24e3 13ba 0911 228c 7153 19d3 216b 2e39 13fd 689e 319b 1821 65bd 0332 1912 7c85 7c40 7ccd
2d2c 7c8d 22b6 1efc 726c 2e7d 32ff 319f 25e5 599f 2aab 08e8 1afd 3109 1f2e 37c7 3029 1f4f 6699 00fd 2bb2 78c6 1517 487a 291f 7313 5e5a 5bf1 3c03
6ad8 59cc 32f2 5e8c 2792 135c 6703 5f8a 6d66 7c4c 3316 6290 0b3d 11d2 00f5 1131 509c 1666 01b8 40ba 3159 009f 3642 5e22 683f 2911 695a 67bd 458a
793c 7488 4cec 02a7 6f77 6908 71b8 38d2 6127 04b2 1c88 4756 5a39 2ddd 21a1 0ffe 25ec 2c7c 2cfd 4a37 2f5f 6f2d 7ecb 1d87 0bdf 2134 4981 642c 50ba
7b98 6674 0523 3267 3507 6b0b 4f4e 48c6 1102 3fed 2e66 05ee 2cbc 6d08 6a54 0813 27d7 6910 6102 449f 3590 3073 47aa 3f8c 3911 174a 1aea 1ef6 2ac1
4d7c 13ca 49e7 004b 60fe 1b0c 0fc0 02d8 498d 7814 120f 57df 7458 6cfc 2945 0e22 26a7 02db 5cc9 2786 4d83 547d 6e9f 17ab 3b24 4fc8 6fe3 7535 7e16
75b7 2a26 4069 14e5 0514 3c84 3265 7cd1 2706 0b20 718a 4bfc 06e8 4733 1279 0e26 27d8 7ac2 628d 1a49 36cc 35c2 3838 54d5 4915 65aa 2021 04dc 7a83
2820 18b0 51d9 0d17 2055 7159 2460 0ad5 08e5 3091 2081 1067 763b 0e43 43d3 3be7 656a 7994 2d9a 37f7 1b29 230b 7221 268a 32b9 48c2 3091 782a 68af
5395 4b3c 5871 66a3 74c1 4f76 7df9 3b19 6fbd 7b98 1f6f 0a7d 0d5e 5d3c 55b8 776d 502f 417f 44bc 70eb 0603 12e1 7474 69b4 2cd1 58f5 03e6 1081 307b
1c5e 5a4a 6d64 6200 776f 12ac 3254 3f4b 24fd 1de8 2e65 552d 1ca4 1f2c 58f8 684e 7e74 5a97 3b79 1134 2208 5624 642c 7a1d 361a 0fd2 0ede 002d 0716
1b02 0738 0888 189b 5a73 62c7 2fbe 72a4 43d4 2bc5 16c6 759f 03cf 0076 4ca9 10f9 3493 2add 1e7b 61ed 1406 647f 1e1b 4d06 0512 2b66 53b4 7cd1 4807
6fb3 1ff9 162a 010b 25ea 6ef9 103d 7890 58b1 6bc1 1de3 6f3e 7381 6949 21f2 085d 5bf8 53d7 619a 414b 40d8 0926 6ca5 62ee 718a 11cf 2cf7 00a2 2599
4768 1fdf 59ee 26f3 599e 07e9 5b52 56da 3273 457f 3745 3f26 5880 61ea 108c 486a 09a2 694a 3cbb 7fa0 09d8 523b 5df1 3efc 6432 27e5 266c 3479 5f8d
4a95 307e 5e44 41fb 5d8d 18fb 7f43 1f16 111d 6372 0f6f 6988 4800 0de2 03d3 22c5 7f91 541c 2754 2561 3f8d 079f 76ed 3889 7940 7166 608d 5fc9 3b2f
72a2 78cb 5bdc 72bc 6b1d 2b13 31d1 57eb 158d 0933 6084 288d 35db 2a73 3c34 7cb6 13fb 3195 0de4 7592 740b 1af2 14d1 7ad1 1242 5291 7486 57c8 3d27
1ea6 2918 0789 6a09 0de7 4be9 4f66 0972 4fd8 58e7 286e 2701 507d 7a7c 05c5 384e 3c94 1c80 79ca 4483 59b5 1bd9 500b 244c 0fb8 7cdc 1748 7bf5 59ef
466d 4952 4432 40b7 3e65 3178 2ed9 1b18 0d00 5948 389b 7084 7177 2a41 6dc7 629b 4521 05fb 5474 1dd2 4f0a 3ca4 17aa 09e7 5e8a 49eb 7714 5e72 7987
0220 2557 0943 741e 7631 3409 6bfb 57ab 7e92 4f83 3e31 4fa0 3dd4 5ade 38c0 3305 202f 396b 1ae6 4df0 5e37 1c69 1f24 540e 1acb 5633 52c3 2d51 13b5
21e0 51cf 1685 743f 2886 7733 2c90 5d56 2cc6 386a 5810 12c2 1802 4e29 3796 094b 36d1 3cad 56c6 48bb 7566 1764 15a9 7759 7fd6 3f33 3ebc 3d9b 363a
66f8 7a02 4e6d 0295 4187 64e2 0956 24d8 02e7 3637 622a 7afd 180e 296c 2fbe 014b 7e0d 66ce 3ceb 7f73 73a1 0bdd 1214 30c4 074c 0421 6fca 5246 0323
50d4 33bb 1d9f 79e9 75f9 1dc8 7cad 5a26 2de1 7886 3160 5ba1 2c4d 72a9 1c95 18f6 7a64 32dc 6066 50bc 464f 146a 2083 535f 6ea6 79dc 71b5 54b6 09ea
12bd 0b70 5ecd 0e72 0f77 4a63 3880 1551 3e1d 6fab 6e9b 19ad 6ac4 2d56 2edd 1211 289f 7a07 674a 180c 5d0c 2553 6a4d 630f 53b6 43e3 74f0 6ee0 384d
0053 6dad 4cc0 44e7 2b4a 06e9 169d 2c24 1dc8 6b04 4da4 69be 2660 5949 3306 0ebb 1f1c 17d9 0af7 0caa 34e2 41ff 10c8 4269 6ca0 3665 49cd 3aec 61e2
606b 06ab 348e 67f7 0550 10e2 17e6 2efc 5484 6ce0 7716 6715 6b63 763d 355d 4fa4 09eb 3938 2c01 0ef9 7b05 6de2 26c3 6e85 616b 3fa4 06d7 12f1 73ce
1be1 118d 060d 1ec8 400f 1c77 4ed0 18f5 1140 1c63 25b4 42a1 3ee6 2352 1c0e 2f0c 7930 6909 4be9 0a20 62cd 1f7f 1d13 01dd 09ca 3307 65b7 05ef 49b1
0482 2760 361e 212f 4398 0f58 1716 46bc 0073 6da1 12f1 7ba7 030c 5ae4 2853 1cec 4baf 136c 278c 5743 120c 11af 0fd0 4c35 03f6 3465 03a3 68a8 4b50
208c 5cf0 5a0d 348c 14a1 79cf 6759 7398 4922 7746 1d6b 47ed 7e6f 4f6e 2830 1aec 7329 6bec 0f9c 5dcc 1983 0a7b 3909 5358 0522 018c 3751 15fa 72e5
6fa8 5a90 7f6f 396b 7b67 63ee 61f0 6446 2435 4c18 44b7 3ffc 764f 4701 7b4c 1150 0b62 5db8 0143 7e76 38f5 21a4 114a 0518 6457 44fe 4b96 485f 0d8e
1256 1860 3fe7 27dd 5bf0 5d5e 4882 6b11 5f84 19c8 0478 63b3 1f9c 3372 6094 0c54 702d 5b19 6a6a 6314 6577 7d9a 5909 4272 77c8 08dc 3635 511d 2897
3e40 31d0 7d1a 13a1 2812 0e7b 425d 4906 0d42 0818 4fdf 0d9d 7824 03f9 5f82 7305 7a93 59a5 3069 370d 3c04 269d 3938 67a0 7625 68cc 0680 12bb 327b
3f6d 6132 38df 2b19 157f 3a6c 267c 1a6f 0f87 4832 0351 083e 3ea4 0c2a 40ac 736b 7714 3389 138e 76df 3e5d 175d 2466 5e56 067c 03bf 04df 6155 0564
57d0 2cd4 56e4 1b89 0506 4c39 6eb1 2ea0 50e2 099e 7ac0 6aee 1bf3 49c8 4cf2 79a7 1592 51c8 2078 01ab 07bf 6d41 020c 79e9 6ae1 7496 499f 0f75 20af
2e5a 3cef 5ff1 01f1 2c2a 0036 3969 56b2 0e07 1fe9 3fd5 3015 6363 4003 4ed3 304d 6c3d 48fc 24ac 54e1 3bca 6ce2 7f5f 692f 1e42 2767 1191 1bd0 2fa6
36e6 17f7 6bea 5874 432d 2d59 3efc 37c5 6326 43d1 4536 391a 0a81 286c 6d44 7639 1c2f 7d1b 7949 3259 46f2 6ba3 69cc 268c 4962 3b9a 4e77 5969 5646
6042 42aa 0813 37db 49f2 75cd 448c 3d14 1ce8 217e 5080 12ed 217a 25b8 7f9c 16d6 552c 2f1b 5dd3 6ee6 7648 39a4 510b 31da 418a 1b54 588d 4de5 3e38
0b7e 0996 45bc 0378 28c2 4570 7fc6 47f9 0501 2f3a 7059 3940 78ab 253f 465b 0997 161f 56cf 30ba 65a2 6dc1 1a60 2f29 5658 673a 52cc 303e 2f85 2335
135c 072f 30ce 563f 4433 517e 2847 6e9d 0709 0323 558f 20b6 7309 44f9 1167 5bde 6a2f 1a32 662e 0937 6f7b 2e95 33aa 3d3d 480c 63b0 4d2e 10f5 5f2e
0345 5208 46a6 1a82 3724 2433 07c9 28df 6602 10dd 4dba 7b4b 260e 01c8 6cbe 171c 40ee 307d 6fc2 7b28 5327 5aad 5670 0b26 7113 64e5 1bea 26a8 3797
3219 2c72 471d 3505 4dab 6986 56a9 0596 6568 08a7 57c1 4313 1a9d 5475 4c38 64c1 7d7f 475f 164d 3c43 725d 54cb 4415 22a3 06ff 556d 148b 2de4 1874
6d13 362d 7197 249a 0688 0547 2b3a 7104 3069 2ed4 2b7d 4d26 6a8c 6511 19d9 404c 2d54 1045 5cda 43e1 4495 686a 5bd4 3aa1 2d6d 2f92 718c 275d 19ab
4706 210a 6cad 53c0 2e3b 60ea 09ff 3d39 0d2f 49b8 4dbb 74f6 2c01 31b6 0a6f 0cf4 7a2d 32fd 3baa 33df 6c3f 511e 536c 1f1f 5ce4 2eb6 0e19 659b 4812
651d 2fda 6e56 797a 4512 7966 4ff9 1524 09b1 30ca 7431 7c8c 3de6 6bbd 3cc8 3fdf 5a52 57ff 2e99 21b8 72da 2228 74cc 4a2a 4fd2 014f 5903 2bda 151f
6922 468d 245c 0e0c 3560 0904 03fa 2d6a 153e 779f 5825 782a 1e68 3b4b 541f 4d02 0a43 36af 537f 6d15 0bcf 7a61 44a4 2ad1 4bb0 2c9a 0a7d 7824 241a
1a3d 5032 6add 1dd6 0df0 2568 513c 4c6f 5404 059d 4885 3d5b 216a 52c1 4857 1e40 2b8a 47d4 1c8e 2033 5f30 0265 52cd 61bf 23cc 715f 206a 3a02 1423
6bc9 5121 4b0a 0166 3244 0851 5b28 6040 668f 32b4 2772 523b 642c 35f0 2236 0ffd 578b 506c 578c 7f56 5e7e 20b4 1be5 47ad 5ae3 6fde 23ef 7022 5e52
3818 7b88 187d 2c26 70f8 630d 1ef4 4853 1d41 67f1 7b4e 02ec 1d50 0a27 35dc 0004 29b3 224f 1719 0774 23a7 701d 20ee 0a4d 3583 449a 281e 22f3 06d6
25a6 686e 03a0 3f9c 5290 28ac 531a 5fee 2b36 759b 34bb 3bc6 3d88 5abd 136e 0b15 7dde 66c2 609e 20d3 48ad 4a82 4ff1 49ab 3583 0c7d 16f5 39e1 4248
7c86 5c51 103d 6073 39e2 442f 7762 1f2a 394c 1464 1dbf 7736 5421 1d2c 4ce1 11ea 46b4 481c 25b0 1bd8 7d9b 6cbd 7f2c 2dd0 13d4 7bd3 0411 553d 17d4
521c 793a 3623 2012 1856 3aa8 232f 0a99 75ff 2f43 2b99 11f0 7dd4 1266 4a28 3429 531f 5e3d 1c93 5dff 4c8b 6b68 3173 132b 304b 18fa 6b8e 5b96 779c
122a 5716 168b 46df 4186 506d 27b0 51c0 6a0a 71bc 457e 423b 3d8a 5dc9 7299 3f28 38ae 6e59 1953 3735 2439 5302 7c13 11d2 11b6 2787 57bd 5530 78fd
56ee 11a4 1696 61c6 4dfa 33fc 6083 787b 2a64 0aec 5b0a 7610 2bac 5d36 77ca 0365 2924 3ee8 738a 6295 27e4 0fde 49d5 55eb 08e5 5caf 5eec 2f34 6f6b
551a 645a 715c 4a98 432b 6583 5dc9 783b 7fda 50f5 1c5b 3361 1877 3800 5208 58e1 18de 1674 1dce 7204 35a6 492d 43f3 1868 5820 4c70 5452 5853 4f1a
2257 0934 5b84 155e 479d 35ee 156d 276c 3b51 2b09 1760 48d4 08a8 008a 5300 5057 4b18 2842 0b23 6b07 24f8 6d49 5f43 3a08 7131 3c71 245f 4ae4 05d7
29db 39e9 4b69 0a7f 0799 7da1 669c 3eb8 2008 3826 0cda 0aa1 4b72 4088 5d31 27c3 5275 74b9 6923 6afb 695c 208a 78f7 0e80 1157 1c75 177c 2176 4aa6
725e 370c 11d7 79f7 2744 41f6 0341 21d8 253f 770b 45ae 1d02 7b46 353d 18c3 1b18 0ae0 4977 2481 3acd 5591 47f7 7a21 5076 6f10 2911 22ba 562b 0da8
3f48 766a 285c 785e 5d8e 590d 6966 497b 703f 2b85 4cc4 2280 7699 13fc 4bc3 75df 257d 3efe 75f9 335a 5a35 7bef 36d8 2f86 048e 6593 7593 719c 0f0f
1f00 743e 0d3b 53d5 5bd6 4556 2569 7a3a 6f6c 4b7f 0228 4797 6342 2185 4a7f 7d72 2a63 6efe 29e2 4294 0569 5345 0489 6482 7e9c 77da 41ad 7129 7880
5213 22fd 7a89 229d 10a8 1444 6849 0ecd 04e2 7484 07a5 1c52 284c 20ab 6b94 2896 1fc0 3323 01d3 615b 633a 28c3 331c 104e 24a6 438d 6de0 532d 276b
7c9c 6827 1477 64f9 7a15 5e02 583b 066a 50d6 7f86 5a66 348e 5dcd 11c4 0e1a 2dfc 0eb6 6e4c 6c98 0262 5027 6450 7288 01df 71b5 0e64 05b9 17ab 1798
63c6 4abb 6912 4fbc 12b0 31fe 1b5f 372f 3f2e 4baf 7795 4eb0 30c4 693c 5947 7573 5698 488b 25f5 0f9c 7601 1212 0c54 7975 451d 13c8 231b 383b 63de
0dd6 04fd 7205 3a15 58af 2a62 7a91 2b26 588e 5f7e 3410 3f0e 4000 6ac8 4dc9 19d4 0b72 0a38 7000 767a 784c 02fb 4053 1f94 6812 0bc3 0c2b 7973 7996
549d 0f83 0ddc 1e6f 360e 3f64 7fcc 2542 0a9e 2a12 4649 0b87 10d7 21e5 4889 4bbd 4cf7 46c9 3462 30ae 34ce 54ec 0b68 6971 2cf7 7e1d 5446 23e0 4dfd
7ee8 410f 17c6 2cf6 71b5 7f1f 0bc9 1dd4 7851 7c0a 5564 557c 733a 27b8 5c47 33d9 1dd9 776c 5412 0bb1 5142 155c 6014 6c00 7bfc 4298 13ec 750f 2e60
068c 24af 4fa4 523e 4af2 2b25 082d 5059 3e63 0b1e 4d94 58b6 7dfc 76e2 6250 345a 017d 7fd0 3aca 4bf0 02de 304e 6f42 354e 3f7d 4f83 44b8 6e29 3240
101a 3c21 1548 6b39 6443 28f3 3092 19f7 0d19 6320 70b1 263f 5b72 4bc8 3881 3c5d 22ed 5009 4c60 5dad 0841 3d47 46fc 3b1f 50cf 7abc 4e7d 092a 106c
453b 6fbd 4eca 11d6 1ae2 0dd0 6d55 211a 6315 42cc 436c 3b37 2440 0f04 7c01 3ef9 690e 03a0 2041 4e91 727b 5e91 00f3 56ce 23c4 7f83 2931 70e7 2c75
0978 28b1 568c 76a0 2baf 6fce 7692 7fca 02f3 61c1 6a90 10e7 68bf 0dce 44ed 03cb 74c8 5130 3f24 3f23 2ff6 2930 080c 6a61 51bb 0478 733b 1f5c 742b
59e2 0745 5667 167e 58c8 4343 79a6 4d51 2cbe 0d64 1a34 4a46 4a76 1f46 4947 546a 2133 62b0 562a 24b0 4357 4030 66df 7ea5 5134 0ba0 37e4 60f4 41ab
35ef 35b0 69c2 1ec3 3188 6fca 44a4 71b2 3e35 3692 28fe 764e 7c2a 7717 7982 3700 0504 74f9 4056 12d4 249a 47d0 503e 0830 6594 31c9 38a1 1bc3 4ca8
48da 7c2f 6d50 15b6 2b75 3919 02bf 2b46 3275 5edd 3202 6d55 5c65 3c6a 6057 72e2 60cb 6312 0e97 4147 415e 20a0 5ec1 230c 6023 5a75 5e07 330f 2d0f
2579 3072 5877 2175 6297 6706 54d4 4303 52e3 6a73 7ae7 32ae 4854 2a19 4cf2 38d4 57c3 0701 7c04 3e7b 0a25 6176 245a 03e1 3f1e 7d32 685b 214b 4ee5
7f01 62ea 0338 4f80 7403 596d 3533 0512 13ad 6e7b 6583 5296 22c4 20ba 67bb 6e56 0e6d 2cab 4e12 28dd 5146 584c 1dcb 39ae 3f06 2c15 4dc3 5745 51d0
42af 7c01 600e 4278 485a 547f 0edd 7aa9 405d 3047 4ce3 5f1a 70e3 6442 0664 49fb 46be 3e6e 75f4 6b40 1fbb 4579 7d60 480e 0bde 056d 7157 16dd 71e6
45eb 4570 5113 3843 4e5a 6841 4a0c 1160 6ab8 34ac 20c9 4923 482f 5c3c 12fa 2cd0 668b 3010 1426 63fd 6ce1 7ba4 177a 0804 1a7e 033e 0e0b 20d8 758b
1d0d 437f 70ac 4051 1d92 4905 1dee 449d 0e43 1959 4fe1 6ea7 0f88 6abb 4a6d 1f37 3ce1 0437 05df 0c90 7a9c 24ab 1c20 7c57 601d 5c41 3fb5 6d35 769a
52a6 6aaf 2adb 50ee 7491 569d 6826 2855 2869 7dca 7d7d 1f00 0638 700b 6063 525a 0577 1323 54ff 1934 6d00 3afa 4fa6 53f3 687a 08e7 455c 2f62 3dd7
6fd1 1705 2a88 5852 1e10 645b 499c 1992 33af 66a7 3ea4 20b9 4e74 2d68 7bcf 4522 04ab 50df 44cf 00c3 36a8 0c95 0007 7257 54b4 07d7 4e95 7f49 12a0
2764 546f 6a2e 3ee5 3257 1602 62d7 5e06 677d 7a21 3176 4073 54e4 71f2 6d25 183b 0837 746a 342f 4826 51ba 0005 033d 33f4 5d64 770c 3605 0213 4ac9
63ba 6d01 1ad7 14d4 6636 06bb 6bb6 1ac2 3a5a 1a8b 04a5 07ad 502d 4843 3713 07bf 33e3 49d6 1d89 7558 7bae 4216 2d78 7448 4e0b 49ff 76c6 49a7 03e4
46b1 3bfe 2347 5a1b 0c91 76db 5c07 493d 7266 5c68 1d96 2e7b 24d9 30fc 0308 7671 655e 565f 7853 3a21 2128 3257 3930 770b 0878 37e2 62a3 52eb 0bec
01ae 33b8 5586 0b03 2ddf 0808 5c2d 3f71 6a41 1392 7f83 38f6 428d 4140 7b7e 0ab6 4a0d 0641 754e 2d87 02a1 098b 443e 7504 5ce1 7e41 4aaf 2f83 05dc
2266 53e7 5e60 06a5 175c 6a33 68fc 3990 2733 6cc2 226d 74ef 3562 76e7 1371 440f 31d9 33a4 5da5 0990 51f9 57fb 1290 0de1 4f81 0755 0fe8 7f09 2048
0136 7e8c 123c 38ee 59f1 0704 2e0b 05e1 181f 3e1c 2eab 3698 2364 60b5 3a1f 3ab5 53d7 1b39 73d6 5bd9 383f 6f89 5b41 02cd 7c81 47bf 3390 30b0 360d
191e 4e66 0f8e 6e18 664c 5801 7884 155c 79e5 4df5 6675 6d60 58fe 4eff 329e 241b 4f0d 5cbd 61d9 6a28 429d 0e21 1457 715c 58e2 49eb 5da4 4371 1b19
3d2c 7f3e 5ece 3949 4d28 3ec1 5d89 08e6 4faf 5533 5365 41ce 7043 7107 0a4a 4047 3cda 5eac 2831 4879 4f5d 141a 4535 4e97 280a 7b13 18fc 41d7 299d
73f6 54c2 3765 2c1e 288b 6fff 2073 74a0 1fdf 3524 1013 5cde 096c 18a5 7c89 1e17 1f31 5d37 57c9 541f 1c1e 1565 7e54 198e 0a83 12d0 7c92 353a 6355
6b00 7bf5 18d1 6b91 0769 3b68 062b 1137 1771 6e51 7451 1a9f 14e2 7485 754a 1d5b 7c90 76d3 4e64 3984 45f4 0c64 0da8 3e77 41ae 7130 1fe8 3203 2914
2d7e 5d39 33c1 7a77 7f2f 577e 054d 2381 113e 54b1 7b93 56bc 54cd 7793 1272 4a31 5d7a 47c8 7fdc 21ae 4f08 5cff 563b 46cf 0b38 15d1 27b8 16a9 03ee
70dc 760f 45f2 4bdc 2100 7b61 1817 0bee 1d59 2530 7ef2 3984 1863 64d5 76af 78a4 360f 15f5 5a9c 263a 40b0 7441 24c7 7401 56c4 231b 415a 0fab 1756
33d6 0c48 2329 7b52 5adf 3e5d 5f4d 7780 673c 0c1c 7365 7734 79b0 0b0c 0c62 4f27 21e1 5967 1f91 7a26 5c68 1c51 76cd 4f9d 241b 59e6 5638 3474 20a1
3505 27b2 6c50 404c 1eaa 3a51 6dd5 7f3b 398a 363e 535b 7d6f 3af0 220c 7f45 0933 4375 59b0 7187 4d7c 03b2 160f 4d13 2a20 08bb 3d42 5902 7340 66a5
629b 3f05 7114 0999 6ad2 7140 6cc9 5ef9 1032 4dbf 4e8d 0466 0d22 5abc 362e 6f45 2c85 597c 1428 1e8e 4aa9 3149 4c5e 2ed0 78ec 3d5b 4419 481d 658b
41cc 45bb 7b14 420d 762c 607e 475c 2b7e 2c54 22b0 08f8 6a11 028d 6419 06e2 7606 5ffc 10cc 5e79 1a52 6a77 51fb 6696 643b 3daf 7782 445f 073d 387d
08a6 7783 11b5 4708 2fff 46ee 7cf6 38c6 07f3 60b9 1219 6174 289a 4a75 1a85 192d 42af 650a 0982 701f 2fd6 0649 3bc3 43a4 46e4 235a 4372 051c 6c11
4e35 1edb 6668 0e29 7a93 71ae 6f56 167e 38ed 491d 128e 1cb9 41de 32fe 66c7 6f0a 3451 0582 27fa 256e 2310 22cf 5982 0bd0 3584 2651 5706 00ed 3ddc
674c 218c 5fd0 49f6 2682 57eb 2a09 075d 171f 2ab1 7f2b 22ba 6302 04d0 4403 58b8 027a 51b6 0815 21e0 707f 5692 65b7 1086 6fb2 322a 7a6d 3334 79f0
443f 5056 497a 6a54 4d16 4222 00e9 189e 0d17 073b 0ef5 6ac1 1746 4714 52ea 6ff1 1720 2e26 31af 2987 1eeb 3530 0bad 1f42 7550 3a8b 7640 109a 6b91
6247 2866 7fd7 705b 6eea 6b2c 43c9 755d 0f93 0058 2471 581a 2d17 2a5f 0492 53d6 2eeb 5170 493e 4093 14a8 774c 17f7 5a6f 7006 0676 140c 5df2 25a0
5efa 37c1 07e3 3237 1ca6 0bb9 7af5 6696 48bb 65b4 5491 7ad2 338b 60ca 3d2a 46bb 0fcf 4d84 5426 1164 79c7 5f71 6401 4570 0527 1e57 0fb9 2883 2e00
5a2e 694b 4e05 1773 36c4 7fe1 2b17 05eb 372e 1751 17de 1931 7c5b 15d5 5203 3474 28a2 7580 0d1c 3a7a 0afe 470a 52e7 788c 6d09 299b 2a85 3870 5864
1b88 79c4 574a 5209 424e 0aab 7252 78e6 04a7 6190 5faf 4197 62f2 36b9 5df3 2780 6671 2c0a 3e8c 636c 5c26 2bd4 2fb3 756e 24f2 5be1 3fa8 2a6f 282f
0ce0 3aba 4ebb 494b 4798 0545 792e 1a2d 6072 34e5 3fd5 4100 7019 5503 2583 7367 0737 5ba3 2993 2223 58c8 0bfd 20e6 62ea 3e4c 5037 62cb 48d3 1ccf
6381 4cba 7eb2 37a6 280a 7257 3417 2edc 11b3 26a3 090e 0e58 2500 7b92 3fc8 6ee1 4287 5d8b 1bff 6394 454c 4185 095d 5ad9 1251 7c07 1823 025c 70c8
160d 64d6 1b8b 23b2 656b 26b1 10ca 622d 2703 091d 7490 1ed1 61e9 031c 2f03 6f01 48d8 29a1 5b38 002a 37fa 364e 571c 65a8 24c5 28b2 507e 3a86 7bc0
6ab0 6ac3 4ab2 691c 59ce 57b5 15fc 0753 05e9 0bbd 4bef 4e99 6f59 7c40 0072 0671 46a0 38b2 005f 0605 6fd3 3066 430a 591e 0dc6 723b 363d 79b7 6868
020d 1542 20ba 2e9f 1744 069e 4eb9 3900 2e1a 18bd 6803 4784 6685 28d4 41a7 71f3 7760 7227 263b 2281 6a32 3705 1540 0f5e 390b 2828 32cf 5eee 5b8a
511e 7cc6 3f2e 25bd 7807 0bf4 461a 0d19 1a66 4539 1c29 7c03 6143 7cff 7bb1 2ab5 2b59 1710 3eaa 7131 601e 5f55 106d 038d 0426 6636 22e0 410b 12fe
1785 7c98 7a08 4f18 4530 457f 0669 569a 03df 6e79 0cca 2f56 7e9a 2455 7822 4989 1b84 40c8 4f61 2b43 7491 10f4 56b6 089d 093e 33de 1a06 2036 0526
1de9 7543 654c 7a38 14ef 0c28 3aba 7be5 5499 219f 5d77 070c 0175 79a4 421a 04d6 3f62 1a08 2fa9 3bdf 0581 00c6 016b 5ecc 39ac 5bb8 365d 1708 03bf
7dfe 48ad 003b 1d69 3233 649a 23f2 3108 0812 6cab 5e34 4b0d 1f15 4a78 4b04 435e 3fa1 12f4 6c2a 4331 7055 7a06 391e 4928 71ef 4efd 4b69 2064 4972
1af6 6381 0c64 1de2 7dfa 1c8b 766b 345c 6989 0d66 10cd 5e59 7529 1f2f 6ab8 7ad4 1364 5afa 2a24 75fe 2264 27f5 4e04 1735 0dae 7455 2284 636c 5ed9
44b5 0bd4 3223 00c9 0553 7035 245e 2c43 1d8f 01a4 56ec 0804 728b 64db 1b47 5c36 42a9 5c36 584e 36b7 7f09 021f 23fe 0a9b 73fc 3b03 4585 4282 5940
1c9c 2c40 1de2 5fec 7c73 530b 3242 38a6 236d 65a3 64cd 349f 677d 3de1 663b 51fd 17ea 6de6 79d0 16a8 3b70 3f94 2694 3bf2 6846 5dfa 5d88 3029 6fac
768e 0cc6 089c 11d0 7db3 1546 01e4 54c7 7823 77dd 407a 0a30 0470 54a2 0803 7308 1d66 3a1c 427b 1e42 1ec3 276e 01ef 3cfd 7663 22a9 58ef 6b97 0d41
3ef3 749b 5267 1fce 1a60 5597 3c86 7c0b 33da 5d5c 3a4e 6141 4168 16fb 63f2 7594 1c78 656e 438f 114e 1335 2b3d 4e6d 6f47 2106 0d3d 1a60 5b86 6db3
51e4 16ef 4783 34b1 6a1f 4eec 2c03 56d4 7280 5f29 419d 466f 3644 6c16 5793 3846 68c7 295b 5574 4fc3 2d55 599c 7fd2 28e5 35ec 4708 734a 37a4 6f74
5569 5f8f 1b91 59c0 5d82 2cbc 0d45 7867 02e8 3ad8 6dc4 58f3 16ad 0613 5ceb 3dbd 4043 342f 5f0d 6a40 7f1d 23a9 3749 5c96 7d44 20d1 31e3 59c1 105d
05d8 3d0b 0a8a 3a19 0bce 4596 6847 1e25 438b 4f6b 1f48 7791 39c9 7907 43f2 00d4 66d5 3f05 4986 537b 6fd2 51b9 2c4f 3ea2 5322 6157 62b4 215c 1925
00bc 001c 6280 6ef3 78ab 4dce 78f5 3c94 31cc 7d72 4b40 515c 6147 2144 1b5d 7523 2a44 7aed 013e 05c9 3a55 5601 41fe 1e8a 23e5 2e5f 480b 0d0f 6d02
7a6f 5db5 21fb 2595 7efc 7e5c 2061 1d65 3ba6 134f 0238 5866 44fa 0414 6e86 2826 435a 666f 45fc 3f15 14df 5487 1dfe 7d74 709e 3841 2b3c 3046 6d92
5c40 3351 7b7d 2ca8 209c 46a7 24d1 4104 591e 3f0a 6849 07c3 6271 0a91 418a 1161 6653 7c2e 7e5e 6530 3509 27fb 5333 6548 011e 42e7 5f2e 0886 0708
738d 35a3 477d 1255 11be 6945 21d0 60ab 2c7b 7d4e 014e 2a0a 7410 22cb 6605 2549 5822 57d2 4948 273d 40d6 777d 7cee 3933 64c4 2705 454f 0410 37e2
1b73 13e9 44ec 5582 019d 7114 55e1 6ef6 10f3 6765 78a1 6614 173d 7303 7c86 32af 7050 7f26 1004 2230 268d 0992 27ba 60c8 6d88 6203 43de 59df 7e99
0761 5cef 7483 175d 6043 4d89 09a7 49b5 581d 1ec4 3b2d 78e7 5fd2 71ec 3047 62b5 30d0 76f6 6a42 6177 55a5 70c4 6eb2 46c8 2912 2058 599b 2687 04cb
70f8 3e64 743a 3e1c 6df1 1cd9 27be 3b10 2b81 1070 6799 253f 0fb7 785e 2e7f 1255 3865 14da 03e0 4d93 783d 1642 0c89 6a62 0a5e 601a 1600 6aba 6777
6545 7f0e 73ad 2e70 0f5e 22f3 670c 5df1 258d 1812 5eb3 5650 04ab 7b47 0fd3 4b9c 1a18 0b81 2f76 0a3e 52e5 5b19 4df8 65c3 1b73 7678 7c50 2c15 6997
3f4b 6b25 5722 67c2 67cc 1fc5 268f 733b 6242 05ad 783f 1aa4 6648 4c09 207e 7ce8 3fd1 3b6b 5e94 05d7 1aed 4f09 3936 6119 7612 5329 2c98 4e05 391e
27ad 27e0 304e 62f1 0f4a 3c8a 0b5d 6227 00a3 5312 377d 4df2 58b2 7271 2106 0c03 2771 5f75 448b 35fb 1a15 329d 025f 35d1 0a5c 7aed 7ce5 6332 2f02
269a 3a41 10dc 2669 58fd 1775 4386 6536 110e 5182 1c6f 53ea 0307 5ff6 29ac 2497 0c4d 4ee7 119d 1750 3be1 6561 393e 4836 67f2 6cbb 081c 4b5f 1be9
73e9 40c7 2d20 0e39 7ac3 1a84 0d39 0b73 2969 209d 3785 4a7e 1a48 2bad 51e4 66b0 57c9 6cf9 46b7 7fe3 2a12 0ab7 5331 1a8a 4977 11fe 244d 0165 667f
22dc 01ab 5fa0 6b8e 47d2 30bf 225e 3bae 0853 3f4d 143e 6fa6 390c 28ee 1861 5211 3f1f 12ef 29ac 2e23 1d32 412e 0bbb 6c17 7d8c 62e3 3611 194b 4245
05b9 369c 6d6d 731b 7cd8 792a 6e0b 3b22 6d2e 2a93 4ce2 3833 571c 1a49 2dd1 64aa 3fd5 2ba9 59a0 6d19 6349 7e81 0998 16ed 1dae 5d08 7db9 2a09 0a64
2183 2eb2 531a 081b 7930 3328 1cd4 7cc4 33b0 4935 5141 2b13 2dde 2fd9 0df3 05a9 235a 482d 6644 1f83 178e 070c 4e2e 20aa 0d90 5726 311c 1f7e 1bdc
7aa0 4347 6649 61ca 0099 5b67 5203 0753 33e2 5c9c 7542 4232 3f82 2e33 2387 79a9 3dc2 7c02 04e4 138e 4f6f 4736 7633 41a8 745a 4b63 5a69 4f1c 466c
5c91 2738 4fd2 76c9 6453 69ea 6453 1882 0682 2548 1a2d 33eb 0e55 0a31 5e3f 79b7 76bd 144f 09db 545b 4a24 26bb 3dd4 5819 4100 2a0e 2dd8 236d 11af
4032 5c65 2c46 58ec 1c1e 1df0 227a 51e4 3bd7 68c3 3ac5 550f 7f1b 0f50 733c 7157 0fbe 72f8 1839 7365 5a12 5314 0e73 5078 5fb5 2236 662e 7a07 3c2d
7e98 029a 650d 3840 010d 76be 78e3 7b9a 3de7 4e5b 081f 2aa3 4a96 1598 4b4f 0b41 2bd0 0ff7 6d35 75f8 7dc5 10cb 6c86 346f 5fed 0cf0 4be4 754f 44e7
5b64 72e7 5cc0 36b9 4c4e 6ae6 6691 4db9 42ae 5990 5a36 3357 34ed 330a 1818 1db9 72a9 287c 06a1 0af3 30b3 46b6 0879 1680 06bb 68ed 431b 1e5b 0f4a
4871 70e7 35b9 35b0 7456 3de4 771d 4dae 105c 376c 543a 00ed 7dc4 0dd5 7765 7549 69ea 380a 0d35 79c1 6a3b 3600 3833 5fbf 5620 3745 56a6 69c1 4d56
0bac 6572 0483 1322 6ebb 4a0c 6f22 3ccd 18a5 19c4 3742 44a4 1f90 5f35 104d 15d8 4668 1f94 044d 0ac1 50bd 4a05 6961 63fb 5710 0dd5 7169 38f6 2899
0414 46a7 10dd 46b0 2856 1d20 0d0d 65ad 08cc 764b 7c72 1ee1 6dae 4fe5 64a6 2017 7d0f 1121 64f3 04a8 1af0 77a0 12b6 0c26 0be0 5adb 1768 0c95 5ff6
2efe 7868 4993 0bc2 10ea 72d1 3506 44d0 40cf 56b7 71bc 4c8f 0efd 0b5a 4090 7e31 7e0b 4f36 2c95 18bb 7876 1063 40eb 559d 5a11 287f 449e 362a 74fa
5b40 57ed 4504 4e18 3352 5e0f 2cf0 6ea0 25a5 3e61 6481 1a45 76ef 0cd6 38ee 51ed 6aa9 21f0 0de1 5577 01e0 7ed4 6deb 1ca6 4b0e 3a9d 7454 1829 7458
3a8a 2cca 29ff 379b 5f1d 29af 2953 008a 4480 0208 2d6c 7f0c 24de 64d8 28bf 3d6b 5781 2092 6b20 125f 12a4 4472 0b72 69c7 38a4 5332 0b93 6fca 0299
6a08 2412 4095 0a5b 246c 3144 4227 01a4 5c7d 2e06 17dc 432e 6082 6882 4c0e 706b 26f6 5b0e 3503 769e 0b97 6045 4b98 595e 5050 182c 389d 7c25 025d
5d0d 4769 1b9a 53b5 711a 4085 0aee 57d5 1203 3762 5c7e 1a8c 569c 3ddf 00fc 26b3 294e 0d25 37a6 69c2 5d1c 7d9c 7758 683a 4ead 2b95 5942 27fa 26dd
6979 24f0 6382 4032 1733 4583 44df 50bb 0b32 2b18 6681 459d 6c36 3fb8 3a19 3ecf 5343 2460 3849 554b 4def 728c 1a2a 21d0 0511 375a 167c 2bca 40da
7ec2 781d 7cb6 0da2 6af6 0997 5408 2c60 29e7 6705 2a72 7adf 1c17 767e 3a5a 7a0a 59b8 37d2 1b35 2978 5f5d 64a1 5186 0b5a 489f 5fb5 6f9e 7bbf 682d
77f9 6fab 7275 3588 5072 3441 0685 3bea 5b97 3a89 1145 6bd3 2b18 726f 62f8 0233 503e 2bce 348a 684a 6940 6db4 55c2 548b 2f54 2d55 67b5 383b 160e
49a9 0b34 1bb5 7b1b 54eb 0172 3091 2643 5754 414b 2372 378d 760d 68db 218d 537c 4663 3f93 7916 66be 45bd 5ac8 2ac9 14e2 2396 1f65 23af 4813 5e29
1368 7683 3178 7e9b 7a3e 6276 2f40 6db7 13bd 62fa 2cc5 3fad 2af5 57d7 2a87 480e 168d 76bb 54a9 527f 7fbf 5077 2917 176a 650d 7e31 7634 4271 7379
281f 1682 171b 215d 09bc 5fd5 446f 1793 78d0 65c2 6e22 4504 17f5 7afd 0a7e 1cdb 5898 2e60 4475 5a98 4bfb 5b59 533d 360b 4334 2a86 2996 4a03 3fb4
3918 7ae8 740c 03f7 4bd0 0e8d 7d72 2fc0 150c 1a81 717e 2c57 7600 6ff4 6fbe 58e3 5150 390c 3f65 71c4 2f20 58f7 5003 7da4 2bc7 1ca8 2ee7 0be1 3fcf
7524 1d49 77f7 34ad 436b 7d98 7ab8 6809 29c6 5c9f 220a 11cd 292d 61f8 72a2 0799 3712 3b29 4141 26f9 0473 5020 4ea9 3ac5 51f0 307f 483e 4e12 3de0
2f20 1a46 1410 7986 1925 449c 7a73 4cba 205f 2983 53d4 662a 6203 4caa 3d74 6637 6d64 66bc 4491 2a3b 7227 0638 2938 14f6 0933 7df4 58a3 4651 18d7
318a 13e8 7909 2a6d 399e 53ac 5a6e 3d1e 12ca 20b9 6ed4 4143 197d 5f21 26c2 66b5 4a9d 5b89 4cac 140f 299c 4d8d 404e 3a1c 3296 3a77 6e8d 63b6 1aee
205d 293e 2e88 4c84 220c 0994 4e94 4653 646f 40bb 4db9 489c 1185 1a43 2f14 5973 60e7 302c 75b5 4f71 7793 352b 2cf8 774a 722a 6f2d 325a 5bf6 4a4e
448d 3a21 2a81 7488 7f1b 0442 0314 5606 7020 5861 566d 2654 50e4 6394 56ac 7a69 547d 4987 42f4 4fba 3aca 756c 1a8b 3e75 410b 6996 351a 07e5 5403
6ffe 13bb 2387 2897 4568 119c 4f6c 2bae 2293 12f6 3801 425a 454c 5f4a 2714 132c 2ac7 3583 5f26 0e29 3ac1 310c 03d7 03fc 7c41 4480 58a9 0479 0314
4190 05c4 7b45 4a1c 1ddd 160e 5c78 6de1 4e57 279c 4f9b 1048 3e27 0a19 2004 3dca 1922 70e8 46a4 479a 7f2e 52a7 0fc1 1b6e 6c63 40b0 017d 5bbd 7ae0
36b2 7b02 7f31 251d 5fa7 1576 2186 0266 378a 3d8a 245e 41b2 6299 0510 0b16 3cb3 736b 2ae8 7525 387d 66c9 7e94 61fb 0123 018c 44b5 05e1 4a6d 6057
425e 01a2 40ef 4492 60e4 5ce3 21f9 3f08 6aaf 5973 5b3c 2749 6dd9 1ec0 3d32 6f5d 47e9 2d7b 4aa4 6dc7 4349 5705 53de 47e2 2971 102b 1909 0e61 5465
2c62 607f 6a8f 55d5 3f2c 7c89 7b48 22fd 3548 3efe 4c43 00a4 02dd 7df2 00b0 1339 0316 144b 4442 70fb 66d5 5a53 6145 406a 4810 4d13 0e18 34e7 2aab
5b07 168d 048e 36e6 49e6 0e6b 646f 046a 6aa8 4e23 4296 1f29 3884 4864 0b93 42c0 53a1 6014 0a14 3dc0 3b1e 67a3 0efa 7d80 4ba6 1b4b 1815 037c 7545
4e39 3f86 6518 1ba2 7087 0c81 1ad9 2f91 1993 028e 22cf 600e 168a 58a9 536e 6ed7 7376 7d47 7e9b 4409 0059 1f96 4327 382d 631a 0ce7 33a3 0907 1282
032a 3b19 1581 2d06 0043 616c 4eac 3159 545f 3da1 4e94 7c06 55a1 4dc8 3bbc 0d2c 6532 3ea9 76da 6ba8 6182 1b21 17f7 5be0 3394 0e32 60e4 3af7 0172
0530 3f0f 0593 0407 617d 089a 47c4 009a 3793 48c3 49bc 2860 0a13 1e17 0d7b 2fcf 1597 1280 6fdb 14ed 02d5 3c35 4874 3c90 1f41 250a 1d13 4d07 715c
502d 784d 671d 1774 262b 2827 2270 21f0 5e80 568a 4bf5 6201 591c 0272 6f28 3d89 30ff 65c9 59e4 5201 744b 2f5c 1bd6 6e42 52d2 3e72 7632 0eaf 5d88
30c3 772f 3f1c 1144 1c38 1534 480f 5a13 28af 0dd8 5b11 0126 3f87 58b0 4628 53a1 783f 74fd 36a6 50b0 4a19 227d 0ab0 0a03 7062 26bd 54cb 7189 502c
03cb 2df0 791d 370d 6a68 0e60 44b3 549c 2f49 7992 1951 7a2c 5629 17cd 51aa 5557 08a1 11d9 3a46 15d7 29f5 2c0c 4d46 12a9 38fa 3131 6e9e 313f 53b0
11ae 3850 3e81 30e6 367f 6bea 030c 60d2 17f2 7cab 1efa 769c 4510 17e8 4334 7502 5a02 5af8 0123 04cb 6f19 6473 24fa 5c80 7ede 2d4d 049e 20fd 1cc6
28bf 64ea 65c6 7b9c 3e79 5629 128f 7266 7750 292a 331a 405b 52c5 29d4 7d3d 005a 5ff4 0e61 45e2 1606 4ec8 0c3b 4450 011d 0d07 24ba 68bf 494a 56e4
663f 0204 673b 488b 6a3a 2712 5d80 5d08 3153 67a4 6e0e 1b1f 439e 4e0f 7251 1764 0c97 6e10 29cf 23e6 5db3 7d90 4256 360f 5aaa 0f13 7c14 265f 63bd
4f6d 0725 21cd 417a 20b8 1f3f 08dd 3ada 6572 2316 2195 16c2 1192 76ee 6424 2fe4 65a8 0fd0 66c1 2f6f 10c0 6e72 02ad 4e4c 6744 4d7d 4c2f 6b1d 2dda
376d 4c9a 3c81 6da4 4eb3 7206 2df5 4b60 75eb 3928 26d6 44a8 6f8d 5073 0ddf 5649 72c6 778c 251b 51ab 02f4 03ac 0431 2723 14c2 12e9 5c24 5302 7b5d
37b3 7845 6bcf 1f43 3e6d 62c8 5921 5513 1f43 70d4 4af8 1396 7353 3ac0 6106 1b97 2df0 3591 22d2 4be1 4369 7b0d 41c0 3f53 0436 6118 19ca 5f9c 515d
6750 3d04 500e 5465 746f 334d 760a 13ef 66d6 08f6 73af 633f 224f 417e 0955 6372 4463 0611 1f2e 0d3b 3a7d 0cd9 33cc 3272 352c 42f2 158f 3f12 3c66
2ec6 6483 431f 3ec2 1853 7df9 6477 5e18 5c65 6310 4995 5807 4cd4 6d31 0c8c 65e9 2601 2fac 075f 6389 45c1 57e4 60fa 2627 01a9 4dd9 7955 17eb 75af
435c 5215 130e 4d6c 1278 539c 32a3 14a1 291f 458d 64a6 523a 4dd2 6807 5fac 6c30 0095 3cff 38e0 46dc 38f7 0c85 5a73 563b 12fd 5001 2398 1c54 4243
5b78 5368 435e 4ca0 3ec5 6181 7b45 469d 5bdc 239a 6bea 49cb 1d0e 6ab5 5c8f 3738 7e2b 6c58 638c 54c7 6afc 3fcd 266e 1495 7561 195d 70e6 4edd 60f3
2b83 3b8f 4fc5 0568 66cc 6ab3 48be 2654 7a79 41d5 38d9 7cf0 0fc5 5402 7591 5061 69df 21c0 10ac 4845 20ea 6283 795f 3405 1194 46f8 11fc 34e7 4253
7e66 0ee7 233c 2fa7 3d90 28a8 11b6 5c3f 3979 472b 7971 2537 6f05 40b0 0913 01a9 14b0 4d12 4c58 3fb1 3a11 7839 56bb 6760 48e1 0c51 462e 7b75 2411
76d2 1135 6e05 1baa 2c35 0044 1e69 2b71 1ccf 78b2 2811 40f7 0b7c 2adc 5531 2382 1afb 18ce 60e3 636c 7f5b 0aa9 014b 68a0 627b 478d 1214 6b02 0ac6
1744 2153 6e7b 0794 34d1 56df 7edf 2373 09b0 0033 5679 4543 74d0 447d 42e2 337d 518e 4115 3913 538f 2066 1e77 302a 0979 720d 0ae1 3ca3 4412 422f
71c1 5886 49a1 2553 6e52 670b 6e10 49cb 7806 0e3f 2323 57fa 119e 4932 1aaa 0415 5a78 44a4 04f2 5149 48ec 7f7e 3bcf 4aa5 6a84 586b 1f55 0e3e 6106
05ed 606b 1b19 2f04 3afe 61d2 16b5 149e 57e0 1a08 1473 1fd1 3b27 7c51 21bb 4afc 50d2 0ed5 23a3 3e84 3e9d 0f94 72dc 2c6b 467e 5e2f 1b2e 63ee 17e1
3f53 2b8a 3a61 00b0 3846 58fa 7b7d 18fb 635f 0778 7975 044e 2f0a 1ffa 057d 6933 7a06 5c4b 7666 0248 50da 4e22 0444 037a 2d28 75ae 4b25 1c7a 7465
2885 4641 2d03 5487 20fd 7b5c 4e41 42ad 50ba 19c0 01aa 4493 382d 0838 5c87 4927 7f2a 1cbe 465a 26cb 3e3d 2872 6a8c 480d 3e50 42fd 256a 136c 323e
16cf 599d 16f0 03cb 63d4 251c 374f 48de 273a 356b 6046 7d71 6d2b 11bc 540a 7bdf 2f6a 2275 235c 01da 02e0 6ac0 311b 2823 4325 60b6 7f19 0761 103f
5794 7f04 02a0 71f2 3a6d 17b7 19fa 7f61 36d2 725f 6ef5 7f9d 0ebb 14db 6f66 76a2 77cb 649b 25a4 3026 3dec 69b0 3de9 5d66 52f8 10e1 6cc7 3dbb 1cb8
0bde 69f5 56cc 6c3a 5ff8 32cb 2963 593c 2541 0345 47f4 1254 601c 2837 5bc9 03a9 23f3 751b 0f9a 2f82 41a6 65e6 1a7d 1d92 5f65 62f2 1db2 7428 711d
6974 6dfe 57db 27c5 07db 2e6c 7a90 7163 17c4 11fc 4cf4 1e94 0161 45d7 1dda 383c 6394 1109 4764 795b 3610 641f 0614 163c 4e15 730c 003a 5b22 68da
35e6 6d88 7559 1a7f 1306 781e 107d 24fb 47ea 5f3f 59ec 22c6 199a 5f26 7ad4 680a 42d9 56c6 6f1a 68e8 6a20 5c34 7cbf 4195 0e7e 178d 3c37 4ddf 7e27
42db 736e 5c5e 2c0e 117b 22cd 3a0f 08ec 278d 1420 7fbf 60be 1149 16d3 4492 379b 0fbc 701b 46c0 3824 6292 3495 5f4e 4032 11d5 31d6 4eba 7515 5093
0c00 68f2 1dd2 7139 7757 1a5c 0dba 31b8 4b38 2b3b 1245 0d69 404a 53e2 0790 0fb8 0b68 2224 3cb3 1576 276b 6cb8 6bb2 6838 2a16 627e 7d5d 300c 73f6
38b0 775b 4cbc 33fb 32fe 2de1 1b86 0074 7833 3c1e 0951 7b2b 74d5 41a4 4c0f 34d2 1836 2f29 4131 5b83 6da4 0b28 0f76 49da 4861 27b9 1b47 6907 7fbe
6f25 1f60 0cb7 2628 263c 1a06 4cae 0a43 42eb 5b23 30c7 2a0e 1940 2522 064c 139f 52e3 1b78 683c 580a 4abc 0e3f 4b3e 6074 6738 46ae 38db 51bc 3545
070d 4a8d 5033 1334 38e3 1372 2bfe 3357 74c5 6d72 4501 10c8 6da2 597a 052d 1b94 70f5 4cab 2e17 630d 3992 578b 6070 7578 4c64 6ef9 6ba7 54b7 18d6
5dac 7713 76cc 0f09 4c2c 0d19 62e0 14d5 303f 3a11 3d54 251f 5cf6 5638 2e88 285f 5b6c 2320 2d8a 6c64 7c1c 26ca 5fd5 783c 7161 529f 5b08 7c0e 626a
7ad8 2335 4b66 6285 3c50 261a 1d71 56a1 25d4 6793 2243 39fd 1bfc 2bfb 298f 5221 5db2 007e 34ba 53a0 52d4 1daf 3784 1b59 4e60 36bb 39eb 4455 7e52
29f8 58c2 1cf1 0923 604f 5051 44ee 40e2 7572 31f6 2bf7 0350 6ab0 33f1 0e23 07f1 0201 53ef 2e3e 386a 7688 4e50 7c53 178f 7a4e 510c 4581 3324 0efb
3d83 1fd2 57e4 4702 3b70 57d9 48ea 5253 7dd0 5f63 425f 1a03 7432 63cf 4d11 2853 6ebc 3eab 2ed8 43a7 6b56 5366 092e 0f8b 2a36 7209 17ac 1f7a 76da
3f87 59db 220d 0b98 17ef 4524 07de 0611 79a6 347b 7216 0d12 7216 0c6e 6c17 1492 5c41 7761 1ded 2f51 31f0 7bca 4848 7adb 6c99 183c 411e 0e92 417c
3c02 36b0 3abb 0ee1 1565 09d7 26b6 403d 492a 2fcf 0e47 4ef7 2184 2c0a 6efc 29b9 3243 5252 6b6a 78d4 1576 3ba7 7929 6df5 0bc9 2adb 662b 08a0 1eff
1fd1 1c48 2828 7f07 55b8 77fd 394f 48fa 640a 55fd 75f0 30ad 5943 3fc3 5281 7227 7cf8 02ba 457c 7e69 1b13 0c96 7901 73b3 274d 5d6a 68c7 5ddb 5945
46fe 0a0d 4f50 5cb6 5842 29b8 5440 7016 106b 6989 750c 25f9 67d8 291a 6987 18b4 1016 275f 0571 4e7d 7649 38a7 6bbd 152d 288c 2154 2d5d 5530 54e9
75ef 0016 67d7 6da6 02ef 327b 30e0 1307 6703 7eea 2ee2 5f67 1a71 671d 6d1f 2a0e 5b2e 11c6 53cb 0ede 6c0d 1b7f 4dba 0f30 4e12 7c1b 14f4 335e 1d22
4ac9 7ee2 643f 04b7 188a 5b79 2fb4 024a 3400 3d09 4cf0 13fe 303f 7def 63ef 41bd 271d 3e7e 1e8e 1dae 1267 4805 3245 0c11 6416 3e1a 49c0 55d5 3250
1315 6e3b 2e43 184f 0fd0 6457 13a5 1bda 0e78 527f 5539 00d5 3878 53aa 4210 1a98 74a8 52e5 2696 6ce9 2e43 359d 1f11 02aa 4ad5 415c 6b8d 0cba 073c
631e 3b5e 57e2 5e51 79b8 4aad 29fb 7f37 6b30 7c5d 6ad3 1731 5266 0e70 62d9 20a5 3aab 64eb 7194 7bd7 2852 05fa 08f3 2f5b 7dac 79ca 3b24 05b7 0645
0852 49a1 2051 7c2f 0e99 63f6 7ee3 7ef6 03d7 2fbd 458e 02b9 3644 24be 171a 1238 5b6d 4f94 791b 7bca 17f7 4e23 0b8e 39e2 2dd4 2fde 3898 2592 4cc6
5866 4090 5e41 6f52 6b4a 07f8 52bf 088f 5525 3a3d 24d3 62bc 4066 5b2a 304e 2056 70af 5799 6573 7f5d 1e76 0fec 1858 7941 0b3d 2cbe 515a 54b2 786a
1259 468b 72b2 316d 3e1d 3630 30ef 63ad 7b77 6a81 600e 696d 53b4 4452 6f3f 592a 706a 1301 2098 63c3 5990 2842 23cf 31d1 22ab 6e05 0685 6da0 6c69
61c1 1664 3d97 1479 2f98 2cdc 3d3c 4eba 5b6e 0f8b 2c30 2a34 6ce4 7c9e 1716 78a8 3512 131a 54ea 01fc 2c4d 51b6 7bbd 74d2 12c9 7f44 0e0b 1911 1b39
336a 72de 11d3 289b 727d 0d19 44e7 4fb8 7dc0 63c7 3981 7291 1784 153f 3d0e 407f 3584 7214 4ed5 3fd3 7e5c 7156 0274 67fd 0014 30d5 6ff8 2310 1c8c
2009 50de 1720 0fd3 3c3b 3ded 1cad 08be 4188 0b2f 0d0c 09a2 34dd 3b4d 303d 7e2a 361a 2f6c 0055 2b57 0912 323a 3117 7b18 172e 06ff 2131 1a3f 4c37
12ea 0b94 7400 4072 6a6e 7de7 446e 5227 431c 7cbb 3140 145a 2f70 52b1 217e 4e20 2561 69f4 7861 251d 2d90 078f 3559 6489 4498 20a1 27ed 6ec4 0155
0e2b 55dd 7498 1430 6dc4 5617 5f75 44f5 6956 1573 3659 1f88 1103 479b 718b 7743 42d3 034c 2f55 3efe 66da 4a2f 1da8 6425 36fe 60fd 4949 259a 6732
4d8b 754a 7ddd 6529 163f 2072 713b 7299 4964 4be1 164a 6a97 7534 7303 0cb6 04ef 4ed2 0291 369c 7f88 6075 7e1d 6fe8 5f49 1849 6db1 4a8f 7b5c 25e2
4eee 37e5 4579 30c8 2a28 008d 48b4 137b 181d 171f 4775 37df 6f74 0aa8 14a7 3e1a 1eb4 7bc2 6e70 3ae4 4812 4e8c 1fab 2752 67e6 47bf 6e0c 29da 5e86
6733 654c 1639 6495 32b3 0f64 3d8c 78fe 30bc 34d7 0cc6 25d4 26d6 0bc5 7bc1 6bbe 25a2 708e 38a8 12a3 2322 43e6 177e 665b 4cfe 5169 0a2d 4546 2dfa
4cb8 3155 53f2 79ae 0355 461e 608c 756a 4491 50fb 1455 013c 52fd 7b77 6daf 5358 283f 4836 2ca0 5813 104f 0d23 686b 68a7 4ea9 4d8f 2782 0359 0605
427d 6a1e 19a5 632c 6b9b 4740 7cfd 5511 19fa 2b97 29cb 6d61 08b4 57b7 2ba9 7ed2 1e55 5fd0 5fd9 3430 6371 108c 0c32 65c0 3326 268f 5063 267b 5e71
7fda 5f37 6a1c 70ad 6200 12d0 11da 1cd9 37d1 1131 7741 2550 364d 3b19 7843 6625 0317 2cf3 2ea8 53ac 1369 32c6 127b 75c4 5870 05db 68e7 6e89 3c7d
1b35 2172 5c38 467b 49b2 31d9 5aa8 6000 57d5 2405 3f73 2564 2fd6 7e3a 0ab9 4475 7b55 633b 2b7e 7a09 3125 05ba 0dfc 1e28 772b 2f2a 5e81 4ed9 690c
7d87 22c3 40da 0779 60f2 11af 602c 52f7 10ec 37c5 574f 352a 4f79 4f45 12d3 3a1c 72e8 3d96 63cc 2e39 4dd9 1d82 7309 61e1 2256 3e9c 0d40 5710 1baa
6e3b 62aa 43cc 373d 7062 13ea 5685 54a3 4c35 45a9 67d3 26ef 713a 1bf4 5037 6a1c 7e5b 5444 0a57 7628 7d26 4475 5aa8 782b 1f23 381f 3ac9 394d 3f39
54f5 60e7 004e 027c 148f 701e 3509 46da 3324 29f2 185b 2d93 3d0e 389e 43d1 0371 19ad 21ba 7850 7736 1c91 1f88 0392 2d8c 3a08 2d1d 79bc 5c8a 412e
0fc3 7df6 0727 1d8b 0564 645c 0e19 162b 0ecf 3ceb 538c 404c 7892 0b66 2ee7 0031 5a94 0b0c 7abb 11f3 4a1c 55d4 3057 5642 6d08 504f 24f8 6058 17bb
056e 0f3a 762b 2d24 52e5 547c 336a 3ae5 3196 398a 3dd0 08ae 7bbc 2d11 259b 7a0b 1fe0 4d1c 04c0 7393 358b 15ef 39c7 6cc1 6211 23ab 23d9 2f13 1ea4
6bb6 3cba 4eaa 186c 5707 5af9 123b 70be 08fd 3386 7475 29e8 72d0 1dad 294e 1df8 7339 510d 2eb3 4423 5ab9 0f4e 3991 6baa 13e4 6da7 4288 15f5 1370
60de 7087 087e 0e76 25ff 54ca 7183 6567 034d 31e4 07f4 329f 6bd4 0af3 110a 3cf6 0f5e 6730 0454 4707 2e16 26a0 501e 396e 4659 3baa 0c09 0c3b 0201
4a90 3219 6e0e 3975 2975 4152 62e8 20bf 0882 3c57 4a3b 5ae6 455a 4bb6 2f2d 5929 6765 17a6 017e 56bd 0f92 3ff6 043a 5585 5a7a 2bfd 275e 024d 1559
5b36 1940 2c08 6028 1707 6087 001b 08ef 1091 7fee 3550 7714 79df 294b 5c40 54e0 2db5 05cb 28c4 7976 7395 1e49 263b 4aeb 6356 565a 700a 7520 6e91
02a3 74dd 4d53 65f2 6005 406f 1a1a 5ca4 1c3e 616d 3869 2fd6 1b15 7e83 5ab6 10c9 5990 62e7 025a 6b49 42e3 155a 38ce 5380 65b9 202f 7cb8 0a2e 18e9
7ac4 0f37 21c2 3a95 0b5e 1a14 790c 18da 6869 05dc 6aef 5178 244f 1ac6 1d81 2412 1ac9 3f87 6bed 3932 6b26 0c9f 588e 4f6a 07d6 7146 4c63 4e4a 789c
54f5 4252 788f 35a7 376e 49a0 1036 3bb4 45d2 0071 01d1 605a 3ab7 7490 06b0 2c0f 45fd 3471 5b02 1c8e 7604 3032 4e5e 3b1e 115d 5878 60ce 7f19 5e29
62d8 28cc 2df0 1d18 594e 4a22 5436 050d 2307 5e39 4d45 7f24 2af4 488d 052a 7468 2755 42cd 684b 191a 6d8b 41cd 40d1 3c3d 40b7 7139 6476 411f 4d58
372e 1eb3 22fd 2bf2 1cc8 7871 11d1 2a31 2e00 684a 22a5 3ea4 569d 7161 5fad 0198 2799 5327 153e 5c74 3a75 0369 0183 2616 34be 3f6d 194f 292c 3247
700e 6ea7 18b4 083b 1e8e 4f0e 20c1 7e08 0962 5b24 7e12 6d6a 7c09 6c05 2656 5d7a 54e7 76f7 687e 523c 2459 2dcb 5db6 02a8 1310 0486 6a4a 193a 7e28
302f 4cbc 1a75 6209 399e 359e 5a5d 347d 225a 7b72 4f9d 6468 0f12 0439 3482 11df 5458 6402 459f 438d 4e79 3281 3a96 0c1a 15a5 32f3 7988 5b53 72ac
4426 5fa9 47ae 2e28 6440 5a3c 015b 4e67 6b62 74e3 547b 54be 3001 3362 06fc 4a41 7fa2 195c 09d1 7ab1 614c 6977 49de 72c2 3cd5 3405 72a1 4220 5bfc
67ed 6e68 5b2f 7d87 3f5c 5c6e 227b 0d89 280c 0eff 07c9 2df6 2cce 5e12 2356 4a75 4917 53d5 19c8 7d00 4002 0579 245c 5a6b 1380 3c7b 5905 7530 203d
2ad5 36df 7df0 6c73 489a 22d4 6730 13a7 1921 60e4 3ee6 40e1 6769 5bf6 4651 3934 4d4d 5841 38d7 550d 2a8b 226b 6d9c 7d4c 66c7 11dd 450a 5a86 12a9
504c 1308 58b8 0dcc 0a8b 0952 71f0 5acb 40c6 676b 18b6 3fb0 0eb1 6361 67fc 3ecd 2d18 3981 27b2 7894 4426 6db4 0e56 3486 2b16 7c1c 2db7 6177 1837
72f1 488e 7329 3c94 4cc5 2834 4b85 65f2 4aaa 7281 1c5e 67f4 53bc 0277 786b 1254 5b19 57cb 1b4e 1ef8 1af6 254e 2f2f 3d46 7022 013b 381b 3981 2f87
56e3 4f19 0dca 6a07 033b 324d 2197 2d1a 46f8 4784 0e3c 03bc 0227 3dac 3477 6afa 4443 0824 2bac 49c6 3329 0f93 2411 5bdb 0116 46f1 6d20 5f7d 2686
3b62 2a3c 1920 7f91 6d70 2831 2ca3 3bdf 47b1 5c36 5245 32e0 6113 6fa7 49d4 4ff0 3987 7c17 35ce 66cb 31d4 2de2 0cb6 5adf 12bf 4c9d 37b1 3d4d 7f96
52ea 2f9b 60c3 7515 1d6a 0ebd 16af 5907 0746 2b8f 0c74 7d1e 57c3 4fc6 2936 3670 5f63 6520 006b 0bc0 78bd 2b6f 35ad 3312 036b 3c89 3d85 41f4 263b
5be9 504f 487e 0cf5 72e0 1778 248e 0c33 64ea 1628 7614 588e 3189 41c6 34f2 42bf 6742 3351 0089 34d5 15e4 2aac 4dd9 1a34 47d9 5f10 27ee 010c 7c64
1184 6f01 475d 2ff6 46ee 5521 2dae 02da 5ec7 22aa 2808 496c 3a4d 7d68 50bb 5a8f 1254 40f9 7539 0954 0c43 793c 4cf4 6913 2204 78c2 7b84 0d56 6ee5
4cc0 2c5d 41dc 42cb 7fbc 3056 1867 43b5 5708 62f9 103b 4732 6cf5 7331 0f5a 0de9 7893 1a83 69a5 6ea3 47d5 6240 746a 4b62 3b51 0ee2 128f 2d25 203c
78b6 2350 6ead 0cff 0856 559e 7b3c 626d 50a2 55d8 5fbc 15dc 6fef 300d 7f18 680f 647d 2b71 17ec 66bf 6095 36be 5289 60f2 4bdb 4a9d 7f1f 448d 600d
67e2 08d8 6b23 1260 5ccd 20b8 3149 18ef 467f 4b3a 352a 65bb 7013 627c 099a 2171 601d 61b0 549f 0e0d 71af 2a11 34f7 0304 0fa6 4cf9 4583 4acb 0bca
2083 2533 2213 0737 0df4 54fa 06e4 720b 762a 0820 3fbe 0ba7 53da 49ad 7321 5d51 4db4 3029 144a 289f 68c7 000d 7aa9 0cfc 41c7 1f85 6337 2d27 3145
14b2 318d 4db9 6eaa 35ee 37b2 013d 3ed2 14fd 641f 7d4d 0798 3743 12c8 502e 7b0e 5435 7e5e 304b 6044 30c6 04a8 414e 0f73 7c50 2109 7743 2ac8 201b
4e78 4d35 0a56 744d 7c1e 4ed6 2a8c 1149 3b2e 4b39 419b 4eea 3945 5e83 6447 63d9 2b2a 379f 0ea2 653e 1462 6cc5 319f 30b1 3af1 7818 3111 7081 4cf4
621b 518d 54aa 5c17 4607 1c04 3a68 4753 1b4a 4c80 6555 60ce 7ed6 7dc7 44ea 21b3 3cb3 0f28 662b 4386 325d 428f 21eb 2408 484a 6eff 5e91 69db 6bc9
7aa2 0409 44f1 4f96 4cff 55d2 0184 78c1 744d 5856 6387 315c 2941 2882 50e3 0159 3744 5394 6d1b 7328 0c3b 1980 6b10 423f 6b7f 6f60 4149 679b 051e
69ab 090b 204c 01a6 47a1 7a75 2d23 241e 49dc 4f42 6116 32f9 204c 7f50 0655 63ef 2271 6c72 6813 79c0 1105 0337 4df6 7d0a 3330 1aba 5e65 55b5 33d1
4a52 3e8d 5954 1d76 0d1d 5555 6c95 7ae6 2f20 0ea7 7ddf 3809 09c6 66e2 1097 463a 5bf7 25cb 7ea8 5933 633f 3be0 02ad 4d7e 6263 2380 5318 2a8a 32d1
4ff0 6546 1cd1 054d 04a7 18d6 5fa4 0d09 4efd 3ed6 2a40 4e86 1456 5bd0 0d69 41b2 62cb 7afd 179d 2f26 5f45 27b3 0931 6fd5 2854 03a8 689e 0519 6661
436f 6e1a 529f 2c59 6d21 75b3 0d78 6d63 7bdc 09b0 4a2a 5639 131b 7945 065f 194e 667a 65f4 3d68 4a30 1030 4eb1 1d94 49ad 1d59 06ed 0807 7967 759c
0180 26b5 5473 741b 7791 6adc 0702 14eb 095c 3b46 6e9b 4986 77a9 184d 67d5 4c55 61a9 2b6e 587d 7a42 06ad 22df 05ab 4414 616a 2d8a 71f2 742f 732e
1bcb 40ce 5895 77e9 441d 69a9 7206 50c6 2f98 0040 3918 210b 7bc4 5869 6d52 4111 7b89 061a 6733 212f 7a1f 2a83 7866 1286 788c 760e 5406 2e41 7e48
7a0c 534e 06a4 0f5d 7ee4 3a41 3296 32db 5679 5eff 4399 442d 4985 5484 43ee 4e60 1478 3ce0 4a1d 5c22 1c78 3de8 29e7 5fcc 6c48 1306 0024 10e8 3307
148a 5620 65bf 4143 2882 2456 198f 578b 3cd8 0288 4e22 176f 0fb6 618a 4694 0414 6b5a 7bd4 443f 43b1 4b33 7d6b 2e26 01bc 7b84 10c0 375a 51d4 3c4d
6464 5a05 1791 49c3 544f 4a44 20bd 7262 2a7b 02ef 2187 526d 5810 558f 18a8 6307 42c4 635a 74ce 2c12 3ead 4ffa 0961 3877 518b 3b83 3b55 2d78 5daf
2366 6037 5803 4a26 71ea 434e 1871 0fb1 311c 4dc5 6ae2 0b6f 39c1 5653 01c7 2d91 20e7 5c38 0672 7742 011e 6c0e 2410 334b 162b 63e9 7e19 561d 0775
50b8 7a1e 49e1 405d 1614 6618 5e93 31d4 07d6 0ae2 1027 3f4a 7483 0663 210d 1298 38df 7975 7fbd 49cd 2646 3be3 0585 41df 2f3f 3a69 1720 382e 465e
0ff8 59fb 7f22 67df 6a97 52ae 108a 5f37 5528 6acf 18f2 3da1 5b54 26ef 7f2f 5e15 4bb0 0c35 7e4c 60d3 795a 1b72 2e44 68b1 7c5e 738a 2458 7685 4655
742e 5793 5bc4 6cca 4025 3c79 0544 7c6a 29de 1ebf 41ec 7f42 5075 6f78 7261 4a79 3431 5b29 318b 2963 36a6 6876 2561 4f86 3563 54f4 6902 3b87 41d9
24c9 08e4 7d3c 2e1c 4f87 1d91 6638 2b80 54c9 633a 7a55 0de0 6fb3 2f0e 6a94 52cd 1d00 7dca 51e4 2fa8 5e5a 0a4b 1d84 22ee 063c 5734 77b4 4a14 0704
6d4c 1f82 742a 37e0 4e9d 25a3 362c 1257 1f2b 68b0 3ffa 436c 203b 7e9f 3452 30ac 43fb 36ef 41a0 69b3 6eea 1b66 2edd 3138 6a29 1d78 0d78 3066 4a64
0922 74e2 75b3 4bfa 2801 6cc3 56cf 12c9 668f 2fb5 6f8e 4d81 3f34 5c57 4266 217f 72f2 1214 3fd0 0277 46a5 573c 5703 5b08 2050 2836 0efa 1086 6475
207b 1632 69f4 19c2 2896 66df 0ebb 091d 09a9 7124 1190 6386 0c6b 5093 4712 44ef 0a50 6355 4ea0 58ec 0d27 36a6 311a 3e3c 6792 3ee7 2bfc 191e 1ad5
0dbc 49c1 5004 311f 225f 502d 06a4 0bfd 105d 2a1f 0c8a 06ad 5baf 2a97 552f 5f83 071f 40ef 6e35 4410 258a 55ba 643c 7736 4977 4359 44e8 7fc7 0878
0a97 0e01 0a32 7170 50d2 0986 02d9 2845 58ac 4625 3c67 65f8 526a 4768 22f9 2b52 5b80 0469 368b 6d8b 01d2 304f 2710 6b31 2feb 4212 628f 45fc 5c8c
324c 1c09 3857 2a4e 576c 68dc 1577 60b7 3e74 2e52 4365 0ddb 7080 2a39 4a64 4c66 5a40 201b 068f 5874 5f97 19e0 66d4 4954 2809 1a88 5291 78bb 5ef5
0fe1 5fa4 74c3 5b35 2eea 3d1c 4cfd 4658 3a57 403a 3049 5617 33c6 20f6 7ea2 0dfa 3344 7f1a 26ae 6e3a 454e 567a 1e87 3533 6c9f 6fd6 036d 7e19 495a
777a 4059 2d67 72ee 42fb 6d49 5c08 207b 7b59 5a5c 7b29 73c3 2bce 4a4d 24da 4e24 5f8d 5568 5ede 3f4c 43fe 0ea4 1ef5 5386 6d21 4b45 405f 0b5c 651d
295b 0202 32a9 6615 79c1 15f0 0dd7 4512 7f0d 4614 4078 4d41 08a8 39c3 4598 1c7a 2ad3 4cbd 3939 6f1c 30a1 19bd 2024 3287 7a3b 27d6 4927 4e8d 3f2b
29af 41fb 03d7 6638 7ac3 0cfc 61e8 24ab 6582 7685 3864 2612 41f3 7be3 3365 38bc 38e7 2676 2cca 1d7a 4656 1f3b 0334 4b06 7b0c 2924 4721 7ad2 0085
7856 2f8e 7b85 1208 2426 7ded 4d3a 02eb 0f1c 1bcd 6e31 2c2f 6e13 646f 2029 1a44 42b8 4028 07d4 5338 567b 4e76 5ae4 5c06 09d3 0cfc 6352 65b8 223a
5b39 4f45 1e8b 213b 53f4 6efe 2d93 537a 4090 7a5a 781d 44f4 145f 09d7 5bbc 726d 086f 34e8 358d 10bc 6a4a 36f6 28bb 285e 6211 547e 4c13 70dd 2bf5
2729 09d4 1ab2 7ca4 3dd9 3044 5682 069a 04e3 2888 369a 2e52 3682 318c 76b4 7e98 0d26 13e2 5f59 569e 5f17 65c7 57c6 4a96 706e 3c96 2023 60fa 540e
0655 0d3f 6a78 5502 7487 5cbf 55f0 0122 0a15 6662 6f72 32c2 32f2 503d 36ee 522f 6df7 3c7c 0d71 3552 2571 1d01 4861 4fed 2f11 69b1 23e8 6e45 0916
222e 7364 4965 253f 6e33 532e 7aaf 2d9a 640d 7c36 74cd 0d2f 5df4 3f96 2bf7 22ed 3db1 522d 53b5 23a9 4f59 603e 7d83 73b9 4f8d 6d74 36b7 6839 5da6
7539 65cc 52bc 485d 5e1e 52cc 79ff 4c5f 5c88 0645 7854 6974 6f45 28ea 494c 5f35 23c4 59d3 67c0 581d 7e94 0676 216a 405d 31e0 339c 44ff 7cfc 281e
1bdd 55d2 629d 6068 3213 1d62 10d2 2929 31de 396f 798f 4be2 0c51 14e4 15d7 6e94 34b1 4d47 475c 3ff5 71e7 5fc8 6a23 1593 6bb5 6b52 6b30 41a4 17c2
681d 327e 466d 5ad5 799d 4d70 1832 6a05 4098 3b89 70f4 3e9c 23cd 2731 0675 78db 14f6 71b1 35b1 0312 657a 6b93 0e85 5d81 766d 21bd 7e68 2ab8 0c13
449c 2324 5637 2e24 4a7a 7e7a 77e2 3431 358a 4def 1f08 62ea 1bf0 3782 6686 0f6f 2543 1db6 78d8 3081 1ea2 20ab 3453 4e18 1201 4dac 2b45 72a4 0578
1671 49be 4e87 2c2c 6d29 21a8 1ff0 2c55 36cd 2a98 3fe7 1a6d 0668 2f54 6252 5ebf 0679 3774 7c0a 3b24 5ed9 5818 2912 371e 25ca 2954 2cab 1bb9 61b8
0fa5 5d10 7f96 4587 5a06 6dcc 31ca 123b 5890 607e 78e5 47d5 4657 6fbf 7992 2e25 312f 5025 55c4 51d4 69f8 4fc4 606f 26cb 153c 0623 4a19 6497 61db
5e94 4713 77b7 5a4f 7511 190b 0465 179a 14a2 7dd8 6165 4308 13ef 4c00 45cf 2993 5d74 080d 2b97 4dd8 1c5e 0178 6df8 2e23 6a60 266a 20ba 755e 0c33
437f 79d6 6bef 685e 1930 2c1e 0b1a 1703 71ab 6c0f 1cb0 345b 5998 0164 3298 7942 5188 0c4e 2d3f 2dd4 0204 56eb 2487 2b61 0189 36b7 02f8 0372 14f7
3db2 4355 4e00 0fab 7095 4da7 4dcd 7424 459c 273e 65a5 297f 53af 3fa2 27c9 580d 6427 6fd7 6abf 274e 4c45 3bd5 35ff 44ff 790a 7fb2 4cab 2e5c 2d5c
37a4 3a5c 0034 26fd 196d 16f5 2f8a 6559 4b55 73b7 7abc 2d50 7264 6e09 6688 706e 3c1d 0646 74d2 4fcc 128e 0fbe 365e 354b 7bdf 74c9 4a72 547a 325d
6c91 2620 761d 5557 4950 5f66 6d6b 30e5 51b7 1a66 50a4 6031 58b7 3d6e 512c 6d1f 2cad 6c98 7a5e 7b65 42cd 5df9 5b48 366d 4931 43c9 4719 087c 45b4
7423 5447 3831 4b86 1c15 64c6 39f9 74e7 3e70 6d27 6aa5 46e0 641f 4169 3e73 7672 7d67 00b0 79e9 0c31 2f18 5ecb 0cb6 4c84 53b1 4e45 10c9 033d 329e
42d4 2422 43fb 6a87 7fd4 79ba 13b0 7b3b 354c 3a59 4985 78d6 7d34 29b9 34ce 4fd3 549a 72fa 7a55 6f7c 6ea5 4067 3088 17fd 3974 453b 5ac4 65ab 4f78
5c6a 5d74 6a84 3f7c 1fa0 302a 4138 7eed 00fc 2af8 294b 59eb 16a2 0ed9 289d 24d7 7af5 5d9c 3c1c 2e94 5ed7 5dc6 0f8f 349c 74b4 790d 3996 4e9f 4175
6330 1733 1ea1 0936 3a2e 4c2b 59d4 7efc 2ac3 2c53 27c7 5c3c 14ea 3b57 5388 5149 3be9 6722 6edf 7a3a 48f3 1cf8 0eb0 26d7 4d12 3a60 34b8 1ca9 1ebd
3012 4922 2eae 6724 2f37 11fc 2a58 1029 4a5a 71cb 5b7c 3a85 71ab 0ccf 73e7 1eb5 58c2 1599 243e 3d4e 1230 4796 7029 7fcf 62b2 2272 5908 7730 1553
3ac7 7b5b 27c6 771e 3a5a 7374 095f 448d 30cd 3d10 0b05 264b 58a9 6682 0ab1 3f45 03ad 7ae8 4465 0506 7584 5792 1910 5eba 4be4 17ff 604a 2076 54f6
1364 3616 09a5 77ce 6381 350a 2910 6d7e 01bc 5059 4956 5c4f 7142 3f52 4724 28f9 3184 34b3 6f61 18ac 158b 1c59 4c06 61aa 308f 7dcc 16f6 4d12 1b1e
2532 6d64 22a2 62e0 7651 4f5c 6174 0c7d 4e90 7807 0f02 4188 564a 777d 670b 523d 4c2a 157e 78cc 4d03 527e 2f30 6d1c 3834 7d5d 2626 329f 72d4 4aba
5f35 2074 22d9 6010 164f 3907 72d5 7d3e 1699 56c9 469c 2f74 627a 5c70 5575 2d29 5a0c 5bad 15cd 3bc8 141b 51a3 79fb 5b1c 17c7 4d6e 0d1f 25c6 33bf
266b 4790 7f19 6b9e 2972 5404 5fd4 7480 470b 0403 3eba 1aee 5e9a 35bd 32f1 6e91 18df 7619 373d 51e9 5161 1eaa 123f 3555 775e 2369 7c2f 3825 15e6
335a 3ddf 7eb6 7042 4945 32d0 0e82 58f6 63da 1b81 2422 0d91 1526 0d8a 0d5f 2d30 0388 7eb4 6205 5d76 7f6b 5aa6 6c65 3060 50f1 0641 2544 0b50 07d0
35fc 53d9 7c0a 40ad 592a 5003 0e85 6cc1 667d 2c1d 5045 568b 1855 0f03 3bcd 39cc 6b20 355f 60f8 1e86 2279 4aaf 75bd 1ebc 1a31 5ecd 58ed 57f6 02a2
2fe8 78e6 3eaf 17e5 4968 1bf7 150b 1535 3c6d 77ce 2b83 26b3 1a8e 7db0 195c 4c50 269a 0e52 7494 08b7 582c 3b98 56d5 7d27 186d 0f13 0622 4b02 693b
4e85 2975 2b09 2b49 23ad 54cd 5236 6837 3efd 692a 67f8 5563 3ead 7bc9 7692 4b49 5918 2710 1e01 1848 4287 2557 5ad5 69df 6d63 62b9 0d8a 6c27 5f25
0645 0c52 4583 0dc5 2b19 39d3 5942 3e1d 01c4 40de 02ac 3250 5f45 1e7e 3719 3655 50f4 0de0 121e 06d5 60ff 4913 3029 20b3 57fb 7d68 35c8 1fb3 60c0
40de 0f22 6558 648b 7017 6df8 018b 3fcb 7144 3d3a 186e 2193 2e88 44c7 47f4 61fb 7af0 45d0 2823 4beb 7027 3d41 462d 4ca3 0912 703b 10b6 1933 6c2c
4e15 4e10 7421 3165 6127 2190 1bde 1c1c 6f1b 657a 542e 1a9d 7b5d 55e5 1b63 2ae9 5914 001b 647e 5385 5d75 4d0f 331a 2168 6e87 23f9 7e98 1e65 250f
02e8 00e0 3370 7d6e 66e2 1cf1 5015 7ade 4994 48ad 1534 2ccf 095c 6b77 68bc 45b5 0234 5def 5d66 06e9 1e0e 0252 0faa 71b1 395f 3de0 31d9 58f3 009a
1c04 391c 5ffa 4b67 6d29 7cb8 5f67 67db 665a 10d3 3817 0406 5f27 1678 70b7 1d7b 5f57 7e44 1444 5f7b 1281 2653 498c 219e 28f1 5cc0 631c 60fd 5e40
234f 0b91 1b55 0e7b 7f12 1fe2 230d 42f6 2129 2582 67d1 1e6b 309b 0080 4073 4aec 5824 5879 1e5c 5a63 1b01 2269 3a0a 5cea 716a 6527 34d2 4f5f 197b
0266 685f 38e5 7712 240c 37f3 1d9a 34a2 22d7 5859 3a81 1c73 1d5e 5995 4d6f 15ce 4672 788c 0946 0056 394c 23d7 45ff 02da 2243 4ee0 004f 3b5f 52f5
0539 4d2c 525a 3efe 7a37 0150 7cc1 7dda 7b7e 02a1 73b2 4566 7402 0027 1412 2514 793f 75ec 7a20 1c05 6e66 0f33 1725 7400 2852 1c29 4c7b 110d 3ba5
1fc5 6965 57ad 61d4 0348 7d23 73b3 4fc0 3179 4744 2db4 211b 736a 3f92 2e6f 2f71 519a 510e 7d4c 2f78 2e57 6cb2 3043 664d 6366 0752 706f 7d66 2ce1
6357 7227 5ec7 7404 48a0 18e9 42fb 101e 67b8 2315 3eab 018a 5707 3f14 2b2e 3e63 4d0c 62f5 4b29 6149 3414 2a8a 6e38 0ee5 1be3 39ca 3f5d 239d 1ca6
0450 020a 22f6 54c1 59e7 7b8c 09c9 492b 3d48 7271 68a1 521f 1af8 3ad3 2283 76e2 6f22 1e78 458a 48ba 096f 5ec9 2d87 06c8 7278 20ac 49a9 37b1 133f
2f9c 7a83 52b7 1046 57bb 6ff0 3f27 3e98 3952 5570 11a4 54d4 274b 7e7f 4bca 62a9 66bd 3c7d 6eb3 4a23 269d 6858 6ba5 3715 778d 227d 43dd 5308 6e24
4b2f 46a9 13cc 4d53 58eb 0476 18c2 4a28 4c33 5c31 2bc6 7c1a 5de4 1e69 1a8f 0353 754c 3942 4555 2db9 063a 18be 62f9 00b4 2f44 42f7 47c0 4775 76ac
3017 78cd 0162 6581 735f 0ecb 001a 2094 569a 7b76 1220 59a1 3212 260b 0541 74c1 4c21 6f8c 4b29 5d6c 5291 4417 092b 0d30 14f7 5d46 077e 1163 427b
50c5 2a4a 17a6 66ec 1177 0ee6 112e 1e1e 6a2c 75a8 66ce 4140 61a4 70a2 78ab 57d0 10ce 485d 33fb 69d5 77a3 0c21 0d9f 7dab 44f9 53ed 4916 0be1 5403
47c9 0656 5293 1f29 6ea2 04f7 39e5 4902 432a 7904 4410 307f 2f98 47c2 7b68 2939 6e00 4910 7feb 1c8d 0852 6f4c 0cfa 3b5b 2297 3846 3048 68c3 10bd
1b51 55b3 4c4e 70cb 16bd 5922 2110 488b 4c75 18f7 4848 733a 09a7 2390 1b31 7c34 1235 3c3d 5b3f 5564 0cbf 5a25 6ef4 3a74 3826 454e 4520 3931 74f3
1855 5878 1a3f 7d50 2369 5982 406c 73ad 008d 0ce0 07f2 7e11 705f 4e8f 16c4 7ce1 2752 7673 105b 4794 498a 2e34 117e 7ab9 170d 60e0 033f 5b69 7efb
3473 0c13 6592 4c5d 22f1 5a1f 03fa 7bd7 3a2c 6997 4df4 52f4 184c 5a69 0f6d 084d 37ac 2cf2 3b95 1af4 40aa 0814 5517 1794 421b 2c41 79ec 7eca 35cd
1794 61a3 132c 3d8f 058a 5e34 01c8 72a0 5243 1bc1 77bb 69bf 4355 203d 7435 6a1f 088e 721d 177f 0b32 6e47 687e 7f29 64e4 4bb6 7465 53e1 78ef 3e62
1738 2b93 7db5 221a 6a68 2f23 5abe 1b25 1cc5 1546 17d2 6e1b 369c 564e 06ea 149a 063c 656f 3612 0ede 2890 755b 2189 0d5a 376d 4e6d 268b 39c9 0030
52dd 07b9 0381 39af 2fe2 0cd0 1486 0552 185c 2523 2358 746e 1178 7f26 16bf 61a2 36d5 15a1 2514 1d00 44d9 2a78 0a57 3cae 4ec0 431b 380a 3307 7ede
37c7 606a 3759 49cb 2f2a 6d54 7da0 70d6 3006 3fc1 6d74 5947 2e1f 328f 10b1 00e4 4b33 507c 66c6 5c8b 29e0 3a27 602a 3445 3ab4 7fae 275f 526e 089b
0b14 019f 0fde 73fd 018b 38f6 2d89 5208 7540 668f 0aa8 3c2b 51b9 2e5b 7819 6e0d 79a3 7920 2bf5 705e 2dc4 5bf6 24d1 6bbd 2d34 3604 0d30 772e 3070
09ab 421e 0e14 3f51 4026 05b0 4307 38fb 35d1 0414 64ca 13fc 6eec 18be 3ee5 3623 07b3 6ab7 7def 1dc5 68d9 4926 5717 5fb3 63a3 3553 3a5d 0df1 7971
20de 2e9a 3586 5520 67b6 1b30 6d36 3342 09bc 6635 38c3 55b6 303e 2e58 26e2 26ec 0c4f 2d67 0644 4acf 0076 25b2 06c7 2bcb 3275 5168 607a 3933 25e2
4e7b 691d 42b1 35ab 7624 7680 1b11 0b86 0920 519d 3b48 2bf0 775e 27c2 256f 4a63 3cfa 7807 3b51 1ec7 0973 10dd 3eaa 1a4c 44f6 78d7 2f41 5f02 0c9a
6025 1a90 5cb3 505b 6222 5233 58fa 0e62 29af 3966 1986 7aa2 309e 77d7 78d9 44fd 7b0c 382b 3a2f 46bb 1ab7 05c6 1c23 0368 4ede 5552 61e2 59ef 5d4d
60d3 3620 40cd 688e 62b3 4e8f 7e26 0e54 1848 5d4e 1130 0d0e 6948 160b 78ed 126e 0956 2009 7616 3ea5 6f94 6133 7c4a 10a9 2119 715e 46af 2221 4a53
5479 5513 628f 79ca 796a 71e9 6727 2072 4c5e 2a7e 21af 7391 1833 2575 4a3a 1971 2622 5216 7008 4683 4b00 0573 3d8c 35a3 08ba 68d9 408f 5445 208a
34f5 3fff
2536 0000
33c1 0000
1fb8 3fff
1592 3fff
5610 3fff
57dc 0000
4333 0000
360e 3fff
2c84 3fff
5380 0000
7b40 3fff
1ba4 3fff
6a3a 3fff
2c0d 3fff
124e 3fff
4844 3fff
640f 0000
6b1e 3fff
428a 0000
3c6f 0000
68ab 3fff
1da9 3fff
719c 0000
53ee 3fff
6033 3fff
4847 3fff
36a8 0000
2840 0000
698b 0000
1286 0000
1a44 0000
7264 0000
3490 0000
4bf9 3fff
2907 0000
62a9 0000
0189 0000
10ad 3fff
71af 0000
2f66 3fff
6192 0000
66e7 3fff
3be4 3fff
3a33 3fff
649f 0000
0616 0000
7e99 3fff
2692 0000
2d54 3fff
7047 0000
3eb7 0000
0c52 0000
21a6 0000
604f 0000
3686 0000
4151 3fff
01d7 3fff

5801 2e73 23c1 1d9b 4ffb 2230 1a2d 3fb4 60b4 460d 1f07 75ab 4dc8 175c 7e34 1956 3c33 6cce 4a3b 76ac 575b 7680 2fd4 6538 33a6 24b1 00e3 5c42 529b
4c67 70a2 4f61 27c6 0b76 5397 79ef 6731 1f74 5ae9 27c6 6226 07db 4aca 561e 5838 21d0 3477 38a4 4473 3268 338b 098f 0b5e 16ab 638e 63e4 0791 461f
6cb1 007e 60cd 21cc 2c3d 1dbf 6b54 3a35 5f79 646a 73fa 22b5 5711 28b7 374f 70b3 5dd1 60ad 463c 442f 0b31 3fe1 1611 3374 604e 24c0 642d 5076 3342
1b76 156e 2adc 19c5 6958 7d0d 6cb5 2219 4354 6d36 5567 27d2 5a59 6e7f 0f7d 6273 5f29 4834 0baa 54a3 06bc 0358 46d5 3e67 57c4 0d7c 5efe 25e9 4404
4f22 07d7 19f1 194c 2b4b 0fd8 4707 012c 258f 06ed 641a 709f 6dc8 7e98 3a89 4bdc 6ae6 1365 67a7 43f5 48da 106e 2ef9 46e6 5578 3f89 1df2 3f68 2ed9
6a6a 5481 47c1 0f52 5209 4e65 1281 2f87 4ec5 06b6 6695 462d 546e 7e47 4041 47e2 457b 1db0 1a9b 21e7 43fa 488a 0aed 5686 1c65 1fba 06ff 44f6 27ff
755e 5355 5cd2 58de 39a3 02a3 7098 66aa 6e7a 26c6 09ef 0e96 62bc 65f5 3bcd 4ee6 5dd8 502c 6b32 3dbc 381b 6532 015c 7b71 4a26 4ba9 1d0f 0ecf 6efb
6eea 5c66 530d 5818 4a38 4c8b 0d7e 4a99 621b 768b 62ad 00d7 43a9 6ca9 3471 0b7e 0296 269b 7607 2a4f 0fa5 1148 1a81 55c2 10b8 1c28 043b 461e 63dc
2cee 7eab 5bcb 511c 795e 36e8 076e 440d 2acd 707c 7d50 5231 374f 34d9 6ae1 29e9 4f6c 077d 4906 352e 1b01 1cc6 56d1 33a1 7430 69a2 5e6c 414c 2935
4b12 03f2 7661 1f78 3a2e 12c6 2bd9 5d9c 2f8b 3ee9 7a04 1df1 40ac 53c8 20ff 7ac4 0aca 0f7d 647d 0f3b 5670 1be6 46fd 462b 7652 0e56 1326 54a0 7bae
2a8c 4afb 3ad8 2e0d 563b 55d2 7ad5 0264 1d2d 5372 2a7f 5b02 064a 563a 3686 2785 153b 37c2 2324 04b3 2203 047e 5fc3 112a 2de4 6111 0582 2b55 169b
78d3 2c06 246f 6812 5244 74ea 758b 0913 3956 1e6c 0e7f 4425 4513 4b97 503b 6e57 32b8 4184 5372 5070 7a0a 20ab 50ed 62d0 5c84 5f25 25c8 5b94 62d8
56fa 04a3 4d31 2f1f 5269 7f47 1d88 26d0 6655 0b4b 17b8 6b98 5da2 67a7 322b 5f73 113a 0c92 6568 68f3 0388 616b 2e47 1a5f 1c5c 6833 2e88 1087 12cb
1091 3765 413d 4c3b 236a 026d 3b71 72e5 5071 3dfa 5c30 6e39 3abf 5c58 6c3f 57c2 5d81 3822 4adc 073d 7800 236c 3669 5ec3 0a86 5966 67d1 08a5 5696
0f7f 09d8 156e 7f40 27af 731b 54ce 1280 743a 0496 0516 6758 0ef2 776d 25fc 402a 773d 0927 4ad1 0db2 30e8 0b95 312b 73a9 2324 2b35 16e2 5594 2966
6cfe 269a 3661 0636 2f67 1756 0ba9 63de 7538 63d5 1650 0f83 4767 2134 5619 6fb0 5c58 4ee5 1ecd 6e1f 456e 6fe4 4acf 74f9 3d27 3c14 1f31 634e 6983
2e54 525e 5a5d 2f51 3887 2eb5 63ec 4b8f 1898 67ff 7cca 321f 2e1d 5c7b 219d 498a 1f7a 5853 5f66 7f67 031b 4569 29b5 2363 0941 6333 2231 76d7 5019
5183 4f74 19ec 27cb 75a4 08fd 79ee 7630 5fb4 3b9e 4e78 6a00 241a 54ea 4d04 3839 0723 4fa4 403d 4db3 77d8 4bfa 43d3 7b52 0d16 7b8b 7470 3caf 2789
440b 7267 04dc 210b 4156 2d98 6d88 374d 5731 407d 66e9 7e90 6d40 4ec5 1790 3203 0b80 37e4 569f 2700 1d6d 52f7 5115 0cc4 2a0e 2306 5e35 0f52 5cf7
6715 31bc 1197 4e40 272e 3c2d 46ca 3894 18d0 1226 28fb 2856 6b97 762e 0685 0412 0eae 379a 0ce5 4d4f 23df 73ae 4d8e 20db 5e74 1c78 0497 3a96 3413
79af 3fd6 37ff 5b02 268f 48aa 025e 4713 7aa1 45b3 6861 071f 2709 7dc8 2a41 425e 3d7a 4dac 2437 6a0f 311a 02e0 4223 7d33 7ace 7570 364b 7696 6250
0e65 2307 79aa 5c37 3e21 1e71 5623 3526 2e55 07f6 4ffa 726a 03be 797c 3c2f 7b79 7e17 0870 08cb 6790 4626 461a 4892 3fec 7c91 588a 1f73 4b7c 05cb
1dbc 2674 7b29 69c1 5938 0ffc 695c 1741 0edc 6bdf 39f9 6170 6346 6e11 3400 4375 5eb6 6cff 192b 19df 63ff 2fdb 145e 52e8 480e 5797 0be7 4bdf 6768
2e11 45a3 113f 3d27 5670 12f3 3de2 6753 6087 6a3f 4c74 6a75 299f 5953 1158 62e1 186e 1243 035c 3746 06e0 0f37 4027 1114 1e36 320b 07e0 71d4 5260
1aba 4739 3402 4b08 5bdd 200d 6903 239f 263e 6ee1 6561 757b 4212 19dd 6d4c 4f2c 5c8f 5f92 2051 09f6 5a6d 4a2b 087f 222b 319b 45e0 5e9c 3f30 3957
7f95 3f3b 3ae2 593b 4a65 7014 04d9 46f6 17bc 4007 5a68 0664 6df9 06d5 1d40 3652 3bf1 5b25 2f3a 426a 1465 57b3 2f8b 1dc3 5e40 0c5b 6632 6b7e 4c57
67e5 6a29 2523 59e8 3c1a 0730 248c 3b39 227b 5ead 3d20 0845 5438 2c56 12d2 522d 6e7a 19be 4852 2ec3 3459 7e97 64fa 75b2 3f14 48db 6048 1448 257c
13aa 7c92 47c3 02ec 1863 39c1 2928 57e6 47e9 0024 4fab 7749 6cb6 51ae 2a54 05a7 663b 5177 7fcb 7566 4fdc 7d2e 32af 3efc 2573 5af8 3280 2ad3 0ec3
428b 0c81 7108 65c7 0d31 7c76 1ab2 0bae 0071 2fa1 72f0 3df7 2bbd 4a08 1db6 39f6 01b2 6d5f 5fb2 4cfd 2031 1110 05f1 31c5 1ead 7a99 38e0 1196 39bd
6b25 245c 19b0 0e89 2a81 47e2 3722 396c 0030 2415 655c 61c0 1bfa 1079 0313 729b 7f0a 7cf9 7c41 59dd 28d2 1754 14e4 1b58 4983 20f6 1920 5549 7f2f
0f43 21bd 20f0 3826 4aa3 4d9f 397c 6e94 6a44 68ec 3a6a 5fac 74c6 476b 163d 7ea0 581b 6d7c 52fc 4ac4 2e9b 2c67 4901 449d 2d90 06c1 6a05 0b24 0cb2
609f 7f13 3920 0c47 0f15 31a3 55d9 648b 665a 10b3 1c97 7f05 0ef6 4255 168e 6f05 06a0 10da 6c93 5828 131f 4e9a 3b4e 013b 326e 72e9 494f 6283 2dd8
7b31 1e9e 2010 4b43 2c33 28f1 0bd9 5cc8 72d8 10f7 0531 6533 35d7 47b8 7a5b 0271 2c54 398f 241e 0943 4926 7560 074f 4bf5 3f76 5980 352a 2801 3b5f
1951 42f7 0dbb 224c 264b 2b0b 2561 0e48 016f 7d09 0d7b 4e2e 507e 46a5 3d3e 36dd 6c47 666d 7f39 3f15 15e0 4a1b 092b 2dd7 6307 4286 2316 58c2 312a
6ce0 13b0 6386 7093 1498 433a 4942 0403 4eea 13ed 132d 48ca 3d92 39a4 6d1d 0455 1c6a 7601 1a51 431f 1083 126e 4953 7f75 0948 54c0 345c 477b 76b8
680c 715e 2061 7b62 2783 7557 01d4 7548 64c0 35ff 1215 17c2 60c1 1e18 472d 66a0 7548 1833 3770 1b20 477c 5be6 273b 7b1f 5f32 4942 12a9 00d0 2c62
6235 7203 3f27 1c56 4797 4e1a 1119 43cd 0892 095d 13d3 6a9a 1f70 5069 45c0 131f 7d60 0550 0724 7198 10bb 190b 0441 33ae 0cfd 4d97 437a 0bbf 7983
7a25 05a4 5c71 3e15 72ad 3c57 4e94 1c17 10e2 58fd 560f 20ea 47ba 6832 5714 512e 1218 247e 305d 23ac 5ff5 2570 25d3 6eae 51be 1ef3 529f 360d 2f55
51fd 2c62 5a26 7a87 6603 2eae 6a34 4bee 7088 4822 6a2a 692d 6ad0 63db 7ca3 3802 3794 0daa 5af8 4e66 1931 7808 7852 7c78 650b 2ffd 50a3 1de2 787e
6c53 5bee 5287 376f 4670 7e22 33a8 52f2 3325 0ea6 7309 0f75 76ef 474e 4b8a 4f5d 00b2 5509 4c2e 4207 6187 6670 4d72 1a9c 6ef2 1761 599a 665c 13d3
01ad 04b5 6bcf 492c 5af2 0b2a 2ac1 627e 03b7 247a 7a1b 24f0 02b5 1433 1d27 7d7d 00eb 377d 04c9 7024 4cfe 5968 086c 4bee 7a2c 767a 4368 5a84 2f71
58d7 1dff 5d9c 2764 1654 5af7 07c3 0447 617a 6578 47ee 1145 1a50 4c13 672c 2c2c 47ed 3b17 2510 4c2b 7798 4249 5ab5 0189 385b 53dd 5c87 30af 149e
2c31 7df5 612d 7277 40cd 2dfa 6bcf 0637 71a6 367d 6250 5ae5 5752 0c15 7b17 349d 558b 0430 5ac3 3190 436e 0e17 0894 131e 6bae 6507 0ae1 2326 6f4c
1db9 72e5 74b5 0e2b 464e 3699 2e73 5019 727a 7fea 3be7 78dc 379f 322a 3e80 35c6 15da 196d 3631 6a2b 4708 4110 76bb 4574 4f84 2eb2 5779 205f 0918
6da9 7680 3772 4a38 7237 5dcf 6470 7252 24f9 3fce 1a44 05b6 5837 5adb 1ec4 32d8 4dbd 622c 2b07 45d9 5c77 0893 49d2 60e9 216b 13bb 5f47 68e2 1700
51f1 0782 5b55 702c 2bbc 4e5e 6657 6af9 5cac 479a 0c37 148b 0b49 651d 273b 17d4 036b 01c1 6750 3b64 468e 4932 72a4 3028 6ebb 76e0 7155 3f5d 0423
03bf 2251 4310 233e 1cbd 1cc9 1a18 4782 6b07 53e3 52b4 1abf 6672 0168 346a 3722 4ed0 4b60 2c5d 07b8 61ee 469d 3c41 63a1 04fc 1573 6381 0b5e 04ce
36f1 4c6c 2d99 4626 2205 3909 714e 3ff9 3ff5 3e39 3469 5144 0208 6c7c 0644 7434 6a1f 4e10 6dd8 6d0e 70f7 7e1a 58dc 78c4 41e5 7451 7161 7c25 58b1
3143 4310 77ed 6087 38be 39b2 6184 3f8d 1276 7240 421a 6425 0f7f 1403 12f9 76a9 5d25 09e6 5409 415e 1456 6cd6 5b34 3dab 49b6 751e 16c3 134f 4f72
24e8 231b 409d 155f 20cb 7a02 352e 1c9e 4624 5891 7b6d 071c 663f 0eea 61cb 617f 2357 176a 3849 3e0b 1177 5e36 3112 3502 7a72 2af6 649e 53bc 348c
3294 1e22 406f 2d10 44d4 46df 3c51 01a7 28ab 7093 2aae 4c46 66f8 3514 7db8 451e 0cb8 56ca 7679 1a91 1c59 0995 30af 65f1 7243 32f3 2572 15a4 07ea
5734 46dc 6644 03db 4509 55eb 3d37 6abb 0825 4d76 1509 0369 37fc 67de 3f24 5129 4b01 521a 00f8 063c 0485 23b2 2a41 411f 236b 58d9 0ee6 4191 2c66
5b35 6c91 2d80 6f00 3cfa 43e9 286e 5120 2175 6f88 4f3f 159b 7a16 24cd 079a 32ff 3b72 79f5 1104 3b77 44e3 3d7e 0379 5ac9 2f4b 59c7 7553 486c 4572
3737 1395 7037 2409 6b3a 0396 15a7 4982 5375 36a7 1396 126c 61e1 4cec 5f6b 17a5 2d4d 0e44 6d81 35b2 35a9 45f9 2261 54a6 2a56 45e9 5f0e 1991 1a73
753a 1aca 5705 7ebc 6035 61c2 14b7 7868 728a 0cce 725e 1a6e 66ca 572a 67d4 6a73 7a6a 1630 3808 69c6 7c30 25e3 589c 632c 0f78 58c9 5189 04b4 662e
6d46 4e10 10d1 4498 2876 6497 4550 1f46 5aaa 026e 77e6 3db8 6e9e 37a0 2a79 4880 4de5 5631 7d8f 217c 5dc5 184f 650c 7a32 3a6f 0bb6 4258 6735 70eb
10b5 2f84 4d58 4a9e 6658 6e08 15de 3662 3bf9 5bc9 69f8 4dca 15ee 2f80 6c57 02fa 5117 3919 74d9 7575 6a87 2a81 4336 7729 39e5 38c1 5b1c 32b2 449c
4948 7141 0407 3643 0788 55c1 4efa 3297 7356 095e 5bea 6d60 6d7a 0362 2b97 73f8 612e 4d10 0a21 0d86 7573 641f 76a1 277b 226f 477b 75af 0a31 331d
0391 2d87 3af0 6ae7 0d65 6208 6754 05bd 22c8 78c7 7613 4cce 5265 1a07 293e 2b3b 2561 4a08 0dd5 5270 19eb 3794 71fe 144b 76a5 77ca 23fe 15ca 4255
3958 2810 2d65 743a 3e65 7319 64cc 3a71 7cad 1575 21cb 609b 253b 26fe 452d 00c5 4b95 01ad 5259 6e3a 38f3 039d 0517 4379 4ae8 6f7b 2190 61d1 0bb0
2669 0bc9 2b24 0865 24f6 11cb 2487 1845 3236 4f22 49f0 1c97 4bea 4ab1 334b 51db 57c1 6708 6b76 220b 4f1d 67ad 32a4 717a 2a27 4242 317e 0500 3a05
4719 531e 1007 5174 7e68 2e3c 723c 3d5b 0e1c 673b 3865 2b4a 4fed 006a 1f3e 21fb 0bfa 6414 5e45 4d77 4be2 3b45 08fc 3bb6 6352 7b9a 7119 04f4 6a8c
2c96 4f7f 557d 1c48 0c56 5be4 3e36 7255 7f4b 59d5 4b3a 7be2 20d9 4fa9 6072 7739 03bf 256f 2928 271d 1dac 57bd 35be 499a 69da 3250 3018 294b 7ca5
6267 47d7 36f2 2202 55a0 7982 4e5a 078a 4763 27be 02db 3fcb 2d4a 7599 7c6d 71f5 4d6f 3c90 0d04 271b 0339 1b61 1e48 52eb 26af 08a7 7ee2 0e67 7f7d
1386 6186 1461 259c 5dad 061d 5a1c 2597 1bae 6fcd 17e1 217b 2bcd 4e00 64f9 79c5 724c 5d86 5b0f 3cc7 34cf 6b8e 46aa 0f06 431c 3bf2 5c33 72eb 43b2
7330 5bfb 1e15 7423 15ed 5bff 0dd6 26c2 68c3 04f8 6e91 1138 4fb0 66f4 59e2 1636 1083 6684 25d3 2fe4 7631 693d 401b 1328 4fb5 6375 787f 288d 184e
289c 47b3 5992 298f 3af2 5681 3e36 58ef 6677 2859 0a97 4dba 0bd6 365b 719b 27f8 689d 6276 7b8f 06d0 64d1 4941 0762 00e1 1137 10b5 7fad 77de 5cdb
7319 746f 4af0 3914 1c3a 5be2 1bb3 39a8 4ac6 2f47 4568 047a 1998 543f 4671 2c8d 6c31 4f92 202b 2e7b 1dce 159d 6c22 46e8 2736 4a4f 2b27 1e8a 0c67
068d 491f 47a4 1ef1 7dd1 4fde 25ab 604f 2b7b 57e7 22b9 36af 364c 1c4c 27b3 280a 7dc0 3262 56a0 752d 3709 1052 4eaf 2be1 3be0 3235 0457 4564 031d
22e7 252d 7274 2887 4a6a 342c 1233 50f6 3f65 2bb5 0d80 5f44 38bc 5f85 4ce7 0fed 1e38 2a2c 6e56 21e9 685d 7313 24f0 4db7 29c1 2dd8 38dd 13b2 6ffb
4641 605f 36a0 3655 0c7a 45d1 58fd 19d4 5bd5 0b2a 670a 00b5 56d5 1857 1c38 1674 3af4 03f5 790b 2aad 6099 3e25 3079 17ab 0b8e 328b 5d99 1c32 195b
57b6 174d 0ca4 36f5 2bee 7dfc 1161 5461 346e 1b5b 2338 0f38 740a 35e3 7db9 2361 096b 4e0f 2421 460e 1ea4 6fe3 7e23 5537 1506 3952 6ead 4903 3383
7fe1 652d 2ce3 13cd 2e38 51e2 5bd7 3be2 7ef3 4631 46d8 4b36 0be8 7d53 5628 513d 1d41 2f31 2c55 0688 43b0 1a8c 09e2 4b79 4601 784e 643b 317a 097c
1f90 435b 07b5 7441 4e43 13de 7b01 07bf 6649 0f83 1e02 100e 0437 630e 5991 1019 26bf 68d0 5a17 5e5d 4a90 49c8 0725 6334 0f45 4a7b 5a0d 5b94 0f0e
772a 4e28 31d1 1bc4 6283 5c32 079f 2e57 3141 7f91 101e 2faf 1620 334b 3bd5 5452 3283 11da 633b 778a 5ef8 674f 17f7 612b 21de 2897 2356 11d7 1f79
6510 7337 17fe 3795 62bf 18aa 1924 52a6 4f27 0de8 53bd 305d 797e 472b 1a55 5f8f 3fe9 657d 5104 17c8 128a 6c7f 1060 2516 4ae9 7a8b 4cb4 46bd 0d4a
7849 1269 450c 3d6a 1d67 43ec 765e 59de 6c5d 52f0 7909 55d7 435c 54eb 08e0 78d2 5c76 4a96 60c8 4839 130e 33ae 70e6 2f41 4573 21e8 2cdc 3322 3400
473c 1fc0 3a5f 1439 1499 26f5 42a3 45ab 4e1a 2972 4bab 74d2 29ea 6af7 4b38 6c2b 24f3 79fb 1b88 0255 673d 07ea 0704 67ae 5f17 6b29 6047 4ece 54df
6f63 3f92 1ea1 4106 44b5 42bf 5d5d 3aa8 7442 531b 79a0 0e40 60d6 68f9 77f3 4415 1406 0dda 4170 163c 2517 19fb 40f6 100a 7b66 0a8a 6062 7c96 02fb
65a9 4d19 1f69 7071 38bb 7d52 584e 2054 621b 2419 4684 78c1 5c6b 2646 7b1e 5af7 6264 3c9f 5fc6 6576 7f12 7422 107c 791b 7978 155b 4018 7b25 6fc9
52a1 5a30 78e9 6a33 3c98 07af 5ce6 2c12 34f6 2e37 57d7 74b3 6882 3c2e 33f7 5282 7db8 3731 3076 6877 213c 7916 5eec 75ab 3438 0c49 3dc5 06e7 4f28
3365 1d66 4360 6e98 5b02 5e2d 50b4 40da 7c56 0542 5bff 092b 7cc5 40c7 7712 5299 1b43 0440 48bf 2e10 3781 0f33 474c 06b5 2bd5 1004 79a9 710d 702f
6998 524e 64bd 144a 39c9 3b55 1a23 5110 5a49 1eb7 3af0 1646 02e7 4efa 5577 4f79 1f5c 7600 18f6 3553 6986 42d1 0c7a 25cc 3fa9 5a8f 7e00 64d4 4a45
6131 6015 74f3 2bd0 7a14 6e0e 6e6e 6188 14c7 6a9e 0771 1767 08dd 3be4 750e 32cb 7382 26d2 30d8 47ce 4c69 25f4 0a6b 7561 6db9 0287 5059 3e21 7487
2e84 059c 266e 614d 0186 0691 1cb5 7c97 58c8 6a47 09aa 402c 78a4 1d29 50f0 02ea 1dee 4bf5 19d2 1b4a 347c 30ed 06cf 2b3a 1478 4573 071a 19a1 02cb
679d 4674 44b1 0e7a 4e2f 30e3 237e 4362 1275 20e7 1d48 725e 758b 3287 7336 3fa2 07bf 53f0 603b 6710 135f 5731 2349 1d0c 6dca 1d10 3ffd 0f86 7337
4f72 0898 2993 5afc 278a 715e 4a44 1e84 68a8 2df2 6140 51a9 40c3 4e6b 4f05 61ad 67fd 2dd9 3df9 0fcf 6e18 4001 1624 073f 7d4e 3868 1b89 5111 11dd
5ad7 79d3 5b46 27b7 4206 6515 6349 2138 1e49 34d9 6269 251f 6df8 1b16 064b 215c 0161 1a5d 3e11 5f06 397d 42f4 1d8e 33e9 0c07 43a7 690d 35d5 41c1
3baa 17bd 15db 57c0 3cf1 3c94 3655 0052 37c4 3f46 57d6 5f00 52a4 7613 1a06 73a3 40b9 690e 6e2f 5ef9 572f 68ed 6a90 0b90 794f 263a 5473 505b 2f6d
683f 6cc8 2e0c 0c8a 44d8 6db3 3c52 58ab 5254 5038 6c74 4f2f 609f 5d45 4ae4 3948 3ce4 4e03 2752 6fba 623f 2b98 2331 6668 414f 2e96 65fd 61b9 0f90
2b38 26cf 0edd 6c4b 55f9 3863 7d5f 7ed3 345c 1873 6ae8 0ad5 3222 0a6e 6408 6a94 10ce 74a4 3800 7c16 39c0 2120 3425 52bc 4a2f 69d8 3004 38a2 04f3
0657 00b7 3ae3 2cf8 4e4d 784f 246b 3c4d 2c89 6545 7f92 6c1a 296b 010d 4a85 3e83 5de2 2307 4c48 4dce 3e82 6ba0 1dfa 37cc 621d 58b8 08e0 65e5 3497
4f37 44eb 7755 2b9f 31fc 0c8a 0d6b 226e 014f 33fe 1d2b 77e2 6342 7d27 71d4 42bb 566d 399d 145d 671f 781d 40e7 6597 628a 5096 36a8 1a4d 152f 6ac9
2d08 103b 0a14 04a2 5421 3390 417e 354a 278d 7589 2c62 7662 7111 34e4 1f86 64f2 206d 50e5 7d6b 7c9b 78ec 3c09 13a6 7b84 4efb 1c0b 2b7a 3848 4387
257c 3cfb 7a97 560e 7f04 0152 3e6b 4388 55b0 7e5c 1efa 6477 5012 40fe 141e 0753 18d0 501b 3467 2698 2f5b 483e 6910 01e6 7c8e 26f7 1295 057d 3c40
647e 5526 4662 5f1d 6ea6 19eb 454a 159f 660b 0033 6855 0b54 6c87 1a8c 2957 6e14 2fa1 5984 7b6c 6679 5514 6274 61bb 7ee3 6257 4ae6 136f 09b3 3f18
6c35 1510 6fa8 2f53 51ad 3725 1a35 6d09 501e 5922 359d 0342 2b48 6d88 409a 440f 5957 4fa9 17f5 1239 7f2c 79b5 10f4 1741 4df4 4eb4 2d1d 4dfa 2572
1336 5298 61a7 26a4 4425 5697 120d 3fea 0458 2d98 276a 6308 5c90 7258 4177 06f9 3280 3b60 5d27 1ea4 3df4 1fea 72f7 3f9b 534e 376b 4e4d 7019 3dec
590d 22fd 0a70 2ceb 0fed 0755 0dec 74e0 586e 7819 191e 4110 40ac 11bd 77ce 7805 5433 7a8d 2e77 2635 53c3 7d5a 30e1 187b 7b0e 2f22 0302 37d0 3795
1e01 5a9d 4d4b 5443 0172 44b9 327f 3a5a 7ed9 5d66 1c3b 5f8c 5c02 5813 73be 222c 5b67 51c1 1124 73ab 29ce 3a3d 0639 5fac 226d 3b82 2b7e 30a5 77b9
48fd 03a5 4d06 6890 7bcc 17e9 5b9d 2aef 6089 60ab 0774 6d6e 7b26 3e19 58cb 4c74 1696 112d 604a 3ef8 66c4 3979 4c65 134c 2644 60fe 24b4 1ef8 346c
3c29 06ca 5445 7b3d 76f8 12ff 1c77 522b 5650 5630 5094 7c7d 4ff6 508f 161d 066b 79c0 741a 309a 049a 4a12 54b6 2c51 3ff5 5734 3e36 654f 2c7c 713b
5154 4482 2825 6b49 4b89 1f93 339c 6811 4689 0731 3a66 71f7 058c 510b 7202 5af1 6ea9 5aac 2b6a 03d8 5dee 337e 293d 68a1 246c 64f7 795d 7dc7 671f
1756 6c1c 4ee6 0378 7e75 2d83 3bbb 2bbb 36c2 17f6 4572 274a 2661 20cd 787d 0234 3fe9 2803 1075 3bc0 2470 3e3d 7f65 355a 4d2c 1da2 2abc 1d0a 3f91
6148 36bb 1382 0742 0e70 1431 6f82 0f01 757a 3c42 0d2a 7b19 0a71 2d2f 0644 0cfa 2853 75f0 4b1a 21b2 028d 73d2 4b32 032c 7acb 49b1 1c4a 0d24 5d64
65de 46df 3a7c 05d3 1e6d 6c95 2cd8 24c5 1a96 190c 39e6 49d2 6e70 003d 6616 7b7c 082a 4aa0 3cdd 44c9 6802 25f4 572b 422a 332d 5f96 16d5 2b22 0f3c
6e27 15d1 7ac4 4eb7 293e 623a 1884 2815 546e 7cdd 143e 5ebe 55f0 276d 0232 701e 5ba4 4139 5b6f 068f 426a 0086 0999 6bcd 3c4a 24ce 75ae 6dbc 7db5
77e6 0b12 0684 35bf 2382 0ab4 2daa 42b3 5aa8 70b9 5511 0ec9 469f 523b 707a 2760 54d9 0032 6994 606f 25c3 2245 095c 3076 6e48 70e3 3bfe 2f81 6896
21d8 5c64 3b80 0d57 60fe 26af 243b 59f5 1288 53ad 2bde 693d 7bec 23e1 201b 0f69 7c38 2166 5deb 4169 7d0e 5e0e 50a7 2e98 0dc2 29ca 2f2a 0a87 54f8
1cd1 1834 4a11 1566 712d 487d 74c2 5d44 487a 32cd 2f41 26e1 4379 40f6 26d8 50c3 0c75 5372 291b 4993 6791 6013 022b 39aa 4985 7c4c 5e0c 2590 3c4c
6219 5791 1394 0678 66ef 47aa 3d02 4b90 16f2 5325 1b63 7d55 19fc 64d9 27f0 644b 5d82 03e3 390e 74f4 4477 0e7d 1058 1a17 5ec2 1a3d 48f1 2dd9 584c
4e77 07a1 5201 2920 4541 6a98 29b1 06f6 1137 0cf9 5046 1d79 4732 722d 0280 3a7c 2bc7 6e52 58f5 69d3 3079 67e1 7635 6bf4 0fd4 1c3f 4b1c 0030 5623
34be 619d 5389 401d 3700 5221 13fc 44af 1bb0 2d43 1e1e 28fc 3e24 052a 4c7c 3930 307d 3bb4 415a 6969 62fe 327b 01fd 2194 090a 2984 6839 1746 0045
7226 7df5 7279 254e 357d 5ca0 7e48 6dbc 130a 2ba6 2e70 2486 3c4a 427c 27de 60e1 4542 32a6 1c02 4440 3c3e 76b0 0111 3633 4079 34d0 7f0e 4d69 0b71
2ca7 372a 588f 4747 7ab6 609c 3439 2428 1279 3c23 2dff 230d 264f 729d 642d 2c17 38b9 0a8b 1b80 6bde 7222 07c3 1993 6624 2659 1c85 2f52 17e4 69f4
4d5b 56c7 2c1a 3786 6844 0df8 55e4 2013 2057 53a5 65f8 7786 7023 68d7 1218 4879 3a55 1cbc 6815 4d2b 6ac2 1244 29f0 4ce5 0243 2d80 02f0 2628 5f1a
7698 5f5a 6feb 5024 4984 12a1 6e8e 37b1 4142 3555 39b4 1243 45f0 4d7c 0a9a 3d19 2b5b 6852 1781 0e1a 1d92 2d9b 2d51 0c4d 62be 78d2 7bb2 7a28 15f9
66ff 2a90 38a2 58ec 08c3 0585 25af 56dd 3117 4e9c 2130 0a4d 70ac 0ced 5b55 2ac3 711d 2060 2c8b 3007 79a6 0c99 6041 2cd6 799e 6880 179d 0b59 1e9e
0023 40a2 5ace 4aae 00ba 7f8b 60e3 2a26 1277 67d2 4eb7 5633 7734 6aa5 2c0d 2759 0b0e 37cd 33f3 2696 313c 7f01 13d3 1c3c 1452 5e2e 623b 355c 700f
2b3f 130b 6c19 2adb 6b2b 798d 308b 5949 5beb 6a4a 5df9 3713 681b 1f8f 1c93 479f 3b53 2eaa 4d37 7322 09d0 4558 7933 40d4 676d 3a17 2726 7da3 4b6e
591f 6780 5887 2d40 75a2 03bb 47cb 3ddf 3d05 5638 1ac2 7b09 1482 1a45 107b 0531 183f 6959 6b2f 080f 6658 071a 6b76 3563 30b4 0a64 2a73 0e16 177a
7177 57df 762c 4379 1f75 1895 37c8 5a3f 4a8b 687c 0863 2625 1fdf 3e76 0ccc 636a 3913 50d3 6e1e 19f2 2364 1ade 2010 2442 6d35 22c8 2663 443e 74a8
2715 38b2 1360 2420 7a73 6db8 5941 6174 45c9 196b 58bc 591a 3020 30b2 4487 22bc 1944 5ad7 7139 03dc 2837 0c3e 22c2 695d 61c5 41de 5fb2 6e32 2489
6b18 34b8 2ba0 09cc 0c9c 1bd3 2535 7373 6019 71e4 61ca 392f 1e3c 2fe3 2a4b 586e 0f6b 45ce 4542 79dd 0860 0d20 420c 7a0b 1d43 5448 46b2 0f05 44cf
0e0f 0194 03d7 2e58 5066 742d 25c9 49f8 477f 6cf6 43e9 2699 4938 6a71 4245 5aab 32ed 4fdf 503a 0697 0440 40a2 79b6 7da6 5900 136f 2e69 72ad 0c2b
577d 61e8 1e9b 736d 0ac9 7725 6031 39e6 4dad 1d0f 3d8c 6efa 72e8 0004 2dba 76fb 44a9 15e6 39dc 6e9f 1720 4b20 739b 62d1 3f45 494d 1fbf 4273 3644
71b7 04b5 6fcc 4a61 2c5a 4664 50d6 6f5b 2fcc 05d3 5b29 06c8 33d3 7150 48f2 554d 1cf2 6d75 4e4c 38a5 71ca 608c 5907 2911 0141 5d69 704a 54d3 3892
18b8 1fb8 069e 37c1 114c 300e 7bf5 7ef4 7b60 5810 2094 2dbb 3bdf 719a 70f5 488c 1d3b 1ef9 44ae 33fb 066d 08cc 5762 0f8e 73d4 1aad 116b 4477 4a55
2ccc 12bf 74af 6e50 1f99 58dc 4f87 3f36 3b38 70b8 7c0d 6918 237a 24d6 3667 4623 323e 11b2 7f6c 1ccf 6c85 6ffa 53d3 6073 0e5a 1bf8 3190 5fec 3058
33d3 6b4b 0f32 1c46 10eb 14b0 3366 2479 35c4 0856 019f 3b57 435b 1c79 1bc6 0ced 2045 41ef 2aa8 2913 5b14 3e53 5098 45b1 6692 377e 444c 67ed 171d
1e3e 76d1 13ca 0725 650b 637c 35f8 2172 2a28 07e9 506d 584d 0867 7d2d 38bf 4fee 7748 495e 19b6 303d 3bb9 0a19 522e 4556 2f99 0458 0887 4fa6 63c1
6a13 78ec 0c07 308c 5b25 5283 6060 0fdd 0484 18f7 6569 7aa8 49c2 0d51 3fc5 77f6 1e0e 0db1 4aab 0f14 539a 139a 2046 3417 0010 1d59 7742 4a64 3f9b
107e 7167 2478 0b8b 6f4f 21df 521c 5745 7ff3 3b35 7135 7300 43c8 1cf2 38a4 4219 68df 337e 2c33 10e3 6d5a 7b6c 5430 0aa6 7310 1978 618b 68bc 5b3f
4274 3129 4847 7df9 53b7 49d1 5ee3 60a5 6be4 0850 1f8c 438a 2635 401a 2adb 66af 57d0 0ed5 5622 545a 528c 1951 3396 5e36 7d70 4770 28d3 5107 25a6
604e 5fa7 458a 6a0a 4728 11b6 1c06 7b52 3b20 5b5d 74ef 73c6 31ce 7b7a 04d1 54c6 3d68 62b9 39ce 606d 687c 6216 1e0c 761b 196d 37af 0def 000e 4375
42d4 0d22 4e0c 1bcb 0c3b 37cd 349e 3022 2a9c 1e74 6afd 3f13 7c28 3ef7 6009 4259 30af 1359 1890 4a72 75a5 45a0 2a26 7705 6c3e 2213 2c6d 73bd 7ad5
627b 6dc2 292b 586f 6cd7 0cde 3113 2377 00f4 4a56 3a67 7ad9 1ac6 57dc 7eba 2709 0915 6afd 7a04 795d 6916 66fb 6b9c 7b82 0d2e 5ef4 72b8 6b4f 73c2
51dc 011e 09fd 783e 7235 14e6 6516 1426 30d5 4aa1 776d 0b27 6a46 69e2 3fd3 4a12 15f0 078e 3845 1a13 16ed 6741 1d3c 272e 2602 6485 069a 3cad 6351
3a45 4231 6fda 154e 3c66 50be 1cb1 0a54 678a 3659 21d3 5bb6 2e9c 7405 12fb 25aa 3b03 4069 65a2 4e9c 5b64 323b 67fa 3f64 4a6d 7723 2dfb 29e4 1684
4da1 2c6f 0aa1 0daa 19e1 1f3c 684b 136e 2f87 7de6 762b 5381 16dd 1490 0d49 1956 3e12 0e90 53f6 5fe0 48a2 6928 1cf4 3889 26e5 179e 7a28 6690 1dd5
1445 641c 3399 16d2 546d 3392 56b4 4fff 41e5 5ece 5903 3b96 4874 4b04 6708 4a8e 3383 7a1d 0f86 361f 5e29 7345 1505 1d13 663f 79e2 761f 0251 1a6c
58f9 0a01 2726 27f0 3f70 3631 13dd 7f53 3e80 7c32 2048 0fb2 7eed 2da3 2606 741e 5ef5 0e55 15f1 030d 7e13 5f4f 5c82 6c2d 5d0e 2f41 3b76 13bc 4c00
1ec5 3db1 3ce7 3238 2fc1 6e57 2602 7f0e 1184 1e62 6cdc 3ff0 5214 582a 642f 2647 1b8c 1762 2285 4f7f 40f2 34dc 4b60 2e12 44a4 5272 7f08 5cb5 17b2
65de 42a9 0829 46f2 7c2d 12e6 0084 3ec6 09ad 71f1 798f 70bb 109a 73a2 4e15 30da 60ad 31c9 5bef 517c 140a 11e4 2d72 06e1 79d6 6a4d 0a44 4d08 6ddd
036a 0986 208c 1f62 5b22 29bd 3d75 1a2b 7ace 7a04 76c5 3846 109f 473e 4c6e 267b 026e 2671 7a91 525a 7877 5b89 484e 3da0 4a51 3f9b 340c 0247 6475
16e2 6f99 7908 0514 1127 15b6 0619 5333 13cb 1b99 57fc 459d 2322 7e87 49f0 0f52 5816 5756 2fab 544a 4f43 3e03 3ee3 3a75 1c2f 4306 531d 1b5f 7859
2335 7a90 6f54 32cc 0e14 673b 73e3 4d87 761f 1ed1 4b09 09de 45a9 3520 32e0 606e 4e23 1b4f 7080 4068 7d8b 7145 7e1b 41a8 5205 14fd 449d 13f4 4759
417d 6a88 3ab3 58f8 7f2c 2f22 4b4f 5cc7 37b5 4062 3434 433e 169e 0db8 022c 4786 7f03 0c2b 79b0 79da 16ea 782d 22e6 77e0 1d52 1a12 1f35 308c 089c
7d46 11f9 4342 3881 0fec 07f2 6a9e 1e54 6df4 0752 7adf 1adc 2c8a 6870 72b7 77fe 2d6c 0f1c 68ab 06bc 418c 5ee2 6689 252f 6401 63b2 132a 5c19 5ae8
77e7 2147 181a 3887 5a6f 69f6 696a 6c3f 2cb8 5bcf 75f6 3e2a 1cc3 02e3 091d 59e7 0938 514b 2829 4e7a 0a30 14f8 43ee 37fb 30d9 69b5 7c80 1d17 63fc
4b32 7031 2263 7a9c 6b97 61c9 4032 7d9a 0b10 12d9 555d 45e4 3bcf 62ec 7a84 3760 78bc 5bfb 4ee2 62f3 4feb 0f35 4911 68db 3848 697c 6087 64c1 6d2e
4003 0aa3 424a 63ec 6fd7 09c7 2163 038f 7d24 52b6 207d 6700 1ccd 0b20 4b5d 7f80 08e6 284c 2025 2d1c 7106 388d 1634 625c 4c37 048c 7919 7518 489b
51e1 625e 1ea8 0fd9 2928 3f9a 5541 23a7 6721 6d09 4abe 54b2 513f 6bd2 4064 1bd5 53b9 18ff 6de6 544a 14b3 3d88 5cfb 4a12 73ff 2a2b 73c6 46c6 0750
6fd1 519c 3f76 2ac1 2ec8 6c62 27e0 2b50 2532 5025 56ac 10b8 7920 46ef 665b 6775 756b 208f 1f63 6def 507b 3bb0 7183 25a1 156b 6b18 18ad 60fc 496a
4466 1a82 7699 48db 2092 0379 7aae 619c 300b 4593 0e9e 5808 215b 1845 5600 42c6 2bb8 4a85 25ca 78b3 0e27 49d4 01bd 18d4 4928 3249 4809 444b 3296
3e85 5541 1eab 39e5 7c0e 2561 58f0 1e35 365d 7b85 0612 19ba 77b2 6aff 2b8e 3fbc 3f05 762e 6ba4 2078 454b 7599 16b0 3efe 7c72 629e 3208 7a02 7287
4fb5 6bf1 6d41 7b1e 3025 66c1 4852 1114 5a70 1cb6 437b 6233 11ab 6fb6 4491 2d41 57cf 59fc 23be 24fd 3366 18ef 7019 4f6d 07cf 554c 240b 12ba 717c
56d3 0a2f 58f5 5f22 5e14 6919 1cdd 2808 76f3 2448 7f34 5dd4 429b 05d4 7e25 28db 30ae 6bb2 7b24 2337 7fa8 6c5d 43be 6c87 56a1 1bde 46fa 5765 1454
0da2 55c6 25fb 3812 2745 689a 075f 76f6 604a 2469 0807 2a99 0ba4 0e83 1de2 6d26 6a17 62e8 381b 658c 4e25 7cdc 243b 5f74 3da8 7327 4754 5a66 742b
364c 1754 3f7d 0b47 3c0c 0e4b 0c26 49eb 515d 235f 43a3 5854 3cf2 0328 4600 469b 55b6 5a70 4989 5e7e 4528 4234 31fa 4690 51b4 3c01 38c9 1f3d 12c2
034a 57b0 0994 6f18 033f 4a35 5048 551b 2066 0b39 054e 4568 31bb 771a 4b2e 2e64 33a7 4851 4a92 4be3 325f 30fa 7d6d 75bc 254c 6308 60c9 70b9 6d36
2545 2702 6280 67d3 1516 5a37 7146 67ff 2747 1cf2 1bf5 3115 27c8 6311 428e 2981 32b7 7508 21d7 064c 2316 7462 6587 1782 1ef9 40af 5701 1b11 46ec
6839 717b 7021 5e88 25ae 1e87 06a3 0353 0deb 781f 6419 5297 4886 159d 3012 72f4 1b61 1c5e 0044 278e 2e28 4980 0b30 162e 3687 1dbf 59ad 0c9d 4012
32d9 1803 0b24 1edd 0aab 4d7f 53a1 0434 693c 391a 19bc 2fe0 0ed8 11a3 4aae 762b 5b59 5b6f 70a3 46da 3a32 1bbe 08a1 4f8b 4fbe 305f 0a33 20ae 4690
2d99 0811 4289 36c5 1de9 64f9 43e9 079f 214b 3436 5036 0b0d 21dc 4f9b 0d3b 676c 239b 57a3 4cc3 26a1 29fe 0774 1702 7741 3181 44dc 6bae 5586 5642
6591 0b0a 775e 0def 5d43 5914 3361 6f7e 787a 5816 7d99 3e38 26a2 7a82 26ce 76c5 53e1 67c5 63f3 5a2b 5841 319d 5965 66e4 2301 3b0b 09b3 54da 7947
516d 52ae 27c6 26ac 3b47 6870 36f8 2a2f 6794 27d4 1160 185c 2620 0f7a 7891 5312 5f52 0b95 6491 24f4 5817 5ef9 1f44 6748 5ce7 7ee8 1538 19b8 6492
7020 789e 1c3c 10ec 4162 04ee 6852 228b 40a5 1b52 1bb9 3170 035d 52c2 4b19 4fa7 2ce5 06bf 3997 6f64 4ed3 4470 522d 2494 5824 2a07 6313 724a 10a5
4df0 053e 21e2 529e 4a24 2321 65e6 1e42 446d 1faa 2140 328d 1c7e 1ac3 603a 1c26 2153 0065 3956 36de 1b18 2b0a 05bc 70b2 53fb 123c 3a63 1380 6d6d
1eeb 362e 6da5 311f 747c 463e 0e55 099b 2bc3 6d9f 1057 1819 7066 671f 3bbf 15f1 6006 252a 0b7f 4864 55d6 4012 278b 50a2 0cb8 7c8a 59ee 0a66 30b5
50e1 1f8d 2832 4162 0476 3914 12b2 7580 5ff6 29c8 2bd9 6fef 0816 4acb 55fc 2ad0 6b65 53a5 6627 1499 7c7a 2f09 4060 0944 435c 6764 22c6 6763 7c58
13e4 5e00 5278 6171 05a5 3940 55b3 2a00 3029 18da 65a8 0f77 03c4 40f6 1d2f 0061 0a37 3b00 68b4 1378 2904 1f9c 37a9 0f2d 1ca9 159d 12d9 7586 5dee
3311 5e00 0bb8 2507 76cc 064d 0c84 7cd2 3ecf 0383 4c37 29e9 5ce8 191c 12ec 25b8 53b2 5a07 1fbf 56f2 2446 19aa 52ac 2b28 2480 2911 442e 5f46 16ef
4dbd 5851 21c2 11e7 4d5e 48de 4f26 4287 28ba 078b 71a2 7f76 0b28 1afd 5c6a 0982 1814 4bf1 0cff 4832 7a8c 3211 1690 61be 3f06 4eed 2b86 6e31 6d63
70a1 1350 46e7 662f 554a 61b4 2d1c 2758 60af 11f5 0473 4340 1c19 5120 1e35 42a9 1d28 31c7 43bf 6752 3663 2f33 4329 4f64 4f7c 16f3 619a 257d 6174
5c52 012e 1d1c 5b85 2894 6cc2 4916 5d8f 6dae 12f2 040b 3eb0 1cb1 349e 1929 4379 6167 677f 7930 5563 52b7 164a 03f2 0d82 4443 2150 6eb0 4442 1abf
72f7 3f15 50be 49d7 01d0 35c9 6671 613c 60cd 5121 3d23 1afb 0f5d 7ae4 729b 2cb8 5044 776a 0232 5719 40ae 0edf 2084 2433 3d38 3c65 7c7e 07b9 4ea2
441b 181f 4ef8 0b97 64b3 68f5 169c 7081 5b5c 1071 0e3d 46d9 5250 017e 1065 02e8 64f0 4a87 6fd5 5e8d 6571 7f15 5a3a 4334 49b7 49d5 75c9 7bc7 0242
073f 5bbb 26a0 08ff 7090 43b1 2478 15a7 541e 3dd0 56af 2cec 664c 245c 3659 5217 44d9 3dce 18cc 6eb3 4dc8 7300 3ac2 7201 3a46 6654 72ae 5ef5 1cfd
5364 0f38 1881 43c8 2ba6 6d7d 4801 7ba6 20de 2514 2c53 5cee 43dc 3a72 72a2 2f97 55c6 41d1 2a57 50fd 2de2 0928 267e 3671 0854 07c2 0808 1a45 4899
7073 0a92 71d0 1fd3 1815 4bfb 7fb4 704d 1175 20fe 30e7 0c24 207d 0778 5be0 6d8d 7409 2510 2cd4 2ded 227b 456f 035e 2563 5921 150d 5844 0a8c 2e35
762e 5ef8 0967 0c38 7638 0529 6e7c 31b6 54d4 5f9d 3fec 2d89 7dd5 7de7 3238 6c46 40b9 23a7 438c 0d59 6594 309e 77c6 4437 0f4b 45f2 7180 6b2b 5ac3
2d72 739f 7f27 4a50 7d99 7fef 5b11 2ba7 0950 6a7b 5539 28f9 5951 26ce 6925 5724 638d 3ed7 1c18 768b 47f8 3fdc 70c4 3eb3 7760 3b02 1089 6570 6a63
7f4e 4257 2593 0137 7e36 557b 19b6 27aa 6bfc 0535 2c67 450d 189d 49b1 7147 5afa 2b2b 0426 0c82 32c1 7135 43c3 420c 1c69 12a8 6f7b 3c29 3ccf 38a7
1588 6fb9 3e0b 2fb7 4765 2242 1023 24e8 7902 01c6 0972 27e1 2ac3 454f 6edf 39d3 5d03 7f3a 7e2c 15f3 5601 4bfd 2475 08c8 157a 7297 0ebe 1a8b 2da4
2382 0303 59bd 33d2 1895 6734 1989 6e20 2027 627a 5760 6244 2355 16fb 0bca 58fc 1f14 2448 4690 4509 764b 4b7b 6d24 2cc6 1458 791d 44a0 416a 0838
442b 30de 62d0 6234 405c 23bd 4617 2a6d 1a5f 6d06 3c8e 38b9 16ca 4561 4d73 3af6 3d8a 0a77 02e9 55ff 32dd 6c64 6074 6582 18d5 76b0 3866 2f1c 2d4e
49c7 4fa5 1d6a 2a8b 70b8 4020 6446 1d55 04f6 2605 46b2 571e 421d 08df 42b3 7003 6732 36a5 5a03 5434 2850 39a5 5483 4ad5 3916 60fd 48a5 550a 57eb
7de5 674f 7c9d 569b 3c95 40a2 3c0d 20c2 2b9e 2123 4f39 71bb 7ac1 7a3b 2f0e 6843 78cd 796f 16c2 404f 5b3d 7c0d 3c2f 2604 78ba 3cdd 78cb 0e5f 2d69
1307 796f 0f92 4618 6fc5 3aa7 246e 7474 62b2 3cfd 71ec 53f1 7881 2324 0776 10e2 4526 4f5d 180c 5b9f 7ccd 7e41 3790 06b8 7539 531a 7637 0144 061f
1945 41b8 1bb8 3b41 59f7 05ec 04b0 7e98 2b65 3501 1839 6932 2ca8 3904 6df9 02d0 0de3 5dfc 7a7f 0429 13e8 3f88 5b27 075d 25a4 138e 7880 6e8d 7799
0784 7e9d 54be 76be 2bc3 25c3 3d44 4ea1 6c2f 24bf 76de 1ab9 7d08 701c 2211 0785 0c22 22af 608e 42b2 2510 2471 51ad 79a9 7c7d 1ea3 5cbe 7f23 4992
21e6 3b74 5756 0b80 25fa 145b 16b5 19f1 303b 174f 6adb 560f 6e8c 2338 5601 7b11 4af0 0ed6 148b 76f0 36f0 519e 5ac2 62b2 38cc 0968 44e8 15f0 71b1
7d0a 395f 017a 1b35 2537 4b1f 0b78 70a3 46a0 28da 540c 09ba 247c 5274 483e 3851 7ec7 1102 2604 4e05 25b6 29af 7ca1 6ec8 2ef9 5ba4 01d2 4818 31fe
5699 72c6 2b44 4d25 380c 399f 702f 10f1 2b51 4509 3ecb 31c7 4a4c 0175 3703 08dc 5180 6760 5f46 3898 6c23 4c8e 5521 759b 6e92 21bd 3c7c 1ab4 7c87
007c 0252 5866 552c 208a 5a44 3896 13c3 7e5a 7eba 3a29 2489 22ee 5570 1b0d 0810 34fd 4ee5 79b3 1db5 296a 45ed 5b20 53d8 7670 591e 063c 7aee 38ea
5d9b 6d14 65bd 07a0 41d9 7520 50e3 66f6 084f 2c0b 1d88 4c45 6e92 351e 4384 6faf 7870 452b 1442 7e79 55d9 3a59 27ae 6d9d 6b84 46f7 01ad 0f76 7bf1
60b5 7e37 010d 4b9d 40dc 7b2c 098d 7d8b 49a2 64ff 24fd 0a13 760a 5d89 2995 4bb8 4e28 10be 586f 133f 75c3 29b4 6845 00ce 161a 7368 0afe 1553 0e8e
6c6b 488f 61de 4112 5de8 044e 5fd4 357c 4211 4321 37b0 2175 32fd 78c1 3206 4c8e 53fb 06cb 06d1 2a75 5985 550a 0e09 3891 2a93 7a44 0af5 5985 1407
3d0a 0148 13b3 451c 66a7 2c3b 65ba 4a25 45a8 5b78 6721 3395 6401 28d9 60d4 24d5 113b 6718 346a 68ea 0f6e 3705 435a 6c70 057b 0a3a 3155 69ad 08a4
47a6 7ea2 33f1 1254 4695 0aab 73d2 31b5 051e 49ed 6ad5 7c00 5141 24fa 1b91 513b 4e8c 5000 7c02 73b1 5233 3dec 5e4d 5ed8 281b 221e 11b9 3306 1d97
5bde 7ffb 1a9b 7f65 4dd4 5f57 39c8 38f4 255c 0e6f 7cec 0f8c 79ee 028a 696c 06c9 468c 581d 2a34 3225 3b8f 5f11 1319 31ca 10df 1e87 7952 4b9e 549e
6a2d 798b 0c89 1520 7cf1 3ee2 720e 5e53 0889 4dc1 62c7 53b1 2d65 6efa 5d8e 5f54 52df 1f6b 37f6 52da 5a3b 7cab 0fb3 18ca 40d8 0609 736e 585a 78e7
7b69 6cc8 43ca 41cc 18a3 0ce1 61fe 4a2a 2e8a 0e7a 2554 2483 5622 7978 4a49 664d 1d37 4d34 6214 0051 4979 72cb 039f 0627 68ff 659e 0010 55bd 0c1d
1d10 7cb7 32e4 4374 0b9f 5e54 4b25 1f62 33ec 56dc 3003 19bc 3d75 2614 2dff 713a 58aa 3c26 6bd4 65c5 7e83 38fa 43c8 6424 645c 6c5e 7172 6fc6 09b1
24ba 19d9 425a 4db6 5ea3 1381 2851 5b98 4b08 116f 6595 7020 7835 3d4d 7e32 7a7d 03ae 1284 6770 7199 49b0 1a12 1117 2b27 2534 0d68 4c2c 2f02 3425
126c 1643 1b41 3955 59e2 484c 498f 3fb8 4b1e 25c4 37f3 534c 736c 18ec 1851 2dee 6892 2402 13b9 0954 63c9 0f39 609c 3eff 4c2f 0eee 400f 6c40 55a6
413c 2f24 635d 711e 2035 6d8c 54a2 5c43 7b24 5ac1 251d 5e83 203d 537b 1eee 5246 0349 76a4 2805 0771 500e 0710 6d84 6bba 6976 572f 77d7 3b51 2e0a
29d6 7111 2316 4bdf 594a 420c 305a 0b58 2a0e 5aea 3efd 2900 505d 39d9 4a45 1c26 2b3f 0301 253e 35c5 4831 33d2 19a6 7abc 116d 21a6 51cc 1731 75c9
1437 32d8 5ecd 6343 5825 4f6c 5436 6366 41a4 6f98 6733 246c 0ba2 7cc2 21a6 65e2 7e3b 259a 2b98 4393 40af 413f 363e 554b 52f1 17ea 0342 1206 3f11
4698 3f21 46d8 2e70 2dec 6644 6eaf 04db 3b67 195f 2e45 047a 3443 37d0 294a 6309 547a 3ed3 4aca 371a 0d6d 09c9 7b55 0ea6 3717 1954 5cc7 7cac 0d63
1a94 753e 1964 32dc 0257 3a34 5bd5 1725 6d00 5da6 6ab4 14f9 44fb 6d80 3ee5 1bd6 186d 6564 129e 7b13 09d1 389d 5aa6 6089 2a39 2348 1286 6d4e 72ab
3ae2 4662 2854 73bc 263e 30c6 0ad7 6193 6dbf 1f04 5da9 10f2 7789 5e5f 4d76 3f5a 4577 461e 1b23 3a22 147b 184d 4887 3f0d 099d 32e1 4507 33f8 5725
75a5 4591 43be 58c7 77a5 75b4 4645 410f 6cfa 1ebf 0ff1 6b9c 6b15 3b46 20d7 0c35 179d 3c45 4cbb 50a9 1445 2478 44eb 7dbb 326a 4d99 467d 3227 146e
086e 7f1b 3733 7e4d 39c1 44fe 6e4e 591c 113c 2163 1eff 7b95 5a96 4737 0545 2257 4382 04b2 02c8 3e6c 0f94 7462 3be7 02dc 36d0 2adb 6457 2335 3905
7f20 4bd6 63b7 1741 5d98 65e7 5d3e 35da 3fe7 34eb 7513 13ce 6166 3ba1 291e 3f38 2165 1a2b 0e52 6b1f 62ca 3fa6 3e95 3928 10ce 33a0 15f1 6727 7d53
12b6 0031 5b69 4d1a 6910 39c9 2480 50e6 4e42 48f5 09e1 5aa7 6809 25e1 2f41 36d5 33d6 3f10 32ed 1b88 02eb 2d99 497b 1e8d 5ef6 6b19 2e3f 0910 767b
48af 0b02 1677 4023 291d 232b 3ebc 3595 44b2 5dfe 5804 267a 42c1 0dc3 200d 15af 5b51 6b51 3fd1 1938 0c60 7fbf 18c2 69cd 19dd 32cc 5ada 58b6 261e
450d 4f75 34af 4c8e 5a86 3242 0745 1932 31b1 5917 59da 5774 56be 6f2d 68e2 7d70 166a 3d17 7fab 753b 7292 55f2 386a 7b22 46a8 16e7 719f 4c30 1997
76f9 73c0 1b83 2194 3631 676c 1ffe 763f 6069 6541 3583 7017 49f7 5f3b 4388 6328 706b 0315 556d 60b8 3ee8 6f0c 3cf3 5233 1ed8 13d7 5827 3c7e 2e78
5ed7 2821 01a7 53fa 4bf8 7aa4 3ce3 7ccf 0b41 4c53 3850 5e14 1d86 6daa 5e55 60f9 348c 60d3 4888 60e9 7542 7a49 2108 3780 3c20 0988 391e 3c97 6561
1a60 045a 75de 744c 1bd5 4465 380e 4b95 4089 187b 7877 436d 7605 387d 1464 73de 29ad 0ac7 3ea7 602e 5ff6 54b5 2d1e 208c 19bc 4cc0 12d7 3d44 030d
2f93 2195 0d8a 6980 1841 5568 6f23 69c8 077a 06f2 1408 161a 1f5f 342f 16a9 25df 20ad 1023 1963 7793 64f6 4d88 2c77 597e 6f73 3950 529a 5b95 2a57
1a71 011c 04ce 5326 21c2 5a2e 63d7 27b3 3292 487c 4c50 4439 71f6 1593 4f24 393d 7836 4c3b 7b9e 09cd 3f20 02c0 16c7 026b 5f66 4967 5664 2042 00fb
7d53 5535 740f 280f 6a87 37e3 5c68 360d 562a 0244 7d27 1c3e 4792 4de4 41f1 03d8 5d80 50d9 4687 2009 473a 147e 1bbf 3c2e 42aa 08b6 18d5 66be 444d
244e 5a48 09fa 1f78 3028 6f48 2245 0c3d 5e4e 4169 5c10 6d18 0294 0081 1caf 66e7 31f6 5c1f 11af 0306 7c29 16d5 4eaf 35e0 6ab5 0f39 682a 6018 4bb2
616c 133c 1558 59c3 3108 7b47 09d2 595f 3564 72c2 2ffb 1cdc 6402 12bf 3867 00aa 088f 0ca4 5ccc 6efd 7fad 3a76 4a02 2c6e 2082 5ddd 12eb 62b1 4a54
2349 673d 0f6b 1a45 7a5d 469b 7169 40ee 7dd5 11a2 3b76 3b88 6095 05aa 5db8 71fe 4af2 2f8b 6ec1 2008 0095 51fd 3b8b 1aa1 3b1e 2c97 76e9 2add 5ff4
4077 1dcc 0673 672f 786c 27f4 02a7 7c4a 0cc6 1e7d 16e4 5c3f 0b91 1ae3 57e0 115a 3a5d 4767 7a80 5588 26c0 57ec 2ff4 1e15 6773 17c2 4e15 671c 29d1
43e6 7661 72cb 702f 1f2e 62ae 1a40 6a72 3313 0d30 6e5f 08a9 31b3 5f15 02f1 5766 3bb0 010c 0177 4fdd 2602 4d25 0eab 74bd 0e44 176d 41fd 055a 1bdf
2876 5ed9 7caf 2878 1b02 6f85 3d24 1d17 15cf 129f 64fb 7223 7f83 690c 0c63 7d68 2be1 0f65 75c7 1c43 0e7b 1fa6 4426 6426 2beb 410a 6594 22d3 2dcf
4c98 2e7b 2143 686a 31a2 0916 0887 4b8f 43e0 320a 5e0d 222a 5cf7 0c46 3ee8 4c8e 3d6a 217c 0d03 031a 52a2 3276 1bf1 61ee 22d1 5014 0584 01d9 2760
1a69 4dec 3ebb 36c4 021a 1d6c 3416 307b 77cc 4101 5fb5 429d 588c 2fa6 7322 2463 11bd 28d3 3f40 1c06 2d82 2fb5 29db 6fad 24ef 68e9 530d 08fb 52af
5ee0 3837 03e1 3428 5f48 627a 7fb4 5b65 5569 1625 78d6 2634 6cf3 7868 7bdd 01ad 256f 65a1 691a 6289 7d49 0d66 467c 7c30 37dc 762e 3728 0b2e 78bd
0c40 7aa6 399d 2c27 6ab2 3a8b 4e2f 0073 7c3e 7924 1dd8 00db 3041 1810 7596 4582 5168 6aee 47ac 0a11 5da2 6e21 2287 7ae9 18ca 0b5c 75be 1e36 5b74
03d5 2933 37dd 392a 30b3 0a78 5454 69e4 667d 033e 0557 5c11 43ce 3d7a 034f 2885 798e 64cc 6b37 002a 0a38 098d 5596 2376 0dc0 66bf 7b5c 2808 593b
17eb 7520 5066 48b2 732a 7f6c 08a6 1b13 3472 1b65 1bdd 5fdb 1080 7ab8 5d54 0def 728c 1a57 240a 755e 3f97 1ef7 146f 48e6 4112 7d4c 07e2 29b1 3788
497c 21fd 598e 7377 20c3 7a93 3845 0787 6396 0765 2b7e 030e 55ba 29d2 3dfd 70ff 445f 2499 20ce 4540 18cf 06a3 6d92 1edc 455d 4815 7962 1ed0 5d4a
16e9 6a04 41e8 1b6b 1327 040d 7e98 71a4 160e 641e 1a36 440e 6ba0 541f 6dd5 2dd4 2617 3cee 17f0 20b7 6285 0d0a 38c3 0b0c 4a62 26a2 6fbb 5b8e 0222
7ce3 2d8d 45bd 04e7 7e21 5188 4845 3542 3c0d 7bc1 0c50 3253 4def 054f 47a1 14de 61f2 6caf 3bcf 02f6 49ad 50ed 29e9 528a 4f69 6b8b 2741 22a5 3181
7db0 5ea0 6b72 5b1b 0789 0d3b 32e3 5633 620f 5457 7477 313a 7620 3ccb 1c3d 7182 51fb 2bc7 299d 1823 6a63 3a59 5be1 0eb8 3c1f 0b4b 61ed 30ae 5821
6bae 66b0 41ba 00b6 2637 3ae8 2320 2161 4065 1832 34d6 0f64 1646 56f8 4114 3e3c 351c 5637 37e0 78bc 0bfd 575b 5b44 76ef 108f 6dd7 4342 045c 57fb
4ebe 678d 1140 1bc1 2593 7b10 7eed 54c1 37e3 7dd8 4a3a 5938 0a11 3607 5190 5cbd 7fb4 024a 2f46 26cd 358d 37ef 64f1 022d 02c3 54aa 6978 47e3 02c8
25f3 4842 5de2 7478 0260 5ee1 38a8 4dc8 0706 7b5c 7ab0 0419 1b6d 1af8 2f55 1332 4ec0 2bd1 7b4e 3e4e 7ddc 4da5 7171 119b 21de 684c 654a 3e01 6c3f
0460 3af3 3d68 6f39 51f7 7bbc 695f 6d26 047f 31db 2d66 784d 096f 5f2b 3323 128f 6eac 1181 318b 659a 66dc 0fba 7fcf 408d 0706 7eee 7b6b 64bc 3170
1423 13dc 0a41 730f 6a2b 3838 0461 79fd 7c8b 663a 4369 6423 2b92 660c 096d 2990 3e8b 0667 1e0f 3ac8 09b0 34c5 2c6a 3d12 79ac 3737 4d92 1198 63a1
2f9d 5b94 16dd 0a0e 72df 093b 7bbd 1d33 3e6f 6a5d 568a 26ea 0730 3152 7b4f 0a31 56a0 2dea 7952 3198 2163 0b99 3509 4f28 6733 2fa7 1145 2180 7539
47b8 1caf 1a5e 50c5 21bc 5abf 4402 3fe5 565b 3e2b 0aba 2c4b 1139 4f76 22de 08c8 0a61 729f 3aec 2279 54fe 5473 754b 2e2a 32b3 4d88 6da1 4aa4 7111
483c 5b23 463b 21b4 3f5b 7ecd 10ff 412d 2dcf 59f2 6cc9 1a7d 36bb 4ba5 27d2 3e01 7bcf 4dd8 2434 46db 6f61 40af 2ec4 2bea 326b 7454 0d8f 120b 31fc
4868 5e6e 1ebd 0a6d 0dbe 7696 454c 2fd7 0b45 1d1e 753e 26db 6a4b 3f82 2613 11de 66a8 766a 3974 5c1e 379d 0430 6e58 2f99 1c36 34ec 367e 2124 4a73
349f 4b42 255f 5f31 2cb8 37a4 6784 54ff 3bbd 7e90 6968 3753 184a 1137 5d0f 03c8 32af 2610 29b9 799f 4cd9 13dd 4897 2f2e 70f0 3b23 5817 1776 4080
3c83 7c47 13f9 12fe 6c5d 2b19 57a3 7c77 723c 32f6 027f 0430 40e1 0d8e 098e 047d 1238 5efe 2411 7f4f 1cab 0ab5 2726 4091 3087 1e97 25ed 6aca 52ce
2014 10f0 0693 3306 1fc5 61d1 6b73 4e01 0be9 65ba 6e89 28ba 1788 43e7 670e 2cf5 4d4d 097f 1891 6ffd 67a4 5f34 612a 0e23 707d 2077 629e 054a 0b47
6667 31aa 3674 63e7 3e77 7ddd 39dd 6b13 733a 214e 3181 3f13 2c6f 0845 745d 6f3f 476d 4a14 43ff 0c22 7726 1f2e 063d 2f31 76fe 75f1 24a9 34f3 490c
5548 1989 6308 2d3f 03e1 70a5 10e0 3517 577a 35bc 50da 2a01 4d6f 3774 2f0b 455d 436a 3274 65b5 7b35 03c2 6e5a 1cf3 137e 0a7e 051a 3429 2c45 3946
608e 41d2 1696 5671 328c 2178 37ce 10fd 69fc 46e1 2bde 17cc 5d15 7d91 1b19 0f94 6b63 6ada 03e7 37d4 68e6 714d 6fbc 28ba 421d 279c 5b0e 4388 580f
04cf 5ffc 5332 2735 1278 6df3 55a5 0adc 31d3 710b 36b0 2305 4382 5db5 55af 6cea 0e2a 03eb 2108 6824 307c 2d6b 7075 437e 4559 57ce 4e63 0338 1dbf
5cdd 1f37 5f52 1e13 4766 1ca6 4848 2e2c 7136 11da 5b68 4a14 252a 2e04 64e5 327e 3cda 02c4 0f0e 726e 1b9f 3902 7393 059b 47a2 1075 23ad 27ce 7e83
0ddf 1d7b 6cf7 7b8d 7b37 6955 3fd3 6deb 4db5 0916 15a3 566d 2989 4f2c 54ac 7f30 141f 5466 2fbb 1c3a 646f 7265 4b79 4da8 0cbe 444c 1d0f 3724 3d72
77da 50ca 1514 2783 6b9b 6d58 3b11 7647 2cb7 2d7d 1671 0a75 2d2a 5472 143b 524e 1676 4db7 4f67 787b 2346 1edd 6091 2b21 5fb4 1616 2aee 4f69 3ee6
2476 6d63 549e 0122 34b9 043b 44c9 48ae 07c0 3582 1fd1 68d1 304d 397c 1610 3c8d 741d 5837 7be0 689d 160f 0cda 4a0f 196c 24cf 5471 0b11 5964 0be6
0018 35bf 40cd 0f56 7d36 3846 52a3 33fd 35f3 153d 27bd 1003 43a8 238d 7912 56e1 6a9e 4947 5418 4fbf 5dc1 2264 71b8 506a 37dd 62fa 76d9 1a9b 33fc
4570 6a35 1e12 13d4 2ac2 3306 4649 230d 155d 0d64 5c90 5722 46ff 07a2 7796 0bb5 2e1b 3d7b 0a34 3346 76aa 02b6 5541 3ada 5d1c 21dc 5ecd 4dbc 64f3
3564 676f 12d5 5524 36ac 135f 7140 3331 4827 3ee0 57a1 1794 32f2 68aa 1919 19c0 6fc0 4ab0 38a5 6d55 23db 36de 0c28 5141 181b 4189 08e5 6dee 1057
5ba3 1f71 3c67 4d89 4125 4163 6c42 37e3 5271 3bb2 0f44 4a13 12b6 57c5 35dd 78bf 0dbc 77a6 430b 1bb8 7641 410b 08a6 712f 1490 1cc6 3667 4f29 1ab8
2065 524c 22af 63b0 30f8 3c5e 38be 4303 1f50 0a4f 7b0d 270f 4cfe 6e7e 0986 0a5d 5ded 636c 59d6 211e 48c1 5a41 0ba3 53a0 770b 04d4 7ce5 4441 67e8
3b55 48ee 6d13 03c5 5eed 66b1 20a9 41d8 159d 4d66 49a4 16e9 7501 5b01 0787 7cf1 49fc 72d9 3a94 44e8 1bc4 7e61 4938 541b 4bdd 7937 2cad 7870 0b30
2cb0 7749 162e 3fe0 1ee9 2591 21fa 2748 2393 6386 36b3 5c79 1731 158d 534e 40fc 323b 36f4 4e6f 7767 59ca 705e 529a 3ee9 67c8 06fd 4393 5744 0c6c
262d 7bff 26b0 0d46 4cca 2a7f 0e7c 0adb 30e0 1f19 09e5 1b45 19a0 4d15 2b38 2589 65b7 6d43 066d 0b75 5d27 588f 2bb9 3f86 058b 6bba 7a62 4fe5 768e
7e23 5187 2e54 2129 7920 6eb5 5887 42b4 318c 6ea4 7c8e 6be3 5a33 4f00 2c06 440e 0ff2 38d4 0ac1 378e 50e2 1d2e 043d 0103 3d06 2ea3 6dac 486b 544d
1c05 4e19 695c 035b 27d4 6960 2136 2680 6e52 19d2 14ca 17d5 2e70 6677 57d2 6e19 237d 212e 34f0 38c3 684d 0505 3565 5cd3 6ad8 0f22 4725 4b66 00f1
15e4 0e88 03d9 4403 2f74 0588 5546 6d41 7846 5599 4c15 0e64 24ae 54ea 10ef 5008 4dc8 1c2b 45d7 6b2d 571e 1515 3576 429e 5a38 4f7a 6561 55ba 59df
67fb 6a72 2289 12a0 731b 5bac 2cbc 7d57 5878 2c52 7b5a 46ce 555d 6eb9 050e 23c0 1feb 4a26 21f7 15ac 189b 2549 6697 0be7 061b 3a55 07f0 4560 0fed
7263 4a1b 5c05 0b19 693e 0a85 28d8 49d3 6501 23a3 0e37 1c51 5bca 3c3c 6663 386a 57c2 1f5b 6918 198a 3883 1327 08a3 12c7 48e3 1288 52f1 1348 6a9a
5023 1333 126a 0ad2 1ea9 387d 6ea9 0ced 3f98 6815 17c8 1c04 4657 0db0 6133 2cbd 04aa 3583 535d 1bba 4858 1e50 2c4e 2739 35a9 1bd0 4cde 6191 65ae
0dd0 0e59 7115 3337 3d0c 3615 4838 70a3 3d7a 72f9 63bb 63b4 0d70 6aed 2504 5de8 6bd3 09be 4319 6554 4448 3267 658e 6111 742a 4447 44b7 07e2 69f1
6339 5de8 5512 5560 0255 3dca 270e 768e 0ab4 2a53 272d 24a1 0d37 22a2 2947 18dd 14e5 1267 0939 0889 14ca 6a5c 1433 70d2 7df0 44eb 1082 6456 3248
0e30 5725 6c7d 2385 04f9 0df3 165f 0a59 5a00 479b 2f72 674f 447a 4420 2e17 3605 34a6 3c70 0475 2b68 42ba 5442 7e82 5f5d 7899 077d 1c1c 16f7 1a55
6e3a 1b17 2f4c 4843 7898 5570 20c3 6c7b 1f46 39b5 6927 40f2 0045 5be9 5715 7017 2d84 77d2 7ed1 207c 7f72 69db 67c9 71c7 3621 3c87 671d 68a8 1ca4
47e5 5588 7440 12b4 7c02 21bc 729c 5d07 2ea6 15ee 5eba 59d4 43bf 2005 4c14 573d 63e2 53f8 4275 0ad6 7bfb 51a9 432d 03f5 0c30 2e62 4fe9 0cc6 5a99
463f 789e 6d03 0a27 0ce1 1657 5883 27bf 54a8 2dc4 0f2a 6951 1f3d 1a51 46a7 0ed6 05f4 3a3d 2a96 3add 5e57 5826 7e32 3f00 0378 60f2 1dd7 5bc0 138e
41c3 3c0d 0240 1586 3a2f 6297 787e 1fb4 599d 468f 6825 24e5 02f4 6769 6f54 5619 66c1 7c99 3995 0999 1e6a 3a02 155f 463b 0e25 7e91 7f71 1020 006c
7b66 55e9 5a30 10b8 20ed 4281 1e14 5248 53d9 4339 4001 56ba 59c4 4ac8 05ec 1107 1df9 6e51 2bd2 5999 3573 2120 4bb7 0fb3 2674 7347 3786 6c1d 0188
1e86 01e7 4ab3 2a84 51f8 4c04 5657 7abb 4174 0a65 0f9b 6903 6900 7235 5832 3204 3875 3738 13ea 1705 0bf6 41d4 578c 52a2 3156 5028 68e1 3e66 24ca
715a 698c 37e5 2888 1904 7d67 4d5e 0e34 531e 794d 6dde 60ed 5e4b 0e97 16bd 4ac4 0ea0 03aa 5595 362f 184a 20ad 7948 1069 3da6 093a 056a 198a 7f73
20b4 0d3c 6648 3745 6431 0a61 7d0b 2321 5cd2 2726 6901 611f 7e46 739c 23ef 47c2 258b 5600 35a4 7e13 0357 3eb4 3339 76ef 2044 1911 1e78 7d15 0a18
0557 6d88 3bd2 5c6c 24a0 38f3 4a77 2d4f 7f67 1478 77de 069a 5aaf 774b 2b0a 5805 5c9d 7856 0ed0 608a 6b5e 0144 216f 4460 7300 46e4 419b 0e4b 7d14
6fa0 322d 7bbd 4669 2bbc 1a39 4fcd 2452 7d54 483a 20ab 3a93 2778 0ee6 2ab7 6ceb 2924 5088 2b26 141a 0c46 6e00 091a 2caa 3e19 1b17 0fdd 4f9f 598d
6c26 6011 254e 0dea 30b5 255f 04cc 051d 401e 2f5d 4caa 74a2 3f54 0547 5492 37d2 2667 0f39 26cf 1704 1509 2f29 6161 4433 65c0 6116 7533 0c2d 3782
0ab8 45a7 0a68 3d17 6995 3dd2 2639 16d6 0270 1536 574e 6577 4779 04a2 004c 755b 45b2 4e5b 2c56 558a 6af0 1e01 1440 07dd 3c55 2a85 6e7e 008c 04ab
0677 028b 633d 666a 4603 1321 4955 28cc 18f7 4e32 7b24 25ea 2da6 5220 2a12 50da 1f43 07ce 2162 01ca 7cfc 1c76 6029 62b9 0b1e 1f7f 3b77 15da 11ed
525a 2dcc 553e 64e9 7190 187a 63fb 377e 7020 21cc 79a6 4d9f 0405 1d3c 7e8a 7a6f 0aa6 2867 28b1 180f 7c23 4e7f 131f 1cd1 70a8 166c 2a8b 0ab4 6b86
3303 4b4b 2b8c 62c0 2d61 15c8 49ba 5d9e 7e7e 4794 1731 496a 13a6 06df 2e4c 1118 4c50 4dfb 2bdf 58db 1675 616e 43d9 0e2e 1536 6157 182d 2576 128e
400b 6a9a 1c90 76c1 6325 7243 31b9 4a0d 3c86 6a12 3d80 30a6 006f 7f8b 0f34 7361 0b2b 6db6 3be9 3c4f 2d41 4cc9 4ea5 27ea 322f 39c5 0203 5294 6c90
7829 44d6 2401 4046 5929 28b9 2ea1 2c7b 1241 2b52 6e8a 06f3 32f0 6d52 212a 33a8 4941 11f4 25ee 2c70 086d 5664 5202 3f52 1b2d 2bf6 331e 31f8 4d6a
7ddd 7455 1269 4ab5 40fd 6cea 342d 03e7 3c73 3c39 38d7 4940 76ed 2d91 0c2e 0291 0c42 734b 4ab3 39ff 42c1 332b 790b 2f4c 441b 1ddc 320a 5567 3eb5
00ec 1d5e 693e 0ab3 2f10 55c6 61ad 4f48 7e09 65b9 5579 4cd7 1351 46ea 20b0 6f1f 4486 0eab 1a49 37d0 7d1d 733d 4700 28f7 6294 55c8 4423 6e94 78a4
3f67 7fff 040b 7449 2951 706e 2129 2284 25ed 2982 72a7 6967 4edd 126a 3d98 7f6d 0224 1326 5065 12ca 367d 51f2 298d 32b4 10b6 4a07 0bc2 3857 0ea7
439f 6395 4eb7 2749 08fa 4d20 7676 5a5d 0946 1d23 035d 689e 68b6 7e39 3590 3d9d 5c4c 1931 5ae1 379d 7902 4139 6bf6 2dad 628a 11f9 2566 2a5e 5286
7dce 1c23 53a1 676f 4ace 4d38 7b23 1a8e 7b7c 1b43 74eb 7087 6983 4900 0ed3 1dbf 497b 22d6 426d 287b 60ad 213d 52c1 36ae 58eb 721d 621c 604e 1711
7714 031a 0b1c 55e3 27e7 112b 6a55 4eb8 2825 4ddf 000e 440e 029a 0040 7577 69e2 53c6 227d 4f99 715a 28c2 5fc9 7f45 731b 1532 38ea 4e52 39e7 7dad
627c 683a 38c8 720a 7adb 2a2d 430c 2df6 1f6b 2c22 04a9 58b1 5f5a 3733 2a5a 3416 0e12 579e 7e8b 1d88 1a26 4bb8 2afb 57fe 4518 6e85 54f6 4059 592c
13b7 1fe4 0dce 51e1 4512 13df 739d 3940 7776 5a76 78f7 7117 68b7 0501 7770 2cc9 4ef3 6932 2faa 6346 1fe9 7fcb 42be 2b5c 62b4 587d 402d 7de0 644b
4f7c 2a23 2c11 164d 54e5 5e71 75f7 5fda 1370 19a9 5a8f 35de 63f1 23cd 6ee5 1369 4311 260d 1bce 79bc 46ae 7d5d 5f2a 37aa 4dfe 3429 7b8a 2248 0e15
0dcf 10ef 6e66 3b1b 1152 3f84 06aa 3279 78d2 447b 552e 47b6 72d0 25a9 69cf 67ef 7912 1b00 07d0 6546 47eb 7c15 263b 0635 682b 4037 03df 125b 20e4
4399 4335 19f9 4c53 5b5e 606e 3f04 0b62 0670 034f 5bc1 6166 7818 3377 6f79 0610 4b38 7683 7f67 7bd5 1214 7c1f 3078 2e31 589f 50b2 361a 3394 77cc
45ca 04e2 2134 1bf2 06bf 3cb2 7569 6455 416e 025c 0a41 6a13 32dd 3901 0e4e 72dd 7b54 5006 255a 4703 53e0 7216 4f4a 1e4d 6575 7538 2ec3 6048 0683
1a49 2048 5bb9 32bf 76fb 453f 0618 6b64 23ef 1fae 73af 4d35 202e 527b 6ad5 52f0 2a85 4d6b 0635 3a14 3104 23f7 3270 04d7 2018 1623 57a4 3541 5f43
35df 193f 2c31 3edf 2f71 66c3 2a1e 7857 2b61 27e8 501d 42a2 171e 2374 67a6 16e7 51ad 3237 56d2 0fc2 4d9b 6984 7532 6d12 4ed3 2c25 5b37 2aaa 5dce
2043 7164 5e44 2ba7 03c3 37e5 052b 4331 2d09 36f8 4f37 2a3b 09a9 12d3 6fba 57df 7a0d 1e13 6c7c 69dc 5414 1437 14bf 3ef7 74f3 7a5c 59c9 3fc3 0f78
6259 7a44 4fdd 6dc5 677e 4075 4963 0e12 01a7 641a 03cd 1e2e 2a78 58be 70be 1416 169b 65cc 76ab 2ee6 61a1 660d 1b7e 35a6 05ed 3508 5ec1 48f5 1365
4f01 75c4 0bfa 0b27 2597 2073 6af9 6503 39e8 6452 6d61 7ad3 0124 2353 1807 023d 63d6 4534 71aa 51ea 43d9 5235 7f08 4224 4f37 236b 7da6 6eac 0980
324d 36a4 0e07 65dd 252e 3736 0fb7 6308 0946 2e5f 40fd 747c 3236 5ba7 6367 5d8e 731b 4384 2395 6886 1f5a 5474 095d 6507 26d7 7a8e 044a 1ec0 76f6
3242 6fb8 2c05 413c 6b02 01db 40fc 0954 204e 5e1c 4b1e 6ca2 2cd5 728e 1fd6 2390 117f 614f 55fb 32d1 67f6 2ebc 5d09 0b51 0d14 35a6 3560 298c 2801
6b5a 533e 736f 5726 7069 5c9d 4e51 50e5 7b9f 07f6 01bc 0e7f 31d5 33a7 0eca 694c 7d5d 58e0 53e4 0fbd 7e3a 4a17 7720 04bc 7858 3e7c 77d4 2851 4246
435e 5c99 2d1d 7aec 0e8a 383e 38bb 074c 1337 18b8 0065 3620 637a 4c8f 5d74 247b 1f4e 3462 20cc 76c5 0064 1858 76de 438f 531c 2336 307e 2002 231e
5eef 6caa 482a 4649 2ad2 7db7 6f05 0024 13f8 5997 3d2b 3ee2 0ca3 5903 105f 5f6a 0267 1977 3e5c 5b41 7ee4 370f 125b 61d1 0633 13bd 78bb 214a 5274
671e 5c1e 24ba 7e94 7aec 7ba2 2513 0b6a 79f5 7ed3 76ce 45b2 03a8 72a8 52b0 4244 2137 57bd 3016 172f 5e54 6d78 27f2 1765 2777 417b 56fa 140b 4332
18e5 0ead 583f 6286 069b 756b 1614 1243 2e8b 46c1 0333 4dd5 6795 14ae 3746 2118 40af 37dd 39c3 624d 0b09 08bd 5f4e 243e 5f72 2443 116e 2c52 6f7f
7ce1 2105 3e6a 1761 455e 13cd 6b48 6175 4a96 4342 0674 7072 7ae2 60b5 29e6 5282 3159 5fbb 38d5 67da 7ea9 7700 3658 1116 45cb 45b8 1597 227e 795a
2df9 41f7 747c 588f 7ce0 6a30 0fb5 61f8 7b7d 21fb 494a 5c5f 1c1c 50e7 5f16 65cd 6731 68dc 17f4 0ad8 265b 383f 4ad4 69a4 5413 20fc 2802 4896 6157
2c86 0c87 7571 2f38 1a66 3cdd 1130 1bae 0218 42c4 3485 319f 024c 3303 7e4e 2d64 3d76 6052 79f5 2092 054c 5274 799f 21c6 1b7b 3201 3837 5533 578e
313a 59db 20d9 0510 6a7b 1bd1 2448 79bc 24b7 68fc 26bf 475b 6571 6b70 17c3 4000 5035 002d 352c 062b 2253 1868 02d2 5979 0468 0908 430c 202a 3089
3ee0 6c2b 4dbd 2a8f 03b9 4d03 6ddb 3328 0d08 5053 7e0a 3775 109b 3c1a 65fb 1162 2964 2647 70c7 0f15 242f 5e40 1d13 24a1 3961 3093 7613 0fdc 4f2c
7de8 1891 516f 43e3 437d 1cbf 2c71 62cd 0b65 4a17 1391 4f7a 5bf7 67a9 00d4 72e8 7526 0da3 2838 4084 76c2 6600 20eb 1731 18d8 2830 0a74 4415 0647
364a 7113 0304 2038 66f5 2714 20f6 7fda 66ed 4693 5d21 64e2 2e2b 5417 1e3a 1aff 04f6 54d9 15ff 481a 02c4 4aee 02a7 3f03 22da 307c 58f3 59c2 33a4
4a47 145e 6731 0d32 2011 2a89 64f2 6194 346d 5578 0017 7124 5c8c 6aa9 2e43 6e3f 41f0 1787 23ab 2f41 78ee 6f0a 0353 25dc 73dc 02ac 70e3 7261 5b28
333d 1535 7d14 30bb 2f14 57a3 420f 0f91 674a 05e8 20eb 6e4d 29a8 61ff 42e8 5102 6c3c 1bff 1eef 5532 0686 5e8b 10d9 457b 0e11 3297 0fcb 6a6a 294c
32a6 1a0e 17f7 2fe6 24b5 32f8 69ea 1ac2 7e1d 3edb 5607 7112 4fd6 083b 54b4 6d90 232c 29ca 7bc2 3882 68db 2df7 0218 0c85 1626 3af0 4067 5216 6290
3cbb 2555 5b1b 7dde 2054 7476 5223 6567 1b3a 6729 5010 2b8b 4410 33d9 0133 7606 1bc3 73bb 3567 7c59 6440 3c07 69aa 30af 37a1 54df 73ac 726c 44cb
0111 54ca 3296 0d9f 516c 6e49 0925 45b8 5001 2090 1778 5c31 3b1a 75df 120b 344f 52cd 012a 48ce 0b70 7572 495d 603f 2c7d 3e9d 70ac 4794 1609 4329
4149 34d4 5568 03bd 7a9e 6ac3 21f7 677c 7422 4dee 67f2 7e64 0da5 386d 5d71 7f0d 0689 237a 24a7 04a6 77ac 035e 7dad 2d51 7667 6abe 5d62 448f 17e6
47a2 0ae9 7d63 5e9c 7b5c 0cc9 4c43 13b2 0037 3fe8 593a 460e 5d24 052a 401e 3edd 79f4 7b5a 2b0a 3e1b 0cde 59a2 32bb 27d1 5657 5e4a 7bd2 18a9 3c62
48d7 5c92 2c7e 4265 5618 333f 4363 61fb 4dc6 019b 02d7 46a7 4553 4236 32ad 268a 6142 0b5e 46db 5928 67ff 0b6d 7703 13dc 4795 215c 58e6 24f7 7d3a
0623 08c9 79e6 5334 6513 24ec 196c 5eac 3e41 0bbf 0c18 504b 0de1 47bf 0c3a 4203 5c45 775a 0e24 4d3e 18c7 5102 45fb 0b52 37b4 21f5 5877 68b9 12e3
3678 19b7 6121 7064 2cff 6713 6dc6 1f0f 0fa1 0dbd 4d97 60fb 3dda 6584 315b 2155 380b 3f5e 2d15 7387 09dc 6496 6f3d 2c32 2944 3900 71b5 5d8f 63b9
36af 4de9 0309 2872 131f 5822 564c 218a 3f29 2370 7378 7ef2 7443 5e95 2ccf 014c 3e99 7e41 764b 3a63 3ba5 08d5 1ea4 095a 1d52 50ba 1ce1 2036 34df
6842 635e 684a 3b81 627e 494b 74b6 03f3 0451 7437 2f85 4b81 198f 48d5 50fc 4409 3274 4757 1a17 0275 1b82 3474 718c 3587 1dcd 2e3c 1291 7087 491d
4bfa 045f 4f22 7a4a 4499 4723 01a0 569b 697e 1d3b 490c 2fa5 79a7 2d04 027a 36a3 0142 0491 5b43 54a1 1600 6da4 1aa7 7d00 19af 6ca9 4c23 500f 0782
61ad 06aa 21de 20e9 0acc 31df 7575 3ef2 61d8 6dca 74b7 5b68 78e5 4d59 77b5 2a8f 546d 4b87 1b64 59e9 1d1e 159e 2663 5507 4b28 4daa 3e89 150a 22de
1890 1cc9 2dac 2fff 222f 1e59 2115 41ed 7eb7 4aa8 1751 30aa 5136 26c7 35c3 4f7f 4d3c 304f 683f 7653 4066 0a95 2fb5 4e8d 1283 67d5 17f1 1eb1 3bcd
1405 02d2 3a56 13a3 2c0b 1b32 0a03 1891 1055 436f 56dd 3e01 420a 64b4 7d4f 5623 66ef 7ce5 1b7c 0073 3070 0d0a 4911 63b2 6519 526f 4ac0 770d 06b1
61d7 0d46 2d73 1d6a 3418 5b12 6b23 20db 0437 4faf 604d 64cd 65f7 76d8 52d2 4d20 0a04 279a 2af2 7fe9 4a34 7dd6 7c1c 6904 30e4 0a85 75da 78ea 3671
3643 4c8b 582d 2c4b 75d6 7b4f 1b39 4266 51a7 16ac 61da 67cd 420c 641a 2747 4d5f 2ff8 32be 4fc9 3f6d 6ad4 0ef3 765e 3d22 49ca 64db 4313 4973 5cf1
53ca 4711 7c4d 4289 504f 422b 1b56 1453 6ea2 2f7d 02af 24fa 639e 6fac 3343 464a 33ca 349d 72ec 215d 2de3 6727 24db 7e0a 63c1 5ea8 48c9 3fbd 3359
2c1e 10cf 2293 00da 36d1 7cb4 54e3 391f 310f 170a 47af 1b87 351b 6778 375f 7645 4bc4 386d 1a36 6a6e 34bf 40de 4a25 294d 6e38 09d1 66c8 0fd0 1c75
6f51 7872 5cfa 74e9 303d 13c7 4542 055d 6efa 0d54 5d37 22b8 09c6 795d 6143 150a 6f5a 6a28 11e4 5761 049b 2089 3ac3 297c 0815 5cd9 5fc8 2bee 135e
1adc 7a39 3d00 5176 2c51 44f9 3ad8 190e 3957 6ac2 3d80 5346 6a15 7b78 304b 0a0d 1a35 048a 3a8e 7b4c 46af 32ad 4129 72ee 252f 24e9 7e57 3f85 632f
7ff3 5cda 7e72 7a28 26c7 6edc 25ae 364f 149a 5a06 047d 2c2a 63ea 3bc3 4e74 0af4 06aa 423c 1684 3c5e 0952 1a2e 0df6 1781 1532 3204 5bdf 2730 2eeb
2cc0 5232 1cbc 6820 59cc 162d 1a96 4065 2590 56ef 4000 54e4 5dd2 35a5 4470 21de 4a78 6e6d 7369 7c94 15aa 0fbb 68c5 57ab 4cb1 16e2 0b41 3684 0a42
6890 0306 745e 0ba0 4efe 26c0 5956 1f4c 40f2 1ccd 77c4 290d 42be 1263 1ccd 5061 31a8 6215 2b02 09ad 5db0 47bd 4d15 3ccd 31e8 2c50 3764 540e 6731
4b4d 6beb 0837 6645 1bfb 354a 0054 01bd 4bf0 739a 7d9d 5faa 4568 03db 72b2 7ad0 2827 31a0 2ae2 7c22 5169 2d36 1964 0289 373c 0e08 3bcd 0127 5e88
6d2e 2fb4 2c38 71e2 5f7f 0819 1c86 05d3 4765 71b5 4454 6f2e 5da4 1937 1fda 5fcf 0006 3395 3d47 2ba1 0c7c 3499 7bbe 4e3c 31a9 09ac 2b18 20b7 10c5
1bb9 4391 6767 06fe 4868 07ef 5c15 1ebc 3b65 47a8 7c2d 2284 236e 556f 2284 1288 2952 5f08 5a33 0d9c 75a2 7b13 358e 2624 4e04 1c5c 18f5 1154 5b91
5c8c 5bca 342c 31d6 2506 1e2a 24a6 48e7 11e7 79ae 2a41 6ef5 04a2 0280 3bad 6fe8 113e 2e52 42ce 4a2c 0c30 18dc 6e4f 5f2f 549b 12b9 13f5 0adc 1ce1
6759 3580 2b01 5680 7495 7a6e 143b 2540 56a0 1371 746c 49ff 689b 6f62 644a 4e08 4ca9 2135 5a6b 17c3 4817 1bbd 2616 092f 3371 5ac7 02ed 341d 5157
2008 063d 041f 43ce 65d1 1890 12c6 621e 29cf 6797 3955 616b 5934 46cc 7eba 0093 14ad 55a2 051e 7bbb 3473 03fd 099f 2e28 544b 1e98 4744 2eb7 7980
5835 0c5f 674b 6a58 25f5 1653 4d6e 48b7 08d7 4682 21a9 68bc 400b 42d9 53d9 3bd5 6ac1 005b 3f9b 2217 228e 5334 263f 7cf2 5da1 4dfc 40d1 0257 69da
5c13 070c 22a6 1619 524d 3fda 02eb 0299 11ce 14d2 61ed 2a69 563d 1e92 7dff 6d08 671d 3224 5ac2 3478 048f 1b51 7381 7a5c 0b22 62f0 2ba0 3839 4a65
133d 503e 12ac 0944 0537 283c 0717 07c0 5028 3494 1015 0b85 671d 177d 1fe5 3add 4ac9 4d42 06d9 4516 0c21 7dcd 46f3 2d5c 26fb 29b0 03e5 77d4 402b
0671 3a7d 5c6c 1a47 5418 2504 4d1a 416b 402f 1530 3c48 552a 4d5e 1428 09c0 6e03 6ef0 639a 5286 0a88 2588 5350 71bd 61ee 789c 7443 757d 6760 62fc
3ace 71c6 73f7 5d22 29f0 4760 3915 75cf 2231 0d64 32f9 2f40 2b84 5513 6d56 4920 0fbb 4a1f 2dd9 7e52 6d5d 278b 3663 43d5 5fcf 758c 0be5 6bf8 3203
0c21 73c1 3027 44f1 070c 1404 7acb 0b52 038c 386e 2cc0 5d4a 7736 59c3 3fdc 6c67 34bd 40a9 05bb 4681 1ca4 4b0d 3a6d 6a48 4f9f 47d3 0ffc 4c5a 15ce
5d33 53d1 0ecf 4da2 3def 5768 3342 31c7 1c55 3da4 5666 4b69 0a62 3f76 0480 741e 6ac1 5145 1913 7b2f 3693 139e 5608 3116 23b5 4b9f 7699 572d 58ce
1073 26a1 2f6a 39b1 2166 319d 7150 2393 6222 5367 511b 1237 25a7 64f6 4eec 3fb0 326b 439d 293f 5706 5c55 3513 01cd 3630 01fb 530d 3fd4 2690 64e1
3346 55b4 1af2 7c63 01c9 745c 5bcc 6726 0dd6 1a6d 17ed 319a 681b 1e31 74b6 38f9 7d8c 7d39 6195 7f8a 5a8b 1de4 74eb 264f 557f 426f 3867 2b10 7b21
01aa 5fa6 15a6 191e 6d02 2d5f 567d 5b12 041f 0f81 2c7e 2189 0b5a 4863 7c02 4178 7b75 574a 4602 6864 788f 1231 0de7 43aa 39ad 6991 701f 1c87 57f1
03b8 391f 167e 462b 4508 5344 4a46 16a3 19d7 14b4 54a2 7f3d 52d4 2734 4b62 0f4f 70f9 53c5 7333 07d8 5cc5 2650 38ea 3c84 7870 1e58 6b6a 29ef 5fbf
0981 15bc 39ee 21ab 653f 5e51 7efc 132c 66a5 55d2 4d7b 757c 7b8f 4193 0bba 32dc 02b9 0b4c 662e 0044 1516 32df 6a64 437b 3121 3fc7 7a3d 73da 533a
5d32 3f72 4f6c 635f 27b7 5712 34b6 4d7e 15dd 0b0d 39b6 1088 3ee6 52ce 2101 1974 670c 0366 569e 05d2 5b17 2c54 3225 7461 52ed 7b2f 7cc3 229a 3bad
484d 3ae9 424b 7c5b 1989 1e09 1578 6074 0c92 0cf9 3567 17d3 1654 28ca 2e03 43c9 38e7 3f63 6f56 21ce 5705 24a2 4e23 778d 45b9 715f 3708 097e 5554
6c59 0b79 1bba 22a4 163e 6967 536d 783f 0ab3 5e34 7518 5b97 64dd 3367 0f6a 374c 34fc 753e 080d 177e 36ef 77a6 2b97 61d3 7639 7f8d 41f1 3343 2989
64d3 6da1 22ee 5b0a 066f 247a 7555 5c1e 1392 3227 4395 6743 7914 2cc2 36c2 73f5 2248 4d37 1ce5 68e3 1755 3620 1450 73de 630a 5ab0 02a5 4b05 71df
57ff 0103 72e1 1ff0 7eea 5193 3cd9 7ba6 077c 08ca 22fa 1a19 0013 0102 6894 0615 0430 4fcf 0616 2166 03d4 04bd 6a46 217a 0b25 408a 2077 6e41 4c4a
1801 7181 39a5 6b00 514c 6f2a 0cc6 6388 2d28 32fe 4b13 4324 0715 29cb 0021 5ab8 36dc 224f 470f 50b1 7e35 1efd 3165 0505 2e4b 2d43 49d7 447b 39fc
638e 32bd 5957 2d14 039e 42af 2d9c 6781 1186 190b 5e6c 22d1 1a9e 7976 0402 55b2 19c6 602b 2de7 7db6 0281 0ff4 528b 62f1 2a23 2065 38da 4510 6be2
0ef9 5ddf 507d 65c7 2baa 0839 2b9a 2f93 5ecb 1da8 538a 29bb 73cd 03b9 318b 73cf 20b7 57e3 16c0 48a4 30cc 0d37 2027 58c8 08c3 705b 106b 7c73 7b63
42c9 5fdd 2f14 0598 4061 579c 18af 4021 7a7b 605b 3585 7f9f 66d2 192a 5b8b 30b2 236d 3c4d 33a0 65af 1ee3 2113 267d 0730 552a 04af 09b4 3fd5 7ff3
6280 3765 0524 5276 2d17 5d7b 5284 5139 7af4 4f51 5c12 1f51 6e99 63d2 7005 3372 594e 330e 3e5b 622f 0649 3793 58ab 5d68 5b8a 24e2 1b6f 3773 048d
2171 11a2 1075 254a 12a4 0418 4a22 56fe 08ac 6938 194b 28f6 069b 52fc 6689 23e9 4ca7 1dbb 7264 55a3 2b5a 5084 06ee 2f47 4733 5778 6071 32f1 4072
1e3f 0c32 2a26 1308 6bb0 38d3 11e0 4939 5795 1bf1 74ca 28b8 7edc 0cff 051e 26f2 4c23 3c55 5694 0607 2b4f 3a53 3fad 630b 757c 7cd7 2c54 58f2 4afe
54ec 7e8c 3d69 2ea3 0a4d 330a 7643 09b6 5c36 20c9 4f50 4945 2f60 4a3f 3ec5 18df 7d48 6c99 422e 75f2 519e 4408 310f 3c0a 45ca 7eee 63fc 49a4 100b
411a 3da5 5b95 0056 3a76 3126 2160 3ab5 6fd3 4f12 316f 6bc2 5294 575b 3dc9 03f4 0576 593c 409c 74c0 6383 7fb8 089b 1ccc 36a8 3c76 13cb 4a9e 58f3
1f04 326b 34de 3785 757e 1802 4d6b 21d6 33c3 085e 4feb 7d66 3e76 5b61 2648 5e18 3d61 4c5f 3980 3489 172f 5f44 32aa 677a 351e 6306 719d 39ee 0353
5309 6375 4568 13d4 32cb 3625 768d 4c52 2c4d 6207 6807 7481 1621 7bff 5c6e 1f7f 6538 2b11 5ece 68b4 4473 18b9 6818 041f 53c5 5b23 2c87 2c98 301c
0529 193c 4ee9 622a 161a 0461 44cc 2553 7fd6 5b63 3835 7e51 2724 0454 0135 5b94 436d 5277 5099 418b 59de 2283 3b53 30a8 1862 0756 7f0b 4671 732d
300a 00fe 71e5 0149 731c 0838 1cc8 7ded 2629 0bf8 70ed 4e8b 6ede 5b41 4b82 184e 3f65 415a 20f7 54ff 64a0 3519 7716 58e3 1f34 17bb 3640 5965 0786
60e9 6058 6a92 77cb 38d0 54ab 77ab 4632 6d34 2559 5f86 152b 0828 097f 297d 0470 5b57 0166 6d49 4a40 0b8b 6d6a 0cc5 46f2 2b27 59eb 2426 5deb 198b
19ba 61f7 0e61 603d 3555 35a6 6eae 7eee 6d2b 7a7a 450c 75ba 7480 62c6 6439 4d0f 614e 3769 065f 1c8e 2eae 207c 481a 55db 2b97 20e0 6d66 5190 2cae
6287 2af0 37ea 11d0 3e77 4f57 21f0 7114 0116 4e86 16b6 668e 5a1c 10be 753c 5658 560e 45a7 2fab 65b1 5ec2 76ad 022a 2f72 55b7 69bb 3a60 1753 26d6
367c 2f12 109d 4af9 6902 2752 28b7 2cf4 3591 6926 7707 505e 0794 05f5 7d53 40e4 56f4 5859 04ce 2333 08dd 493e 0d56 0feb 5c4d 050b 18cc 0079 34d0
051e 3ce5 61b4 158e 7d92 2a59 3284 1fe5 4bd3 7a42 64f4 5e54 0d03 6656 11fe 2fa5 6d2a 683b 3c32 09b8 1499 55a1 1a0e 7ca8 05fd 4cbc 344e 092c 1ebf
4fb0 2cc8 44c6 40c6 10db 3afc 76f8 2bf4 4a92 4143 3d26 5690 5698 3139 341a 0e0b 3fac 185a 6b3e 3fc0 7c96 45a0 5439 7ffe 12d4 167d 1005 2fbe 2c29
51cd 1e8e 603b 505f 720d 130f 7f60 143f 4e07 519d 2e9d 6d6d 63c5 4b48 2682 3d5d 6ad9 0eb0 3e3b 70ac 31fc 0a58 3ee6 0ebb 1eb7 1fd1 06a9 3023 5a21
6cd3 0782 6583 53b9 01af 6fbd 6e0e 4181 41d0 2106 6ae7 533b 34f4 16bb 1ecb 55a7 749a 22f3 0c0b 25f3 430e 6b17 71c5 2062 79a7 3a6c 14ea 37dc 69a5
132c 5101 0400 379a 5c8c 1d3a 1669 588b 76a9 2170 2e94 04fd 1ae2 3268 5165 15cd 2705 7c62 0613 1968 540e 48a5 55bd 3788 2155 2120 00a3 5df4 57ce
36a7 17dd 19c3 1c85 3fd6 6e41 5419 7375 055c 04d2 48d6 09d6 7907 67a6 74fd 6fe4 10d7 54fc 2e9f 4c04 681f 027d 607f 00d1 5bc9 253e 283e 4ce5 090f
2a4c 0128 6114 7afe 27a2 57f7 6c11 7de0 4945 626f 445d 27e6 4cb6 7fbc 24a0 2123 2e8b 6bba 6714 3960 0f95 151b 3e3e 014f 78d2 1844 6554 0a25 3703
0686 5c57 2eea 75ac 56bf 7ba3 72a7 4bde 743f 1ad6 380b 56b2 65f4 7207 23c0 174e 24b4 2b8e 2b13 2dd2 3247 5c1f 1bed 161d 7307 0ff6 51c3 1cad 38ec
4e33 0b10 2cde 5057 3db1 245a 438f 78a4 63b6 0718 1618 4373 3a99 6a7f 2f0d 5697 6138 7a5a 0b1c 2069 5bea 3fdc 7d48 2cd9 1594 0fa5 40c7 342c 0b0b
7d82 23ef 2c6b 7841 1fb3 553f 3304 12b0 7b16 3e4d 5291 5667 7d7c 3d96 6c83 33fe 5b8b 16e2 49bd 0a84 161c 5dff 06c7 1c9a 14cb 7a89 2a02 0903 71d1
3b99 0e21 5d4b 2003 4a7f 3235 0e8c 54a8 3f6f 1b9c 72ad 0f63 12e2 3e15 64b4 5ad4 29de 3e06 4abd 6199 5b5f 7258 0ab8 0cac 77e7 3373 2f64 0f00 7ae9
0c3c 0059 181f 5d29 7cfa 2f74 086d 7704 50d4 02a7 7016 0945 2016 5664 6fbb 15e8 5372 34da 7a0b 7319 2241 46f6 7f43 6520 3e49 41fe 188a 1d65 7d2c
6a14 5d5c 6a1a 31e4 7f14 60f7 376c 3c50 5034 3bb6 202c 0b84 2ffa 7b1f 748b 38b6 2473 4b44 46a9 25b4 7345 3fc8 4028 468e 6d22 2059 0a8a 0728 56c7
61a6 1170 534e 1f12 6eb8 08c4 2fdb 6a35 7fe4 32e4 593c 19e6 4987 10be 7b88 2c5b 4649 681d 1c5e 07ee 718c 515e 502e 2ddd 20a4 22de 0faf 3980 42e2
625b 197b 30a1 076b 3c04 1026 7d0c 4a56 2fa7 7307 7e51 0f6b 5873 6dfa 0e23 5552 1ee1 3506 56e4 1298 3a82 24a5 1f94 0761 3668 1fc8 5383 53d0 668b
74d7 4300 50af 2e7a 46dd 0646 3b03 60b4 5124 0393 63ae 19c8 7caf 6a2d 5b44 5843 3b2f 5284 3730 6681 7a23 433f 2831 308e 2ecf 361a 492e 5cd5 0743
44c4 4799 6640 2a46 2f66 1d1c 152a 0770 59fe 7b63 2873 5467 3601 085c 177c 51ce 1711 4024 288d 62f4 53d5 3f2f 490c 60ea 79ef 5c93 63e5 3800 626f
7827 5342 15e2 364b 2597 3eef 1dfb 667c 4cb4 3172 2b84 7f76 208f 207d 18af 679c 4856 3776 5503 2e0e 0f1d 4a53 4d17 76ad 2de2 425b 157d 3a90 4b56
2ecf 7cb8 49ea 6043 3efa 2aa5 14bb 273c 4314 334e 4726 27ae 497b 5976 132e 677d 337d 4b4c 0a4f 29f9 6a5a 6662 1610 52a2 2b20 680d 7b2f 3196 0e27
7c70 4a2f 46f2 0d3a 0c84 1e7f 2778 10cf 034b 15e7 4526 69c6 4ccd 341e 5653 0c9c 610a 08a2 069a 3625 0390 0eb6 001f 2ad3 4431 45d9 1e47 1fd1 397f
1985 701f 5354 540d 0728 560e 1ab7 0bb7 4ed8 3785 094c 49b4 4136 2d7c 581f 6eb9 59b8 1de1 6b8c 6956 221a 2fbd 7c99 24b7 13f7 7a80 02bd 7443 5879
4a95 7c7d 66db 46a1 3008 2a0d 291d 176a 10ed 056e 196a 4ed0 2a09 75da 62da 5578 3755 006f 2bd4 2cec 3ca3 6821 0563 3d65 42e1 420f 54b7 40dd 0ba1
68f2 0000
4ca2 3fff
148e 0000
2d04 3fff
48d0 0000
3393 0000
7746 0000
456f 3fff
28d4 0000
708f 3fff
6523 0000
73c2 3fff
2bbd 0000
180a 3fff
459c 3fff
2bd2 0000
4e69 0000
0878 3fff
0078 3fff
1ae9 3fff
0c79 0000
0571 0000
39f6 3fff
30a6 0000
1e2f 3fff
41d9 0000
073b 3fff
0e13 0000
0b7d 3fff
2152 3fff
3166 0000
5582 0000
1197 0000
2f02 0000
47c2 0000
18c1 0000
4dc3 3fff
5a63 3fff
7c97 0000
26f4 0000
2832 0000
3b2a 0000
4995 0000
72f4 3fff
4fba 0000
42a4 0000
07c6 0000
71f7 0000
3790 3fff
078d 0000
1053 0000
26f9 0000
7693 3fff
7fd8 3fff
38a5 0000
18bd 3fff
289d 0000
777e 3fff

0ea9 0d9a 4156 68af 44d0 75e6 3281 492b 3f09 6f29 1d4a 0dc0 483d 2960 64ff 17ff 61a4 6209 11d3 1f30 4584 7bb5 2905 3b65 690e 4d04 072c 3d8f 6096
7a47 6ac3 550f 26d7 78d6 617f 660e 52d8 6135 2b04 6e97 3d62 4dcc 6851 79d4 377e 6fdd 0929 4a51 56a2 20e0 337f 757f 7b55 131d 355a 48a8 204b 4271
747a 62e3 1cef 28df 5735 4f8e 6de0 3781 325f 0bdc 4168 6012 568d 005c 35af 75d9 4460 6ff7 29b9 2543 4eb1 73e1 5a84 103a 5917 2b88 5203 4979 0834
77b3 6f50 6fdb 738a 552f 4c33 155b 02d1 3a74 2fec 2b12 463c 1825 797e 08e6 58d8 74eb 1bd4 3eae 7cff 590b 5103 304b 3ba5 1fb8 038f 7f90 671a 54a1
7f02 48d0 4c06 20c3 6123 238c 49d1 2a3e 6eb4 51e5 37cc 1c95 7b74 01a6 2253 12e0 3c47 2b8d 2d6a 01e5 7592 43d6 7607 1abd 7852 63f1 5f44 156b 5a32
71d3 3f54 2e4d 68ef 1910 2761 5276 3c8f 353f 7604 2ce4 39db 030e 66c4 674f 24cc 5e41 6321 76f9 119d 3bf5 79fc 4d48 1116 7c4a 3d1b 207b 0efb 2045
0516 7271 3e73 3735 061d 7de8 4ecd 4e8b 233d 17af 54d8 16fe 456f 0141 3d3d 6d0d 4824 7ec2 6daa 7847 790d 67ba 6799 416d 230c 1b59 6eeb 1c0e 4d4f
021e 0fe0 032d 78da 3c57 6e19 09ff 6597 3212 264c 761e 2a78 36f3 70c6 340a 3c9a 2d72 1319 30c7 5e64 1f20 3699 5a99 7800 7843 6eda 58d0 7677 5635
0c14 50ca 61be 6ef2 1f58 62aa 5792 408f 6b74 7854 6c7e 78b2 1a2c 46d3 278b 25f6 4244 5ae6 1f06 07a7 568c 6a2a 21fe 327d 0575 5ae4 26e0 2088 38b2
21bd 5187 1eeb 4436 47a5 1988 056e 3349 3d92 26b8 5771 32b4 3bc1 250a 4991 2933 163f 3339 7e72 2bd3 43e9 7c11 2976 6c3d 77e9 7448 4c64 62c4 34a0
4d03 0a4e 4bd1 2ecd 7182 71d5 6f19 2e4b 72d3 23df 7f65 49b4 11a1 3ebd 7033 27fd 27e9 6abf 7ec5 5ca8 7d6b 144c 7c49 357e 7982 1416 285a 1e28 1f99
1ed2 67d2 5529 7d43 0b88 6341 7d6b 0122 5158 1b9e 29ab 0c61 7619 6929 6755 1ffe 6572 75f7 287a 01da 1108 5459 045a 0b73 5cea 57c7 060e 749f 0af5
007f 2748 2100 156a 067d 627b 2148 094a 0779 2a44 6de0 6331 3074 7a51 1b61 50e2 2f7c 5ce7 4119 5f38 3e14 34ca 1034 2f95 3f16 1825 4767 694e 4c4a
7150 49b4 3e7b 4f56 3205 1070 2163 3372 08bd 24e7 0be2 7b8d 2aac 656f 2c43 2df2 1600 13b1 69ca 3e1e 0d0c 41d2 4ebe 4afc 5614 3073 36df 78f9 5108
72ae 646b 68c0 21c2 63f1 5a4f 5e1d 2a2d 6736 0a6b 6460 29fb 13d0 70c2 64e4 6e0a 0484 1138 72bf 41e7 1d84 5b66 6ece 240c 50c9 478a 255d 3a7f 547f
3ad0 1d90 44c0 20d3 7985 1ef1 2cf6 4cf7 4b41 6522 6d65 73bd 0bc2 6d93 7e04 6726 256d 5861 4db2 00b0 59b0 2945 3fb5 78db 0f84 471c 1393 2bd6 2e5f
0f35 7a75 31f0 7334 416c 3f19 7d38 0098 6d74 4291 311a 68e9 70f7 68fa 2a1f 33a1 41fa 6365 7ad2 1df2 36b2 484d 711e 6442 3c95 2804 6b7a 0128 3a49
3e48 0d9b 68fe 3364 36c4 4b2a 3f50 14c1 582d 75d0 0dd1 35dc 488a 7c7b 6628 2273 56e0 29b3 2e65 7c9a 725e 2ee6 7267 0c6c 6bd8 778f 3d6f 1c17 6c3c
313a 36f0 7046 76ff 09cb 29b8 0688 6231 5a0b 2d62 157d 1019 71bc 50d4 5749 3207 1f75 124c 66f9 0fbb 29bb 37fc 391b 5f02 30a5 422c 6dd5 1694 1a1d
7fbb 6375 4518 7ad8 52d7 2090 717e 6269 2681 0a4a 727f 5417 58f3 39ae 7896 5d99 19b1 2923 025f 6b55 5154 6194 1e7b 2a29 699d 7a93 4c87 16ab 7926
534b 3e6b 6c54 35a9 39f1 6f4d 2afa 4809 72c5 46ae 4f14 07f7 38ac 3a7f 1aef 3748 7931 5e7a 11e7 1e9f 1a27 0caf 0823 00bf 5a73 1141 36cc 41aa 1bfa
2e7c 6aeb 1d88 6675 1a7a 5310 1265 08b9 54fd 45dd 50dd 10a8 105a 7004 2c5a 2312 51fd 7c1c 5356 38e8 00f0 4a17 6b18 06e4 5573 7d15 11ac 64f8 0624
2b2a 0c54 2768 5afb 1332 3e5b 211a 32f5 3103 3887 0d6d 0e25 0687 198b 791e 2115 1f6c 41f0 15f0 0bfe 03cb 2d4c 2027 52e0 15f8 3a87 0cfe 4eca 2aa9
0efa 528f 74f7 6920 19b4 4bf6 46cf 78f3 294f 1641 7446 4932 5787 5756 0e8b 3674 658d 4ec8 0c7d 4304 7572 0bb1 662d 7620 3aeb 0ee7 6f00 4f9a 6d5a
5ac3 2654 0112 7dbd 4aa7 598a 5b10 4cc1 7f20 40fd 610f 764e 0bde 6c57 6940 366f 5567 733c 1043 7523 16e6 61ec 39c4 3ad5 18d3 7feb 25a2 06c4 534a
7e5a 2d8e 3f35 027e 2d83 2166 62d2 0384 620d 2200 05b1 108f 11ef 1dd7 6b91 012e 6f50 4b73 45df 1546 64ed 1146 381b 45fb 6fce 3005 181f 7021 44af
166c 2194 2591 7a66 7913 5c7e 2b6b 568b 4d76 0513 03ea 62b9 5437 78d1 2b58 45cc 29de 7342 4f1e 7999 238f 63ea 59eb 7cef 5264 4287 5ca2 0af3 724a
2b6e 2c4e 4eaa 1341 7eae 52d0 4cb0 12e4 25f8 6c34 2757 6468 65a1 09ae 4141 3d46 1d87 0dc1 7f26 67af 420b 4c77 09e3 2ef0 6702 15e9 1f73 74fe 4596
2fc8 70b9 2790 19ac 4a35 01c9 3a4a 776a 36b0 6a8c 621d 3163 00d9 52f0 3494 4a20 6901 3692 1fd7 2152 7fbb 3fb4 6d98 3431 11b7 256f 3732 462c 0fe6
517b 334d 3a19 4513 13e4 19ac 29df 42ed 1ef6 1ffc 383a 2a6f 0b79 286f 6925 6c14 56f8 100d 605c 548e 4339 1a19 18e3 1918 5caa 765a 08d2 6f25 286b
7bc7 2293 1f08 74b9 3dc8 7a4c 2b1c 75a1 23fb 19dc 5066 50bf 123c 415b 103b 6126 77ca 3f65 5b41 0e9e 515b 7800 7ae8 44ad 1240 5367 61cc 16d6 7ba6
34bf 2a89 3885 5000 1481 24e7 6d55 4e01 7c92 062e 7e25 2069 4c97 43f9 765f 0c07 749f 1435 3200 6acd 2d6d 21c8 04c8 4fc4 35cc 5d7a 2b57 5282 7d21
695c 4fc2 3fe2 0d61 5f64 0580 1be0 3840 7211 0eaf 17a3 36cd 1284 504e 43d9 6e7d 02a0 16fa 2019 40e4 3442 5934 3451 1e63 7926 3faf 4409 24e5 66dc
3cc4 1be9 74c7 5c20 4c46 36af 76bd 64f8 4f85 2f8d 6258 4cfa 5c9b 63dc 5cdc 5267 2a86 5dae 5928 7633 1df3 20bb 2687 5347 180c 3181 1d8d 06f5 2176
76f0 54d7 0815 4e71 56a6 0a7f 33f2 268b 4e69 1fba 57b3 2912 2b0a 35d1 7ce1 3623 4e26 2799 5791 47b6 44b6 322d 04f7 2e76 64eb 1db5 7cd5 66a0 46f1
037c 2dba 7dfa 6ad4 38e3 7366 0ece 72b9 0ab1 40b8 79d0 5378 7898 6b1b 4d18 0112 53b3 3415 7dc9 3272 6ac4 6d15 373c 2095 1b72 2488 1be2 40bb 2ac8
3190 4d6f 0679 2f66 5a2d 5fe2 71ae 6dfa 69df 1adb 5a38 65a0 5554 0716 65ca 170f 29f5 0fbd 14ab 00e5 3e87 4758 76a0 4d60 7894 5a7e 305c 3796 60a4
79b1 376c 2bee 2542 58f5 72b9 602a 6107 68fe 1f45 5b76 6097 5511 3422 76a7 7d4c 5014 7814 57c5 135f 3951 01bb 7b05 7abb 246f 6c54 2ea0 6d52 449e
575f 5ce1 0316 5f2b 7aec 546a 651d 2efa 76ef 6b4b 59b0 3e7e 1aa4 1eae 7f37 0b72 315e 4e1f 7fe3 18d3 366d 17de 3641 152b 0e57 73b1 7a5f 441c 2e74
05f6 1506 6570 191d 21b8 0e30 564c 5f9b 7500 662e 429a 0229 01fb 74b5 2693 1512 12ad 257e 1c1c 5ad8 2304 0556 660c 77e2 597c 1b26 50db 365c 467f
44ed 5ff4 1f0d 6ba4 010a 0015 087e 4082 4511 7e55 52b4 53ee 5ece 47b5 2560 50c1 747c 2bea 2369 27fa 7640 0a65 4cf4 7158 2a0a 58e7 7207 13e1 6f3f
04c5 66d7 71a5 587d 0c37 23ce 7fd5 26d4 630f 4ece 79b3 792b 6444 6af1 5657 136b 6ef4 5edf 076e 162f 4ca7 5e69 0adf 4b91 76fe 493c 1e96 7b09 4bbd
05c2 067f 48fd 271a 6794 62e0 3b8a 63d9 4be5 16eb 149f 3b56 40c3 038e 25eb 5617 6a56 07b0 6457 2de4 0abc 276c 530e 686d 0965 4b8c 1a06 4b19 72e7
7971 7de2 4d98 70f8 362c 0f72 5135 66f1 0e1a 56d6 3c7d 5ab8 09f5 56cc 572b 2ab9 1ee0 3ecc 1150 3412 2d1e 6778 32e1 0f68 1219 074c 5762 1bc1 7f34
060f 6e64 72c7 6ded 0394 2eb9 156c 78e5 2454 1557 73c1 4ca4 27e1 4c9a 3871 15e6 7395 39fd 5d4d 1b08 37ab 28fe 3c5e 4bfa 0251 61f8 2f92 7b50 5f75
127e 79e4 7a84 7aff 7b63 1af3 2850 4bd9 4693 14e4 5f58 791d 339e 7fe5 4da3 5819 0729 44e3 6846 4e3b 1c16 075c 4237 4021 5037 6e24 7563 6438 0adf
17e4 7f66 7cdc 3f39 02a8 6962 5341 2a9a 2b41 01f3 4b33 31f0 6df3 5013 4d7d 76db 0fcd 2abd 39dd 66d9 14d9 3421 7e12 0b8c 15f2 69b2 463e 7fed 1731
0aed 7730 0087 5f0e 7899 30ed 3248 4bbe 55b8 73c2 7a4a 2f3f 4eca 7a56 6748 547f 09c7 334e 0a1c 1fe7 3187 067e 1a8f 61f8 38f5 36d1 7d49 362a 25ba
1c2d 0de5 41fb 4bd5 55e7 2713 67ea 786e 6a51 3123 437d 66f7 47e8 4e18 0eb1 5b87 7d88 32a2 4391 2dea 34ba 5127 0553 3252 3cfe 79e1 4ea4 44aa 39a9
67fe 660c 41fc 067c 3909 20bc 4c9a 06af 28fa 608a 2318 60a2 4a1a 2236 0ae7 33f1 0ba2 085b 557e 4d49 4e8c 112d 3d24 5faa 729e 4678 7b78 7ecd 531e
7982 63b8 373c 294a 3f57 0d0f 46d6 77e5 4177 1bf1 0767 0703 15ad 7aee 7ad6 5a42 572d 25f2 7356 48d6 5979 1c2e 1f90 7ba7 35e1 639a 5cdf 7834 66b7
2b67 4e89 615b 0c9d 20d9 06c1 2a27 0be8 2f09 7991 5cbb 6187 5ec3 3119 3f24 6d9c 33c6 6cfd 7df5 7bce 7d77 0eb0 3533 16d4 32f3 2dbd 3575 4172 4bc9
1348 5cc1 4b46 0cf5 37ff 7041 30e9 0fe1 1674 57e3 1e8d 64ce 6380 61cb 31b7 2564 6703 7512 1c07 7e11 1bdc 0346 6fae 23b8 16d3 3364 7cf5 2043 690c
089d 5678 6ff3 7eae 2578 68f8 1a6f 4e05 6b23 1292 7721 7f03 0af8 5771 7645 69a5 1685 038f 286d 17b9 6bfd 6920 4204 15bf 3687 0f68 0bc8 58c7 3c19
2298 0c95 4553 19ce 5e97 2027 535b 78e5 3b3a 3942 3299 3459 3456 0dba 5533 51e7 5190 1414 60d4 7142 638b 7318 63b1 3ab0 6d5d 2477 3c1c 271e 39c1
3159 18cb 260c 3b83 15d3 63b1 4dbe 6793 713e 22e3 4ab3 1a15 6973 7d21 3737 591d 6d60 51a1 2587 3c87 4f59 3d54 1016 3a80 7509 045c 787e 03dd 54c8
564f 1aa2 704e 7193 400f 10ad 0870 7fbf 3b9c 1852 6dd8 1eaf 5b17 586d 53b5 5810 5914 7f5f 0e5d 0d0a 5ff1 3886 6228 62fd 3a0e 621b 528f 3143 2ac9
7cec 0762 36bf 284d 5f48 1397 50ad 2c6d 7c0e 0d91 5058 6a2c 1aef 36a7 3bd9 7bfd 2f3a 4cea 6e1f 690f 5947 188f 73c8 0826 7b9d 647e 3f8e 2296 503f
2b80 37e3 1294 560d 09a4 441e 3dcd 0e12 6def 3fd4 5cd2 6c67 3cbf 4f89 35b2 78f9 0fe7 1c62 7429 41a8 355b 4a3c 15ad 5d48 3ab0 74a7 7f43 18aa 17e7
436d 05d9 6e13 5bf7 7cc0 6ba9 30ad 0ca3 324a 3b96 6ca1 5210 1ab0 0ae2 16a9 2a51 0b9e 226e 6507 7e6a 6b70 34d2 50f3 5e66 3eab 19e1 09c0 436d 6bd5
56e6 4125 046e 3e78 5317 4d92 573e 4db2 1108 2fcb 64cf 6de9 2dfa 3cf9 7827 2673 5afc 46ad 0c73 0268 2b5f 7ce5 662c 0d22 2770 1b70 7476 345b 6822
2c46 4f16 77f7 4d7d 1f8f 3d15 47e2 20f3 7b1b 4ae5 32a9 43f7 0366 4145 046a 2531 67a7 1766 4e61 1f7f 127e 14b2 211b 07eb 2970 2f07 2328 376e 6a20
55cf 6e1d 78a4 4a69 1da7 34db 250a 7a29 010a 686f 4651 1146 4fb6 05ed 1a4f 6a3d 2333 4392 0674 7f88 2405 1e23 3fea 0817 3b4c 7144 404d 68c6 4b5d
043c 24e4 436e 2f1a 0cd1 675e 7b17 6b3a 0840 011e 258b 0cee 691f 1e73 459b 4a50 77e2 60a3 3f2d 35ab 592c 14f8 193b 79b4 5bff 0602 2430 3761 7ccd
453e 0b65 5734 4534 002c 7729 0d13 0484 1aa2 4771 378f 25fc 07d8 62f9 591d 1fa1 4f31 6436 0022 3b07 4730 0806 76ce 4041 0d0a 4ea1 26e0 3453 3437
603e 2d96 067a 5339 225e 39aa 40d5 17bf 3ef2 1299 671b 2949 6878 6e64 6ab8 64bf 1517 00b7 48f2 0c68 34c4 7c75 7a05 011b 5d35 3cfb 2d7e 42dd 4f73
2b59 56e3 13d4 468f 5467 7d13 6959 1244 1486 4dd6 601f 516c 36bf 38db 6362 6c47 1674 7c56 5984 0423 0e08 1a58 51f6 0aeb 0639 2ab0 6b23 4378 11be
6df7 41d9 74e4 2bc2 1d2b 68ad 5a3f 263e 5e5b 46eb 6542 24ed 3919 3a5f 0bc4 086d 2da3 2984 7e2a 5622 2b9c 1d2f 46e1 01a0 772b 72fc 46f5 035e 4ea3
51f2 67f1 61bb 57e1 6bc0 11b2 4f17 2e5a 7304 43be 6549 085c 3fcb 76ff 4649 3694 4ab6 0f52 57e2 70e0 5120 758b 5dd7 2b9c 3cdc 7264 69ac 5b6e 22b9
7430 451f 18cd 7a3c 74a3 5e19 4b67 7b88 76e9 69bb 5eb2 112d 1742 6ac5 6198 5787 486b 7f93 4778 09f8 2798 5fe8 3794 023b 1f56 0e0b 4d5f 39d1 4efa
661b 6e0a 6179 21ac 04c1 409a 4de0 04be 67a5 3b40 23dd 7bf1 0ba0 0100 5e7e 7716 7ad2 172c 6d3d 52d1 6901 538f 43ac 5cc6 13f0 06c7 5336 5837 3927
35e5 2668 47f6 482d 24e3 253d 6fd0 3375 4a48 7020 4caf 2a57 1622 0b80 52cc 762a 2dca 7ce5 45ab 672c 24d5 0715 25cc 300e 28f6 20b4 4a8b 5348 2a5b
42da 4a09 7e89 7477 4ba4 01a4 06c2 3461 56e9 5b83 02fd 7249 670a 1df2 600c 46e8 4146 23b3 2ff8 6e62 21fb 255a 51f1 4949 311f 13c0 6f7a 7721 57c7
76e6 225a 574b 2488 3db9 6677 7b10 4359 20ff 058e 6262 3032 2c8e 7b22 457a 5723 475f 6d0d 0b8b 6283 33d6 777b 7425 5c1d 39b6 75f0 5bf5 6826 117c
3581 1980 3ae0 062c 458a 7863 4f04 21a0 2e96 5cc8 3158 72e7 085c 0cc4 7a49 4a68 5011 5af1 0c30 277f 00b9 4a36 6d7f 0605 4140 4047 1d29 0bdc 0f0a
5fdb 4071 2fe5 26d6 5d29 6b1b 5084 7f7a 3bb4 155a 04fd 34f7 2cff 4674 4c32 68f0 4a86 6738 1a44 79b8 281b 03bf 64cd 2605 1aac 25c9 31bb 446c 5f02
0909 0fb9 52be 4c82 021e 286c 57b5 45a0 11e6 3e30 4a51 3578 3174 5af7 7dfb 438d 4e28 72d9 5394 6c88 4856 736d 2c5e 0e36 0c64 4966 026b 2ee4 26de
1ce0 0fff 123e 3a3a 650c 7a8b 4ef7 5d7f 3319 0089 6992 2198 32c9 5cb7 6e2b 20cb 29dd 5367 3035 42cc 2d9e 474a 59c7 773f 0e75 27cc 609d 1631 03c6
11d6 22d2 1d3c 1a97 06b9 0221 0348 18de 69cd 2e5c 358d 7fdf 64de 0f03 2bf1 2f90 6972 1b72 077d 5b61 6a5a 327c 3ec4 3220 0b54 7aa5 0a20 1b15 4523
2648 31aa 67d2 2430 1e5e 4c76 22f9 1410 3c57 2dda 1b47 52d3 7bca 4476 4eaf 4ba1 131a 0a45 2ac7 118e 46ea 436f 1ce3 19b2 075f 0b5c 2104 28d7 7420
03ae 29d3 43d2 71f6 2dbb 58a7 4af0 512c 03af 2e1b 0b5d 34de 4ecf 3cb7 0d8a 4ca1 4dff 3ca0 5623 4c5f 7450 66e3 4c6c 1ed3 3cb7 264a 626b 1545 2f59
1540 686c 78fe 04ac 7c6d 721c 1e2d 143d 61de 1d6c 79b9 4a51 2150 0b63 22a8 06fb 52d6 43f2 1198 0eb4 5cb6 7fe5 6924 1468 241c 7415 0e22 2b32 28f1
4d0f 4ed7 5e43 490e 3d6c 1b74 1b21 3a78 1e8b 5a25 1aef 7acd 7439 30fe 430f 2249 0ba1 0a92 759f 0650 4c71 2391 385f 7750 2d4e 5891 1605 1d35 5e18
01f4 206a 6dcf 42e8 10da 53dd 6a8d 736c 1587 4b61 64d5 60c6 1c1c 5b8b 0a19 3f09 5cc8 739d 28ac 5c68 4556 0197 44d7 53a0 2dfd 7424 6321 238f 236b
07a9 6344 17e7 78a4 2a2b 6763 5d3f 3aab 2053 188c 0027 0676 27a7 5d81 16a1 1af1 5901 1cc1 5a31 24a5 46eb 3c2f 5913 2b0d 1c97 38fe 022d 65df 1e4a
6d5b 6e19 7801 5b05 0ba9 4c73 6949 21a4 5dd0 353e 7bf1 770c 7e63 5c8d 021f 6290 18c1 6d32 23b6 7307 502e 3561 07c1 27a7 51a0 3c84 3e5c 08d7 596c
3f19 56ad 5005 69a4 48a4 3ea9 5f53 76ad 0760 6ae0 0d6d 3ccc 4873 090a 724b 2044 080f 60a1 4dee 3494 7ed7 0d07 4bfd 494a 3759 6ed0 6482 469c 0fb2
5a79 0e85 6d8a 27cf 1097 22ed 0997 3c25 1c85 5e7a 1b2c 6f77 51d1 557a 6dcb 64d2 4d09 32b8 1416 605a 14d7 7b82 611e 74b4 428c 10a0 2036 727e 1786
4092 499e 0704 43fc 3d66 3cba 07e7 3058 25ef 082a 530a 4cc2 0abf 50e4 23a0 000b 38ad 66a7 5850 711a 61fd 4a35 101e 4e24 2430 095f 3df3 082a 6af5
400a 378c 6f54 0031 51d8 6c40 2d0d 0965 7452 5943 67cd 52f3 5aff 5ce8 3cc0 653f 32ff 781c 456d 409d 0c37 58c3 53dd 765a 0911 70c7 560b 2066 53c1
1850 087f 18b7 1eea 3c7c 6131 57f6 45b4 59ac 1fd7 71d6 1c97 4ebe 3f37 7ca8 5191 1d68 435d 146b 71d9 74b5 3dba 6b62 5537 0f05 2c2b 022c 7cb8 6f00
2a04 34d5 3c1e 477a 2902 49be 7e1b 1141 2ae3 07ea 5370 5c1b 0a9c 57b0 4f6d 5ad2 2fed 38c1 0e57 76b4 46dc 2f98 5352 46a4 5727 3fd7 208c 4145 3d07
26cf 71a5 268f 0b3a 08d5 1a24 77b2 4f7f 2407 27cd 7f5d 0b7d 11a8 022c 357c 2fbd 5a2f 42c9 4e99 1dd2 2169 2839 7500 69f2 7eb3 1cb6 2587 1c91 045f
058b 4dd4 5ee6 6470 0f35 164d 073c 2c4e 2825 6fd7 51bc 7e15 24fe 63e1 30de 3f4d 749e 1a46 63db 6cac 34a8 40b0 0cd0 20d2 3861 07aa 2905 45f5 0321
5866 2bbd 3b53 4d11 6f83 4485 49ea 7aa8 538a 6139 240b 2809 62ac 121d 1e24 2e83 323d 2f61 704b 15d8 4049 31e8 51f8 2cb5 67e9 6d3c 79ec 2495 5567
0f99 5e02 2e0d 613d 678b 3ce0 581b 2a9f 3c78 1669 3ca4 6175 6200 147e 76b2 543f 6367 7a33 0e51 5e2f 63a9 7d92 1022 7c3d 0ad9 101d 5a51 4915 675d
2e56 622a 6021 1ac6 0182 55f5 0e7f 3973 2c24 6a44 5e04 2699 2587 35fd 662d 6a38 5614 4631 5be3 6ed1 21e9 1646 770a 5da5 6b47 04f6 0f9d 6205 7f9a
6c0f 0f95 0c43 3a55 5589 6918 729b 22a1 295c 2362 61d0 1512 2987 6a26 2e12 76ed 19ce 14e5 4f76 2e06 1c7e 3b2f 24d5 7a1d 5539 66c5 32d1 1a46 08ca
1015 3942 1511 12cb 39ac 3201 5de8 0145 43a2 378e 4a4a 6f27 1c3d 1846 234d 0002 0235 42f2 0a09 06a0 2247 460e 54b0 2594 2643 7516 02d9 41d5 20d9
0788 06d8 4a28 3ca5 4878 6dd1 0093 5f9c 40fe 0123 7a8e 2bc3 4c21 633a 68c9 3dba 4853 020a 7960 4fc0 75ed 49f5 25cf 1290 5dc9 256f 4e84 7236 6b44
2716 18ee 3cc7 2423 4ab5 33c5 1621 151e 1d38 4db0 19bf 7117 4076 65fb 1db2 3322 7537 611d 0def 29bf 5988 50fe 7b5a 5ef0 439e 37a3 0c4b 57de 4e12
7c7f 58b0 78ea 0bc7 23b4 190a 1738 7c77 6d71 5226 56c2 47a6 4d2b 5f48 4110 4d1f 7f0d 15d9 07b8 6da5 57ec 1606 751e 4d60 73ab 2fb2 2357 4b52 6906
4faf 21be 1710 7d64 1d17 5e63 732c 16a7 22f6 55b2 15a2 11ab 646f 5a42 2932 5f36 0b2d 5305 5d91 4dbd 3383 7033 5967 611a 1280 78d7 6c57 783d 1dc9
359d 1040 21ae 5fba 1659 4208 1b63 6d7d 0b02 09ad 279e 299b 5994 6201 0753 21b8 7629 2eb2 3f92 289d 1ac2 4fa4 5ee3 45ae 58e2 391f 1143 651a 54e0
24a6 0751 292b 2161 45b9 6b04 70f6 1f35 5cb2 02cb 2149 0b09 53ec 5227 2a14 3043 1d80 62f2 3e80 4b41 6b9c 1fc7 57f5 2838 6157 1ac5 63cf 74c5 05dc
117b 3b8b 6419 30df 449b 0d5c 3431 4be4 0f73 1a7d 7b53 5276 19c0 2ce3 4d90 2f85 3296 2ac4 6e54 7453 3069 4ac7 57a1 7724 2e40 7b94 7583 1215 490a
1d6f 1e12 5280 10fe 0f5a 47f0 6290 6a35 794c 11f3 7e7c 2c33 56b4 673e 726c 6a44 1e97 3543 30a7 2dc3 0d13 3c44 46d1 68a1 3693 6c57 0904 4826 5ca4
2221 449d 04b5 6bea 1c4a 2222 4736 1c27 3286 3f1f 6d43 7fa1 0af6 3ebf 573e 38e7 5900 45e5 6447 5d12 10c7 4350 4787 310f 0ac0 5b75 4d12 7460 4553
10aa 02ef 4e9e 44fe 7921 1e44 1dd2 3047 19a6 7c5d 0f09 5778 1cbc 15d2 5fd8 457a 11d7 6d9b 2b89 3228 2324 4ea5 282b 0f08 527c 1163 57c8 6c59 47f5
62ae 3cbb 5ce2 4585 2247 150f 2a12 4e47 13e8 506f 4f21 6d27 48ba 2acc 3fa7 652c 09d4 4e7b 1f69 0577 7624 23f4 38be 5dd9 24c5 003f 777a 7d23 1af2
408a 4c61 09b6 7b1c 2fa9 2534 4196 7891 31d0 38c1 20f5 620a 6217 2f17 4e71 5f52 02fc 72c4 40b1 2062 5891 4fd3 09bd 5843 3601 3ccd 5dd7 67be 0dd3
257f 1c37 79da 609f 3e36 52c5 294f 5191 4b97 33df 1f14 2ae9 4d02 7dec 04e1 5790 68ae 5f46 4602 7d73 573a 6870 0da1 3008 0387 7420 4de4 1ac4 5b14
382d 37fc 5c92 36e7 4ebe 0d28 3f17 2da4 046f 3d78 23bb 088b 33df 01b8 69e6 4ddb 37c0 4782 4d9b 622c 4de2 0518 46fd 32ed 7206 73e5 1448 51e2 64c8
6d9c 105a 2f78 037b 6696 7fe6 4e3b 1265 3720 6435 3055 796e 4deb 5629 7deb 1719 0641 5ac4 462a 7a22 7481 0610 4ead 6e2a 3abb 6268 08d3 4ce0 690f
5963 7624 30b6 411e 6e61 350d 6784 67d2 11c7 28b4 4ad5 0b10 04a1 77b9 426c 1d0a 1090 3270 1f5e 4eef 4ff8 56fc 6f59 428d 7253 166b 4b88 0cb1 2e05
2896 4e01 6a14 24cf 5bf2 11ef 0594 1643 2783 1065 4d35 6e19 1573 2901 39ae 6e71 2c59 3750 034b 6c5d 1d47 57b8 36e4 597c 7a16 493d 5da4 14d4 5450
1bcb 0cfb 619d 0b37 04c3 47d4 75b5 09a2 46c1 47e0 72a7 74a1 0002 5cbd 6506 6e60 238a 3c56 3c57 1f97 02c3 7e7c 488c 0604 0b8a 406f 7c65 652a 7ddc
6ba5 5597 702d 3093 1bff 5cc2 60c4 71d4 7f37 128c 7777 5c52 0386 60cd 46c1 3f03 6ef7 781c 29d0 0a46 75c4 7a74 3108 628e 3257 07a0 3154 0dc7 67ea
6e26 4329 7d36 37a0 4c10 56df 0e45 50a7 4e2c 6c89 2ead 6cf2 64c8 0357 73b5 27a7 0367 47a3 0e87 392f 4f11 41a6 5d24 78f4 0811 7d96 0049 7ca2 57fa
506f 6aa9 17d2 51de 3c8e 6243 5b37 32be 4367 1ff4 6669 7464 7fc3 6871 0653 0343 51d7 27bf 6ee2 0501 5685 493a 1b2e 3416 7625 722e 5563 28fd 4f81
4012 12ee 45ad 48b3 1267 4a85 6f72 31ce 5e8f 482b 1ca0 515e 252c 28bb 1ccb 62e5 1839 3a0f 2b90 48ee 6ed9 7e12 1f7a 6ada 14fc 7b42 35ce 22b3 5e33
152e 4a4c 0e49 09db 6353 2030 69e3 5cea 63cb 5c78 017f 39fb 4ec5 09de 4cd8 7d34 2a94 73e1 5146 291d 72f2 10c5 6281 3f4d 599b 37bf 7ce8 65e7 00ec
021b 109a 6751 14de 5e65 7834 172c 2460 67af 7592 3322 378d 5525 1eee 263a 2d94 60a1 60db 1636 4ec3 7aa5 2759 3a02 7ffe 2824 13fd 5385 69c8 77a1
3717 41d1 26b5 6b60 3b7f 301f 4b57 3001 02ff 543a 0a9e 52a7 37ef 1fb1 7932 6244 063c 7fe0 4252 1a87 49b2 187b 1e16 07b4 4f9d 5498 1ffe 4cf6 2e9b
5626 76a1 607f 2067 67d9 5105 5dd0 61d6 7af3 55e4 5ef8 75aa 46b8 5d50 3637 7bb9 6d9d 5cdc 4d6b 3e9d 186b 5c0b 3bf3 563e 7da2 53ab 312f 0ec7 3dfe
1f96 4fe8 4bff 15e5 2539 76fd 7528 07b8 1131 4306 4c4e 18d4 36fb 6121 673d 374c 15b5 12c1 7576 094d 3b90 0353 2c3c 1fe8 2ac8 6517 7c34 5861 1d08
7122 5a5c 5bed 725a 2af5 4306 1ba0 1000 2a13 0939 0ca9 19e5 41bc 66c6 22a6 5c97 5252 6018 385b 5914 6658 30a6 0d52 45c3 7835 39d8 69a5 7ce4 5a12
05ec 59f1 50ea 6c24 0590 1993 257d 069e 2a59 44a2 2270 4f96 70a9 3b6b 470d 7ced 402a 0567 2b1a 5453 1d4b 717a 2f97 7363 6cdf 3c72 2d68 1cb6 19ba
4665 0f67 4ff0 286b 35b8 291a 7b1d 568d 2796 1fb9 5c29 0c2d 435f 4953 60e9 6fa0 75ef 4c9e 111e 0500 2457 7c13 7fc3 16d8 5dc0 0a60 316d 52a8 7828
03cb 45bc 5a87 29d7 1540 0efe 68a1 3315 3ff8 38c7 74c8 6e3b 7384 4cac 4f1b 71f1 4f6d 258a 09ff 3f3f 09de 40d8 502f 2ded 43e5 5a31 2eb7 4d03 4f58
28b7 4f4c 1bd5 4bfb 2032 3499 2338 5cee 4d18 06ee 7ed9 6bbe 1258 5601 78a1 250c 7c1b 23bc 4827 6583 16e8 78e4 5760 0bba 139f 5af2 3c7d 3654 6399
0502 7f10 6d6d 5c19 2eed 3dc4 5ef7 0fe7 7326 16de 6037 4475 0475 2af7 2b22 49e5 3525 420a 209f 1df6 0f30 12de 28b0 24f8 4117 3a3c 766a 220e 4858
4714 22df 3a52 376c 25f8 6e9d 3e67 3db3 6489 68b0 1963 5b9d 3d6c 0884 7d2a 40f9 6522 4367 0999 3d26 0845 17a7 0c4d 3592 33f3 68e8 51cb 365a 5a9b
62cc 3d40 6f46 1425 536b 5727 534d 7027 618f 4302 5750 7a87 2bfa 18b8 4ac8 5702 7a24 5648 00be 4ce9 5d23 6edc 6b1d 026f 2f48 4aae 54ee 692c 77f2
4057 43dc 5a80 0f3a 062b 05d1 0708 26d6 7b16 22cf 07b8 2ce6 0ba5 4ef6 74cc 1507 260c 6e04 091f 7f24 0365 3c46 786f 7539 61e7 517c 6098 3226 0310
5843 4929 4a42 724c 15ed 7921 0167 1440 31e0 1469 16a3 3f1c 266b 5880 2711 41ae 20fa 229a 5dc4 073a 4f97 37e1 61b4 0861 3835 1474 0987 507e 6e7f
4c6a 0a1c 7faa 064b 086d 5e31 5921 66c7 36d9 7602 5b6f 3fa5 2e94 66ce 4819 351c 1e63 1a8b 1e73 24db 2ec7 2c57 622c 60e3 377a 43fd 7729 0771 261b
116a 65d8 3a96 5938 6000 75c1 4dbf 5b68 1e12 3ee0 361f 5192 2aaa 6d8a 61d2 41f4 50b4 7215 19ca 3431 3beb 73f0 1139 001a 5e06 7e23 3632 6be1 2e13
7d66 4e2d 6412 027c 37d3 0fff 615c 6b49 7d42 6cb0 71dd 10e8 7a1b 7fff 0f98 07d6 037c 7afe 28af 25c2 7134 730e 7276 0940 4bfd 6d64 5379 6f47 5046
164a 726d 0618 70d2 201a 21b8 2468 7f3f 006b 2e6e 47b7 5df6 78ae 3b34 2b9b 714d 7b57 20ce 1d0f 2c21 1ff9 11ef 5610 3100 2e20 6a02 4122 110c 1063
7d85 30c7 6565 1782 0f5b 004d 0248 3862 2139 4d5a 4210 7daa 7f43 0657 1256 2c4f 3cb1 1c30 4308 6ff6 61fa 753b 2dcf 6479 3d49 19f5 4c20 5089 20fb
723f 2486 1513 423f 1d12 3a11 77d0 777b 1ccb 09b2 05b6 2d51 7182 44e8 0e91 669f 2218 563e 5c29 38ba 6ff2 77d3 4e20 5138 3c7b 5c78 15ad 490f 6a3b
7805 2471 21b4 4f4e 657b 4e13 5675 095b 0ab9 7688 2134 2efd 3124 196c 4772 1d91 0962 701a 3ca0 386a 4870 5d96 46ad 232f 6cf2 7398 51f2 5a28 5b6b
668e 1c13 04d2 052f 6d1f 26d7 5142 3511 4020 7952 1892 5ad8 0337 5f4b 7feb 5ff1 4775 5906 5ff6 33d1 384b 29ac 018e 5b04 3154 3e4b 3bd0 2b4e 6d06
7655 7df1 6460 24ff 41f7 6383 11b8 6231 3490 7433 1208 6ae1 25f9 2da5 0b12 4e3c 6120 2295 0cd7 4437 6365 7c26 3e11 090b 6d6a 00ac 009c 5247 3fe1
4a10 01c8 3cc9 6533 2217 4653 3c2b 5bc8 65ff 17af 5f30 214e 2067 1799 79df 4e3f 3078 0273 1169 5c14 3d0d 67dc 1ba1 1575 17c2 6593 6b29 0258 0002
11c4 6c13 1601 407c 7fb2 5006 6747 2c7b 7e3f 1fa2 5d5c 7fb2 4b33 52e6 35d8 79f0 2f14 6a60 687d 3662 70a1 5cf7 0bf9 160c 03da 2e2c 0744 276b 5bf3
78ca 3bae 407a 3422 6b5b 7c7d 177d 5e82 5386 6696 5607 34e2 2ff7 7df3 09f5 21dc 36cb 7a7f 68af 7b43 1758 7ac3 690d 1105 4250 6282 49e3 4bdb 29fc
0dc3 4003 13af 6af9 5f70 74fe 0d22 59b7 7705 2d29 6bc7 0896 4cb4 3600 076c 31c8 6211 5a75 0a5a 7253 13ba 49bc 169a 0682 306c 4fc9 38bb 4e07 0556
7b38 0219 5e89 6b1c 4d9b 7718 46c3 740a 6aed 5d42 2016 0bc3 5426 63b4 199f 2c93 412b 22a0 17f5 2242 0da5 7523 60a6 087c 5d6d 4780 4df5 2eb9 2a7d
6b62 2928 220b 13b1 4f2d 5621 3399 601c 1e1a 533e 6d72 2669 720a 7d75 06ed 560f 333b 3810 638e 6dd6 586a 77f0 2346 4921 7e33 5bdf 1d45 3841 77cd
352f 7e6d 5cc3 48f1 2003 1f98 30b3 5c93 7780 3dd8 1c3c 5589 7a95 11ac 3d08 62b1 0db2 17cf 723e 3598 0af6 732c 6308 0597 10d8 7da3 020f 098c 7a98
1afe 1e71 57b5 46f0 3676 51a6 5d7d 51c8 5c78 74db 7dca 4d75 7e0c 447e 4fa7 415f 7e2e 5a29 7032 4410 491a 295f 2548 404e 4893 06a5 20fd 5cd5 39d5
0c92 7e46 7b7e 0266 404e 5a0b 69fa 6f4d 6310 2d5b 2ea6 206e 2de0 3893 67da 4271 33f2 4641 1aa6 41dd 0d08 1896 7eec 1411 70b8 0e1c 69f2 150d 48f2
2677 0f0a 4766 1936 74c9 1515 0c3b 2299 5500 5992 4722 7e85 46ee 51c3 23a3 1d06 0204 583d 7612 6834 532f 7f8a 69c0 1ff5 0dd1 4ff2 63e3 27d5 48d2
20a0 3b34 18a4 000a 061b 0b33 4539 478d 7528 5945 5c99 10b9 2ffb 6c80 39ef 4790 04e2 6f4c 44d5 6e7e 7e47 45b6 4e69 1f60 3212 69a2 695e 0f79 3181
501b 214b 2daf 7493 5857 2a8d 117b 0fe9 1c12 5269 5497 421c 6613 536a 3df0 36ea 6079 2b70 4b96 2832 43fb 5740 1726 4f98 76e6 5f0c 472c 623d 43ad
4f4c 093b 7709 6617 5eb9 7dac 2095 06f4 34ef 740b 47bb 16c3 06c4 358d 2189 1754 052e 6056 6f4e 7858 3556 4217 4d39 314f 4a63 2bf9 7a7f 7c4e 00ef
0422 2165 1fa7 77fd 7b82 7e13 5faf 773a 6287 76ac 5734 6339 5ebb 18b6 63a4 4b59 3599 7728 5114 398e 7d35 5dd6 3ca3 2133 4908 24ec 5155 387d 3097
2a3a 11fe 7433 0d63 68f5 3c0f 7b0b 102d 68bc 741a 25c5 4d8a 777e 206f 7cb3 1552 008f 4482 783a 27cf 147a 3069 6242 49f0 084c 2264 29be 7a0f 7382
0bbd 15a5 7342 1c56 2c7d 4c26 7ceb 3bfb 64a3 21f7 4342 0ccc 4fd7 2970 6b44 5727 7d79 6318 2d8f 58d0 4909 3bec 4d16 047d 65dd 73f7 5869 6335 0ed0
4ccc 4324 5a23 0301 4c1e 4515 114f 06db 318f 3d31 1720 0693 043b 5852 0791 542a 710e 2bdb 6e42 135c 0447 1c70 1ffa 76a6 0308 093e 6f30 3945 6000
4bc5 5ed3 2150 053d 11a8 1285 0653 6d4b 03ef 441a 344a 423d 68f2 43c4 375a 6004 1998 3731 0292 0e85 23bf 7f9b 27c9 0914 5406 7e27 350e 6be4 05be
5c39 1dc6 2f01 2d64 4a7a 01b8 42f5 1108 12b6 2617 6171 5bfc 4356 7237 2e78 3455 68ac 43a1 177d 5848 0a47 1c51 5f1d 15f0 7c94 5c2f 6f49 00f0 68fc
3fb1 1adb 71c3 26ec 328b 74df 2bc0 2d28 0e77 49b3 1b0d 5f0d 610d 5e82 58d0 3545 4ea1 4bcc 5947 1aa3 0b22 4454 2a7f 1039 2da9 4d51 547c 7146 0141
6dbe 0afd 0a0d 0001 5bc7 3862 4f61 059f 13b5 631e 0977 0b68 4ae4 46ff 3334 437d 0526 40b3 40ac 29ad 65bf 0982 206c 7db8 6185 649c 493c 762d 1ba0
7cf0 759b 0bcf 3782 2dcb 2d11 51be 1b8c 2d40 1cfb 1d70 71d9 7489 7c19 60c4 0d16 0381 6b42 75a8 5617 0460 03fe 013e 7609 4cb0 2dd0 6cc3 7a87 1959
4dde 69db 2f0e 44ec 64bc 0426 16ae 7bcc 7ae8 19ce 71bf 016c 12d8 317f 009b 5a97 03de 49f2 483a 7baa 64c0 7c6f 3871 67cb 00aa 78a3 075e 4da9 2edc
6394 08f1 59c0 1b6a 23ec 10fc 2091 6f10 50cf 4dc8 59fd 7236 6de0 13fa 7b20 6115 0472 651a 3861 2bbb 7d8c 3542 08d6 54a4 0c10 59dd 3489 1efd 2e5d
0fa2 40ba 0a74 4d07 5e63 30ce 1b08 0261 0a6b 1c5e 42b9 185f 1367 52dd 62f8 3eaf 4047 13dc 28a9 6f4d 75bf 2969 689a 095b 3771 16d7 40b5 1fe8 0c56
4820 0eb1 6508 115c 043c 05c9 25da 6271 7f62 070e 790c 1235 069d 0d07 01c6 51eb 687e 62e4 290d 45c9 1e69 0071 21c5 1bbf 0f49 2389 5fdb 47da 0674
5cda 0a7b 5cea 67f9 518b 7592 62e1 027e 7d6f 50cf 7d2b 087d 62fe 6118 0805 0eeb 39b3 5367 079b 46b5 2dbb 09ed 3785 2ef4 6a4b 09e3 64e9 0627 588a
3bb7 45da 41c2 5692 557d 065d 0d22 1da5 7f60 0199 4fac 3b77 7150 3845 39f2 3b31 2083 4fa1 16c6 1626 3210 7997 282f 1ba8 5358 3c38 7560 6556 3b89
6b54 1057 2a28 6a53 5872 0c48 709c 2e13 4688 7e12 5168 573d 4013 4261 416d 4c56 1a4d 3de9 2cb6 6dd7 3759 0789 0cba 7d04 553a 5a59 15cd 100c 1723
66d5 31da 7583 76b0 1425 362a 6799 32cd 70e2 27bc 4e52 6c2d 2aa3 2fb4 72ad 52b1 5892 365b 167e 3c69 50dd 7d88 5911 5944 061f 48df 5739 51c3 5999
7224 2a9c 399e 2c52 397b 4a0d 12c8 66d9 35e8 781a 3a34 7a9f 76c2 0490 03a2 2ee1 5d83 2c0a 035c 4f21 5913 3db7 7fe2 3336 20de 1413 1ad2 78b9 37f0
7efa 14b7 6686 2e18 7d56 0226 293a 4675 03b2 3488 0e79 5a88 5fee 270c 4a94 2de7 4e06 0eac 2335 717f 7cc9 5ca4 3473 34ae 14cc 0009 5982 6882 339d
076e 5e11 5450 0d46 5708 2d1f 0af9 5900 2790 371b 10ff 6ea3 29f4 028c 222d 0be5 158b 5944 6722 4385 6d8f 7ffc 3df4 6c6b 0994 542e 593b 5776 5558
2fe7 5f36 2a67 4b0b 58c9 0982 0524 6f09 093c 1f5a 2a11 6060 2b19 1520 3f45 6dc1 7812 484e 63f8 58c0 42c8 7170 7aac 56c2 0cce 39dd 1294 55de 3286
60aa 46d0 503c 0843 35e2 04fe 470f 4360 002f 1a25 4606 3250 7924 0ce9 2bc4 29de 3ea4 6e07 5515 19d4 301d 3f23 6c77 2255 46f1 69ee 0feb 09f7 7030
5c50 5c12 4f69 2164 2b3d 3cc6 546e 1109 140b 120a 72c2 2134 5e5c 06dd 6c03 50b9 46a0 5786 0074 6e2a 0b9a 40a7 4c22 264b 397a 0273 1c9b 2c8b 62f7
3bbd 6294 4e0e 4a96 6da8 26c7 26ce 3d1f 649e 4fee 36e4 390d 7576 478e 1436 0ce5 2614 4c54 6129 32ae 23c1 3bf7 6120 05c6 1add 094f 015b 6297 09af
04c0 6e56 0445 5357 76a7 2f5c 3222 1d9c 0a46 4c76 2dcf 60a0 3e57 3e53 4fdc 3bbd 2e8c 00c9 321e 6b97 046e 7963 7cbc 2abe 3425 4829 2ac6 63db 3317
4311 7dee 6a11 5b26 3816 45b5 29b2 74b0 7a63 1325 35a3 031e 5525 6ad2 51b8 3915 7e8d 4138 55ce 3a0a 3e90 4449 3bc0 0c25 39c8 733c 62c0 18d9 2da2
54aa 2069 36ff 5091 513d 047c 00f9 3d45 6965 2766 1dd6 254c 6a35 7e85 4fd0 441e 4be7 178a 3c1e 0ce5 69f5 1a37 1220 41aa 5704 15fb 0792 3259 290f
6111 28ff 1ed6 6134 48e9 211d 74b1 55a8 4462 56f5 7ba3 1910 60ef 20d8 64f8 04de 64c8 1a27 639d 09e6 6951 4497 0ca3 363e 0871 45b8 5b63 20c4 2346
5923 01db 4549 4cbd 37f5 1b11 4263 074f 14ca 00a9 1824 0b58 1e0b 4bfc 0cce 3053 43fc 54c6 5d71 6059 7ecf 3d05 1698 5244 3f01 3822 7c2a 5ffb 140a
0889 1f72 0e2b 3c21 60eb 6baa 3eaf 4bd8 65b9 5191 0358 0898 2b86 3496 6f0f 763f 629f 3bc9 33af 2a28 704c 0683 684b 699c 5959 14cd 1d8e 2785 5e0b
701f 769a 7b5c 456a 5fbc 0c4b 40f8 78ab 64c4 4258 3047 377a 3a1b 0f09 368b 0379 0291 31b7 365c 62ca 100d 203a 6d06 5ab1 5376 70b0 6704 380c 3861
384d 4a58 7998 49ff 1b7a 4c19 0e75 5633 043c 5df1 50cc 3b3e 662e 6f42 5951 1788 0750 1182 7e57 270d 77a9 70f1 0a5d 7836 43b9 4abe 54ed 63be 43ea
28d0 35f9 0c50 23fd 030c 58d6 0dd3 0d57 247f 3fae 5fdb 014b 6e31 5f6d 6e01 1e74 5410 365c 6e6a 78c5 17b7 2f90 5cd0 0c73 2046 0383 6308 609f 5ce1
602b 6d44 245e 60ed 7ff8 2828 1c1e 7439 115c 2ea9 04fb 2174 0e9a 07f0 0d1b 1fbe 0393 0ecc 63a9 60b0 3663 386b 52c0 1cf1 56f8 581b 0de7 5893 60ea
23db 0c80 778b 7586 7eac 329b 62d1 264c 627f 3531 2de2 47bb 5b2d 579f 30d9 23a8 6ee1 6fd9 688a 2aa9 204a 4902 5e99 06d8 0a6f 21ef 2285 3400 68e3
051d 51be 0f2e 5305 5f1a 01e5 5e23 429f 7dd7 41dc 065f 760a 370c 3e85 6db7 3db5 7e34 5047 7033 18a5 017a 52a0 3fba 73e9 6d4d 79fc 10be 02c5 69f3
6777 6514 2d5d 369c 11e5 50b9 6c85 3b73 1b11 78f5 5f40 4ed6 0f0c 1d6a 56f0 3ed9 604b 1b71 542f 7a57 3423 17bf 2947 6215 31e7 7266 3866 1287 53a4
3cf7 217f 7805 330d 4bb1 52ac 69f8 3076 7cb0 1f98 64cd 5d98 1586 4b0b 0e65 76a5 3dff 4973 0765 66b3 3767 0732 1893 2cf5 1bf0 4ed3 5914 5d72 6810
44fd 6caa 44a4 407e 7104 4a35 7047 3c6a 13b0 6db9 621e 75e5 688a 2631 5a45 692d 06c5 606e 2e3f 69dd 558a 60fd 353f 568f 13ac 51b8 7a1e 5a13 2e6c
0074 5388 067a 489d 5f6b 69a8 5a28 391b 4652 0a91 2238 61e0 7979 2db7 4c7f 2590 0374 7b4f 449a 698a 38fc 5c75 53ae 5bf9 39ec 79dc 1460 07be 631d
3d3f 2922 2392 7718 41cd 1c5a 72ed 7fe8 6346 3d80 6e64 70db 6d51 0e2f 448d 4975 0660 5046 198a 6d2b 2268 2f76 00d5 450e 1cc9 0563 6afa 6431 3139
6143 5d5b 254a 7651 1967 68e8 6eaa 2d1f 0f97 0916 529c 720d 56aa 3297 7181 76db 0635 2451 2c53 2074 26ac 2508 7d8b 6658 7926 1649 4d98 5768 41cf
1f95 7bb0 2b39 7ab4 55d5 0485 064c 47e0 1ff0 4caa 326a 3e98 4c03 0676 2679 0c67 3702 35e8 297b 7c72 6fa8 65ad 5049 45e8 5c79 3df5 504d 6223 032a
0a8d 307e 793f 2ede 6de5 15dd 1725 57ff 57bb 5071 68c0 1d1a 37c7 3f91 54ff 498d 6da2 6300 08e0 5c40 14e6 6439 7116 0754 375e 5d37 02ca 1088 0993
3709 70c2 722e 0ae4 2d26 1883 4b7b 336a 48fb 69b6 6c10 67af 0872 44af 63b8 7081 1961 22ee 7ec3 6fd9 37a7 0e7c 19e4 09ec 2dd1 1d13 7aeb 7164 3d3d
214a 1dbc 5532 45bd 5864 43dc 259e 3d9b 5f48 2d37 3098 3731 5653 50f0 0d9d 37f2 3fb2 3684 75c7 1d20 08f6 2cbd 3ea2 452b 271e 082a 366f 6c7f 1e72
7439 2309 787a 5b6e 2686 04c1 61e0 536b 3140 2dbc 634a 7498 4355 63f9 2d70 4b4b 3718 0681 33b6 24ef 3c51 4978 7b67 092a 25af 0cd3 6765 4045 2427
5c1d 6e43 2649 10b6 6ac9 43bc 3666 02df 5ad1 5446 14bc 3b43 3df8 6354 0c89 6193 0d26 7782 3f52 5790 708b 71c4 2e6b 564e 4711 6e9b 0ab3 7ba9 1b4c
1a03 0eca 1eba 6213 3a79 7ab6 2fce 43fb 3c7d 4cfa 17f1 30d0 3c24 5291 6e32 6e70 50c5 1f00 6a0b 2267 3a5c 5ac3 0400 7a14 77c4 553e 7a12 5dca 24e0
6818 48f0 5ee2 4b92 6458 06f7 70dd 2966 3760 6f77 01cf 65dc 2148 62df 039d 5780 349f 4627 4280 3bce 7e15 5af6 4600 041e 4673 0548 071c 7319 662f
234b 0f38 3657 598f 48f7 4572 069d 2dcf 6ac5 3339 182f 56a7 745b 0a46 2560 5f5c 71e4 047f 56ad 53a3 1380 4503 77f2 0104 7017 36df 6dda 356a 42ea
30e9 06a2 6d6a 0d06 6f6c 0e07 285b 6d73 2e1e 4e42 4c65 6a0d 2e98 3d8c 6a1a 5760 3ff3 0973 467f 1195 5d25 6bf0 44f7 62ae 7db8 1639 275a 644e 4584
565a 2eb9 445a 13a1 48bd 7f6c 5947 4fb4 6a7a 6f35 3760 760c 04c3 7122 6aa4 796b 02c5 1a00 5469 518e 3b1e 0efd 5581 37e9 7656 3fb0 033a 6517 62d6
12d3 03f6 5290 3ce7 2c88 0122 557c 5f4e 6046 3db8 0a1f 521a 5833 7225 7595 077d 5825 4503 305a 54c9 6e53 594e 1302 3091 4453 28cc 7620 46ae 5df9
7b57 793c 1641 3604 5008 4b97 6cbf 7410 495b 42f7 469c 7766 2b84 435b 412b 7c23 423f 3b7e 2db0 298c 7d13 64e5 370b 1084 6748 62d2 0740 006c 60c7
1c15 24d7 6167 516a 7786 426b 271a 1c5e 5771 5521 3d85 0c53 08bd 0bd7 03b2 0014 36f9 324e 6495 57e5 51a5 5f17 0d6c 06c1 3966 6c2d 4969 19e9 68ea
3023 3f8f 5faa 6f3b 002c 2ae7 3306 2f5d 390a 03ea 0ee4 0056 4a45 1c50 730c 543a 3e73 2d96 63cc 0d3f 09fd 3d90 3c67 0d81 1e22 595a 1bec 1fb7 5036
5754 7778 2152 3fa5 246b 3ee1 2dae 160f 6862 087b 6c81 549b 42a5 2788 7f22 2430 4da0 2145 525d 60be 7ccd 48f9 2f0d 56a3 7021 538f 6eb6 44cb 19e4
5386 221e 1c35 4dc5 69ee 1148 15f4 1c3f 1822 3895 639c 2c67 5acf 3e32 57b3 2f59 3337 10a6 55bd 256c 5cb7 5986 1e24 5a82 0f89 712e 0de4 20a3 13ac
64a7 1a04 3804 2552 47bc 64fa 4d55 517d 5746 43d3 6f81 3237 3668 2f97 3fdc 178f 6b9a 752e 0148 6987 5a4e 47f6 449b 6ac0 5a5e 7c8f 2c22 7cf6 02f9
0edd 0d1e 060e 7f25 2e2c 421c 3c63 62c3 2bdf 1f8c 5986 48d2 22d9 23c3 5659 40c5 40d7 4fc3 47ca 0466 4a1c 7f61 39c5 0f9a 745d 3490 6341 13da 736f
0c8b 301b 5b8f 50b5 347b 5225 6642 7da8 1bcb 022b 3f0e 0625 7527 4630 45a9 3a2a 6ce4 5839 4471 6530 4510 68d1 0ee5 3ef6 04ca 4041 2644 04df 7028
5824 3fd9 2603 15ef 4085 0770 5e2c 1914 2a9d 1181 5d41 4dfc 1172 5fc8 4385 3ebc 6afd 0c5e 6295 3f9a 6953 29ea 6b7a 48c3 5e28 3a28 7081 3e96 7a34
5b1d 7bd1 7d72 3600 17c5 1136 6074 57fb 5222 47ed 0e1e 402a 3673 62bf 79e9 44af 674e 5daa 7d35 079a 415a 1b5a 3aca 5e6f 23fa 3066 616e 33a6 5298
7a9a 6f58 235b 0099 4fc4 220c 198b 7310 7a43 0c5b 7c6e 4f3a 0059 4d05 44c8 1640 2f86 4833 31ff 0d25 4f3e 685f 4ce7 4d8b 4f57 371c 415b 1769 2f61
12db 6266 65fe 290c 51d7 0233 2ae4 7ddc 6167 7995 6ca9 1e95 1057 04ec 1553 650b 657c 0b81 0bd0 7452 65fd 0376 4953 466b 54a7 4183 582c 53a2 6429
1670 06cc 3706 5cda 46aa 485b 3c39 59d7 07bd 0b1c 1a09 70ed 7aa1 1e5c 66ce 3de2 5876 5d9f 2e4e 02b8 36d7 5dbb 0221 76b7 4234 3f44 734c 1e2a 2127
543c 3cf1 360b 41f7 4e58 3f2b 5569 65bd 19a6 5170 2b6e 3bde 6d9a 27f1 5f45 4359 00a2 2cf9 736c 51ab 0eab 444c 3201 0180 22db 10a9 7c7f 66d4 054e
41fd 58c1 729d 42b9 6069 0ee5 7cda 656e 7522 5c6c 7496 220d 28dd 6a06 4d67 5481 7c09 757d 746a 6e7e 6378 6bad 3090 0ab8 02be 1b93 04be 35e2 2659
6666 7460 729a 60a0 74e8 3e12 236e 329e 7592 0fd6 4bea 1039 6f53 7521 2974 3613 3092 2708 627d 1d69 69f8 1228 31ee 16ad 4eb5 1f15 7715 625d 0e26
22fe 4530 2b8a 4e4f 38ff 7fe6 0bc1 7536 2e54 5b35 603a 4db0 238e 27f9 696c 5618 25df 66ce 02ca 60ec 6291 529b 20cb 2a02 5ac2 252c 6edf 775f 1632
5905 552c 1c6f 3e7d 04da 74c6 0899 5350 5d30 0542 7af7 7802 3e6d 5bd5 77b3 17a9 1677 5527 28b8 1e56 35ba 7aa5 7299 3971 2b20 72e9 56f8 6347 5da6
29bd 6611 01b5 32ef 3656 4864 074c 1394 1fd6 05b9 2a06 28f5 0103 093c 070d 262e 2902 73d3 5dfb 72b8 09d4 68a1 2327 458e 3fcf 5967 1f86 4f74 7476
1555 1038 13ab 3193 156d 31e2 3546 50b4 7ab4 54f0 1cb8 0720 32e1 77af 6a28 14f6 3e92 00e1 73be 4b12 5cc3 4563 2715 6809 1d15 5c80 29a5 3166 3bc1
521e 305e 541c 58cc 406b 3699 3079 099f 1428 5fe2 04da 4ae9 11b3 6250 700b 567d 22a8 4f46 1d8a 727b 3f2c 0e8f 3d02 4bcd 5f9b 6473 454d 55e1 78ec
3bec 3367 6eb8 49d1 2fec 7e6f 55ab 3cc0 1315 48f6 155e 7a5c 0da6 025a 4da8 61fa 39d9 151d 4871 51d6 5926 365f 2922 1a13 364e 348f 68d9 48ec 396e
2994 36d8 1547 2e6a 1abd 048a 7e15 0617 2c2d 43b5 5af9 4493 164e 6ee5 0dd8 0443 7208 6aa5 2fdc 0896 3f44 3f39 000f 3956 1990 24be 6a4c 5888 15b8
30a1 16c7 6c09 38fd 1cfc 36db 513d 5488 1e4a 7bea 2717 31a7 5bde 19a9 1894 1b16 1afa 4039 089c 6171 7b37 4d6e 476c 22d9 2de2 220c 0884 24f2 4f66
0d4f 4877 2ee1 24e0 15c1 23b9 34ba 254b 5eb0 7024 241e 7da7 4a38 1ebb 3a9a 2af7 5629 079c 74ea 545b 6882 492d 21f9 2e0c 628d 2432 3159 528c 0e1f
5623 27c6 4e2e 3ae8 29af 42e8 38bb 2123 379a 0bcd 50a0 34f6 0258 0346 4b3a 3a43 30fa 5151 2df7 6557 6af7 1d22 41b9 7dda 5cdc 09f9 3799 01e6 5c2b
6036 6f0f 05d2 604a 692c 78e9 1782 67aa 143b 0328 4ae3 0532 6e79 153c 2883 3cd2 7b5e 20c6 000d 5774 39ac 68a4 1b82 4a5c 27da 0864 62c9 2584 0448
03cc 1411 0ea2 311e 0366 2095 21f9 3e51 2c97 1465 608f 7c78 288b 3ea8 6b81 2d84 4ed8 4db2 75d9 72c7 6f65 7510 1117 5556 5ce4 2663 3b84 6645 30b5
3156 1f05 5a5b 42c7 02ba 4f6b 1fa8 051a 0196 4455 403a 3513 0c2e 7044 4b33 157d 6546 004c 71d3 0dbd 3834 701f 1be1 4cb9 33b2 1f05 11ec 68ba 5e9b
3e01 1292 5f13 55db 63c3 3258 165f 4d70 3b5f 7da6 7419 7377 4e6b 35f2 66d8 500a 1689 3fad 0a29 6098 0017 53c3 7400 0b5b 480a 3e63 7500 76ae 550d
52d3 2dbc 1e4f 7d54 6263 74b1 2ab9 0296 00a6 4c79 08c1 6836 4d89 6edc 4391 2635 0dc9 1820 4d22 626b 24e2 525c 185c 480d 5951 67e6 5297 5d34 2567
5b7c 0a3b 6de0 2c71 0a82 3300 1dac 5389 0e4a 62a9 07aa 55c4 626b 5e2c 7f18 1209 57b1 3a98 3d4b 415a 7456 0128 784d 1210 5bd1 3e9b 11c0 386a 69b3
3acc 5861 00a1 239e 3bab 3b96 6d4b 26fa 59c8 58cf 2f38 5ffd 476c 4280 11b6 4549 75e7 1757 104c 219c 30a1 76da 3458 0166 563b 6836 0896 7277 13c7
59ff 131e 484c 0d88 63d4 43fc 2b86 24a0 3e82 5c74 5851 4cc7 493f 5a79 6cb6 5d14 3b97 3d68 3612 629b 67e0 6dcb 4444 643a 591d 3c3d 0ab0 7557 5966
308c 5763 02b2 4f2d 51cb 27de 7dd7 6f29 6a28 6204 0565 0245 404c 4071 518e 5d51 0c0c 0fda 1d45 1462 5f67 4703 5ce1 0fbd 29bc 244e 5c7d 309a 1c3f
7064 6e01 7ca2 508a 4689 62af 07d6 0b2c 7807 6263 04a1 08d9 3145 2ffd 6a47 0b3c 1359 7bfa 6794 207d 5b39 10bd 44cf 0ebc 22e7 2961 20b7 4c29 1dc8
72d6 68c2 739c 49ac 75c6 3f66 268a 1d8b 379d 7cfd 1ce3 04fc 6a11 6e7b 2a9f 1c64 148a 26a9 0de6 0bc9 0cde 33ed 728f 6cc2 2692 3ccd 7742 7997 5d5e
3577 68f8 4188 3348 78d4 7a69 5211 4522 57de 6c1c 5c4f 75cf 039d 418f 60d9 4fb8 3c01 1d65 5ed5 3c76 05c4 0c9b 6a3c 0a86 6c1a 74d9 20c4 2083 5a1b
75e9 747a 2833 1c73 7f2f 6d8e 2a24 0f43 1f40 0985 4684 4787 0027 4323 51e9 6092 57af 2f61 2028 1401 63c0 7352 200d 6668 00ee 47ce 2e23 6408 6d08
5157 17f1 77b4 4dd4 447c 3a45 1191 3e57 7028 6f32 2e36 2d2c 36ff 3d15 4941 6957 0233 02e7 0f01 6d37 360e 7821 6566 0070 67bf 5a49 3143 59af 04b4
1c82 301e 5c30 6400 3303 6aab 3f41 532e 107a 0d14 01d6 1731 74a4 427c 00b2 6de2 2e41 531b 036d 6700 42bd 2ea0 109d 575f 3fb6 0bc6 21e9 7010 68bd
7a34 66f6 250d 76f4 1a59 1467 4aff 2d89 2f98 544c 2a75 57ab 4f0b 68ad 66b5 09ae 2ff0 0345 7e53 6f60 5328 7ec5 574b 5859 0d17 71e8 3427 2b6b 7981
52ab 307c 22ce 6bd6 67f7 4937 4316 0015 53aa 5013 2518 7c91 4cdb 572a 4387 68e3 6ad1 247a 4d51 3ce3 79f6 22dd 640b 152a 4e5f 7050 404e 11f1 483b
5d51 6b69 188c 72f1 6b45 2d68 7c7d 1c3b 5025 322f 0c47 2d53 2aae 0134 02f4 7914 59e8 7693 1056 6f61 3107 72c0 5456 76b7 0a21 2ec3 2ebe 632c 716a
5012 0370 1199 6944 7848 3ef5 7334 0a01 466a 73db 06ba 5953 6507 7067 1d19 0b73 1aad 0a12 17cc 294c 6471 4ed0 61ad 64d2 7128 48ef 5df8 4d76 6d93
6a40 2b0d 0528 3378 0a85 1a66 3654 51d5 1a9e 27b1 3c39 0b51 20e5 3410 734a 0e1b 60a9 0682 022a 1926 43b0 6842 48e5 78a0 48a3 611a 377e 0eff 7e72
3130 097f 3596 5897 58a2 3f2d 158e 2f96 03ac 7de3 36f9 6386 7ecd 59a6 7ae4 5d4a 1ac4 6481 2e39 32aa 5cca 791a 3748 4b8b 0829 783d 70e2 262a 3ec7
13aa 2c68 1df4 7ff6 3a40 3129 116a 11bc 61b5 6ec6 4ca1 73ec 0d94 1555 10a1 20b6 58c4 601d 3a59 3a0a 5ebf 254d 15db 24a1 66da 65ca 5ac9 4bfc 37cd
740a 2a74 7b24 1fd8 674e 5e94 71b8 6def 0270 493b 07e4 01ce 7e35 3662 7294 039a 1f3c 6cd8 4f5c 1247 6527 2c8e 781d 5e84 5143 74b5 3f2a 3259 267c
328a 286c 1033 65b6 6618 4abc 7319 595d 2e48 27b8 067a 1d78 749a 3894 6704 75c0 4039 27e6 4bbc 2790 451d 223f 7b67 6d12 003b 4c39 2d2c 312a 7e74
405a 2582 4625 5c05 3ca2 04e0 2cae 16ec 6e50 733f 1199 4b02 0f07 4986 00e2 7168 79aa 596a 5689 0f5c 577c 18ae 636c 231d 13f1 2304 697a 569f 0f51
2fc2 733f 7beb 40be 322d 4efb 54e4 3cdb 24ca 3210 2e95 3cba 3f67 6a86 7c65 2140 2929 755d 390f 59b2 7ab8 3ecc 5232 0fcd 37c6 3f03 600a 0f62 72c3
447f 6d01 04c5 5891 25f5 7cab 7c5e 5466 1ba2 388c 363b 0f4f 3a09 7424 001d 5293 665d 0cb7 70c2 3756 5e99 6093 74a0 0eaf 2bab 46cd 21b7 7b98 0dfc
230d 1949 7a54 147b 15cb 0a85 0aae 5944 6da0 2cf5 1606 2b17 3046 2fd8 573d 103a 2ae4 4c1e 0284 5043 1903 04c7 2e3d 24d1 0768 5822 6dce 438f 096e
1d7c 3ba3 092a 6dcd 0725 2aa6 0130 1c30 076d 7b6a 2888 6cb7 0471 6de6 2c92 375e 226d 3b6d 1e8d 759d 4fee 7800 224b 1b76 63e7 70e7 3aa6 10c8 2254
2ffd 1073 4c5c 358c 0925 4330 0307 1a34 4a9e 0e1b 02e0 1b2d 037b 09e2 4e59 099c 1730 4a82 5680 779b 78b8 565f 2aa2 23e2 4550 7f15 423f 4c72 5319
289f 0206 2af4 6237 0ae0 1eac 134a 7b30 0915 033b 45ac 72c6 7c56 1cc7 4aec 320b 384c 10be 35a1 2ff1 4dd4 5c2d 40b2 56d4 4e80 6757 6c0a 2bb3 7156
2301 5e16 0a36 0894 680c 2d6d 58a3 300c 1989 6d79 7b4b 6948 5a73 59d8 5c57 5733 4716 6699 2b44 4dcf 2bc4 75b5 6229 11fe 523b 1794 4a51 1cf7 407e
259f 1dca 71dd 2f84 4cdd 208d 56ff 3f9c 2f44 73b1 0cba 5eb4 3b92 3862 6b30 0415 6243 2c91 26ce 3292 4ff6 2968 6111 2871 68f5 43fc 78dc 1597 302d
797d 26a8 54d6 5228 0d50 01de 7ff5 06df 19a3 41dc 6988 19ae 3b59 71e6 0553 1bf0 764b 6124 22cb 4308 63c3 493b 0c5c 57c5 6223 65d2 1f41 30cf 098a
2cff 3f9a 2672 035a 76a0 00b3 64c5 3462 55da 2a00 67d5 22c2 2a33 40fa 6c8d 7c87 3458 05cf 6c62 0fc2 29b6 1966 7173 3757 6622 5cb8 673e 6904 4261
3161 3d0d 603f 379a 66ae 6011 7dbc 31d0 31f3 7cc2 308c 65dd 57e8 399f 6c86 5159 34fa 4705 5f41 66ca 73dc 5a4e 5ba1 3eff 3ec3 3bfa 6811 2409 2ca2
78ed 29cb 12de 7e88 626a 2160 1fc2 1f98 5f4b 5fba 24b3 68cb 0770 3cbf 2604 1cc6 51d9 5c46 617f 5b47 44a0 5b0e 040b 16a9 4ef7 08c6 735c 69b7 7936
3a92 0a36 58c2 64d5 062b 043f 7eef 13f1 52cb 0943 5591 2ab8 47b3 65e3 2b8b 3b1c 64ae 066e 1841 02d9 3d08 59e1 4dfd 6a5f 19a9 3599 6787 37b9 6466
079f 2a34 7631 79d5 4f09 21d7 1f13 5f8d 78b8 684f 1b85 55fc 44cc 0939 66ff 7919 2bbb 6527 7a83 3bf5 5df1 247b 1bf3 72e2 0b9a 2c43 09ad 05b5 659d
00f8 1752 0b60 67d3 6a4c 1fb0 1b10 6434 3c9b 11e9 476d 0bb4 5afb 3602 7dfd 7aba 005a 1600 42c7 1bb3 47df 2aa1 3e58 749a 3f8c 75ec 185a 72ea 660c
694e 62f1 70fd 1d08 2fea 38d2 72ee 5425 47bd 6ffb 2a7a 471c 1622 6b95 57d4 0709 5226 5b7d 4e0e 1bac 651f 1b3a 5dd3 6307 2f6f 3209 282b 0b07 1633
14b3 3367 02bc 3530 794a 7bbc 1914 1118 1ccf 40d6 039e 282d 72ba 09ea 4ffe 54bb 5759 050f 188a 0ab9 0a33 4f57 3889 3224 4cba 4c57 7d8a 5851 4d4c
0f10 270b 406d 6a0e 0447 318b 7d77 0cc3 0115 5314 68d1 55b1 6c27 1569 3a63 599c 1b1f 2cc2 092c 782c 3eca 1a8d 5d9c 640e 21f6 1c99 3607 20d7 6da5
08e2 2b40 75ce 6b41 7c75 1c55 79f7 32fe 4161 1611 3060 5b1d 0d0e 370f 556e 153d 5630 7f84 614f 765e 1577 3fac 1c2a 021a 7d73 0703 3c2e 106f 32fd
74cf 6f06 014f 1763 1dec 6089 3fa7 4726 4cb9 1603 4da7 1113 4f38 526d 6102 575a 7f21 7433 7376 35dd 1592 4651 72b1 397c 7a86 4e4a 366f 2781 0936
328d 4645 39ea 698f 14ff 2304 21c1 6386 1d71 213d 78a2 2d3c 5572 5d5b 6f38 133d 1cbc 2421 1a0c 3886 3bb6 6eb5 4acf 03ef 35cf 1f1d 1c63 097a 2c7b
3a15 1564 7160 38fe 5f12 57c3 5d29 7ef4 3186 0dff 7163 4905 638f 607a 151b 6761 2c4a 327f 0ed1 3b28 19a8 69b0 3d71 32e6 7da8 4947 6db9 127f 4442
5763 13a1 12d3 31df 6c72 530c 4da4 5f65 4df1 12c4 449a 573b 3d9c 0306 0cfb 4e42 7100 79ba 3f9e 647c 4b4a 7b74 190a 0dd9 777c 06da 2a86 0f87 0f5b
68e3 542f 69b0 697b 2b67 448a 2036 5b8d 21a2 3e90 6616 0063 53c8 592d 16ee 504c 501d 5cdb 73db 51a9 6e99 2fe2 480d 5e5b 46c8 0e0b 73ed 0c84 0b91
2a73 3f3a 3ea0 519a 1dcf 2e55 319c 7181 1bc8 0a64 1477 5576 4343 438e 17ad 42f0 37dd 6bbd 56bb 730b 6dc9 42bb 7276 4b98 3426 35fe 767d 7d12 57a4
03c0 3a1d 6a98 0d3c 79be 2a93 51ba 64d6 4b1f 6f12 0b35 017f 7307 401d 00c7 4f3d 022f 688d 5068 5e12 7c88 023c 2c94 660b 1c2e 482c 2701 5126 16a1
56c9 09b7 02c1 75da 46b8 0652 3852 603e 72a9 43ab 7446 0d69 0fee 43b2 494a 3ae0 2d9a 65ce 55ed 2c87 0104 0ced 6ea0 6056 7394 2f7b 6d5b 14cc 7896
5184 17bd 0df6 498c 684b 52db 422f 7ec5 1d7f 0d8c 540a 5bd4 2465 0d39 156c 67d4 7319 2871 4fdc 3083 546c 2101 756b 0ac3 2537 13ee 5a5b 5ce8 486a
6106 1121 6616 02b4 355e 0f83 75ec 7172 4d8c 364f 0ff3 0e6e 12c9 4525 5730 40d7 7ad3 58ac 0123 18de 5b98 7fe7 32b2 2a94 7d34 5de2 6fe9 0782 3222
7f7c 7d6c 01fc 63d2 6c45 7814 3fd4 3c4d 1982 040f 7302 30e1 49bd 0ac0 1783 423b 752f 139b 4df5 48f3 056f 3757 27ae 4704 652d 633d 19fa 44af 66f3
2dd1 0258 5c14 1de4 3073 3c94 2dfe 543e 69fa 1b34 0ea3 2e09 2e7e 0682 50e6 56da 162d 061f 6d99 6d7b 1951 397f 7594 7d51 228f 7436 3a52 6ac0 7274
7249 4980 2a38 0d35 484e 0f9c 20a1 4b7a 66f7 2829 24c7 7de3 05b4 3c09 1239 6866 416a 2fb1 00e0 1279 2b3c 60e5 60cd 21b7 7664 7dd0 58b0 6c08 29f5
2acd 2a3d 710a 2108 3ea2 09ec 2e6c 4276 7ca2 710f 5992 7c20 1cc6 272b 7fb3 7cd7 45e3 3559 2ae9 74f0 088c 19d5 3e3e 38eb 52fd 3c86 3f77 00ac 6458
01c6 3ca2 04e3 2b72 0272 2f9e 7bda 2a43 5a63 42d2 38a6 4042 479a 7d5e 0e5b 02af 7055 1ac1 087b 5601 17d0 3a87 100e 5e9c 139d 1ebb 29eb 3932 15a8
118c 35b9 224c 7ace 6ebc 0865 77b9 2c5f 7963 4733 2927 1fec 413c 0bbc 3cd7 084b 1179 2fec 0099 581e 7608 3dd4 5d9a 0edf 79cb 1e34 7447 4043 1a16
1db4 3763 3b43 3d23 4c6c 6077 1838 7fe2 6452 7ce8 7d4e 6c43 6953 2258 0695 0b74 29a9 62f9 3e07 08f3 1c61 2426 6f5a 06ed 598c 1aa9 5d78 0e56 4926
2fd5 477a 5959 52c3 6b54 2ed0 790f 047d 1202 2e42 51a6 34f3 2f74 16b2 1738 5555 0099 1fb8 61b0 7802 59fd 009c 463c 58c9 6ea5 7aec 4f38 3c16 0e96
6c16 6cb6 1742 2bd4 11ab 2b87 1c21 6eb3 1284 1624 338f 1415 633f 1161 3b12 7e6c 3461 291e 432e 19b8 4761 252f 2f88 1269 284f 6793 0df0 3c2b 2edd
0cef 5ed3 4752 5690 0097 2228 4d71 684a 3a07 297c 1156 010a 2e78 4b98 6ffb 173a 3b55 281c 257d 1123 1253 774b 4ab6 50be 3a74 17c5 0b84 19a5 6c82
0f9c 7275 790a 58b9 60c4 3c9f 419e 169e 289f 19d1 41c6 50e1 3a92 50ed 1ed7 23d4 70cb 1bc1 35e3 3c3a 0f36 55a7 0874 253d 791d 03d8 6018 49b0 0df9
70ae 1220 04a4 2051 20f7 094b 7dd2 3285 7117 2c7b 5e6e 74b9 648d 0dc2 196a 10c5 0832 5e99 199a 3710 7467 0e3a 1b5d 2078 0c14 61ee 794f 0fa8 0197
3878 0337 448f 2cac 59b4 4d12 6daf 2836 75d9 14a2 42b8 0474 04ec 69c9 53d1 1b6a 6dbb 1bc0 2d0b 0c0b 36e1 58f6 7a4a 4519 64c4 2809 1d94 4d7c 5f14
44da 0cff 4f34 7fb9 40c9 5ac3 2c67 69ca 7f75 2e03 3710 2e45 59c5 5df8 5d79 76f0 4ba4 2ad6 4f9b 31e7 3433 4abe 3476 074c 6621 0452 6750 6b57 2981
5fd6 49a8 00cf 7ebc 52cd 4fa2 661b 26d2 67e7 6515 14fe 779b 708d 20e9 0728 5448 4013 07de 524e 563a 6f26 3dd4 6df3 62fa 620a 44c6 26ba 78e5 67b2
095f 0bcc 2175 31ed 1996 0283 5282 4f09 105c 0088 23b5 352b 0f24 4dab 2c79 2670 2291 6651 6a39 00a4 15ff 0353 2c2e 16d1 0973 2dfc 2111 0bf8 484b
7f19 4c64 3bf0 1f46 25ac 456e 0ed8 45c8 2368 488a 6801 471a 35e8 35a5 060e 2768 0581 180d 46d0 23ec 221d 2677 2915 0e8d 6552 65d2 2cfd 13bd 2ecb
1b29 2512 654a 4e90 338e 2e9f 4bc3 4acc 06fa 4f90 0c0e 3a4b 4ea2 76f4 796e 2a51 2935 247a 799f 3611 40cb 5f8c 5f44 0ded 2064 16ae 302d 1b4d 44d5
10d7 4519 5a47 00e9 44ac 6150 65a2 3b99 0a6f 2449 4a93 57bc 1218 232f 6642 2b3f 282c 6cd0 36e1 11ec 5e0f 2bba 3bbb 3f7a 27f7 3698 2198 5830 3bda
1ae7 1f98 42f9 635e 1c73 386d 484c 436d 3d51 2436 6d42 1451 0aac 55de 2e29 3a76 7dc9 19f3 28a3 5a93 7618 51b1 1691 13fb 1e7b 05ac 6057 7bae 4db1
20df 4395 4923 0765 4115 5fc2 6fd0 2817 5535 373a 6c6e 5535 691b 1199 0437 5897 1cc0 3e82 326b 1a41 6117 51e2 1141 6ba1 5d87 2c57 5067 2c93 6a92
2ff4 1d47 770a 5c81 5bea 5f5b 21bc 580c 27f4 37d4 6472 73d3 53b7 3f3d 6f58 4c71 4348 1982 1f08 1509 0395 0495 1990 7bd1 7c4b 2aa4 0440 474b 0a62
3128 6d9d 02a7 7f3e 637c 41c1 38ce 6f0f 3258 4868 3e9e 1b7d 44fe 610e 3895 6396 49f2 11fb 204d 6d8a 1b5f 1e29 699d 5dd4 57d7 0925 001a 6b15 2b5f
5526 6b67 5f4e 6cfd 6a4a 0878 0a08 78bc 6e8e 51e3 54f5 56bf 0e7a 6016 2c62 6f56 0497 30a5 733c 042d 7faa 795a 06c9 4f00 4883 74d3 0680 5717 7832
7a0a 0d56 4181 481c 4a88 3d73 2d12 0f1a 6e4a 0193 6499 6e60 15b4 4fd6 0068 0b3f 6599 7fcb 72ea 1062 4764 5e32 52ed 781f 7386 5407 51fb 1caf 4f60
4849 48b4 297a 1734 232c 5617 599e 13b4 192f 3d54 77e1 2ba1 27ad 6f8f 5bdd 5620 6794 0e8e 0421 3069 71e7 6504 21e7 0aec 08e6 5485 5d84 6f18 2d8b
25d9 1e09 6b8b 6406 7562 1af2 6be2 4ea0 277c 677c 309c 3002 0bee 47f6 2dc5 36bd 58c8 68bc 234b 7dfb 1bee 505d 7332 2b8e 4eeb 2580 72a3 0c91 38b1
5215 19b7 1437 1b1c 697c 226d 69c6 0a90 7bdf 0988 457c 5b43 07c2 6229 1d4e 1dd2 0b16 0e1e 3ef2 2b45 4797 0c2f 3c70 380c 7742 35ce 484f 0f28 0278
4977 7593 0574 7c15 7d07 22b6 00c0 55d2 6da2 1c89 08b9 3d1c 641a 6404 56c4 4482 7360 4273 7850 3bb2 4f13 7eaf 7b02 54c1 7f25 7851 1dee 1473 74c5
247c 5709 7070 79cd 040f 7bdf 0afd 06b0 0d88 312c 2dda 643a 4cec 1f6a 2bb0 0c9a 49c6 6be5 3f7e 2e9e 35e5 4860 19b1 2bc9 7473 2f50 663f 2679 708b
3d13 6529 4c97 6600 512f 75d6 36dc 7c26 3767 6322 7bc1 438f 454b 4e8a 6b5e 6269 23bf 0e07 7f7a 32dd 1758 2696 27d0 34f8 14c0 39fb 593d 6e86 1947
11f6 1142 5bbf 6504 2fac 7d89 2ff4 091b 19c7 778b 77da 5f86 1767 27fe 7548 2b84 6bbd 020c 20ee 6f49 6e0c 5cfb 6a04 13b7 0ffd 7d61 5e41 5d7b 2ed2
7f84 66b9 736d 16d9 409d 4aa2 451d 0faa 0186 4e47 7d1d 7b2a 0fc3 133f 08e4 597f 11d4 3ddd 43eb 5aec 7ea6 27f5 6b4f 28ad 5ca1 5b98 7fe9 3324 714f
39ad 5d92 375e 1cab 3859 77a9 6058 34c9 4464 7390 5138 683c 4bba 1107 4111 4bef 5f30 1093 1ab6 3f12 785f 3c48 3da6 2e8b 249c 5d3e 3a59 0f70 33f4
6fa0 1be3 589a 4b1e 61e0 4693 331d 3f68 134a 46c4 3852 210b 5e6e 1ee0 4d5f 1c7c 59db 17d3 7154 2714 7e2f 2414 72ae 36ac 1732 34fd 0928 056d 1a24
7932 55cc 313c 1668 4885 1919 12c2 6473 394c 6d5e 40d3 32d1 0383 6f16 7f43 075d 773f 06d4 44c7 3068 641e 234d 121c 2713 2fa0 46e3 2d74 4fac 4584
5bdb 1c2f 5390 71fc 68eb 6597 78e9 50e5 1c2f 4e1a 7df7 11b0 182f 3e3e 33a0 7037 1725 1fe2 14fd 6452 2b37 6b88 317a 1d88 4deb 0f07 7253 4f4f 47fd
6014 7614 556a 3b36 29eb 387e 6967 57ed 6181 2ad2 01c3 0608 3489 0e32 1033 1efc 2445 3e2a 5056 190a 47c5 53b7 59fe 0ca6 7922 2b8b 227d 6f21 3695
495e 61ee 47a8 7af9 636e 661e 3d91 4be0 141f 438a 3077 29f3 749d 019b 24bc 6d87 1a79 0e64 245d 5edd 7e6c 427d 7009 02f2 5363 1327 24e5 4bf5 50c4
4c08 6338 32cf 6c77 011e 3903 5ba8 15f9 4156 7b82 6f86 591c 43af 10e2 78ea 0573 2990 5b49 319f 7fc0 65cb 152d 3832 0725 4fd7 2002 782b 7c97 0c33
1a6c 0ef0 1481 3ff0 5302 4d05 6cc3 492c 241b 40bb 2284 4ee9 63c4 7b27 187a 34a4 4086 0adb 22bc 4388 3c30 159c 2362 06b4 2129 157b 35f1 2733 3d68
7d33 1186 2283 53c6 5bda 3b54 1b61 63c7 6454 5220 4897 3c17 6479 0c11 1aa0 5171 22fa 5832 1f01 56ee 2c5f 62e1 5b97 5660 2a03 164d 363c 78bb 0d4f
7bc7 1788 2010 41ae 16a4 73c6 34b4 1273 0a5a 1b01 7f5a 0c0e 33b0 0b81 54f4 4e5d 27c6 7cd2 1050 3a87 1e3a 349d 6788 15a1 3c53 5257 5b71 09af 6826
33aa 7162 43ca 208d 2208 7951 2ed4 28d0 51f2 043e 2667 7c8b 11a3 268c 1d15 58a7 12d9 5af7 1696 01ac 6340 748f 1cf0 698b 493c 65d8 566b 6b9f 567c
103f 4284 213c 51a0 5714 3266 4f22 6d51 6ab9 7060 7a97 1361 7df4 3d48 2dd8 7944 314e 2fec 52a1 029a 250e 4ead 7abb 1ad2 2831 61c0 0339 3749 5491
408a 5f88 5a34 0e34 4f88 2c8a 60cc 30fb 6076 1aee 3bbc 5ce8 1994 64e6 6f0a 1296 6dfd 2a07 4cf7 2581 0451 5e81 1746 5244 5b52 2860 03d9 63c5 1c4e
2622 19da 4695 4ca6 0ca2 0897 35f9 7f37 7b1b 514f 602a 4b29 5d9e 7d3b 54c8 7b5f 71f3 727c 3037 2504 5f14 67ca 79ad 4d39 7ed4 33d5 1f5c 3145 3c4c
1679 503d 5fff 2320 465b 54ab 7223 6e37 0187 7d87 0e21 52bc 5e50 2abe 079a 744a 2392 0f46 628c 6ce3 5e82 2662 12ee 6d01 4711 004b 192b 5040 396b
625d 5394 6acf 3b97 5b2e 3018 57a5 680d 5c15 6432 46f0 1240 090d 7dad 2ed6 4630 77a5 3a05 78b7 73d3 1225 0802 1f56 7387 4d47 7b6b 5cf0 1258 2e45
15bc 5d49 7395 4fff 219b 5137 1ed7 0ad2 6a3e 3020 2f64 4f9a 466b 2dad 0407 7977 4404 3c10 68b6 54e6 2356 4f66 12d3 7d22 32e0 4f20 2d5a 4b47 5cc9
6c86 3e7b 539a 6334 76cb 3e68 4fcb 714f 7676 591b 7c9e 24b5 4be1 481d 7dcb 21bd 710b 1b66 1176 4706 6a71 3b5a 4d9c 0e83 6d31 0629 5b80 71d6 230c
09ef 6f2c 4b66 2f19 3f5e 2342 2dc2 306b 55c6 6eff 1f0a 2ebd 422d 5703 75a9 11ac 41cd 667c 5c60 01c4 4c20 36d5 0f36 647b 3ff5 61e9 1393 1ccf 3d3a
2dfb 4787 6627 62dc 56ac 2746 28cb 232b 3286 66a9 1ea2 1ca5 4058 5e4a 0ac8 6e15 7e83 411d 51df 5e23 2517 6394 1864 3b4d 79cd 0625 3f2b 548c 6386
1452 13b4 0c46 689a 031a 4fe4 1b02 1777 33a6 3e4c 395a 725d 2ca6 193e 3fc4 36f3 52a9 5016 05cf 2b38 2ceb 71ab 17af 36b5 73a2 2c39 75de 233d 3a53
547c 7097 0744 5cf2 447a 5f26 394d 77cf 23a7 1ecf 1112 34fd 07f7 42f2 6c77 4765 44a8 36f4 0f55 620a 2b99 5808 4054 03a0 77e2 1840 4650 7c27 1192
32f2 7f8e 5e40 1a17 2e03 3021 2079 7b16 6ab5 7e95 558c 6ce0 1656 1c7a 5395 6e40 24f0 419c 535a 782c 48d8 3549 6ed3 5f70 0b81 15d2 5b54 5884 7740
591b 13ef 3581 3a82 5e35 4b28 67b1 0542 5562 7c9c 461e 5a8b 6570 46f9 5393 0caf 11f5 6cc0 2e5e 3200 63c9 556a 417c 1ca6 758a 3db8 4c0f 32d5 6188
1793 4fd4 6d91 56d9 2885 4a21 6d1c 7189 4a28 1b59 4e39 36b6 508a 7fca 3e94 007d 6a40 3ff2 5e43 0921 026c 257f 0a19 6f8c 5c1b 24f6 36e2 6a20 5cb7
1940 5540 6d06 1c98 3a8f 4cbe 6ed5 174d 6b5d 79dd 1752 3b2e 1e99 4943 4b98 6af9 35ea 5ab7 6c5b 0cb9 7ed0 5fc5 1aee 71e4 1267 3b82 02dd 180c 1d9a
258b 4e57 72b2 3c68 1bf7 69c2 6676 7a9a 1798 2ea2 3f11 0c95 7f3f 3bae 76ce 4e04 7adf 328d 6487 3918 3296 75da 4d87 1440 14de 2723 15b3 3f78 4ecf
60ee 05a7 6e37 2706 08cd 3d88 4404 6b5f 15e4 2ad5 51fe 37d3 3f50 2457 6e17 5481 44c5 7b30 774c 50c6 5a00 673e 0ec2 157f 7048 6f86 060a 5572 2184
5063 68a7 0319 6627 5828 50e4 42b6 3fd9 2ce5 3d1d 477e 3823 443e 30f1 1a8c 6ea5 3939 5768 2307 10e8 021d 4130 43bd 085a 4b81 4968 697f 1f6c 6b24
1234 5759 1d64 0b3b 66d5 374f 7de1 62b4 44dd 5d7d 47bc 45a9 4e5a 528b 529c 1914 7457 1b0e 2d65 79da 417b 41ad 5ad8 1a24 7213 76b7 7856 33d6 7ea5
400a 4508 5f4a 28db 67c6 1a34 584b 1d6c 5c56 12a1 2df1 18ab 4af7 481f 0a31 5022 53e9 6195 5732 4af3 41eb 1fa6 65a6 6877 0ed7 7e64 6faa 6670 338e
6a81 0e1d 135f 4874 7113 15e6 3bde 2a74 65e1 2743 71cb 2e15 3b93 157c 7f30 3a97 38d6 5dd2 232d 449a 786f 662b 59a0 140b 5866 578a 2967 3ead 5ff5
49c0 4b5a 3df0 182d 0f0e 4d3c 58ed 19a4 5974 4850 2f13 002b 1dbc 62f7 2c73 31ec 71dd 1379 0ef4 633a 50fd 395d 7382 5573 75ec 3cc5 2a55 706d 1a6a
5d41 3766 3d9b 653f 588b 0ffd 646a 6e34 0bd4 03cf 5eac 2d06 6b41 080f 6725 7949 4b65 3eef 4b35 27fc 621e 52f0 4a9d 0703 44e1 5366 4a01 4173 5445
69cb 3d33 5791 7516 0c70 23bc 1f4d 6efe 74a9 49aa 1b0e 7b7b 5a7b 2a67 0bc6 0f32 3909 1009 0e6e 6469 4750 1cb8 32a5 7351 59d3 7216 67af 0928 5d76
7cad 7eda 4561 6151 50ce 4a81 6bb1 0d9b 710a 0bc0 281f 39be 5ed8 0e1b 42de 69fb 5535 430a 28ed 34f6 6181 21b2 6cd8 58c9 3ae0 5239 0698 50bb 27da
3e58 5c67 3541 4c00 3b4a 1534 34fa 4c3c 16bf 17db 1465 159e 06d7 1bb9 6cbd 7b63 0160 5c76 0c04 6018 760f 07a5 314e 5efc 3436 58b8 7fb9 045f 514f
6e11 4958 66e9 5301 2182 4ac9 0b42 1cd3 1ccd 0edd 2730 0ad0 47d6 1b66 119f 30e4 7955 69cc 0b89 6032 1981 16bd 2839 0a9e 0f65 1d60 59d9 4281 4438
4074 20a0 106e 2b43 1008 637c 3f9e 090b 60dc 77af 697b 3827 7866 4664 2e45 29f6 34b0 0d04 00f9 2336 53b6 108d 0c1d 2fd3 60c8 559f 2a34 5700 41f5
2e74 262e 355d 7a53 5a03 0fe5 55bd 4af8 1f5f 1a3d 10df 4000 2b73 6ef4 7daa 654d 4cd9 1000 290f 3f36 6727 4f32 76fe 5403 2d8d 0166 75ee 698f 2272
45b3 5467 0bb3 378c 1ecf 33f6 2e5e 7a38 3483 5ec3 5fd6 4925 55fa 2749 5412 694b 4bbf 2db4 2123 6c77 3451 68fc 52e0 6cde 7be8 0aed 4335 5be3 5ab3
3e0e 33fe 25dc 46bf 7c98 71f8 19e5 187c 4ef4 2b3a 6e82 6883 0938 6adf 3db7 4dda 4424 71dd 4937 4e14 1eeb 7931 5330 72a7 4d33 01e4 3268 0a48 3015
59f6 2cc3 2051 3615 7484 45ce 0dcd 65fc 48e7 5f7c 5a3c 3a3c 1614 61ba 2b70 2df9 05e3 7c40 15b2 5f06 10a5 6735 1805 7bb2 6fe1 72ea 3536 5b62 295a
7ffa 2ad0 0b6f 675a 79e7 3259 4d43 5ab2 6f2d 0b59 3172 5c0a 42ab 42b0 46e0 7c4f 4e0c 0b8d 2359 5394 53f7 5c30 03ba 1104 2e11 0569 69ca 5a87 04db
5b7c 5afb 2af6 59cd 53bb 23fe 1d69 35d3 1480 3f0e 4f05 662e 42d1 0dfd 4c09 37d0 6da9 2169 3952 27e7 557c 326f 4885 3aa7 6307 41d3 13c7 6638 787e
4eae 5279 2154 1145 1c35 15a9 2547 60da 2053 4e53 5a63 0664 07a4 0f3f 00a6 3d44 50fa 7851 1d80 586e 7376 2a32 10a5 7ecb 1b98 673c 1a62 211b 0eb0
0484 0bbe 21e8 1f27 29f5 1356 6382 7213 33fb 68ca 3674 76c6 42f7 772f 365c 2aa0 6e2f 6d76 19d7 40aa 104a 2aed 58e0 03ee 0f4d 7fcd 6850 213d 1fec
5ac1 6135 620d 6ca8 3d53 7f20 704f 3745 0c43 3b11 2fb6 0e7c 4bf4 74e5 60d3 5ab3 06f4 2210 4b8a 794e 7768 5aeb 4aaa 65b2 1e26 7b8d 2c39 5ca3 0cbc
3b6b 3844 263f 223d 0390 3f1a 766a 6641 401e 485f 06db 33b4 1cd3 5ecb 5268 63e9 3d52 0433 2fa1 385e 148f 1241 262a 0a67 30fb 6a8d 5fc7 2924 44b9
2136 0fd2 7a05 71e1 5909 125b 02cc 493d 1ab0 6482 048b 0b50 0308 26bc 2646 77f0 7ccb 1534 11ec 2eba 5838 5c4d 1090 1d5a 1bd2 250a 64eb 09f2 3b7c
2516 084c 5c40 1b71 4f96 319f 06ce 485d 2588 3640 5df8 65c8 57bb 1eae 2c9c 7777 7919 2305 5d89 4299 5702 1374 4b4d 6a8e 33da 32d5 555b 6685 4c0f
0e2e 27a5 357d 2a44 4634 5544 15eb 5c93 7198 189b 3941 2858 669f 6364 1b1e 2f39 68e7 38f5 0a89 5378 281a 046b 3571 6f8b 1bb2 687c 44b5 0bac 44d7
29d6 15f3 5fc4 1dfd 4b91 1c60 0317 0cfd 1332 7a4a 07ed 5d77 1152 053d 7265 7950 4843 22b2 4d3c 4fd9 6589 3244 56fc 576d 65b0 728b 5e8c 46a8 1471
41dd 1941 601b 6a50 54d3 25cc 2be9 1650 11db 47f2 320e 7ec0 5afd 1d49 2873 16c4 377f 5028 4351 3f20 6d6e 66e0 2608 6704 6ae7 1163 35db 4993 7d49
772d 6471 66a5 46f4 453b 4da6 711b 0e2b 11b2 190d 4944 46dd 03fd 38d3 17d0 4029 37aa 06cf 6db7 393e 7d09 2748 257d 6528 2428 05da 67ce 2381 7138
08c4 3ec2 1cee 421f 4097 1a38 7d47 0cdc 1d70 7484 7185 5448 5047 5c59 1eb7 4b2e 4956 4c40 1e18 6cb8 5fd7 13c5 093c 5424 4c9b 7c48 25a4 74ab 54d2
3c61 3941 11cb 77be 5e5b 0c1d 3f2e 4fa0 4cb3 68bd 4290 0104 6d9f 7111 24af 574a 314d 4ed5 1937 0793 511b 2f04 7c24 34ff 3c87 1e4d 66a8 1f7a 0202
6977 3ce7 77c0 09d9 1fa2 701f 3356 310d 4e6a 556d 59c3 618e 540a 41c9 7e56 2ef4 3eff 7a0b 7470 4a24 4502 7dd6 7304 2cb4 6361 4272 0014 0fe9 1c2c
1cd6 093c 6c98 5611 17d5 701d 2bf7 4eab 47ac 3385 1f60 61fc 6c54 64bb 7161 3795 195f 6c4c 7c33 5a90 7541 081a 736d 7d99 53d3 55a2 2077 7cf7 51d3
625d 66dd 7da9 0498 0de7 107b 24ac 1e1b 59ed 7a13 132b 1c10 106d 2119 283d 574c 1291 2dc4 0c67 138d 70fa 3769 563f 1899 5160 0787 3b7f 363d 7b69
6448 7a6f 4030 3ddb 0fe3 13f1 7e86 5667 5e63 53a6 2f72 729c 2848 7ac1 4d09 53da 0490 33e7 2d58 1cfd 19f0 2392 0019 18c1 0169 78d5 2da2 0828 3e17
7dc5 6b1c 51c7 79b3 24e7 0848 1d18 6e08 0135 4e4f 072a 04df 04cd 47f8 2ca0 730d 71fb 2de8 6f96 1945 7ff1 54f3 1c11 205f 3b80 1461 4cd8 2405 410e
3d65 4466 11c9 1111 5d0a 08eb 7803 04d3 11e6 1931 3722 0298 4c50 7c0f 32a1 3c79 63fc 64db 4797 0b58 0a81 4d50 7e1d 4329 65fb 0d39 43cc 1976 5af5
175a 3a1c 6aca 274e 344b 5bf2 3c4b 0e0f 1e9f 3dd8 08d8 1f12 6bd7 0191 2302 76c7 7ce3 5187 76ce 542e 1876 7cce 3438 2fdb 0ec7 68de 2c1b 07a7 4e56
2235 78f4 4c48 07f8 1739 0a7c 20d7 7962 7bd8 0934 0351 07ab 4c63 4099 0bed 0290 79c2 288b 232a 3476 67b4 7e19 3dc9 7caa 14a3 645b 4cbf 43cf 7486
4c25 360f 3a64 6e48 15ea 5a7c 4da5 2991 1ce7 6940 1e57 061a 56ce 0b68 0a2c 1011 4bcd 5802 0f96 78f3 255b 63e1 3bd5 1abc 708e 56c8 7d9e 2d12 5f0f
44f8 4794 1a3e 55fb 6bc6 27cf 433d 5c23 3ceb 0170 7ebc 70a2 3c38 36cd 7f8d 0125 5646 4da5 2b99 3c3d 433a 4296 673d 3e9d 5060 5d86 24fa 3084 709c
7e22 2909 7c71 66b8 241c 26fa 1e1d 1c46 49ee 1683 29ca 2c39 04e7 07cc 7427 7ddf 38b8 5fc2 1069 0a60 5081 19e7 4699 347e 3e0a 418a 658d 338c 4ffc
2029 3455 3ebb 7b28 2202 336d 48c6 0ecf 266b 4df5 7af3 3fac 7f19 32f8 77f6 1168 7931 1076 522b 6118 0b38 0d28 3d53 6dbc 206c 15b1 1a95 3646 63fc
4f3e 1b71 7ddf 71f0 0235 35b6 25d7 171d 5712 7f8f 14a1 057f 6398 419c 5c83 0dfe 7208 65c7 0cf4 7598 7c2d 7fd7 5be2 2a84 166e 7997 5874 4768 0618
5e8a 308c 122b 02fa 1113 3dd7 6092 63ba 14b9 7025 10c2 43fa 7ae4 44ab 06cc 7049 5add 361b 2afc 45e7 3d8f 5f45 7c6d 2483 66e3 6e78 6a60 4f3d 7e70
7ea2 7b1f 5fa4 7332 6191 509a 420d 60e1 1402 3e4d 74e0 1653 3de9 7629 5121 305b 1d40 7752 747b 0af6 3536 0d3f 26bf 550f 75ed 0c75 75a2 28aa 6186
55a2 14ea 0c1d 6ff6 62fc 7c29 0a90 4b2b 4329 1af1 612d 291b 0b15 7c7e 13f9 7366 1536 6e8e 71aa 4eb4 6999 53ec 19a0 6419 6f15 478f 3ed6 2572 2c0a
0523 4909 28ab 4225 6b7c 550f 6b21 43b5 2361 3fb6 7bb5 186a 7b1c 3af2 3bb2 551b 3df1 3eed 1fa6 67db 2432 2397 2bea 6190 0643 4e17 1870 758c 44f5
1615 39bf 54d6 3071 62fb 01e5 3974 5f4a 342f 34d6 0bac 220c 6376 0082 3470 0618 77ce 580f 705f 2e05 4e57 422b 55d3 4e9d 7f1c 72fa 17c3 2eb4 0c93
3e47 4298 60e3 746a 606c 2fe4 4dbe 2718 229f 7d94 4729 44de 22fa 099a 2e74 49fe 238b 15b5 2d92 7ed7 160c 0935 4b32 3bd1 5b9b 480e 055d 3c4b 401c
567f 5e62 7294 2fc5 5e60 2451 3ef4 4601 1564 4bd9 21cf 7cfd 2212 0a04 3e83 06e7 740e 4715 6f25 0c77 478b 02e7 37d1 7cee 3dcd 21e0 24f0 26d8 491a
75d2 5299 5eed 5771 5c15 7f32 690f 7817 575e 6102 5988 290c 6108 3cce 37e9 6bbf 0f4e 36b8 5f83 7160 322a 0b15 1179 735f 59e7 714e 71ee 442a 19cc
6558 4ee7 3d03 5c5f 0326 357b 5cb0 2392 7d5e 4dff 6909 7272 32b7 4abb 1aa0 634e 0b3b 17cd 6da4 54d0 48fd 7aa5 00dd 48e6 5c1b 6bab 5a3f 401d 2a59
6c84 6be5 2ae1 0083 018a 1ea7 6c64 7c4d 72bb 2b55 0eb8 407b 0976 4b12 6b44 3487 4bbd 1520 5347 443b 6c99 7dd7 3c98 5aef 410c 627c 0e83 04fa 298c
0ebe 62c4 4a8a 5cee 7eb6 5943 7da9 6f28 282e 38bf 5c81 5d62 5252 5cc1 33cb 547f 6e97 6eb6 1377 5ab9 22b3 781b 754f 260b 0607 4f62 71b6 731d 51eb
09d9 5b7d 5b63 61b0 4e0a 47b5 5a1a 2855 4c9a 6325 6214 4fbd 2bab 4531 6704 7831 3fd7 4545 4211 3dad 5a0d 1e09 2e8c 13ca 2f43 3ba9 1e5a 7c1a 44b9
4a43 0e9f 699e 37fc 4e35 67ab 24b4 10e4 671b 47d3 37cc 134e 49f7 3238 08d7 1404 3a24 46d9 23bd 22af 105a 17e2 24e7 5087 5a0f 0db6 4879 7fe2 4746
0c1a 1497 7087 6ff4 7f57 13ea 2c30 1224 6b86 1140 222d 3203 7448 4c14 325e 1284 30cf 7729 230c 2d1f 3074 36dd 68aa 025d 55da 5b2e 19fb 4b2d 0eb1
643e 7e42 578d 28cd 3fd0 5efe 2453 44fe 742b 0e10 406d 2c0c 61b4 7279 301e 3077 570b 69bc 6b6f 0484 5ed8 559f 023f 6864 1e85 62ff 1aa5 7d2c 2e68
5652 5d66 3a5e 7874 7fd5 7eb7 4125 09af 658f 3b10 6ff8 33f0 59d1 03de 71be 50c7 4be6 5fb3 7b5b 4e09 5ae3 25e8 7c10 1d85 662a 05da 6644 43c1 06dd
7503 7b9d 5c9e 060b 3946 4435 4c84 25e7 7ef6 0d62 5fe6 6f7b 3fbf 4d7f 0a06 0e77 5e8c 345d 5696 20b5 7207 777a 6097 3d47 4ee8 2d16 2520 0754 2170
04a9 60b3 043d 6789 2b3d 26a0 6499 61a0 419b 6973 1bd9 0281 2f15 5134 7fc4 7b75 2355 2ac3 707a 5426 4381 7ac0 4683 729d 6160 3f4c 2376 0568 5fd7
17c1 3fff
2d5c 0000
792d 3fff
697d 0000
40cc 0000
14cc 0000
084e 0000
718e 3fff
5203 3fff
7588 0000
54e3 3fff
3584 0000
78cc 0000
69c9 3fff
1932 3fff
30b2 3fff
53ce 0000
144e 0000
4a6b 3fff
502e 3fff
6aad 0000
590c 0000
2f35 3fff
0b16 3fff
3aaa 0000
1ae3 3fff
005c 3fff
4bbf 3fff
6180 3fff
1fa2 3fff
3b18 3fff
5cc9 3fff
101a 3fff
0f90 0000
2fc1 3fff
54a0 0000
744c 3fff
4b3a 3fff
36e7 0000
4403 0000
2be9 3fff
1d4d 0000
2881 3fff
7911 0000
2269 0000
7c6f 3fff
12d8 3fff
1fe6 0000
4385 3fff
5108 3fff
11e8 3fff
6354 0000
39b7 0000
38b4 3fff
4f20 3fff
7c15 3fff
5009 0000
56c2 0000

391f 7675 4c1e 206b 41d5 6008 5ef8 3325 76de 2b87 7c55 6c59 29c8 4150 3ddd 6e03 1f94 1d2d 2e3a 1254 7389 29de 4f4e 2452 0acc 022d 0933 16c7 45f7
2359 1f89 7c58 5081 4bf9 4f06 7fb9 687c 7fa5 60d1 1728 45f8 560d 2f9d 653f 1459 7bff 5173 6cc4 6e63 6a37 0fb7 30b4 50c0 4cae 7056 4fcb 78a4 4d44
57fb 37ea 794d 6434 0336 1402 0aa1 5330 47ae 7794 33bc 14ce 2870 7f43 5d4f 7b1a 32b4 72b0 7a17 516d 6b1c 2a78 1ef8 651e 28af 3855 6654 3ef4 4d08
077b 7580 74e6 321d 257f 6670 2e34 2f1b 3ba7 53bc 0aec 0dcc 4522 6993 0f38 37ca 433a 0e07 0269 60a5 0fc2 00f5 3791 26c1 60a8 2252 5071 0b39 60c8
7a8e 23c2 3f81 014c 3fc1 076b 653f 30c3 4f60 17b1 70df 622a 32dd 5798 5f38 19c3 7aac 3cb1 4723 1b78 732c 0988 5e4d 282c 5a55 41ee 0658 518e 1fb4
7ccb 7326 3747 10f4 2399 5123 6f3e 138f 6d11 1b10 0d84 7cd4 70df 5041 13fa 29f5 7d2b 3329 55c1 7a30 77d4 7e09 0183 1c07 68a1 2255 2741 0fa9 1302
7ff0 3f8e 4fa8 1fe0 5d83 0737 2c23 22e7 66f8 3d51 34a3 220d 5755 34d2 7d5d 1490 2824 32dc 6b9b 1070 5b9a 7ff7 207f 3c17 2a32 3bb4 4b1e 75e5 6f0d
1269 74d4 5efc 3577 5a18 0963 1153 65dd 38a7 777d 6763 6aa8 771f 0b09 2c6b 76dc 7a5f 3a70 2043 1919 69ed 1ffa 191a 0150 34b6 0b46 5d43 65cb 1441
3e3c 463a 0ddd 5875 7c3b 351d 5c8f 488f 3681 09ac 5bd2 60eb 1a0c 16e9 4ad0 416e 2028 2154 7946 6c83 3221 7104 3cf4 45b5 19cc 3993 1797 2fc2 0f67
542f 58b5 299f 5093 0cf3 779a 45ab 1fa2 37d3 4f8c 5f9b 0f87 21ea 0a62 7f37 3964 6d29 1523 256e 0668 3b24 25f4 63d9 5527 1a54 7ebe 2cf2 47c2 37da
0f90 3311 6467 5382 6db7 186a 7466 13f9 5604 225a 1729 1c68 0774 2729 2628 1e49 7454 1b9c 108f 5b84 7b4e 0608 0009 5a8f 3281 4ccb 0560 1b48 7a69
0712 771f 01e2 6c05 4419 77cf 38f2 0329 4d42 2b78 54ef 2c28 09d2 44c7 2beb 06bb 4f4a 20f8 4561 53d2 5db3 38b5 381f 0484 2ded 11b9 25ec 51f7 7b2a
5bf4 3f5f 3455 5b7a 1e07 7783 25b0 62a5 0ef7 524b 5a8c 0b1c 195f 51da 14b4 3544 49a1 1290 4e78 23ab 4439 5cbf 6b3b 0cc1 79f5 6de5 6615 2872 530b
5880 3750 5cdb 0978 400a 2e7e 7b18 55a3 484b 7485 0737 75af 0f99 13a6 4974 4451 526f 3a22 7743 69aa 1d2d 3917 765e 336c 3ed8 4bee 3ca5 1e07 7fb6
532a 0da3 32a3 7da7 4112 0e40 2087 3089 20fb 68f3 0a95 70b7 61c8 51cd 3512 2469 50d0 704c 0edb 1d39 120b 5c36 2eac 07c0 2787 42e5 6231 71e3 41cd
26a2 0a40 67be 600d 0a1a 10ce 647b 4201 742a 74ba 2d88 4651 2266 1db1 7e34 5dba 2c81 7fef 6188 785b 560a 3c23 169f 6095 05a0 26ba 3131 4304 0051
0f59 3a8f 196b 5a90 650f 798c 77bc 4946 137b 7294 24d1 3eb8 3f97 644b 2725 0be6 3b49 6875 765f 2733 240c 4ae0 5d35 5693 7c5b 016d 4f4f 2608 288c
2502 2788 6992 0f04 064c 54e2 2a3e 4a54 63ee 2a8c 6dea 03fb 72a7 77a5 5406 65bf 793a 731c 45f6 20cf 0be2 4443 0f5c 4847 3cf6 533d 4095 273e 786d
421e 7a3a 5caa 19be 5d2f 7257 5c1b 128d 2a43 527d 53aa 3c2d 6b4e 2dbd 5386 2bbe 246f 683c 1473 1f75 7558 3687 3179 081a 0311 07e4 29b7 34f2 6365
64ee 3ce8 5883 37c5 5ec6 04c2 1bed 6a67 3502 0fa9 7cdb 5afb 128c 0e1c 3ba0 07bb 7b0e 2ec7 2914 7e71 7653 44eb 0d1c 0e08 0f4c 617f 3e1c 0f80 425d
2c29 5ae9 7206 4c07 5bd9 2465 63ec 04be 5443 034b 7fbc 1625 39f6 5d55 55f1 0896 292f 7a2f 6ffb 1b82 15da 61f9 0bea 2f46 1fd0 7510 7107 2bec 15dd
42a9 16ac 3975 7262 59d9 44e9 4f20 1adc 7604 35b4 3668 5b4a 2906 12d7 764f 4714 2d89 79ec 7195 4564 6080 1ace 41ef 3aca 1600 357f 4251 60de 57cb
6aa5 339e 5d0b 5416 28b8 4fe4 1f06 48ee 2110 2154 64d3 5bd4 1047 79af 5412 4bc7 6e44 1be4 7e72 182d 7612 6252 23a5 0ecb 206e 10ac 41e3 0237 6bf2
66a0 4afd 1cb2 7589 3a3c 4eb5 619e 02fb 233c 3ca0 1518 5610 0ef0 1f3a 1e3d 11dd 5f16 622c 26ec 0740 4f6f 25a5 0f6b 7edc 0c3c 303b 4ab4 5141 7da9
2129 65fb 535f 52f9 3115 1935 0030 6668 123e 1721 42a3 743f 3908 5d27 240b 4e0c 7767 2286 3e8b 7180 1d51 4896 6561 5bb9 4c68 7ee0 01aa 5042 4678
1c97 6613 6bcc 2b9e 4092 5899 3f13 4c3e 3f73 658b 61fe 2da8 059f 6cc5 6f90 5073 6c67 42af 3685 1fdb 34f1 7c35 5f20 2f4e 21e9 3370 6b6a 46f5 2c4e
2c71 46bf 4c2d 7c4f 34c6 21ed 188e 6b05 03fa 49ca 0d63 6602 36fc 222d 676b 30e4 2c74 0eae 19d2 6e18 2a6e 2e4e 61c6 1a4d 39ce 5750 05e8 521d 6b76
55c1 0ca5 6b16 00fd 1d7f 6896 780f 048f 46f7 6cd6 76f2 2bbd 43aa 5fd6 4ee0 530c 1bba 004f 6fb9 6e3f 6600 384d 200d 4d35 20d0 6f59 4681 5628 224e
1e5d 227c 6f5f 6189 681a 6466 21f7 6047 1c0b 0d61 55e9 743c 12b3 594d 2628 05da 7095 7df7 7970 1039 5d54 1709 618f 51e0 0610 1891 2125 361b 16e0
4a32 3f5a 6ec4 07c2 0403 145c 6951 5140 50be 41ef 11ea 60ac 462c 7eda 327f 46b3 12df 7fd2 5d65 0d54 24ee 1fdc 4e5d 43a0 7a94 3741 2d55 118f 7430
6853 3887 2600 2ac8 2712 1fd9 0aed 0f45 7573 7d8a 0c8e 7b5b 2034 4e0d 2cef 44ce 41b3 3612 0f47 59a4 05e3 36df 5cfa 6ecf 4356 3664 3fc9 5de4 4117
0569 5533 462e 0ff6 2794 364f 19ec 5d99 7304 1b8d 0e7a 5091 71f4 074d 23e3 75cf 3caa 1b3e 2375 3dde 67d7 43f9 2401 1834 08d3 3cd8 3b59 285c 473d
069a 0f8f 6690 6597 35d0 5a30 1363 7828 1562 7eb2 1906 0584 3d08 54d1 6893 1618 43d6 3446 01c1 3879 2184 01d3 2917 5ed3 564c 7600 06fe 4b11 609e
6a9c 0387 5708 7782 48e0 4ab6 7771 05fc 3788 1997 4043 24bf 0bf7 26fe 707f 6c68 3a0c 041f 1c12 19ba 6d05 1e90 3664 1fc7 543f 116b 53eb 47ee 1741
2807 6c18 77af 646f 088a 177b 374f 1cce 1422 6079 5424 680a 7a34 07c8 2947 47f2 066a 0a59 4c88 2b50 2ac9 30be 51f5 4598 1227 0b64 42b4 74cd 51ed
68e5 6b96 31cf 4ad4 0af6 5e4d 47e9 512d 2dc9 7a6a 5473 7c70 31ae 6c84 771a 433b 039d 25c6 077a 5e22 3e30 1a39 6215 02c8 1bba 0fd4 7aad 0508 0ad2
526e 5e1c 3978 2537 1cbf 3b03 45b3 77e9 7f70 32f1 1517 6a34 6ac9 2e8e 5a10 1fcd 2dd1 498c 056e 0a20 0110 7f99 3ec8 5197 4f17 01ec 4e7c 059d 490a
0b8c 7238 0c7e 6b2f 015a 5a67 52af 7441 71ad 7ea2 392a 16d8 4261 73ba 57f5 47f0 6e3f 00c3 7eb7 6dcd 1a7b 7fd9 5d5a 51a2 2095 6a07 683f 424b 15d4
5e33 5d12 193f 7064 7970 099b 691c 7112 2db0 5cdc 2f86 172c 28aa 45e2 65c2 4396 2f57 3488 750c 4857 0f2b 7091 1269 3b4f 5cb3 7a5c 6d1c 24af 21d6
3300 235e 258f 71d3 5636 2bf8 08fa 0637 6680 4a49 7cfb 2f7b 3b4d 51a2 184c 5261 78ab 59a6 6376 48f3 7c91 40bf 5c0e 1d59 59cd 3fe8 4ad9 74e6 5eb9
4360 4fdb 7b77 204f 5ab8 7fea 2cd0 4d41 7841 4173 5699 2c08 380c 28c3 1b11 2577 6383 5cdc 7c24 7c38 0e73 17d2 3318 7836 4a22 065c 421e 0518 568d
1478 58ad 40b8 59ec 7c59 17b7 3cb0 63ef 5518 1ca2 1914 64df 69be 34d6 5743 343d 0438 339e 581a 5e18 0aa4 681a 5bf1 2280 206e 4f84 70a6 0777 19cd
2671 44dd 40f0 68ef 53a4 443d 311e 7b96 13db 3f1b 78ca 7c13 791d 1b66 151d 6a35 69ac 3a1a 2b97 097d 43d8 69a9 5161 5849 6699 1001 1928 6843 0b12
5274 06fd 3996 2c64 48ab 46c9 77b9 2031 0aa6 1a16 1ba6 19ba 5a0f 7d39 16ab 5fe9 1507 1e59 1c63 10b0 180a 01f7 05a5 02c3 169a 66a3 7366 576f 0f73
6eaa 6279 224a 6756 40b0 1f84 7f5c 556f 2637 2805 4cf4 5e4a 45ab 2352 0c99 1d3d 2469 30e6 0345 3ef9 7e4c 74e1 29ca 3c7f 7e75 3cef 459e 2c28 0bfb
3f0d 06d9 5a60 7d04 1a91 382a 37a0 3247 69e4 64c3 1488 5a3c 21a0 0de8 7d5c 0d05 1d18 341d 702e 3e8e 1fed 2796 1cb4 48db 340d 5c2d 787d 7298 03cc
456b 19ed 61de 39d2 4498 2e77 7c79 103d 7478 7795 7074 0832 5705 72b1 1e50 5353 7fdd 0ddc 173a 3c1a 779d 18c3 3bcd 526a 7fc1 133b 6a44 14fc 2dde
49ee 3edc 5836 4cab 0669 5c1a 4dca 1575 04a4 4fd5 7047 3f8b 1f10 35d6 6d34 468f 16cc 08e0 30a6 355c 4ead 023f 525b 3261 18b3 5376 1d12 4da8 2018
5b1c 396f 2de0 1ffd 235f 4987 6552 374f 2150 2fac 76eb 4505 7313 5f1a 7dc4 5eed 7fcc 2b62 0774 5717 0505 7463 10d4 67c8 4212 58c9 48cb 122d 7e4d
53c0 2030 7db3 1b17 7c47 6ee4 44ba 11e4 4c5a 5f96 0d44 0d79 6d1b 62f0 3427 1ca8 3bd0 5890 05af 08b5 2ff6 0958 4f1d 1ce9 6244 4a8c 2bd5 7304 0c1b
55eb 75b2 7e00 3cba 4b12 0fd0 5947 2394 0e7c 7800 05c1 4ad2 1263 2e03 108d 7662 16cd 234b 5773 5ee6 67f7 7795 1c9c 61c1 5957 639a 3327 157a 5919
1e2a 09fb 2113 448e 3b4d 19ee 477a 172a 40bf 59b0 26cc 10b5 0c71 3538 5571 681a 7fc9 70d7 58a9 7143 560d 5251 3e5e 3e09 6569 3553 51a7 0817 7d4f
1758 55f3 02d6 6d40 1028 598a 2ddb 0889 14fc 0597 4148 3555 3607 0d0f 5e03 1d38 06d0 1cbc 1154 11c3 5431 63e0 0fdc 0259 4867 1203 7761 0692 1013
365a 4641 724d 5ceb 2a82 1186 1383 0aa6 5bc8 6006 3384 12e8 5cce 30ab 41e1 03ac 1083 1089 6134 1fe3 753d 6262 509e 57de 25d5 13b2 36c9 430c 302f
2110 7148 35a9 29d5 5c05 061f 4d25 2b4c 37ea 0a64 0c87 0c71 0dd8 6c2e 024d 2e90 4fb8 2049 70f6 231a 4db4 700f 7daf 4304 5e4e 64ac 43c7 78b9 0a09
56fa 3b81 5a40 39c8 4722 46e4 7361 4fe5 01bf 5e1a 70a7 5af0 5fc8 164a 5e10 2854 590c 2e4c 71a7 7553 51dc 5420 4ddb 44fb 4271 3e1d 708b 0574 569f
7cc1 69de 21ba 45fb 1e74 3ff3 6c8a 2925 6c62 5b56 2e81 0dab 205f 5e73 59d7 1938 51ba 54ab 4bf4 35d4 1a47 12b9 0530 1c20 5615 603d 4d11 5f73 2a21
05b5 52ec 73b0 1134 2a44 573a 7802 0fe7 4923 085e 5a3f 6df6 0632 7a7b 7bb3 6fa0 47d6 476a 171f 364f 08d6 3671 63bf 6daa 051a 6315 64e4 5602 11ea
644d 6010 5bf7 49ff 247e 0dec 1b41 3463 302d 4a6e 294f 4815 449d 4d82 2d90 7928 68ef 56df 30cf 3602 5bda 3596 3ea2 1506 78e9 50b6 47df 02d8 4e45
00ac 2bb2 1d6f 50a1 26ab 1dac 503f 76d6 24e5 5997 3cc2 4067 363e 32ff 581c 21f3 1c64 670d 7847 0ab4 5b8c 728e 73a8 1f7c 368b 31bf 4f28 3da6 2b91
35c1 3c2d 45a8 0df9 4a7c 5b97 7a98 558a 76fc 5479 3acc 0de4 18d3 4bc0 64fd 2b37 18db 46ff 7f24 54cd 01a0 6ed6 7bb3 46e6 3d80 6c30 0197 17c9 5f1b
3516 1eac 11aa 7ba6 1b97 7432 1b8d 0549 345e 2820 04b5 37c2 4144 7efb 22cf 68a4 357e 7e2d 2a07 092d 3f10 307e 2aee 088a 6026 2256 0eca 5e62 6cbd
06e4 1918 6990 6085 72a1 79a8 49ac 5b40 6b3c 536a 7991 2e19 73f5 4e8b 56b5 5c13 5b2e 6783 17f3 64a4 7bff 49d4 7d0b 5dea 4e5d 16f9 18d1 3b5f 3cca
4517 7124 3732 68ce 73a8 4da2 4175 2640 2ad7 0352 3840 51a3 2bed 66e6 06a4 4be5 7d34 4fc9 58a5 23a5 0085 20f2 584e 2ef8 6875 5b2a 5ca2 50bd 0196
68b9 6ecf 2433 36f5 191e 4bbf 3d4b 6d21 08b8 22e7 317d 388f 3e6c 37ad 1de5 3eb3 3dad 0ab2 21b6 4891 43d0 5e3c 1f75 211c 1931 0f60 0fb0 7ba1 75be
3fec 2ccf 767c 03a4 2e08 6ea7 6dfd 4d2a 6643 3d21 18f3 4658 7019 1fc6 7c28 0a96 6ed9 6aef 7522 2348 4660 4444 748c 404b 3d64 4fd0 19ee 40dd 140b
38bf 66eb 4e26 78d2 4234 639e 08ae 0ca4 283a 6cbc 77f9 60f9 4fe0 679e 0c0f 561d 304c 60d2 53a2 4520 6fe1 63b8 756d 42ae 3ebd 10bd 6ac1 619f 5952
516b 15ab 593a 2246 1593 4b7c 7b88 5a27 2d1c 6840 3711 2e22 4fd8 47d6 7116 2f8e 1d24 3051 0147 5299 5d17 69d9 6a08 379e 16bf 765e 3487 57e8 413f
4e73 331e 1d3a 6068 3b35 2a43 125f 4037 7ae5 4479 4c19 741d 30cf 1a65 7b3b 7943 6ad2 3d01 0338 6681 5db5 4e09 548c 1aae 0095 0266 7b28 11ea 6a01
60ab 0aff 38eb 0441 316d 472e 71c9 1226 48bc 66e0 6c71 13cd 41fb 1651 7ae0 119c 54f7 2c48 3c33 0abf 3973 4d77 62c1 59dd 3687 202a 19d8 368f 504c
40ae 7977 1e10 0beb 1191 494b 521d 67e1 7072 1444 60c2 57b5 6d2b 27ff 4552 37d6 7249 771e 2149 5cbc 6b40 6dfe 742d 1348 1e4c 089b 11b2 030e 14f0
3f87 517a 3024 25be 3c6c 56e9 4487 4c60 48b9 7497 7f32 4030 2b9d 78cd 6978 2466 2f20 636f 0e1f 06cd 3ee9 416f 5d7c 59ae 2289 3e1c 1ed8 6cc2 5e86
0705 187f 4655 0924 5f32 7c9f 28ab 5769 5725 1f2e 633d 0c2e 4b35 3d39 00b6 415f 59af 2b25 1627 348c 5473 45c8 7739 65f8 294c 6087 7931 1bee 6790
253a 1fee 7a47 2eef 0173 326c 1186 78b6 1a49 0d7b 3866 45eb 4ae5 7495 09ea 19de 6b25 6708 2aad 16ee 560a 33ae 27a2 535d 4e30 3799 0ce3 40aa 6eda
7742 622e 4f1d 7651 7f37 0b18 63ac 21c5 4b35 06ce 1987 7fc6 107c 6546 5d96 5c21 2cb2 7205 2bf6 5e59 08b6 3ba4 59b0 2726 6f49 3034 60a4 782d 401a
38a6 094c 5fee 2cba 7ec8 0594 1939 1dca 0403 40e0 1369 5b0a 270a 4752 6fd8 6642 3f9b 49a4 2e0f 7cb9 4a56 7d7a 3b4b 6600 7d5a 5fe1 21a1 4b48 1f49
5626 01cb 4ebf 2ea5 6664 4b34 2f03 0de4 120d 6170 1254 185e 5768 4f77 6789 6109 06f2 7325 7e83 1fe2 56ea 29cd 09f9 78c8 629b 2b6c 5f46 7862 72b2
068d 4829 7312 52b6 116b 7fa2 15a3 0f43 1490 0a79 589a 52cc 701e 5fb3 443f 502b 02f5 5379 03c7 74c0 6020 211c 1aba 486c 53cf 4fef 5d3d 516c 101b
2986 49bb 1a11 1e5f 352b 0a29 7675 6d6e 7535 1796 1271 3a57 5f63 422d 3b09 7a16 7753 1f9d 0249 0c4b 0738 4adc 03f2 0fa8 15ba 4b86 10d8 0058 3fe4
6279 5201 5bc7 2e64 3626 367c 592d 4d0e 1900 17eb 3a9b 4293 4c50 53ac 046a 6b2d 2f87 2d96 6572 59bc 4e55 15b5 7754 2a0c 006d 1d0c 76ab 6635 4d3d
3e58 7cc3 074e 6971 7ed2 7359 5811 2fd8 3643 2060 4549 5f17 3528 215e 0667 2a34 6578 4d36 6d8d 2d33 63fb 134e 3ecb 445b 33f1 242d 36fc 3e48 545d
34dd 6dbc 62f7 0edf 11ac 496d 4226 6820 54f4 4eea 5cc4 33dd 1dd8 39da 6cd6 251c 3569 30ae 54ca 0628 0700 4840 0845 08fd 3cd1 624b 19c2 4083 618c
053f 398a 5d36 4581 5ccb 17a9 0dc6 595d 709a 3fdb 32d7 35b6 041f 45fe 0018 1ee0 4bea 2124 6ddc 05c7 6f74 0980 75bf 30c8 3259 7be6 6879 7838 44bd
609a 670b 19cc 69d5 0b27 7ad0 2189 0d0e 562e 35bf 0276 7d7f 2214 2573 05a5 6bef 1bbf 19ef 33d4 4ff2 020f 49dc 2cbd 22fc 7759 6cbd 7571 46e7 1547
63c2 4c1f 2349 7fee 0808 0dc6 2773 1028 3f38 12a3 3e9d 4200 2109 1383 66ad 2ac5 127d 2c6c 5517 744d 6aaf 272f 674b 4396 6159 4d7e 3bc4 2786 41fe
02e7 0f17 5d09 2920 2ae2 077c 3726 7be4 7911 345b 7692 2a27 119d 4354 4f2c 4007 01b6 7d5d 4a9b 6c87 69db 6032 128d 1d1e 6bed 21bc 206b 6afd 058e
0ae5 28ab 456d 42ac 456e 72ce 6528 6d1f 62a4 65c9 123c 6c4c 1542 59b5 2e52 099f 767a 200b 36b6 321b 7757 0de8 3a7d 7604 6645 3d93 30ba 3f27 02cd
0df2 255f 19f6 7211 13ff 2f92 55bb 71aa 468f 6e78 571c 26dd 52f6 5282 3825 353c 6aa8 6131 199b 2603 2bf3 6df5 4184 218d 6a7c 11b2 6ad7 1fba 408a
1042 26c7 56ed 0b8f 3475 7ceb 0d4e 12b4 7a2d 7cab 28ad 48d5 2e42 1a35 2e2a 35aa 135e 117a 7b05 471c 3830 67c5 5da5 3ed7 46fe 77ad 6bcd 1e2d 549d
5a84 262e 11b8 02ea 78f7 5eb1 2e8c 1596 145f 6d3e 2e9b 592c 6561 4e51 66b8 0538 468a 7c1b 2469 5624 6fc4 2b75 6232 5d1e 6a1e 6b7f 59bf 13fa 0158
3e3e 0598 2a98 3e61 7ddc 2afe 4ef9 233c 720c 1eaf 6b4c 54d5 129d 25e9 0ef9 125a 17c4 08e7 441b 7a1d 196f 4024 293c 1bf4 098c 18c6 1c9d 7151 4150
2345 74cb 5402 0bf0 491a 787d 288c 4151 2992 4566 6ea7 1070 2d03 15df 2b15 5185 2b69 7aba 2cb7 695b 10cb 3518 6b77 11a9 43f1 7867 4299 7c98 2e59
497b 4954 7d31 5d9d 0713 1b47 6a15 2e15 0976 45f8 72bd 55c3 684e 746d 36a4 13ff 0c1c 3aff 16f1 495d 34c1 14b5 092d 16b3 3e43 58bc 59ce 3397 3764
682a 0dd9 7fe0 13af 71fe 2643 57c2 59c1 204e 4e2b 1819 5ae3 0779 5a72 35cf 7db5 36c0 7e4b 215c 7eae 3c7d 1a18 71e3 2564 0a30 787a 40c3 32a9 411d
013c 1f67 3e7b 09c6 337f 591c 26d4 1028 1aa5 2783 40a6 067b 5b69 4cc2 4dd7 04ec 3374 55c7 1da0 4e5b 5f44 0579 5e7e 7f4c 46fe 31dc 6905 19e6 5e52
75ef 677d 1728 0ef5 3ac4 1b01 4b7c 1d3f 043f 7e26 603d 2ad2 5b7b 3848 74f0 54bd 7adf 0776 3f5a 6885 6c89 70cd 2ac1 52f2 5742 6be5 379e 3a76 15ba
6181 78a6 2535 1053 5dc4 5eca 349c 4bfd 631f 5fa6 19db 3c54 685b 41fe 0420 55aa 0d5d 0f2f 4c54 5843 587e 3bda 48dc 1fbf 35c9 0ae3 1873 619f 5b0b
405e 249a 5639 763e 05c1 052a 3bc3 0f9f 7748 1fb6 402f 12d5 02b9 25e5 0ab2 2367 0e4a 548e 20ca 7fad 4703 5788 1033 1892 55d9 53de 1547 59a0 392d
2f1b 105c 2275 48de 66e2 2551 59f4 492c 5fec 10d6 049c 76d0 33ea 35b4 6acd 1d0e 6186 0981 738e 3d03 0d20 7c16 2792 6209 524c 5c6d 6f67 3d45 4608
5e73 16b9 260a 2c9f 43f2 25b6 6d8b 74e5 41fe 1841 0659 0b31 5d1b 3a30 1c90 4798 5232 5002 3618 5e7a 50b4 3bbf 3a9e 560a 6daf 281e 2b50 17a2 5a4c
3769 4c69 0ea0 105a 0dba 25ff 401d 0693 2eb0 4800 3687 0584 0ff9 22ad 4d72 3cca 120a 2a68 2741 5b70 06f0 2577 2841 5479 0c56 232a 4cd8 048f 2f18
260f 1e56 12a5 15ad 364b 7fe7 4518 490f 1076 3aa0 6fa4 2dba 1549 7f70 69ac 5839 4dbc 622e 54c4 2053 5ee3 0558 577e 5a38 38b1 22a0 6a9d 6d71 2053
07d5 07fe 07f1 1249 0747 7b02 4f33 4c29 5c50 77b3 703a 4120 5dfb 5dc5 1ec4 78fb 58d1 7d75 1e5a 0a5a 6ec6 774a 71df 5231 24e1 073a 4dcb 0fca 0907
5a81 6ae8 6788 6215 006c 2ec9 4607 7614 143d 3571 6d15 741b 17d5 205f 04b2 3b8c 28dc 3b8d 71e3 00c8 7a95 7247 018a 61ec 0ef9 4bca 4e4b 2ccf 01c0
5017 452e 495a 40a6 5e91 2bf1 4e60 15cf 1158 2e32 033a 15c5 780e 396e 7d74 160a 145a 6c1c 5831 3523 3fad 3561 4559 718c 60f4 5e9d 15a8 79c9 5d47
664f 18cc 4603 1f27 0f12 0028 3339 32a9 2c28 6641 07a9 3273 0107 7ddd 3425 3b62 0461 0862 7605 3188 7e91 31f5 31b9 25b4 100f 40be 5e34 033c 3a0b
7c1c 2823 6ccf 3d2c 14e2 2e44 54b3 2c99 366d 1159 2b9d 65a3 7cac 19f9 38c9 1b9d 7401 53e8 7095 04b4 56e4 21b4 714e 09d4 15f1 2a02 5486 57c3 3bdd
3e89 3fb8 5392 4bc8 2027 795b 57ca 28ab 2f35 7fd2 151b 2bfc 32d9 7fc0 3303 5888 27e3 0991 5486 41c1 2a5a 25de 68b6 46c9 4e47 5a80 1c29 4747 065b
3112 253f 2223 0894 73d9 55cd 3d28 5a4c 6a32 535c 475d 29d0 47c5 1966 5302 47b9 724c 7b52 7fb4 5580 69bf 1f7f 35fa 7f7f 34ce 202c 77cd 16ed 4449
50fb 3e23 4163 20fd 032d 25b1 090e 588b 5b85 5264 5a4c 2b22 4546 2a85 5e15 462f 4e7a 1e78 124e 2531 6d9c 679b 6683 1085 12e6 6955 2c46 766e 32dc
4f57 0424 44c0 2d6a 417c 2476 3656 6158 32e8 54d2 4806 7ed4 3ee8 3a28 471b 19d6 0936 06cd 096b 4dd3 1cfe 0281 498d 2f94 1613 5833 6716 7f03 27ce
6146 15f4 7162 2ecc 78c9 67ff 73eb 0609 5f9d 25d3 73a5 2b91 3077 48ec 3674 2548 1022 001c 1f12 34a3 6db5 1f5b 6466 137c 65b9 0049 1afe 2a44 79ef
29b6 2f77 112f 5672 0ce7 1efb 48aa 3a31 6941 3bd9 0245 731f 4d0c 4ead 48f8 1441 00a1 3f31 5a19 2362 544e 79e8 4f02 5a85 6ffe 5a43 6db7 44be 1ebc
5f72 3b3a 1f97 00d7 5e7e 2558 669f 148a 2eca 23eb 0bf0 6094 332b 69ad 3710 7e3f 072d 6209 10c0 1861 748d 181c 4186 5acf 1fb7 1712 57fa 0d9a 7014
7f1b 4ba4 35e8 6183 6bc8 1a86 1d22 5a08 08ec 1fea 7890 4674 32a8 6533 2fa8 1688 2f17 6945 14da 0328 23d6 1e35 663f 12ca 2418 2e7a 0bb3 6f70 1d6b
15c6 01ec 07da 6e54 109c 6043 49f0 35c1 1e2a 0e2d 76e0 7065 3b31 67ff 0474 530b 29b4 0fae 6501 468c 53e7 5e54 385a 777d 2882 6c34 4e74 7c98 6515
5b1f 6f9b 4ce2 31e5 1c4f 2a69 62d0 284a 1a61 5fc9 4da5 645b 72be 5b0a 4d68 3e39 2bc2 4e71 4086 36be 2919 2086 6647 1698 2035 6e5f 7a09 3084 5a53
3d15 108b 51b0 0261 3d4a 1ce7 3293 18f9 3c10 1653 4ed4 6760 16bd 0cba 5d6d 389a 7530 6432 1ab8 4076 48c0 2632 2303 0bd5 2cbd 36ce 7836 4545 6479
3f92 4086 625d 11df 54e0 5f7c 3881 30ea 0ac0 4abb 3903 3468 4e7d 0596 2e09 3dfb 71cc 498f 5265 20a5 66d0 7181 6c42 3435 4a3f 4c15 4e2d 1b0e 4d08
23c9 01c9 556b 415c 63d2 4ed2 5c04 32b1 0733 3c72 3a11 5930 70b8 44af 1c0c 4520 0d44 2e67 55ce 4071 012a 0abb 5417 69fd 7eea 71e4 6c28 2743 331d
056e 2c82 1b18 6b66 1d89 4faa 5944 3168 652f 68cd 3a06 3a92 5f44 5b4b 6b6a 4159 26bf 71c2 272b 3247 547e 785d 6f73 14a4 212f 44ac 5c20 0a32 3a80
40a2 6bb9 5582 7bdb 2497 794d 544e 0c6f 11dd 79de 7c06 2d78 0820 632a 31f6 6d00 0061 0900 62cc 6584 3a4a 0d7d 6ef3 218e 488d 6d1e 3fd4 0a83 58e3
41ca 72da 534a 042c 4769 186c 3154 631e 0212 116c 2f41 5d89 1bf3 29a3 6a2e 3f9a 4266 686d 3d54 4a8e 332b 7b3c 4f87 03e7 3782 26f2 03ac 289c 7a0d
10d7 456e 6bcb 3c3a 4c4c 5bb5 4e20 45ec 4b88 1c8f 7be1 5c0d 41fe 4544 28b3 3134 62c3 3567 716d 2bb5 1496 4bfd 69f0 08c4 5ffa 1dbc 2457 4b17 5403
746c 4d74 61e4 0946 70e7 30c8 3a90 695f 0638 5838 3678 3f5c 4c2a 40e2 68f2 4454 0533 18e4 5af4 18cf 788e 2211 6aac 06ed 3116 2ae1 5a61 7742 757a
18eb 6aa9 38e5 75a3 5c0a 666e 222b 705d 662d 4435 450e 3f3d 2eb1 264d 7e10 13df 6c5c 11b7 2c5d 227c 7b6a 4888 5f6a 41d4 7192 4513 6e13 37a1 1e22
1c0b 1f9f 3c24 6ce4 5983 53af 5680 6ef2 2f99 6062 077b 628b 3a8b 015e 68d4 3677 1867 0bd8 1326 5074 4900 2292 513a 2e60 2063 06fd 5ac6 56a1 6227
4dfb 7134 7677 1665 41b8 4bec 7239 2ba5 0645 59a4 12c8 025f 03ef 4653 6428 7a30 4583 07b5 7c13 57d5 1508 362d 0b6f 535c 438c 3dfd 7480 505d 328e
58ae 5a81 765f 50ea 5dd2 5eee 1a0f 55fe 526d 36a6 3f8f 2b79 3c8d 0793 3fef 71d1 619d 5746 5d27 4c1a 3262 7ac2 7ea3 3069 2fa5 0813 3a5d 69b2 1564
1578 5408 3f8e 134e 7f6f 3c5f 7b3e 6d47 2b9e 0820 3d7d 4b22 7a7c 47f3 6fd3 524f 3d1e 70bf 02fc 5ccc 3159 3977 05b5 45b9 4199 346c 6b11 6bde 5165
6ccd 7b36 41af 637d 39dc 49e7 2a3a 3a45 61a2 442d 6b51 1e16 05a6 0921 780b 193f 2f9a 078e 7553 15cd 2ac7 3bd9 62b7 7c07 5f3b 2a80 06f9 2643 5110
4f4d 461c 16bb 7a6e 0458 5771 02af 78cb 7bd9 12dc 6bc9 726d 4c46 096c 650a 75fd 3473 4525 3cc7 0e34 1fdf 0047 31b1 346b 7ca5 713a 773c 4795 7ac2
4562 29af 37e9 2d2c 5577 6868 016f 1da6 71c8 2940 684a 226d 3c3a 3d24 440a 2c7f 4ae7 2475 57d6 464e 0f04 7dc4 7277 68f8 3992 63b7 378e 03e4 1b49
4d33 6773 738d 3b08 6e6e 137e 0609 7af2 5ee9 363c 2435 0df2 7a65 122e 3b63 72fb 52a2 4192 1d67 748d 519b 2c7f 50ac 5a4d 5177 21bd 63d7 591b 3a0c
7069 4472 675b 2456 73e0 36a2 4579 01d2 63f4 1149 76e6 6f1f 22b8 4a55 3d80 1e8a 39e1 36bf 65b5 43b0 30fb 2c97 4e28 2597 2777 0aff 135b 0c46 6417
3f6e 1070 5530 17dd 053b 5793 689c 38be 033f 45cb 08b3 66f0 51e6 40c1 4d86 7a76 4e81 0096 14b5 7c41 5f09 043a 24b9 78fa 2035 4be8 3a86 1dbb 651e
173a 0e5b 57c4 14f4 513c 7156 24f8 3e79 0501 283d 7d07 0892 7e67 52db 1d91 6b5d 178c 1643 503e 36c8 7517 6d03 7dc2 0d30 625e 270e 5d03 4e63 1647
21f0 7ed2 3210 0dc9 45b0 6c43 6eb0 0c68 4f6b 4f7c 1519 58b7 04a3 26cc 24b8 5682 15bd 37e9 4832 5021 6e77 4f2a 3bd1 599b 6b1e 26fd 63e4 0d44 28ee
476c 2ec5 16fc 3738 428b 6e2b 27b9 5852 3c4f 7133 114c 31f7 5501 4024 7def 1322 469d 6f3c 2be7 7c2f 2e30 7283 44c4 44a7 3728 68fd 4aed 0849 760f
23ac 389c 0d72 1a03 1001 4eb3 70da 50cb 4947 1b65 5c36 5845 3846 460b 6f23 4606 77d4 6f88 6bd8 4f5e 372f 173e 7af3 7e02 6f0f 354b 5281 4f3f 418e
1844 6649 44d6 12ca 78f0 6259 3040 2a1d 2582 32af 37b0 3bd4 0044 1ddb 56a4 715a 4a99 48b1 41d7 0277 7bc1 08a6 608c 52dd 74da 5f8a 2827 2528 20a7
3752 4b40 694a 0c02 6b8f 695a 25f3 6f60 66d1 3035 1e62 7476 6cab 4c85 6314 0f41 2abe 568e 2cdd 4cd7 553f 2cbc 1ab2 2abd 58c4 7ea9 46a0 4d7d 3bd7
4b83 1a9b 2b2f 4b3e 43e1 4b34 4256 3e69 2320 06b4 7586 441f 6316 2dd1 4c05 1c92 4515 1b9f 022c 0d56 55a8 6663 3f3f 2742 1096 5591 4827 22ae 2b78
0212 4d7d 052d 35f8 0784 3cb1 3c7e 7e81 67aa 5a16 2dc1 7036 0e77 69f4 5b4b 0fc8 49b8 4339 3934 66ba 7aba 016a 06c2 6815 1eb2 5e61 37d3 7746 1b91
76c5 06b1 3a41 5990 02a2 073f 20d4 2f3d 6bab 2e99 0ce2 5da6 6741 401a 076d 101f 684c 59aa 7d05 6533 78a6 1b5c 27a6 62b8 7b62 5a83 4747 7e89 4d1b
40ed 4769 23db 4f2f 280b 6dd7 741a 141a 1dc6 7048 5107 5231 5067 56f0 3570 087f 1efa 072d 4f31 7f66 628d 5bdb 00aa 4ee3 3ecd 17ec 1802 0839 76e6
0910 4140 6c72 1c67 25fc 3ada 2169 3528 79bc 5159 0383 7662 198e 446c 48e1 7f7e 2e8b 1cec 51ef 57fa 2d81 13a6 744d 3b4c 1850 0412 462d 43f3 2562
76be 093c 24b2 781f 7fed 109d 6b3a 372d 7c99 5ab8 1a00 7d42 3a58 54fc 2152 1f73 6537 4f39 007c 2063 6b38 7ccd 5830 3579 4d08 7197 50ac 7801 5c63
5442 1a06 6e56 6688 6898 3f42 6d76 514a 16a3 1dc6 2e57 15ba 31a1 51f3 2730 349c 78d0 28f3 41eb 7012 5618 31fa 2ffa 7e12 2645 551d 0554 59d5 3b74
792a 081b 2dda 6f73 6b42 2f60 48a6 0c15 15fb 42ed 2013 04f4 24a2 3ea0 626e 7c36 1ddb 3d70 7333 53aa 40f9 3e85 3656 51ba 68ed 61dc 3766 1b98 355c
6eab 090c 6e4b 5ee6 48b9 29f4 5e47 2f5d 300a 5997 596e 28c9 2e7d 5511 1f33 07f2 1a82 757d 69a1 5c7b 12ab 7473 56bd 599a 2b7c 6c20 74c2 769b 1d29
0437 50bb 2e78 0e2b 5102 0cde 57af 5d21 1c87 5f6e 1525 6402 6d4d 00e9 55dd 38b7 320d 6972 37d1 32e3 0ed6 783b 07b8 2c9f 718f 432e 7a1a 0013 229c
1f62 4150 046d 04a9 3d98 5609 45e8 03ae 29e7 7e80 5dc1 23ca 27e7 318d 227e 2f5f 64c4 6999 76fd 0b67 08ca 59d0 1ef3 7f98 7a47 2cb2 4fc8 3a23 3e08
1977 78ad 6bf4 4dc1 71c2 10f7 0e24 03c1 0ac4 7d62 1f71 66d1 750a 4e18 14f9 5fce 6581 4994 7ca2 52e8 3534 4c1e 25a0 6dcb 6d69 3319 2b53 54cd 6b22
680f 6a76 2690 4865 2a93 4582 350b 1ec0 1a89 3ce2 0e24 0715 6419 0520 5a5d 1205 25e2 39da 227a 7d80 2606 43e3 58bd 32aa 0be7 7175 74b4 5406 5c92
61d2 1689 4ee0 6353 3eb9 12be 4995 79e6 52c1 027b 2dac 0be1 6b9a 24ba 6ca0 6d6e 7e46 5910 4b7a 5f12 2042 3605 5f07 58a3 606a 6b07 5fe8 3b68 3006
0ca2 60c2 2b74 7a50 4a16 7d47 79d1 2e15 2e49 2de3 5a4c 66e2 2102 4ff1 01a0 4183 2b7d 7895 74b6 5e9c 3924 2318 70a4 5f06 03a9 667a 6f8f 2838 6d84
0ca0 1e98 474d 4f27 2c32 11ed 7467 7fde 5809 265d 3e73 20c5 7cfb 6179 7e79 29f5 62b4 1266 179c 33de 6afd 02dd 1014 2123 4fe0 25de 3931 6f0b 3b67
5056 606e 59ae 3f8f 0419 5180 7400 27d4 6f11 5ea8 264c 3aa4 7b02 0049 5482 2dc0 445d 1072 1980 0e26 1535 3dcb 2d48 6c6c 26af 351d 73eb 1724 5f7d
1fa6 76a0 78dc 0962 3ab7 06f9 2696 2575 31d4 635b 7a3a 0404 10d9 2179 0055 55c8 0d3c 6494 4f65 7047 49a3 2553 35af 0864 17fa 4768 6b74 6af4 30c3
50bb 3a6a 4a82 54b7 2bf2 10f7 731a 5a83 50ac 61a1 6c57 3412 397e 3536 6742 3221 2629 128f 0057 7785 5408 03aa 197d 4f96 0fa0 736e 0c53 6e9b 4174
6b1e 5f09 36e0 55fa 18ba 2dc1 185b 1377 0136 1b30 2029 3294 018b 6660 3f42 1d8a 4e37 08a4 7b8c 0fbc 1c44 1a23 7a04 1b9c 1c22 5af2 55ea 7c92 3b14
398a 623e 637f 365d 4ef1 0d30 4097 70ae 34be 5e39 3247 3763 6841 22cf 03c7 3245 7ad8 0183 46ea 6959 0bc7 2105 6f6c 2e5e 5598 79b7 6b24 20d9 0b5a
3c54 3737 32d3 468b 1c20 1737 4004 4fbf 6af4 4290 5e3e 1be6 2649 0663 7dfe 12f7 6018 4e91 0d1a 38d6 049f 2e4c 2808 5e40 51b3 63f9 4f49 102f 2724
55b9 1286 66f5 4c1e 7af5 42db 3690 0bfd 3506 49ad 6f37 3ae0 4795 25d8 63d6 5f15 7d36 3d93 2bce 749e 270b 5bf4 75dc 6569 152a 61ce 0d1f 5f97 580c
3287 693e 4f4a 7831 40e3 16b9 11f0 7e85 54ba 3e3b 0c33 6bc3 1483 2006 2615 5f98 609b 3dc8 24fb 0b29 6783 77a8 29e7 4631 22b9 35ad 4397 6cfe 01b9
0cf0 65ab 3c8d 7b3d 1ceb 0d79 3dcb 56f2 5343 29b4 27b0 45b8 1281 3509 29dd 3995 2a32 5fbb 4839 0af0 2ec3 000a 1336 0b00 15ff 2540 60c7 0ba5 76ba
618e 3742 06f6 0cb7 34e5 6456 73d5 51e8 377c 23dd 1b35 3d96 07fd 4f6e 4c8a 64cf 28fc 48d7 46b3 1c20 3a48 568c 2a0f 6cb1 1280 0437 421d 529b 732c
1c4f 6612 4ccd 0d73 12eb 6440 3418 5f73 5ed2 138f 2ece 7e58 3d7f 57b9 3451 6674 78c7 046d 151d 32cf 5c9d 588b 0155 3c42 0663 048f 1509 4b86 4899
6bb7 4aeb 74fd 3225 62ba 43c9 762c 35e6 426d 16c4 0604 48bb 1858 1351 06d0 2a4d 685f 3b41 2fdc 7d83 7931 7dda 4516 391c 1205 7d38 3879 0218 3f6f
1af5 0a4c 413a 1325 28b3 070f 0939 72f2 5dc9 4409 7777 6063 72b0 4c5e 3dae 38df 4d3d 4734 3216 6441 08b2 1767 0610 796b 315b 1791 6dfc 2d7b 17a7
6e04 48e5 0942 32f9 2ba4 3007 24d0 4da4 4473 4d8a 4ac8 1288 7a6b 2653 5d6b 0b93 2d98 546a 102a 5838 0f64 43c8 7d06 27c7 73b7 4850 7cd0 7063 0165
6fbd 3b19 4189 16c5 77d7 4d2c 6d42 5b17 779e 335a 7875 4522 26ec 4096 1cbb 6ed6 2122 221f 5d19 6de8 090a 3d46 2022 36e5 0aca 205f 35e1 4e31 4116
30e4 0cac 11a8 78c8 5afc 05aa 483c 46d3 5c93 2457 41d2 6450 1267 5460 7d0a 6239 3688 1592 2ea1 25b7 05c3 0b0e 7110 33f2 481f 3a43 6198 5cef 294a
14bc 606d 424d 5064 48f2 15c0 3885 508e 1315 550e 224c 4f24 4410 20cc 7fea 4727 1963 2123 692d 6fa3 6f8e 3d88 747c 7254 7645 0449 111e 2f8d 0fcd
3cd5 30db 1d1e 3fd1 6a90 648c 516e 19e2 280e 63bf 5ac1 1f50 2eaf 41f2 50ec 39fe 1931 00c3 6b0f 73be 50af 5bf2 660d 1735 7808 593d 7818 54b1 1be6
66bc 1e70 5cd2 154c 08b3 004b 0666 7b62 2cd7 43c3 14df 55ea 3491 6733 329c 7851 4e1f 155d 3087 6401 7e5f 1952 6f33 4ef5 7029 1175 5a53 43b4 0e75
490a 5d37 7b2a 399c 1f70 4261 07ae 5679 4172 72ec 7c22 043e 0549 3a70 1ef0 6570 5bfb 7635 1701 1a45 37e0 4c97 5a55 3878 4382 06de 27ba 29f2 24c0
50d4 0b60 43a7 2a72 49cc 69ec 0c13 23bd 3829 2535 6d1d 4cb7 0073 493c 31c7 0be4 3814 4356 0b30 32c7 04ff 4a4b 6af3 6199 79a0 7a1b 5f9c 2836 271f
33db 51e1 5044 7ca3 0b32 1d4a 02be 3db4 0c52 047d 4f89 2633 2869 13de 501d 72a9 5f95 1309 39de 6afd 27e2 4571 5941 70ca 37f7 74c1 3486 2c40 1791
4c16 1ccf 68cd 278d 1779 09e0 7d8a 1d51 68a2 7e34 171e 2673 73c1 74c8 1cb1 4037 4837 7477 1df0 036c 7fcb 0539 6b4a 0ba6 0c54 212f 7ca4 7218 1098
572e 56bd 1ca9 0f91 4a0d 08ea 487f 1cd9 5192 7add 791b 6261 3e34 0a49 01f9 7e79 78cc 1f47 1d54 7cd5 6732 12e8 2c2e 67ea 02b1 47be 4ff8 0d17 548a
4c8a 19b4 64ea 6b67 6647 393b 4a02 223c 15f5 3f59 3be4 7c39 0a74 181f 3986 3dca 50a6 1d89 6166 1466 67fc 7ddd 2cbe 405a 026f 2991 5b07 065a 6425
72b0 317a 5de4 4263 07c1 0b6b 5488 0482 5736 5164 5c13 32f7 32be 228c 67bf 51de 7993 3f64 472d 7769 1dd4 18c4 54c1 4815 637a 7abb 21b9 411a 6564
3697 64d5 6fba 4a2a 579f 171b 48f5 4d97 5990 0acb 0736 4a05 58e0 19c0 6290 46bd 3ed1 4005 6ba4 0cdc 3278 5aa1 4fdb 6681 326a 39a1 3a88 43be 2698
4adb 6675 6f8a 15ff 56c8 2909 1e90 3bda 2b3d 2b7d 2389 2be3 6fc4 4a58 728f 1d8a 23ca 75a1 09ef 7566 46b7 65c2 7b88 636a 51d4 6d0b 2692 0ff1 666f
778b 4bc7 6206 0c77 5e7b 56c9 0f22 1bc9 4d98 5ed4 3b99 4992 2e53 56cf 3c65 6e9c 61ec 11ce 1da4 440f 5f2c 4da8 2103 0fda 2a15 171d 0d0a 6fde 32a7
08e7 7959 0896 54d0 7f25 4e6b 6eed 7fc2 4cb8 0fd7 7fe9 4c0d 07ff 3ed1 17fd 626a 6c7a 696d 3b9d 48a1 137a 34c3 5ab3 254c 0fa6 48b9 1cf7 084c 77b8
1c3a 242c 32e8 3f9b 0b04 7d40 40d4 0cf5 4b16 442a 1d82 7288 026e 7f58 0384 2573 426b 5ae5 6adf 2473 60ad 6983 3de2 7ffa 0bc1 6d6d 2167 4eb1 04cf
70ee 392d 305f 3b4b 3f5b 7a2e 6f12 301d 79b1 5251 538d 424b 0b1c 46e5 1374 65ee 3852 3379 2bcf 4ec5 4462 22ec 5812 7091 2992 4ed7 2fa9 1890 7a09
53e5 5964 752c 4c81 194b 0fa7 2916 52cd 4512 1964 79fe 7c48 6875 4bb4 2829 347a 1316 51f7 5976 5b76 09dc 4e71 5c83 549f 12e7 3fa0 485c 4fa9 5f25
5fad 75b7 26dd 2ca3 72ff 5bc9 6625 0b7b 2ffe 5d54 593b 495a 559f 24b6 170f 467e 4b30 5e27 04be 6536 1e80 4318 42d1 1ed6 43cf 77c8 5a36 242d 179b
38ac 7875 408f 377d 7e3f 35f9 7aab 53f1 0426 66f9 78c5 19f3 6603 25e0 1c10 42e4 6cb7 1356 73e0 1c5c 0a11 15c0 1802 6f74 7e2b 72b8 0194 2371 2f5c
1b67 4ed4 6308 33eb 0abd 788d 640c 4213 4286 3759 70b2 5786 3719 14cf 2217 36b9 0d73 645a 1c3b 6630 29d2 3e6b 611c 47f7 0898 709d 3a54 72c2 50da
5834 24fb 6a2b 662a 5392 5580 6c2f 403c 1440 2d02 2213 4c86 27b3 32dc 09ea 3924 34f3 46da 7ee5 4d8f 6341 3531 188b 6a53 385b 3eac 7590 3bdd 6461
4986 00dd 5ecc 09dd 73e9 428b 16ca 6869 1849 132a 5815 0520 7ab7 711e 3c43 10ce 4a71 10e7 1cd1 623a 0f84 1fa0 50c0 5563 47f6 6e94 438c 1d4a 6c0d
640b 404d 474e 3dad 0092 3246 546b 7775 0d3a 3051 7d35 209c 580f 5a04 1ddd 5c14 4613 274f 2437 66e6 6482 23c6 2f26 752a 34f4 0c58 27d1 6a78 46af
7139 6c41 5932 393f 4dd6 2584 3a97 31fe 152d 67a9 53af 330e 4026 5cbb 0cff 25ec 7b64 1187 0d65 1502 5bc9 71a7 32e0 7edd 4dcb 64af 3b38 750a 3c64
78f9 557b 2a2e 1386 2a15 3f3b 7c45 6e1c 1e6c 791b 440f 6148 6a18 2e15 65c7 0fc6 2559 1e9f 2a20 5932 2e5d 02cb 203c 5ec0 1dfc 4ab3 4773 19f9 35c3
7d7a 1f58 6b34 566d 704e 12ef 2cac 4897 1a66 71ef 28e7 1618 35c9 6fdc 35b3 5bef 2d32 208a 574f 7dd6 1fff 3c50 58ac 325f 2817 65ec 46d3 7b28 30e2
3c45 7af4 072a 443b 2bd5 375e 0314 69c2 3205 0043 651a 302a 747d 4a85 2c68 5ea5 2eed 0f2d 5e4d 5b27 40cf 3721 07af 1421 78da 1b16 2690 7276 00d2
6471 66f6 2233 5d1f 6435 4de5 5f46 7ae6 6dfe 6839 753d 263d 55de 0ff1 4811 0b7f 63a6 7780 76f1 0a78 178d 21ff 16f4 70a5 45a1 4cb1 4053 75b6 25ed
0bdf 1228 4858 3a61 34f9 2ce9 235b 7527 0069 1e73 570b 6dbc 70d0 74cd 13f8 35e1 5555 6bbb 41d3 73da 0142 1a2a 08ac 46d0 0b49 6c3c 0496 2ad2 21bc
2846 7159 70ab 7276 0429 1855 4bf7 5638 374f 2795 39e9 06d6 08d5 56e3 04ff 4b36 4b12 1dd1 02ea 04cb 20f9 7559 733b 68cf 1c6f 2951 1ae5 57fa 2cc8
5cf8 0385 72ac 11bc 4e34 1fa3 6c42 60fa 0e85 4577 7689 5f00 54de 3bdc 4612 340a 1541 18c6 0ba4 081f 16bd 43ad 6d65 6ea4 5f98 6b98 7bb5 0351 3933
5264 31ef 7d51 5dfa 2107 280d 5245 11e8 26ef 386a 7cc1 2e8b 6a4b 51e8 56f3 259c 50a4 6006 705d 6239 21d2 105c 1085 0696 5a1f 19df 3434 4c7e 631b
1d91 0b63 0946 567d 1ccb 72e0 5cbc 3f9b 1358 13d8 1d26 16d4 15e3 46e9 6800 1c2a 58b7 5393 28bb 46ab 78a9 2f6e 1097 3de0 77ec 33a6 5080 081e 7752
679f 4161 22e3 65c8 6ae7 5d89 09e6 78ad 5ef2 7ee0 1422 29fe 6956 7509 0985 29a8 4f69 0904 1d21 48b7 5a77 502a 1ccb 0086 67db 4836 673f 3e9a 4636
6929 2154 73ae 53b7 41c6 3ff2 28eb 61ec 2967 0fb5 0e6a 12ff 6f12 0136 2dfd 4dbe 3fd6 28e2 635c 6f7b 1442 254b 43e6 32ed 3152 4012 1fb9 37c4 1c5c
3b86 56bc 05f5 424e 51dd 2e4a 2993 0dc1 51db 43e5 31f1 5275 76eb 1b5a 38d5 7270 6d6e 0877 4693 6848 72d2 5523 3c3b 3618 784c 608d 1748 3a8b 0919
012d 5f74 07bc 5850 44d1 4616 1649 773a 02f2 4f3d 0950 11e4 0785 3eaa 1f6d 0676 053b 7b83 50b8 5426 648d 387b 3e72 25df 1b7c 3a7d 12dc 200e 0442
47a6 0db8 526c 3b04 4096 5b29 133f 7a57 0433 2edd 15ab 752c 57fc 3068 277c 342e 4a70 3520 6334 6b3b 4773 1c15 2d1b 2e08 505c 7966 5f93 5374 10bc
4754 7d2e 69ae 5b6d 6468 1801 632a 1c9f 4fab 46de 6d98 77bc 04ac 198b 13b5 3572 4962 103c 71e5 3ffd 2bf6 5a83 6e4e 4d5f 1c44 2ded 203c 6f6f 4a12
4f98 2fc7 70c0 0634 4516 5230 0fcd 3d55 25b7 16bf 41d2 41da 168d 0a03 0015 243c 7943 5bc6 7c9f 0520 21f0 0df6 726b 7bd2 1770 47ae 5b4d 3bd3 4f2a
7d01 0e7b 5485 5a01 6ca2 3f2e 1c40 09a8 3d8c 692f 70f9 0adc 6d5c 7032 15ee 03af 033c 746c 474e 0b34 672e 2de6 09fc 1f57 1296 6d82 7616 1fc9 6b0c
597f 09d2 37e6 79a6 38fd 1226 05a3 55a2 0b26 619f 3d3e 66a9 36c1 1f56 52f5 105b 1de1 4b16 42a9 592d 31b1 413d 65c8 51cc 73e2 37bf 1927 4b4b 6e9c
4325 204d 31a5 6295 44b5 1989 7272 0cd9 09f1 2857 0149 0641 3183 758e 4a28 3592 6027 4483 4aa3 4188 576d 5c33 2876 0a24 18af 2140 1e19 6746 2ebe
6dbc 0e2c 686f 2832 4319 1c94 08a9 0a6a 3ed1 78ab 67d4 0d11 369b 22ff 62d5 1585 7cf6 0e37 165f 5358 7936 7476 26f8 35b7 37fb 1b26 0abb 6dcb 50e5
5fa5 26d6 3383 0ebe 71e7 4f4a 4e6c 268e 0ea0 4182 02ad 6175 280c 492b 7c46 6429 730d 7c7d 1537 2558 1934 4474 603b 7de4 275d 2963 1f8c 62b7 39c2
7375 3608 0d99 56bf 4596 69c2 1844 6364 541c 2821 5790 294d 39ce 666c 3977 1831 45a6 6dc0 6bd7 425b 12ff 78c9 20c0 6368 72b0 46c5 7158 46ca 2b7c
3b9f 7d62 196e 489a 0d8a 7ba0 5cb4 09b0 7f09 135a 45dc 3861 674f 2742 3a75 3949 3414 0864 1267 3199 12be 7ba9 2885 2c8b 1fd4 5468 49eb 2382 2c5b
2a73 4eb7 3061 57f5 3557 0a86 0fdd 41c3 2b36 5e58 49b3 596b 1f4b 0ce4 63e6 5ed0 2062 0b26 120f 32e7 0415 1d12 1a7b 6f33 4a1d 02c3 0e13 3b96 084d
3805 7288 1ec5 0980 7469 699e 490a 18d3 6025 5181 0ba0 540a 5ad0 0798 1a7b 00a0 5f33 5002 5a7a 03b9 2b4e 3f80 6d2a 6b6c 08ac 38f7 049a 4212 781c
73a4 5d12 20b5 064d 18ea 3a0d 58e7 32cb 2ba4 2faa 6a8c 3276 528e 0b97 039d 0028 4aea 7a69 1d2d 50f1 1267 237e 1859 393c 1959 59aa 7c03 77df 1ca7
6e22 45b0 13b0 3d81 19af 5b83 4f7e 72c6 2ab8 0b58 338e 0da9 5a1e 73dd 4fdd 314e 7a59 0cb7 49a1 2956 3be1 768c 684c 355c 1d80 00ef 318b 7242 6a84
23b1 33ba 5caa 32ea 5108 7911 1633 37de 6a6a 713a 5ffc 4c41 67f3 7e85 63eb 72b8 5146 4924 55f1 292a 73a0 13b6 01ee 6412 4ced 71da 47f0 450d 61b1
0a33 761f 310e 4a1d 3c9f 269e 2ea4 2b06 23fc 35bf 618b 72bc 15bf 5fab 7ab7 39c2 7006 148a 7e20 5a4e 2e55 52ff 4c62 41fb 1cc4 34c3 76d8 424e 1671
77a7 3d0c 5a09 0cb1 6a73 0921 1959 40fc 4fd6 4899 17ef 3e65 2d27 7c17 7165 277d 452e 7439 6dc8 62d0 61a6 34a2 45e4 2031 7690 0c38 2113 4c08 72ea
5a8b 5f89 1c8e 2b52 2106 1b12 09cc 3dae 28a9 49b0 5bac 1b61 4ae2 2f49 6cf9 1f74 19f8 29b6 35e6 0385 3c44 5154 63eb 66f2 06a6 6245 2d6d 6e5b 36b4
2b32 20aa 0ef3 225a 00f0 3f3d 0bf1 08a8 452f 548f 48f8 4126 2aa5 3544 6321 1beb 5f6d 5b7f 3492 24da 4b85 0cb7 30e3 2d9a 611f 68f1 7260 0b4f 6f19
2878 4f1f 3a93 429c 468e 07d3 4d04 2d19 6474 34c0 0984 7c7b 4c55 4de7 5313 45ca 517a 1957 0120 733e 0684 3d79 76e0 2f68 5af9 3e28 6020 62bd 6f6d
563c 4c9c 6309 00ef 3aa4 43f6 3b99 36aa 2cdd 204b 7f9e 7474 7a4f 4d3b 652c 58b2 61b4 1f54 422d 2fd9 4367 6602 3a7e 4344 57c6 6803 10ce 0c28 295e
2513 03c6 26d0 413c 55ca 7f53 52f4 307e 0284 1049 4d3c 6383 4664 41b6 7c64 7f10 09fc 193c 3fdc 368a 19ae 1bb9 62b8 08ff 14ef 580c 69e8 14b5 0ba8
3c74 4ba0 3620 33bc 4602 4263 7db6 03c2 4298 70d3 6def 283f 06c1 5be2 282c 54cf 00f2 6846 6eae 79b3 7ef3 01f2 34e1 58c6 450d 2b82 5ae2 6b91 7d7e
37ab 4a85 3c08 3da1 4152 6dc4 6e7e 454d 44a8 1af3 0040 600a 55a4 44bb 0427 21c4 529d 31be 3319 4a47 2947 0a6b 6d83 5bee 7694 3184 0b94 2120 79ed
606a 6939 06e8 2e65 4062 3a52 5d16 439b 2200 78ac 2e85 6549 6bee 7db8 2106 25ea 45be 3352 122e 4193 1269 0b28 7722 5bb4 7984 15e0 0f25 3dfe 5ae9
372b 5672 7dc6 6f46 490b 08d3 043d 1622 4e35 4cff 5ec6 06c4 6565 1db7 3616 1c0c 39b5 2529 75b7 3d1d 2a3e 6263 22d4 2fb9 3075 28a2 3f8c 3dde 29a0
660e 1825 63e0 185c 4ccf 7b42 4ae3 2972 3c91 10dc 02e8 1d8b 415e 7cf3 6723 1db4 1dd5 2168 4d0c 4266 3b50 05b9 0f3b 715f 48d3 51db 34c0 187a 2a31
233b 4fdc 2429 4752 0b55 196f 31df 30d8 1aab 31d3 559c 4f58 7771 6d37 2bca 0b9e 4210 35ef 0550 71f4 32f4 18d9 5887 5e69 6312 0d81 34fe 07b9 00c1
11e6 2b6d 7395 6821 1052 170f 3f39 54a9 6929 4227 060f 0348 1d40 0029 7c65 6888 7593 3d10 44d0 35a1 023b 0122 2e84 428d 648f 12eb 295f 2475 2a22
773b 10a9 34ac 14bd 056e 1c2c 44eb 68b6 1596 25db 3558 6335 1174 141e 68a5 1eb2 19af 272b 27e6 4185 1520 6a35 1e66 6e40 6893 4347 2a8e 1c96 7701
2b90 177a 629d 1118 6e8e 6c27 6691 2d1d 263f 4547 6a77 1d48 77e3 5085 53fa 41b8 3eb4 2578 2e18 4682 27de 3ad4 2669 5f62 311b 58b7 692d 4b58 7ab4
48cd 6821 07bd 1568 1721 2d9d 21c1 42d2 2740 73f6 2725 12fd 3eb8 13d3 0578 1f1b 768d 02ca 052a 7215 6b6c 3bbc 3881 530f 1df2 3ec5 3f7e 277e 3a70
1a43 76eb 4fcb 29d8 6bad 2645 754c 68da 1c95 37bc 4b5b 5a2a 2f15 0849 7469 6f35 1de1 65b3 4449 19d2 01cb 4c58 667e 41fc 09b0 6834 3a27 71cd 646b
7705 0b50 2a8d 24ec 06b2 3ae1 195f 4946 259c 62dd 7d87 11c1 42e9 361b 14a0 6d3f 2207 6bbc 5e11 0cff 4e4e 7067 325c 5e81 26d9 1849 5d53 3e51 30c2
7fc1 40c1 3f0e 5529 3a94 4e2c 44d8 1ebf 3e5d 2b83 2f7d 4101 5d47 4328 5230 5549 3766 3586 18fa 1346 07e9 14fb 0e50 403d 6bcf 3611 185d 5678 3840
722f 6ad1 2b37 743f 50f9 1ddd 3717 4ad1 6dc3 1117 7c9b 56a4 6143 53cb 7a59 0224 2d27 5beb 6121 00c6 2068 79cd 3626 2f63 73cd 3d1d 5922 0e28 7bd1
3a9b 5575 1e6f 68b5 73fb 50a0 1295 1f84 173c 554f 552a 61dd 60b8 12da 6331 0a32 26a1 70a3 6fc7 2569 7906 7a67 4dbd 6f9a 1095 21f0 2cfd 65f9 5cdc
476f 7be8 0035 2afa 0957 07f3 0f1b 7227 4082 7e43 69b6 212b 7fa5 2cf9 37ec 6f57 73d6 0c47 097a 20db 0e50 3ed1 4c89 3fa8 65ec 46c4 7bf5 3872 237e
6b8e 2efc 67b2 049d 0ac7 46d4 79bb 067b 3884 55ea 2536 749f 069d 0d24 567d 3446 66f1 4ebd 3e06 3d48 7f5a 476b 01ea 7905 4a0b 71b9 7f7b 4894 30eb
7b68 2b00 0f54 16dc 644e 32fe 5525 334f 3860 456c 3522 2272 2305 48ee 2dd5 70c0 66d8 69b1 7589 10b7 437c 404d 2e4d 1f36 5829 780e 08a8 4dc6 5b67
3198 66ac 5933 5bed 2f7c 6848 576a 69d2 0ca5 03b5 224e 3fed 3bfd 3109 2d64 5612 21d9 2cbe 0663 14cc 0bc4 6ac7 4f01 29ae 7761 47bb 3ea0 1963 42bc
5e73 30d6 6ede 2f61 2609 772d 4168 1106 43d1 72d4 7789 16da 26d1 67ac 51d6 4c00 602d 1a4a 43b7 15ee 18c3 562f 5e54 2055 670a 0815 7168 704d 7989
6b6b 0ba6 0afb 0f49 62c8 7db9 5bf9 16f6 0515 30f9 68d4 03d2 3ca6 4349 0e40 3cc0 2336 63b4 72d7 2316 3eb2 722d 5106 3d6f 6ffd 57ea 43ec 716a 07a3
53c4 7a4b 655c 748d 4113 188c 54a1 339b 4efb 7adb 7408 474e 3eba 0ef1 3ab3 4342 72c2 089e 3d1a 02af 3a4e 3bf6 24e5 6dca 088b 3190 67e2 0442 5ddf
14f4 40a9 24e6 428a 31bf 0497 5b8c 5256 6e0d 06f5 2e14 389e 33b0 225c 3f1f 127d 1e33 7223 542e 7130 2ae1 0220 4649 4987 0c03 795f 4daf 7670 750c
7a69 5210 4fec 5c6b 1eb7 235c 4c6f 0885 7f2d 1335 2a00 4278 3421 31d0 2f05 1192 6232 2382 1a21 3ef3 354f 660c 2dce 7687 1f7f 64db 76b6 473e 139c
78f4 01c0 3bbc 3dcd 6ffc 212f 6cd7 4b83 2c5b 7d7d 722b 090f 0904 2e14 7993 41e9 795f 4d79 237e 2bdf 367b 43ae 1879 6b94 1360 23f5 2250 3099 2745
0423 54e3 6b43 31d6 70bc 2752 4534 40fd 5a02 73a3 5a82 630f 6465 4fe7 26d0 5d75 7b9c 59ca 031e 76da 1a6e 70d5 7a4b 6722 0905 7512 10bc 0b73 4d9d
11d6 413a 46d8 6ad6 12dc 2fc6 3a46 60eb 12a3 68f3 21bd 6ced 24df 4776 7b85 634a 1dfd 7b5b 709b 5970 7843 65b8 38cf 2862 1ea4 7a06 6279 7df3 6fad
0f68 28c9 5240 6f81 4d6a 3382 533a 1fe8 32d7 6d24 13c3 6918 2454 1a16 251a 0f6a 6e87 61a6 585d 3abe 0422 2095 324f 0dcb 50de 02fc 4c65 0dd5 00a3
34fb 6526 3e94 6fa7 6873 190a 7fc7 7b7a 6b62 5e34 0a38 14cf 5dfb 1f12 0c9a 4411 55d3 195d 169b 37b5 38b7 68bc 016f 32c7 545f 2055 75bb 5568 34b0
7a32 735a 6ca5 4c73 3e9a 6cb0 2a20 5a27 426f 5f91 2dcc 3719 5853 15b4 6190 40cb 323d 34fe 06a7 4a9b 09b1 0146 6f36 3d7e 52aa 3057 67c6 171b 5eb4
5dc3 1192 23c2 5ab1 2a46 3ee4 3d17 7b30 5623 3b1d 2ff7 0013 7004 4a23 2b8b 5c3e 060a 4d87 503a 530a 481c 420d 74fa 431c 128f 1678 6e77 12da 20e6
7051 3db4 5aed 28d6 6c85 4d35 303d 7f52 0ce8 6001 20f7 6dd6 0744 2424 4afc 3936 48d7 18c9 5a7a 26f2 1f6e 0703 495e 0893 310a 6a15 0956 5eba 7e5d
42ca 4133 04a8 506f 7992 3280 0a36 2806 1d92 2b6b 162a 2843 1a20 0673 537b 53ed 306a 1cfe 3e5c 137d 3a49 08c9 64d0 77c5 52e0 410a 2b92 1196 675c
14ca 13d8 7fa0 5569 3a4c 3b2d 2d65 48cd 5255 2d1e 7611 0a3a 3420 5b34 1ff4 25ca 2779 6cdb 789b 0828 5125 6fd7 4240 534b 2d98 7f8d 2e18 6fe6 5e5a
0f23 4f8a 599c 0fdf 6a2a 6ef0 4c04 75c5 4b94 76c2 1ea7 5944 1704 3d04 5fa8 5017 4efd 3595 2e7b 675e 1d11 4bb3 5fcf 4397 4152 4a9a 74a6 534b 6727
502e 7439 0483 4029 1394 5f5d 7e46 5ff3 1789 4126 1c96 6641 77f1 7656 16db 0d65 4b85 6af8 5fbd 3022 4816 1637 3b81 200f 3087 77a2 4b1c 38d6 5e4f
4fb2 2ca3 4b11 3ae7 2e58 017d 089e 6b61 4c8f 23f5 374a 1f20 70f2 7560 542f 2138 6da0 5848 333d 6cba 34e8 6998 272e 41c7 016c 6c8e 2138 7aed 245a
786d 1375 554b 2663 2184 11b4 2dac 1196 1cd9 7fa9 3966 76ed 6011 57e7 2d61 0c58 1cb6 03ed 3ab6 0b73 7460 0f98 04bf 1f76 7c38 3394 6f04 47f6 1896
2ce6 2537 64ee 0704 1bcd 5fe5 1966 774e 7b9e 4e65 4237 07b0 5114 7696 72c8 369e 3346 5b85 14e1 16d4 1454 61d0 6c25 21c3 1e28 7199 0832 3fe7 2f42
2529 3db5 26b9 38e0 6192 64bb 4618 4e25 2f1e 6391 5fa4 2fc1 0ac2 148e 7c2a 0796 0b68 50d9 7056 74f6 3109 0533 2daf 1257 2f9c 1952 7021 564d 05ce
71c9 7a17 49c4 0096 3d89 0ca3 4e07 7eba 56f5 1b99 27dd 58c8 0eca 57d0 73cd 71f8 16d1 1899 59e0 3bce 1411 6ac3 2474 2ddd 40ab 0f62 7ded 6dec 1711
3c15 7897 0fb2 15f3 2eab 5385 395b 5377 73e4 546a 1872 73e1 3580 1897 7a77 3593 51cd 7638 5896 225f 5b20 0571 303d 0006 7184 0115 5c02 1e1c 64d0
6e00 4619 635e 70cf 7231 0283 4404 569a 73b2 74e3 28c6 5d57 6198 5e9b 6b4d 36c9 0372 732e 2c9e 3195 7130 30ce 14d6 0db6 0ad3 25d7 6bb1 6756 23cb
0a47 0365 494b 309b 2271 32e9 3cf1 008d 4bbe 67ac 6936 31c0 709f 0e23 1f30 7b6c 17cd 7ebb 51ec 5640 23a6 78e3 2ccb 0ff6 7d00 57fc 480e 7562 70e1
5c73 6535 1147 51d4 3e02 0510 0fb5 5314 6a54 03da 2166 4c07 073f 3d29 26de 6cc0 34dc 644e 7734 0427 6aab 492f 6e06 0bc1 74c3 450b 5dc5 7878 6ba8
2325 162e 3503 0bfc 3780 5550 2c3c 780d 3cc0 053f 1394 7e45 66fc 56fa 1bc5 70eb 6402 61d2 1cb4 5684 0129 29bf 6f48 0e45 4930 2f9a 369f 2bda 091f
2e4e 3a86 0c34 3218 59bd 3dea 7882 2e67 158a 5547 13cd 53bf 6d66 644a 017d 289d 29e9 1f95 0518 5e46 2679 51ee 30df 6c4b 1ed7 2d4d 497e 53dd 4e79
3909 449b 5bce 4a8f 7a4d 407b 7a62 64c8 7732 2505 692a 1f4e 0602 1a3d 2de7 2491 2f6a 0239 2b34 6744 4dc7 4720 372a 4011 29c6 4be9 7e27 7d56 3f6d
61a5 2e84 0691 0f2f 33f7 772f 5811 5f76 5c31 2b37 69c9 4f29 7d1a 7911 3567 66db 78cb 33dc 119f 1add 1fea 7c01 3c07 345c 1834 7ef3 2c50 2bff 4fb5
311a 32f1 2538 64f2 675b 0582 1630 6a41 0c34 4639 7ffc 0716 5708 0bf9 35b5 688a 5c56 01c4 6d77 6130 4f5a 1d21 4a08 3e10 353a 21b4 2016 146e 6045
7744 56ab 57a2 7f59 4f45 318c 3ccf 70dd 7f59 5cf2 172d 36d8 0230 3482 43ec 24c9 517e 4799 7f6e 3f52 5e1a 5d40 5be9 0db7 0253 464d 79e8 1fb7 02ba
1529 6198 2294 03e5 00e1 285f 0e86 1c36 6b7e 1394 7bf2 6343 14d4 7a13 28de 7baf 01c4 0424 13a0 48b4 4e49 5ba5 2d9f 2a0b 7dd4 2384 390e 2f02 11ba
05c3 409a 6451 5430 06b9 5092 3ef3 2a07 18cf 1ea3 721f 713a 1228 3fc5 6945 523d 000d 353f 3fb9 6f54 617b 09e6 729d 3fa6 3a40 7d63 124c 632e 448b
204b 0907 50ff 543a 1273 5368 1f75 233d 61f0 3ba6 5d33 5951 7117 2203 7de8 4697 3fe0 3174 0655 220b 65f4 54be 79f7 0055 1c25 6769 08a9 570c 014b
25df 05de 621c 4070 7fec 3884 59e5 28e6 0e96 36ee 3951 7ef3 5e78 7ace 2f1f 2dc0 4d6e 5f9e 5fe5 3c1d 672d 5e73 20ce 128c 23a4 27af 3612 6d55 76e7
4995 7ee0 18b1 4def 72b1 4546 0559 5b78 5081 2b7a 010b 3cf2 2156 7257 2f13 1b81 3218 492f 7d75 40ca 75fd 4cb6 4bac 095b 13be 09e6 20f0 6998 295d
7181 70be 0778 1290 1209 36bd 036d 4d8c 51f5 31f5 3955 7a0b 42ad 410d 2809 0a9e 0872 6e65 604e 3ea8 1c63 1151 2d88 1fdc 29d5 0902 17d7 6373 46c4
2dce 5a22 12c0 012a 1bc5 1560 7934 4a3b 2768 13ff 78b8 58c3 7581 6885 5600 29a5 1fb8 184a 4cc3 3818 6ce9 503f 2534 464b 34fb 4805 7a44 7c79 1922
100f 2638 29f6 1bec 0a36 43b2 37f8 0563 23e2 72e7 59e4 629d 7a78 473f 0849 2070 16be 5ffb 7b2e 1cda 1913 4a45 5d78 0b35 0158 6f74 0456 0d78 3af4
466f 703e 3f3e 6310 0512 23d5 5422 75e2 09d3 55b3 5c28 17e5 4910 2f6d 3f5f 23db 4372 5905 6132 5452 21ca 1b6b 4ccd 2d3c 7353 5eab 477e 3193 08c3
32bb 70e2 2da6 75b6 5fd0 083a 33ed 481b 5908 5614 108e 61cd 562d 7c3f 147b 56da 3ee2 260c 0603 73b9 4d59 37c0 0ae1 6aad 7862 287f 6249 1904 32a1
63b8 5ffa 0d4a 0265 5301 1758 4a43 7e08 1639 1beb 4f0a 14f6 5293 3801 4b7f 7f92 6a51 1688 75d9 0257 1fba 19cf 68c9 1a77 6078 285c 0526 305c 3f46
2f65 6dc1 5e4a 3795 5d4e 7274 3aab 06a0 2894 3512 7908 7c30 6efd 6a75 6dff 73ee 0f60 2076 70c5 30df 6d15 1f50 1596 2ac8 480c 63b3 6ed0 06e4 64c8
40a2 4361 606e 7acb 16cb 31b1 36b9 56c5 3f0e 7511 73a3 7ed8 69f3 0c1f 16dc 6adc 7a4c 085a 7079 0423 277c 76ef 751f 261a 0266 2f27 7047 52ce 10ac
3273 56cb 4e9c 6c9f 2c52 3dc7 69f1 217d 7cbb 720b 557a 7672 088f 2e51 56b4 6974 708c 6d4d 7566 03b5 6f95 732b 5d41 6573 08ba 34da 60c2 4f02 6133
0a48 5137 270d 25ec 6bf5 75eb 31c5 7497 4d8d 02e2 73a5 7f1f 721f 034d 3ef1 048d 519d 6f73 155a 4bc0 262a 7807 4208 7d0e 1ede 19c9 52c6 6641 02f9
020c 4f32 65ba 0eb6 5228 75df 47b6 38ee 6948 38e9 27a1 39ea 651a 5fd2 00f3 7401 184e 5ea0 1ee4 6bb5 1e32 544b 6e80 69cf 2d86 2cca 31ae 5d65 4620
1de9 3b6b 1fa9 1d33 7b75 688b 3943 78a8 2c6d 1526 0d95 309d 210d 24eb 65df 7b4b 76d0 7c55 568e 5a13 67ff 659a 4e53 0ef3 6002 5d0d 5b55 25e3 1165
5ff0 37d5 7d94 4c1f 4b4e 4928 4f95 2b73 5669 3354 6359 2f8e 2269 26c5 7f74 4d77 5ea7 7b65 7adf 7c39 255a 06e3 10f3 55f5 221a 7a6c 0f5a 2f81 7439
7bd5 75d5 11d9 32dc 64b5 482e 1db9 31fa 39d6 3583 3291 1678 69b9 7c8a 2dc0 7114 7726 547c 7b32 5590 690a 704e 2d34 7a03 0dcf 2c09 267d 5d86 37ef
1bb8 3018 2612 1128 05f1 19d9 1301 37aa 3cb6 400f 699f 08d0 5131 52f5 6aa1 3b09 0e2b 4abb 0e59 76d8 22e2 31f3 5aa6 57e6 7fef 720b 4808 7127 246d
428b 2515 74be 5fcc 20f3 1aee 72cf 10e9 3ecd 052f 7e3a 43a8 6b91 2509 06cf 7dd9 5a83 26bb 3f78 3df8 2d32 12f3 1604 0725 1ed1 71ec 3901 34cf 33e7
3e16 66ad 72fa 5a67 431a 0ee1 2121 22bd 7e71 0e5a 010d 4068 0baa 040c 1875 6e7a 3764 12c2 024d 7678 4a62 7958 0420 4bcf 09a1 3a5b 32f7 1764 1adc
194f 43e5 4b51 525a 0cba 3ebb 0a42 34c1 7813 233e 4d81 713e 5ef0 7225 62d3 6b84 0e1d 72cc 3365 42c5 2c31 4bfb 1337 020d 0ab0 682d 2466 4558 322b
4b28 5fd1 3b2b 6f44 729b 483d 38c1 43d9 4888 781b 3c50 3f9b 1e2c 0e6e 34d2 5236 7db6 7278 1099 07df 015e 79b3 361a 1b1e 1ae8 6898 2de5 1cc7 694b
31aa 2585 575d 609b 753e 6c92 510e 79c2 772a 6b0b 295d 2f9d 3502 0176 5e31 737b 7165 7c9b 323a 6bb4 526c 5a5a 0d79 114b 194b 3972 6409 1db8 3bb9
6894 73d1 2568 35c1 4e68 6d26 720a 6518 3672 6806 2168 3709 26a6 4889 4f2e 24a1 533f 0e11 478c 036e 3f88 5a5d 4724 1fcc 57ae 22b2 61f4 05d5 7ef1
16ab 7cfd 3a22 604e 380b 0831 4e6b 335b 56b6 093c 1596 7d36 4135 16c3 53ff 0676 52d5 3dad 37b5 3a24 785d 6ed0 51e0 0197 3621 34b7 36cc 291a 70b3
0ef9 21b3 0b29 7a8f 20c4 6543 281b 0910 2534 0517 2824 6181 6571 28b7 3d9f 2dd2 70b5 607b 27f3 10aa 603d 5511 759a 0a1f 5e38 7e51 70f2 638a 7218
2bed 66a9 4d75 108a 532b 1efe 362b 577f 132c 6332 0d60 416a 0b89 4e46 61b4 403a 0335 389e 6807 0577 5edb 661b 24e5 7540 4546 12ea 2918 72ec 7eca
2544 1c13 362a 2205 43ad 584a 3d79 4cfa 4598 41a1 5c46 1602 43e9 08eb 3680 7516 55b8 1c6d 7490 64bd 0671 2cc1 3d0a 39ae 0634 069f 70ce 223f 3545
103c 0952 3c86 795c 69b8 3210 2fb8 1f43 5a9d 1138 37bd 6ff9 1326 3af4 08bd 6ab1 0ca4 1f96 607e 36a9 3c90 6311 4a4f 0617 4e88 2411 2868 45d6 7981
6524 2c54 619e 4e16 5400 1737 7168 6f23 1188 1810 0276 091a 0802 73be 7fb5 70f1 0b3d 7acc 5419 6af2 10f0 7fd3 7dad 45b0 296d 75bb 4fc8 005e 75a8
3565 0161 1b81 68a0 4fdd 5de1 3487 0123 5236 4189 3eda 0619 3af2 03ab 634a 0254 5bac 42cc 63fe 3bc4 6591 5541 5cab 2867 4caa 7c5c 1533 0b98 18fa
7b2f 4beb 4e46 0fca 1ec1 63ab 2d86 1ffc 5f2a 6fd7 6db0 4e78 425d 45c2 2019 05ec 43f6 607c 6b99 397d 0c7f 1207 7386 2a9c 4b03 0a22 4885 69c2 5f3a
3d6b 0f96 5285 0f2b 71bc 2e86 6d5a 5634 0ec1 1a82 7cd8 5ffe 0363 78fb 3864 46dd 3e00 6312 6a48 5223 3f44 1d84 2cc9 19cd 5398 2ff9 2b82 18c1 1035
72eb 4ff7 6549 4a93 26ab 3f45 19b0 1be9 5d71 77c2 606b 2a97 4f30 28f4 7aff 64ef 6d0d 4ee7 3fff 472a 72f9 187b 59f3 734b 0a95 59a9 7386 794c 7b5f
2973 3fd1 6729 34b4 5976 02b1 0329 7e15 47c8 0a98 00d3 46fb 703f 17aa 5b29 3c13 62b5 449f 0724 5e2e 0806 4b29 559e 7b85 6405 7350 1152 05ce 7f01
25f8 279e 38b0 0c0b 2170 65db 7fa8 36b5 05de 23b2 1670 6352 4c53 34b5 4333 53e6 3ac2 53dc 096a 65f4 6861 103a 4b69 5d72 3677 1f1b 7def 33c9 25f3
1ece 1a8a 497f 2278 4f70 7fe7 3c1f 5d2d 6991 01e2 125f 1f56 7459 3e4c 4650 5978 0666 69cf 36e9 151e 6ac5 4376 6f63 0268 0e8a 468f 4056 007b 7f78
48e1 1037 26ab 4fc3 50ff 215a 2ec9 1287 3af1 41e4 2381 7fba 5bfc 7814 613f 649f 2a5f 0ee7 0059 34ce 7134 7223 6359 3dc0 7243 3b3e 28ff 3e67 347e
7d41 5359 6f33 3578 3ab8 24d1 2819 5439 5999 7c7e 4eae 0629 7827 4da1 6609 44f9 443c 06e2 21d7 2fac 2a1d 27e7 2883 1f3e 0ff1 3d7a 1e81 269c 33af
2e78 3e41 5083 3326 0181 5855 7211 4562 2067 66a3 2970 6ad4 13f9 6e83 77d4 5bb1 4548 5421 3998 45ca 2477 63b4 0a71 12be 113f 1d40 7221 2429 4771
56ad 514a 50f3 5bf1 1114 19aa 00ff 6e0c 3d64 316f 25cf 75a7 24f3 7e7e 1af4 4fd2 1e84 1c1d 3ca5 6650 4dfa 059a 1f08 6459 5fe9 6e53 5108 6535 2ce3
0724 21ba 7959 59ea 5227 60fb 350d 4bfe 3b2d 17ed 0992 698f 672b 1f94 61f2 1969 0f99 1c0b 08ec 3220 530b 0b0e 43c7 6209 51b9 3e23 5b3d 6e63 7e8f
0804 6579 0d85 0f23 2b21 0dff 3fad 3a11 7f68 68d7 0fa7 1254 0dae 13f8 0474 31fb 4688 7c26 24e0 07c7 2cbf 4e42 372c 320b 3d1e 143a 54e9 2b5a 2651
666f 2eec 2ca3 2b6d 493a 53b0 46b2 7024 5fb8 6aaf 157d 05b4 2596 2c78 1f36 42a5 118b 6098 143d 74b0 6f3c 43f6 6720 1d29 4053 6c51 2037 7202 368c
11d1 1a2d 20d9 673c 48a0 7f8d 181c 62dd 20e4 374a 1a3f 7ad5 5ca6 3931 0ca2 55a0 0cc7 20ec 249f 4a95 4fb5 4fee 40e5 18e4 5d63 0e97 2cd9 1a01 2c13
763f 2c9a 3002 2e6a 5561 00fd 5646 0cad 086f 2127 6eeb 1a91 4f53 4c1e 5b32 009f 030c 279d 731c 5519 21cb 3e37 3b06 4fb5 7720 147e 0dc3 33f7 5292
0dab 00e0 6229 3cec 7da0 2060 2dee 4194 79bc 01b9 33fd 6fee 5725 7000 1dbf 7e2e 4802 0c1c 1c4b 1959 59a9 149a 38dd 1459 6f89 3710 2df4 0641 4731
01da 2ab3 6cad 7333 104b 4015 0f2b 1408 11ef 4989 73da 1cbb 23d6 190c 3dcf 6aac 71ad 1299 1531 5052 5b34 0aa2 2e04 3840 4282 49f7 5059 0cd7 1be3
640f 77da 0bf5 7da1 41dd 1d8f 36b8 7358 7d7c 65b5 7deb 5761 468e 049e 1a62 199c 3458 3489 225f 53c0 3d51 661b 09fd 6119 1c60 2d20 42a5 3f46 093a
3aeb 3ab5 5769 72ca 47c5 6385 2b69 7bc6 2104 3244 41d5 4a9e 37ae 7590 4d5b 3a21 33ba 15b3 7a08 7e2b 3841 6f7b 6026 139f 745b 39c9 4fe2 3569 63b5
7f02 7d74 75b1 12e5 430f 42ae 394e 02d9 057d 78ff 6a26 20f0 3068 30a3 3e75 2942 1e04 5a84 6b47 7b87 1d56 44ee 5553 7716 3a99 2f50 1623 4cd9 39e4
02ef 2645 2b70 52b3 28a7 2b60 2a42 678c 7bcb 71e1 4f12 2974 5725 3889 396b 785e 3eb4 1209 5b80 5ebf 64aa 6515 5558 22e0 659d 6eb2 795b 0ffb 6493
318e 15eb 45cd 7479 3d24 0772 0545 118a 7b3f 53e4 0e37 51d9 2fc2 4913 4753 3959 2da0 0348 7bff 299a 6727 36ec 4aa9 5761 62ef 7541 74fd 2eec 6875
7ae6 6a92 4985 2fa2 308d 77b5 0d9a 23db 7e90 4d77 50bb 0cdf 5c19 628e 7130 31cc 2329 5921 65e5 0b51 2d92 2324 4600 0d9c 28d0 0486 6f02 2375 1d06
451c 483f 020e 134f 79a6 0646 2430 6081 4bd8 4cf5 131d 4a64 4a76 2713 1c29 448e 5626 75e6 689a 3aba 2a59 06fb 22bc 162f 1947 1f0b 67e7 048c 0fd0
31e1 66f8 1f7d 1f5b 7c75 4955 6d38 39fc 6aae 7748 203d 3afd 7c58 45a0 75ba 05b4 3112 45b2 62e4 410d 2632 4ce7 7736 5e85 7754 45b8 72ce 0857 143b
6c27 32df 2fb0 5b3b 1ce1 620b 72a2 338c 08c7 07be 1765 279a 72cd 333f 508a 76d2 142b 0b80 0402 3120 7d40 2f5f 6907 0f30 3782 1018 1d20 7f45 4ff1
2058 3077 2758 42a5 343c 1eea 1606 1942 370f 5216 06d0 4522 11df 4cd8 4f56 24cb 0192 7bac 0307 7ba2 404d 33c3 2773 4ca8 01bc 2ec2 4c6d 1b12 308c
3b5e 008f 0c3d 2bb5 48f6 0cdd 2294 3f2c 4f88 7bde 60d5 7eca 383f 51de 05ba 3d9e 2377 746b 67bc 49b5 4dae 7932 38b6 1b4b 7ca6 53a5 3490 016f 6a30
44b7 0218 5f60 575e 603d 70b7 3c58 5d67 6e68 7e22 3b18 1020 04c4 5e20 7ddf 40ef 7b10 2e02 27af 370a 7630 1723 68bc 44e0 3ca5 4c88 5d21 4818 7633
4e10 01a2 0b2a 2b8c 3830 7920 369d 6013 263d 177e 1f44 1225 507c 0994 1e70 39fe 1cf2 60ed 426c 7579 4174 5b39 18e8 6ee6 134d 17cc 6971 7d21 6057
3af9 7ead 4df6 5a0f 5c65 5f8b 57fc 2307 4c08 7f39 6bc2 7575 2c3d 0bb7 52ce 13b3 382d 172f 5a5b 462d 0eef 35cb 1de8 3388 6a2a 124c 57c4 5b02 7c58
5968 45f4 2e83 31be 7524 5013 45a2 2d3e 5cbb 0fbe 0257 18a3 0512 07cd 0dbe 3c51 50eb 0a88 2723 65d2 358e 6593 21b7 7b2f 52b9 503b 5738 5bf8 265b
669c 0ff2 1193 2e99 411b 39e3 55fa 1145 233d 7ff0 5528 3744 2df6 67cf 1efa 5ef4 7229 1b26 19a4 70be 054a 6a57 15e1 60d3 7ddc 1b35 4b82 538a 47e7
1889 7a5b 460c 0e06 5fc9 5582 4686 71e4 25d8 47e6 7a1b 37ad 19a7 013b 3f25 18f8 198d 09a9 1d76 7802 4c98 4398 432f 0b88 5fac 02b8 1218 32fa 0fb7
0c02 1125 23bc 2794 0b93 0664 2a10 3283 70c1 1324 3f49 7302 26a8 13d8 2fe2 2de3 32fb 33ca 0eb8 347a 334d 5c19 405d 310a 72c7 3ec3 3e65 3dbf 3f3b
12fc 029b 1de0 15fa 600d 2bad 27c8 273b 1702 77cb 0105 56fa 282f 5683 7850 554f 47c5 19b6 178d 0b67 7b72 00c3 421e 39f5 092a 31e0 5f75 61b7 0b63
614a 3e26 3d65 544f 05a7 7fa4 6040 35ae 7b92 314c 135c 4eec 73ee 2d47 682e 7f90 508c 4d51 4633 6f3a 19b8 0434 36e7 41ab 1869 33c9 74f0 38f6 196f
12d2 2469 5aec 4cae 7572 3339 71b2 3797 65c3 3900 41d9 1a02 3e17 466e 4989 7a15 064f 641b 2ef7 1328 07eb 62c2 775c 56e4 4771 5f31 04d2 51a6 2aa6
6ff1 4d80 32a6 7441 31c6 4532 154d 6e30 2893 2c12 2431 0a3c 0598 3932 6503 590d 15bb 6040 6c1b 4449 4456 3148 408b 37d0 2fac 6575 5abc 53c3 1a7e
350a 7876 3c44 0b68 38f5 68f2 4265 610b 08eb 316b 7762 12a9 3209 0d38 067a 5b22 7437 7b7d 1cb2 467e 6820 24a3 43a8 05d4 4e83 5975 1f24 5723 0554
49f5 5776 0b81 4262 69c7 1ec6 4dce 73a3 0242 5e94 1aac 0804 6fea 112b 5ba6 41eb 0673 3334 3064 6636 2245 329d 36ba 25e2 7044 0928 4f05 75ed 6fbf
6c01 025d 19d3 40ab 4df9 4a78 557b 2ca5 3415 5784 6eaf 588b 7800 2673 0cc6 4c70 41bd 116d 4c1b 3fc0 6281 2bf0 7520 7f53 5c1a 2176 536e 6e40 6318
168d 3cb0 5aa8 52e5 2770 4749 2c9e 6d9b 275c 023a 1d84 0ff1 2e3a 2fb4 608c 35bb 6cf1 2162 0d6f 6cb9 1427 5a83 547c 10f9 1775 0583 5456 005f 7497
008c 26f3 0c5c 5a7c 051b 4368 72ea 0cda 5097 1323 5f38 29a3 4764 51e9 18e8 2f98 1920 56ed 5c63 5ac3 6e90 000f 5a97 16a5 26df 08c4 686f 7dd3 65ee
6227 392d 5610 5918 10b5 40b9 122f 429d 0615 0ade 696d 55c2 0c1f 5210 6a7d 17c1 418f 10e3 1300 0a10 6230 414c 7e2e 07ad 3c9e 3763 68a4 2a12 3b29
0343 20f0 486f 615c 355f 2432 6cd0 5239 5c83 6dce 6202 521e 67fd 637e 2d40 3f57 2ce4 661e 24d3 6742 4b20 57ec 5c62 55f3 385b 3531 2e85 5ef8 5cb5
71f9 3f38 7521 719d 5f66 242c 1d66 22d3 727f 3b96 4383 4da8 05b2 3af0 651c 79c3 0a74 4d79 45b6 0c1a 4290 40d2 4495 2a90 145d 1f0a 3e8b 4cd6 33a4
0577 6fd3 6172 7848 1b91 0487 0849 2d3d 24bb 3b53 1aca 1f6f 283a 7769 35b0 498c 2ec9 717b 6f04 5f70 5e60 0fa6 70e3 126c 0f6d 5007 09bf 4f35 66bd
651b 2ce2 252f 71d1 7995 69d3 7d3f 7799 4ce6 70f7 7990 6669 3b2e 5068 4799 70a8 07a4 724d 42b2 5b95 73cf 3dcd 7cce 6bb8 5814 12cb 6447 1a7d 1a35
452b 50c5 49d9 7006 073d 6870 7897 5484 14ab 0ff8 4686 42ee 6f3a 3b9e 2966 2fd4 0d18 5afb 2001 3c98 7ee9 0026 79a4 1693 779d 41ce 78b8 5711 048f
57d6 3aba 6611 7eb4 3a19 1c92 7f44 7960 7dd3 24e8 58a5 588f 5ec6 788f 1ce0 40ef 4d8d 47d8 73e8 07b0 5115 1a27 4859 0ac1 38ce 6d8a 0af3 741d 06ef
1880 17c5 6638 3a47 698c 3a52 1296 02dd 5574 732d 6e52 592a 72f5 01ba 1154 42f5 5544 55b1 2e73 174f 0700 49cc 1b4e 6dfb 002b 053d 5763 4923 6f94
446d 434a 533c 5a08 0121 622a 2f03 7727 6d25 7eab 7eff 3bfb 6f71 7fc1 3ec6 780a 3aac 5910 0f4e 78ff 3a34 1769 1e99 2f6f 3d85 2dcd 698f 70aa 115a
2e90 4c20 6651 31e6 4a08 56c7 3e36 0fc0 7318 2e4a 3723 7ddc 79ff 694d 0bc8 6b29 1215 37d6 0aa4 17b1 1645 35b5 4588 415c 115d 58be 742a 5e8a 542a
3ec5 3a42 0493 3fe9 747b 2bf8 35de 6a78 3c70 3094 5935 6fab 3849 69e2 1401 01f1 20c7 36b8 40b9 50de 0aea 31d0 4178 3c91 0d86 0e5e 44df 74ff 39d9
0c56 0ec4 099e 0fc5 19a0 1bbb 70d7 457d 729b 66fe 6e01 0b32 558f 51a2 639e 15e6 3363 5259 0a9f 7c0e 58ba 369a 723e 320f 7aa4 24a7 2d77 2692 7990
0166 11f7 53db 7bdf 3ca4 69ec 2ca4 5d76 0e96 36d3 073e 310a 7c88 53f7 0aea 527e 6677 135e 18cd 5cdf 6c73 13ca 41bd 602d 0c77 260d 22e9 666c 6b32
5505 690f 4ad8 1485 695b 3fd5 7c62 6cf0 6b8b 7a9a 2304 22b4 4709 1757 7369 18ba 0071 506e 2eb8 7f31 1813 1584 247b 4e84 1653 5798 2a52 4c8e 6615
67b5 5639 21fb 1875 083c 65b6 3cc8 5409 5eb2 1ecc 3540 5d01 177f 686a 52b5 39b5 7d18 3e51 72f9 0687 3111 4933 430e 15ea 2a5a 3d90 4a8d 44f1 114d
52d2 7580 56ee 44fd 001c 58e2 7105 59ca 5218 4eb2 6d71 2e5a 2aab 6833 3e6c 78ff 1b78 1a9f 5dd0 4b37 504b 5369 3784 610c 0622 69d0 282d 6f58 49e0
7790 2a72 3d57 70e6 4ff4 5c8f 11fd 0b4b 29b3 21cb 66b9 1c4b 7f1c 380a 6721 6626 5a31 34bb 13a0 3ea6 07c7 5f8c 6552 1eae 1b9a 27b7 7bb2 1902 0607
0dd9 5e28 7cc4 3317 1999 7f5e 4998 0a04 0876 16ca 5472 6d85 1cf1 4326 1ca2 7cbd 5351 5f8c 60b0 3ee5 77e9 67bd 5a94 7e8c 0545 3dfd 1152 0c33 2ccd
46bf 4570 12d4 46c7 2b9b 02c8 7649 51d2 57e5 694f 3e93 78f8 691f 0917 15b3 1d93 4953 7379 31ee 2dd6 3df9 3450 7ffb 45c3 1807 22d4 6129 1315 2777
134e 29c2 2248 792c 2c5a 2d7e 381a 1d05 0d6c 3c3f 5b9e 04f3 5f98 7b46 5c17 33ff 6f97 37f0 35c4 4296 449d 072d 272f 3d71 6a9c 03af 3e17 58cc 0daa
7028 6107 0eaf 0972 0f1b 692a 4b24 7c9b 12ce 7256 5efb 6f5b 4e31 342d 0e92 7967 150c 42df 7f90 50f3 618d 3665 55ce 7b14 0484 703f 5aa9 275b 068a
2a41 35d4 0ab2 305f 4f67 61d2 0899 3377 479b 42bc 4c31 1ca0 29f9 6b79 0ad0 3362 5dce 5b2a 73be 0ca3 7c8f 394a 7022 3f91 23ba 69b8 770c 0e47 4e48
0af8 644a 6f56 4dc4 27e2 3af3 4954 6d4f 17a4 4961 194b 0605 0bcf 3599 52d1 333b 2eab 77f1 6d36 7d7a 4d04 025a 0f4e 01ab 2501 10a1 31ea 1c15 5d5c
3542 19d6 1dae 70fb 7b60 0929 5531 4273 1d80 3935 3a35 29cf 6f5c 7f1c 20ce 547f 18e9 5c3c 0ae8 41d8 3428 03a2 4c3a 5ef1 52b3 3f61 7fa3 27ea 3a80
6493 4c5d 0590 32d4 4acf 4363 2537 3bc9 5378 4f33 3b14 49a1 7f6c 6150 54a4 0039 69c2 7f8c 20fc 5853 61c8 50ac 515c 2e86 5f8f 6440 16bc 5820 0ea7
0839 7f70 5f53 026d 2e59 1ed0 4ca7 2a9d 655d 24dd 27ad 3d15 2805 166d 6b97 584d 1bfc 22a2 3b4d 1254 6b27 3b65 6a89 5a20 174a 629d 5d6f 74d6 7e8e
280a 740a 5ced 5f79 37f9 4322 03e8 29cd 76fc 2709 5d4d 7274 44a9 00c9 442a 1b19 29b0 54ec 6301 44c7 6bb0 18a3 4129 78dd 4046 5105 2b3f 1281 519f
768a 77e8 26b2 53cc 3482 1aa6 3dcf 44ef 04cf 63b8 4e9d 4962 66bc 6875 5568 2e5c 4894 0913 08f3 081c 5ce4 763a 5e47 282f 4e32 62c1 28fb 3b37 3715
42dd 6e06 6233 446a 48f3 121d 11d9 4ae6 7724 68cc 0335 74d7 5230 1237 171c 6eba 36e2 409e 0f67 36c7 713c 04dd 3b87 62e5 2ce4 2a21 7f3e 7608 65f8
0a91 52ba 04a8 4ed8 2fe2 3d60 6f45 30d7 0a9b 4e91 321f 749a 6f74 7e34 04fa 0f51 008b 15b0 4c9e 662f 1f9e 3e2a 3c18 234c 2922 34fd 4685 6de0 4c12
63ad 2ad9 6f6b 4a68 3afd 06ef 3978 18a3 04dd 4952 5ddd 2c37 4aed 40ad 27f7 2f1b 650f 4ec9 27fe 2493 2b1e 6afa 7f49 37f8 499c 4722 212a 0694 3735
59d1 6bf0 58c8 0a29 3b43 0d8d 29a0 14a2 6fba 3921 3e60 1026 2f71 5565 4bbe 7203 492d 6e1d 6c9a 5a58 5357 418c 1b1d 1769 59e4 2797 4eb8 4393 4343
1ea9 0ea2 4f7a 46ad 1795 544a 76e8 3688 5035 3bb3 75bc 3dab 00d2 1212 6a23 3927 586a 14a2 04c0 44d7 6b05 2efc 67ba 5013 77d0 03bd 7abc 075e 6c25
62f8 7081 2379 7b26 23e4 46f6 6658 3599 7695 7d99 001b 0142 115b 0b3e 2b53 15e6 3b8a 1516 086c 038b 7e2a 50eb 5ffa 181b 2463 6250 6d26 455e 1f39
6dd4 43a9 7b63 3e25 77e9 6736 7cd3 0c3d 38f1 17c7 7b70 0bbf 6021 6196 10a0 7008 00ff 5550 5d51 1315 085e 7dbb 516a 2504 5049 18bb 358d 4e37 1a71
4cfa 26bf 744c 73ba 0e13 0a57 7bb9 4b61 29ab 2caa 41c9 55a9 037a 0ae2 1bc2 6a74 4ad3 10bb 7091 261f 5914 4fcc 1e85 1e9e 7057 2d20 7d4a 3ab7 496e
2293 71c3 18d6 3575 3b21 1071 7492 3b13 083d 6bae 5985 3c88 0298 7296 0068 06d0 3bd0 623b 5d84 7385 7784 68ed 7f4a 05ee 7c14 7c55 2806 63cf 74c7
2972 5f25 643b 4b09 7e73 7d12 4b4f 3182 5082 5520 1dcf 5208 1757 6494 6f27 02d4 0b69 0c90 5dbc 4fba 359a 2ef6 0f8a 4381 4bc2 7303 5f69 0527 1d93
1bd1 4f89 09e6 7ac6 339a 34e2 3d8d 44bd 12f8 56af 6088 3bde 297b 6588 1fea 26cd 1b00 678e 0730 60e7 6a08 466f 2367 2661 1fe5 1aba 0a7b 6b66 5191
425c 0363 05e9 4260 5aad 36d9 04fa 6f46 785e 257b 22a8 3b94 166f 44d0 4687 7561 790c 31cd 0e02 4c0e 6cd7 13d6 1eac 1a23 5c19 23f5 16c8 613d 0938
5dee 3355 0bb8 082a 7fbd 79d9 4153 1912 3241 1945 073d 3faa 40e0 1f0e 348e 016e 0ce7 2f9e 63c0 3fe1 51ac 39fd 0bef 20c6 703e 5448 2783 32ca 6dd7
347d 17ed 1f03 0d90 785c 73d3 660c 0751 0e04 48e8 2b58 78db 0799 54f0 57b4 3d2d 2a22 791a 5424 5b25 2420 5fc7 458d 416d 6f40 017a 4762 3b99 6a4c
64df 56e6 1580 26ee 0608 3f92 0068 0967 49e6 526c 637b 3f2b 499b 7ddf 62ae 62f3 1fa6 3df0 55aa 795d 5229 33c7 75a2 7ed2 19c9 66fb 4979 2f48 3d21
53e7 0b09 28d7 3800 01b1 6b6b 390a 37fc 70bc 3678 57c7 05ef 3ed7 72ab 297c 635d 5b53 55e3 5c0f 67dc 1b9e 15d8 5b7c 1294 23b8 7ebb 04c6 3dbd 01f8
7ea2 6b75 31ca 510f 10f2 0cfb 0507 6df6 3073 1315 6327 7436 32ad 0ce7 70d4 16ce 70f1 2ea1 66da 49f4 4b02 1543 2817 0341 4de6 6d9c 278f 668b 4c51
56b4 5572 1722 5681 0ecb 1ba7 563e 55c7 6961 17c7 47cc 00b8 5d60 5758 6efd 7497 1bb6 44b1 17a4 4649 3b28 74d1 6ab7 4b96 2055 5003 5e63 7d4d 5e43
08b2 79db 468e 4a6c 544e 1240 085f 31bd 495d 296d 0ea5 4eff 1bce 7892 2b18 55a2 3af6 193d 77ed 78b3 4430 0b0c 7481 7ef4 3943 4d6b 2342 12f8 2245
6673 774f 666a 011b 3d19 6cf3 6112 50e2 7029 75d5 1f53 3fbb 1c34 5015 002f 7396 256b 7618 06a9 749a 6a3b 797d 713f 6605 04cd 0151 79e2 77dc 192d
5aad 2836 4655 64aa 6703 2570 6ec3 7c89 3491 1b5c 6acd 4747 447c 7afa 0da5 7655 254f 6407 634b 5028 13d4 1c16 464e 290e 720a 1616 7a3c 710e 15db
3ef9 55c4 3d19 1526 764e 2a19 10a2 23c6 252b 1854 5e75 59bd 380d 34cc 4517 7057 6356 7565 6061 7fb8 264a 145a 7c7f 1940 3403 6c69 0d6c 34a2 5dd2
22f5 79a7 36f7 5c72 336d 1066 3926 6178 6207 4b23 7488 1f87 141a 0309 158a 4978 60c2 7489 1069 0fa8 0361 755c 6ad4 337c 166c 2882 199d 0fb9 4b42
7deb 413e 0a33 0b2f 4042 7227 067c 6a48 709f 7cc1 68be 5b2b 2775 5bda 78f0 076d 78ce 690f 1947 6b8d 313a 1eba 1c87 1ccf 3e11 40ca 0739 12a5 066a
5fde 0000
0dbc 0000
7897 3fff
2409 0000
15fa 3fff
4276 3fff
3e13 3fff
3934 0000
7759 3fff
32c3 3fff
6e72 3fff
4522 3fff
4434 0000
63e4 3fff
6910 0000
59a8 0000
64d2 0000
17e1 3fff
64c6 0000
57c2 3fff
4596 3fff
049f 3fff
024b 0000
4a79 3fff
3ab3 3fff
1550 0000
1a99 0000
45ec 0000
016b 3fff
57d3 3fff
1fa1 0000
1130 3fff
2202 3fff
2817 3fff
4c86 3fff
253b 0000
7a15 0000
7887 3fff
60d3 3fff
0aeb 0000
2508 3fff
7acc 0000
54e9 3fff
239e 3fff
376d 0000
5b37 3fff
4270 3fff
2947 0000
3022 0000
6c13 3fff
0aca 3fff
2b8c 3fff
1139 0000
4e32 3fff
7fa9 0000
1963 3fff
4247 3fff
089a 0000

1434 13e3 083d 3a85 501e 0f33 738e 68e9 5998 0b94 0901 1033 0241 10a2 7a41 41ea 6563 3282 7754 519f 7c74 3a05 6179 6958 5632 4733 1302 5353 70f2
7eca 3096 76de 24d5 228c 203c 2c1f 1927 0a36 5554 67ef 3856 1d49 1e11 42ee 5599 02a1 0ade 4f11 44ca 5e50 5c44 1f2a 0f5d 5a36 7f6a 3273 34dc 3cd3
4ba5 4c59 0a57 4376 6aca 7719 34d4 02e0 3094 706f 4831 07ef 32ff 6c65 3d7f 0778 1d89 090d 27bc 5cae 1556 32b7 37d8 6f3f 68e7 67db 6888 5c21 5936
120d 1d5b 4775 1820 51c3 6758 34f2 2816 084e 6894 213b 178a 0712 600a 3c30 6e3f 5dfa 7f5b 7e7e 5855 37d5 4939 52b2 2c9b 6a9f 303b 612e 1edf 4b9d
3ed1 583d 7093 3298 6333 6afb 6396 61c9 1982 4f71 4ec4 334b 0fab 4dc0 6123 0438 3290 386f 5b04 1876 4c3a 22ef 3150 7f30 632f 69e6 493f 5d10 08bb
6cc3 3675 2185 47ca 6e63 00b1 0b88 49ee 07b0 10cf 4bbc 0058 787a 4af8 6e2f 1596 5bd0 392d 0b88 15a0 2406 31af 4187 30a4 5307 28e7 1d8b 44be 1029
2831 4253 2347 31b7 6812 53df 7771 775e 13dc 5d8e 3d47 4ca4 7c14 424a 2f38 4e37 7508 2a48 065b 39d7 0162 624a 1800 2ce5 013d 28da 4646 77bc 647d
40e4 2d40 338a 1bf9 6096 1b2d 6676 4a97 72f1 717c 6532 7ce6 54c9 6e2c 5d88 34a4 417b 2b39 5f04 4fb7 6f4d 5017 717b 2438 06a8 5709 6c1f 70f2 5e65
4b1d 1b0c 58bc 4562 6d01 7b9e 52f6 0642 486d 67c9 2faa 483c 0590 53b6 052a 6bd8 07d2 1aac 3e48 049a 1871 36f6 2c7f 753b 1619 0cf9 4e4d 6e4b 3380
6553 65ce 2ec2 0c39 765b 2bfb 6b5f 0f2d 212a 04df 1cec 7f35 28eb 61c6 01b1 6e3b 1ae5 394d 558d 64f8 1c0d 233e 048b 5225 7279 019b 51ad 251d 0857
149d 5ced 1bab 3151 2f67 5f8c 2b3d 17fc 2a77 17f6 24a5 7131 474e 64d5 2d3b 57ad 0265 5403 7cd6 0a54 2057 37e9 03de 433a 37b8 3eab 668d 0c9f 6441
59e0 5c2b 2c09 1e4b 4d59 74ab 490e 257a 4557 10da 0bf8 1b4f 23d1 645d 5ffa 44b8 29dd 7323 542f 2a04 77c8 238b 2eff 7370 38f0 2688 699c 4605 3236
555f 4102 287f 576f 48ac 6400 238d 6eb1 7617 6354 6b26 6d7a 0a90 12db 4912 7d0d 72fd 7751 155f 1696 15e7 20d1 100d 6224 3a18 15d6 2b46 735a 612f
2046 54cf 22c0 770d 6451 59e9 27a5 0267 6a0c 0119 6e93 3065 4089 0092 4f1c 0a1d 539f 2057 41e6 3e2f 609f 0dc7 40bd 65d3 28ac 25f7 04bd 0b84 7b90
5b7e 2dea 645d 20fd 3778 126b 412b 62cc 66d0 2488 6b9e 1d35 2349 092c 10bd 43d6 5e8b 3103 5405 35bd 2674 2576 3d75 7437 5b23 4884 79d6 58fb 570b
6374 5996 2eb1 67c8 354b 048c 7af4 5596 3d7b 322f 4c2a 3c98 74a9 15fe 02ba 38e6 2360 2465 18a4 12d1 72ab 73b9 10d6 3044 67dc 59c1 1656 0b1e 45d3
58de 70ad 298f 532c 24ea 16ea 50b6 1ddf 78c1 4c1a 1a18 2e6c 7a3e 0605 1b80 4cab 0e40 7c65 03dc 3e3a 06e3 37b0 587a 3997 6840 3d7d 725e 12b2 50e3
74ce 47cf 0ee7 27c4 34ed 574f 0528 164e 6a3a 5dfc 076e 3e0b 4671 38db 49a4 7e94 198a 6dfb 6238 3e0b 07c0 166c 4752 0109 2b16 1116 32a3 58d9 6edf
4185 5ce1 0f18 47c0 3a9f 2f6a 39ed 3014 2e2a 0fd3 0490 6425 0338 04f8 0d84 6a95 2c87 622a 03dd 1cc8 02fa 311e 75b7 2ca6 0462 0212 5de8 74f1 38f0
34f6 48cd 76cd 7cf4 7702 1f22 24cf 118b 5862 27dd 2675 56e5 5094 0ddb 5992 3bb6 268a 7d7d 7720 73c3 1bb0 5f28 26d7 1c17 7fa3 7842 1b65 5e04 5f93
0da8 6e26 3ad4 3181 2381 3867 392a 1609 2b93 1ae9 114c 3f5a 7ebf 0d33 03f8 61cb 5fd8 0595 4bd4 7e13 2ea0 25a3 097a 041c 7dc9 63ec 4a3b 6c42 3e7f
6ee2 485b 3479 590c 438e 5aa7 238b 06d1 78cc 2ac2 0a87 0de2 5552 10f2 7be3 7506 757c 5e02 4757 7ebe 4803 6083 7af8 7c77 411d 0cdc 7d8a 4ae3 5115
5546 3365 2bae 7cfd 6e4a 11d3 6f7f 2b52 56fd 4094 5dbe 4c56 0e77 5230 6bdd 5ac8 20c7 5fe2 54da 46a8 3ca4 3ee4 3a82 29ae 2d60 4f2c 4411 7962 1407
4b54 376e 1527 3122 50da 1853 42a0 1cec 5e62 4852 36fe 27b8 2c03 74c4 5c79 5fcd 6fae 5f6f 033c 0618 26ed 27fa 4a32 541e 0898 6862 11a6 6d98 0730
1269 2b77 1f61 1a8d 73dd 456f 7dc9 7f83 08ef 7a38 399e 6151 74c5 3b24 72ca 7a1b 36eb 5512 70e1 68c4 0231 60a8 1748 00e8 4f9c 6d37 4d82 2653 0aee
0d38 5d87 1ba0 32e4 37a2 4606 5412 4633 6439 0085 7d1c 1dae 26f6 17c4 0788 7195 6c8b 7f6a 1370 441e 2a50 04fd 4ef7 5ad2 214a 290d 036a 1fe3 31fc
3536 04ef 4dc8 6a4f 46cf 3251 6532 49ba 5549 474f 6f84 6dc3 7411 527a 22ca 1d57 437b 226a 0fd7 7277 3aed 7b51 21e9 2a18 5f18 650d 0058 5576 2f75
4fbb 74ff 5e12 5297 239e 3593 4b77 015b 5936 502d 3736 4998 7e21 660c 6f6b 1b56 0e8b 0ae5 3b3d 0f18 02c4 12dd 01b1 4a7d 2cce 6a15 6f0b 61f0 7582
5c18 605a 6079 5f85 2cb4 678d 6c6c 6dbd 43d0 137a 18f9 4f15 4011 1f31 522b 789e 4306 5652 72ae 339d 1d63 30a7 478e 72ab 63f1 15b8 19b4 32c3 62d6
2f48 7da5 7654 6ee2 7068 4bb1 57b7 4167 3a76 099e 4efa 6caa 6f23 5bc0 52fd 07e4 1e6f 7e4e 6db1 1e36 1bfb 3899 2884 6d8d 6a78 4b8c 38c1 5189 1e23
45f7 285c 46dc 4516 05e5 01b7 28b6 0ba4 54f8 0ce3 69cc 1801 2c86 79d8 0727 7b56 5d1a 4c68 46c0 4111 3379 13c1 3c9b 2655 7f3e 3373 54bf 61bc 07e0
116b 29d5 46dd 1d6b 5dbf 583e 131f 37ab 7c3d 0432 296d 111a 5b5b 54ca 7b63 2ab9 0a54 74b0 1799 4ef9 4206 7cc9 5753 5474 62d6 5b46 7314 44b0 67cf
7c3d 4cea 0fb2 455f 24ee 0a47 1290 6806 138a 5544 62fe 23f1 4488 4c33 18bc 72c3 71b3 34fd 76bf 7801 1799 1982 1cd0 3702 4607 1907 6254 0ea1 3dd7
268d 31d0 3f7a 0bda 1008 5037 6829 407f 1390 53b9 0019 4cc5 1f94 648f 3c5c 6746 5bd4 25fa 7a11 2446 4e89 29b3 19cf 7280 2742 5aeb 1d51 2a96 5324
3777 692b 2654 1541 4fb4 3746 0957 76a5 5bb7 7d2e 541f 7aa2 7079 33ee 3098 6c28 2141 602d 46d8 509e 1e1b 1b27 7600 0042 1081 0426 7b44 0bd5 4f38
1c76 3fbf 7287 682b 0196 1e48 062f 53ce 163c 5d01 6d20 29d9 3422 70e7 5ad3 0708 5a66 2ee6 36b6 3a36 3ff0 6b23 3228 3672 72fd 52e9 71ca 3611 5f19
5cab 1d90 75eb 03aa 368c 54d5 256d 0ae4 466c 5a1d 395d 5ff4 6a2d 2d60 7214 3551 156c 54f4 6b07 6920 6e56 401a 20b2 3f01 2564 2187 5950 2a7f 2b27
55a2 50cc 47bc 000a 062b 0e05 005e 01e2 483b 0de4 3a8b 7f95 5d46 7d31 1573 6bfb 0323 0f4a 1aa2 57d3 2962 48d7 6939 4a1e 4c19 30ad 0512 4f31 6d6a
1e97 3a97 5ea1 3f0e 36c9 5a1e 6172 2e38 04e0 6684 25a0 3d9a 34bb 4e5d 6691 28a9 5194 1332 79eb 6b22 01bd 1c9e 044d 0ffd 6013 28ba 574a 25d4 2eea
5130 7e72 3d84 5058 03ee 1b74 79d5 4cf9 78f3 2e11 4926 45c8 5c10 29f6 7357 39a4 6b73 40dd 5fd4 008d 4d68 69f4 2538 154e 0840 1623 27c6 4e4f 19a1
746c 6212 648e 3429 03a3 2885 7ada 03ee 4f3e 1686 317d 1a29 4919 0db3 5a3d 7239 33e7 4d1a 7e90 5ba9 285b 4c41 0d5f 5cca 6461 5643 79ec 0c79 6bb5
4111 15d6 3b21 4cb9 1797 52e9 2e83 1d3d 4010 41bc 2deb 57bb 34be 3a64 3e9d 6611 2945 2f61 0240 79f1 039e 72ff 4627 36ea 2e66 15b3 6f43 7ef0 4a7b
4c63 6ed1 0762 3357 667c 1fd1 67ec 4767 239f 07e7 7b0d 6901 209e 0324 4402 66cb 7252 208b 6de7 6c1b 2cc8 3b19 25a1 4a26 7564 18e1 4a5c 77ff 0f0c
64a4 39ff 0b59 1ad2 194f 311f 36f9 1636 029c 1b23 6709 0ceb 764d 208d 47d1 7664 252b 467f 17f7 0e3f 63a3 5299 6096 6f24 59d7 4d1f 5fb3 2284 521c
0a6d 03e9 1c61 74e9 096b 79de 5b9e 6686 7ca6 23c6 1609 7267 5635 6131 5a9a 33ae 2267 4d8f 12d3 274a 09ef 01cb 71ce 21fc 2c4e 50e5 48d2 420e 0a82
7ace 4b23 532f 32c5 0051 006b 4c0e 764c 26e4 3313 3339 007b 6233 37cf 62d2 669d 0bde 212b 55bd 7683 7799 217e 76de 3213 49bc 203b 3b25 6b39 58e7
0cec 3a94 2f89 0520 6042 6710 2a39 46c8 5704 5f5e 37b0 6035 2db7 67df 420f 1ae8 4d72 340f 1dd1 09de 3704 3d5d 52f4 05be 6891 0531 0e3c 7cff 3bd7
561c 45cd 44ba 0e24 645e 49ef 4102 365f 68d7 26d0 25bb 449a 4a50 4a87 37f6 4be7 4721 3e3c 6a4b 3d9b 058f 0bca 71f6 08d4 1d35 5818 304a 3809 6027
20f9 460d 4abc 5491 13f0 7423 3ac7 0959 7de8 40f7 7d00 1d03 5f86 21bd 4b88 620f 6a4f 7d0b 5aea 5e3a 5b4f 7bf1 676a 0fdd 50ed 0582 30ef 6dd4 443b
2140 26b2 352b 7e08 2aa2 2085 4323 1bcd 2d27 4299 4f65 1d4e 5abd 65cc 16ef 2214 5692 4c49 7758 0249 6849 32e1 1a29 614d 414d 6858 6f8e 7fc2 01c5
2b38 23bf 2517 5de1 6eba 3356 6af6 5403 3c51 0be1 69f7 0ddf 50d6 156a 1766 097a 20be 6b98 7bd0 1eb5 4016 7c2b 4ab8 3300 0e75 153b 43d0 2110 5a98
427e 6688 7032 7fef 5bd0 6c9e 005a 2ff3 4e9c 6e46 598a 7237 7fd0 7814 1ec9 0b4a 5d5f 68a3 4d58 3ec5 094b 2b9b 61f9 7a6f 02b6 3d35 601c 1098 61ac
7a5b 3a34 569a 3d00 2ca0 704a 4ca3 39e1 2916 654f 04e2 3c30 54a9 54de 63ac 5465 078f 3a1e 0296 4fb2 4e60 6600 13bd 13ac 7e70 5ee1 61b3 1346 47d8
641c 5936 2be4 0bb6 5edd 7747 2ca9 1a50 3b44 0901 7cee 219a 2c1a 720e 2efc 3ad4 22cc 7867 71cd 4f1f 6d5d 2e34 31f3 128d 5a72 6df2 08c1 3f11 74c5
7617 340d 77a6 471b 63b7 7873 0cb1 5964 0fc6 1674 5942 71f1 22b1 5bff 4189 7911 2df4 4f92 1214 421b 0a11 288c 34c7 6b00 1768 1eb4 2154 2f2b 62d3
3b9d 0c6a 4f67 0eb6 00ac 7155 4468 63a3 1e5b 037e 3347 4bf8 0d7b 1b78 74b2 6827 6db4 0e82 5d12 2957 6bd5 2cdd 4f4f 3244 0282 0c54 54ba 1880 1a85
3b30 796d 5962 4c50 5dd6 75a2 51a8 55ca 7c8a 70a4 78f7 0b37 6b11 11c5 42a5 23f7 7f39 7890 0035 711d 16f4 3a13 5ced 3d8c 6924 1b90 5ddb 6df3 0084
6bde 7825 0f67 19c3 2718 1a8e 5725 7c87 2660 6ca5 0846 6300 09a6 2301 7125 6513 41ea 610a 3425 5091 1d4b 51e9 159e 6cbe 70d1 66f4 517a 0731 7c7b
2274 3c13 070c 7a17 7ff2 7e46 57a8 3c9e 43e1 067c 2ec7 5373 29f7 25f6 28d0 7fb1 5935 122e 1a69 03e5 4826 229a 775f 5195 7757 401e 4956 388a 45ff
5ffb 1220 6fbd 2fb1 2e25 6e02 17a8 6c41 7275 5f84 67fd 1d5e 1a54 00a7 61ab 7041 327d 6d23 52b9 29e2 186c 0fe6 0d2c 5048 73c2 63a4 7875 208b 5b2a
696f 5e4c 486d 62e9 02fa 4e76 1bf0 0eb6 6b23 3409 5f37 62be 6740 4833 43b5 2dee 4d3b 5ebf 56e5 5c7c 306d 74de 2fa4 7e47 6dbe 372a 7ed1 2372 021c
76a2 0ae2 7f8a 2416 5a3f 6b09 77e2 56ec 3750 65be 0496 3c31 49b9 7b97 5560 7c1f 45b7 2618 38ff 2f82 533f 62f3 1ff5 27f9 600d 400a 0811 44ad 5e43
51c3 2c9c 341d 08bb 7879 7c89 31c0 5678 430a 6c76 1105 5c3b 6c1a 28af 3a5a 7aa5 1cca 0e37 257a 0947 28e7 7d69 60c1 7ce9 6e69 1da8 3fdd 56ce 4d57
442a 6d1a 2b79 4253 2d1a 5845 4389 7b78 431e 39dc 51e8 3aad 2f07 7510 6c65 63bc 1c51 488f 744b 4fdc 2f79 1248 02f1 5ed1 4ed6 6168 5a64 3c06 5a6c
7e65 1b81 6a52 7ddd 43c2 34e8 629a 0504 7126 505e 5e8a 243f 2abf 62a8 6745 1ea3 4fb6 027b 1904 609f 53f7 2e22 15b1 6091 6b1b 0039 7fc8 79ed 7f6c
65ce 0981 638a 6299 431b 5deb 64a5 338e 028f 1821 2c7a 0547 2817 65fb 172b 5f2b 1fa9 0736 0422 7b1c 5766 633c 7d6b 2671 15ac 601b 5db3 74c9 07f3
2fca 0485 144d 44e4 112d 2b5d 3722 0c2d 25c9 42f7 3333 319e 4609 24ab 2151 6588 0534 546c 6dda 1d2e 5a90 09e9 376a 03d5 7cfb 5ef7 2fe1 7795 62d4
69a8 2867 5956 6414 035a 1910 3d8b 3895 1730 40e9 10c2 1da6 0fe7 3ffa 6934 4c5c 11fa 6330 3cca 2252 276f 1008 6b04 33da 6c2d 619b 492b 3bea 6fbe
0635 4747 2c8d 4034 1157 3b2f 2b8c 6f6a 18a6 5f3b 77b5 48b7 6eb3 54e9 7f99 266a 7238 0ded 4c97 1f3e 05e7 4e30 3a7a 03e0 443d 0a15 757e 675b 0c68
19cc 771b 66f5 0e0b 7fe5 692a 795c 7d26 084e 0ca7 4bb2 0a9e 6875 20f4 22dd 6953 1d1a 0c94 4ef9 4cad 4c65 0ce1 497c 5959 7dc0 06bf 4c48 1541 7576
0b25 5f44 709e 62e0 29db 4325 44e5 252e 3013 598d 5fa3 6d58 3c1d 1457 3d33 74df 4f6f 5126 6b08 5449 65cc 2f3f 3182 4b2d 3c76 533e 0406 51c6 447b
4f83 474b 1028 3ba2 4d82 47f2 478c 31cc 7d8d 4402 1d82 3b12 6e9d 60ee 47ec 1aa4 1f99 574d 6809 577e 68d6 331a 7938 15b5 3fd2 78a8 44b4 677f 5019
014b 1572 6ff5 41e7 4f66 3312 2279 50cc 33e2 3e9e 3bd5 10e0 6459 7186 155d 4a30 7b6a 5291 0425 74bb 7083 37dd 47a2 1a52 61f0 4de1 42cd 671a 41f0
20b6 3f6e 2e31 62fa 34d5 0a5b 7071 4f6a 513b 1722 53c3 1e40 5723 7b70 50cd 6cc5 529e 7334 03cd 7d88 4114 2689 6136 576c 37ff 75c8 5d94 06a7 7530
5dd1 39ad 4963 074e 0539 34ec 2835 3ab6 1cdf 5a60 4ac8 7ac1 52bd 03ab 4b5a 79d5 3627 2fb0 3150 3b50 3c51 4d3f 0b94 43f5 424e 5aeb 5ac6 1263 368d
64c3 5498 76bc 1051 7a8e 0c63 493f 67de 1242 6822 1afd 67d0 5d0f 68b1 459b 5c1f 6259 7d50 5999 5e61 48de 5630 4f1e 2aa6 1251 329d 14f1 5eef 4e0e
2e2c 2957 51a8 1d5b 6e2b 7362 74ac 42df 5716 613c 7143 5e49 69bd 6b1f 419f 710d 0870 4c6e 23a8 5f61 326e 769b 15c5 0365 3ae8 3e13 4f20 229d 341a
4e48 5eb1 7dab 5d6c 1aeb 1d8e 5bba 0483 6cb7 6e33 42f9 45cb 5f1e 2d9d 23b3 08c3 63ad 2537 6b1f 5d1e 3ada 433c 3387 1144 656b 1613 7670 5e9b 27e4
4334 4ca9 21d3 6487 2a0e 1036 78dc 77c8 4859 6c3e 1749 6e1a 75f3 5470 0815 4b92 483c 0c69 4621 2892 6e56 1824 7934 2f78 05d5 728a 0855 43d1 2531
0079 328d 6e28 5086 28b3 0a70 12bd 1a3a 2b3a 231d 236e 6c74 232a 16dc 477c 4498 0025 2a18 0eea 35a5 2eff 723a 174e 19f7 2084 7008 22b5 1419 6e59
6bda 251d 241f 5c82 321b 51b3 4f6f 6935 559c 450c 2a0d 6cfa 7c32 6678 3ab1 583d 54fc 737e 7e3f 14ae 1f33 070f 50a5 76e2 0889 0de9 1724 43ad 67df
08d6 3c4d 0cf5 1380 3083 72a8 2b89 00fd 24ed 6765 1350 4c51 17ce 75c0 018f 3cb7 4a6e 3040 22d8 7764 1d3b 5b52 49e5 6d16 5e36 7dc8 67e5 34e5 7be7
1f82 3179 1db3 1153 33cb 0d20 4a75 2e9d 6d06 5c27 01c4 7fb4 6df5 1c4d 15d3 047d 0945 05c3 324a 0dbc 7489 511d 2640 4b0a 5355 5234 7f42 1868 76fa
2646 59f4 6545 6a3a 7f60 097b 1b46 772d 2f04 08a5 5e1c 2873 1470 3b47 2866 275e 2dba 0121 3543 78c3 7446 29c0 00e3 4cec 6032 531b 3dcd 2ab7 2ba3
5ec0 70bd 0897 709a 0f07 2c29 481d 68d9 65ea 16a4 0534 146a 30dc 1af3 4c07 5cf8 6a81 358b 0676 2fc0 16bf 1c4d 6cd3 09d1 4fff 7546 0120 31b7 69b5
33ee 5263 1c56 7268 4d00 4b78 3ace 4da7 1ebc 3eff 2993 499e 4f00 187f 4043 470d 0db5 20e2 6160 5612 039c 3844 265e 4de1 4801 14af 18e8 6132 4167
2d30 534c 2d29 49b9 68f1 72fc 1c23 4f04 6f6d 6199 44fe 59e7 5f7e 5d05 3e14 4ed6 36cf 6b17 5264 0425 64e6 492a 7916 08d8 69d8 0196 5965 72d3 34ff
5082 7223 156d 502c 3b40 61a9 1497 5675 3612 2244 1f47 798e 4fd2 56fd 014a 1717 4b02 607a 211d 6e4b 1b72 2c9b 1c80 2176 1c81 4ea3 0043 53e5 4b6f
34cf 143b 3e2d 2dde 153c 169e 50e0 15a4 24ca 1367 0438 14ef 2de0 6f78 3c42 0c52 4a8b 072c 0363 73b0 1f8a 789c 633c 7e2a 0915 631c 4952 0cb2 0bc8
0512 4b80 7548 42d3 6702 50b9 7a86 0b98 3f6e 65e1 5b56 2ecc 4a1d 79b9 3169 5fce 0d19 7c8b 46c6 5699 1a10 5c50 6be6 11d5 1086 51d7 784d 21a9 7b47
2a9b 6237 2e2b 3270 2d45 76c8 5a20 796f 3564 6b82 3952 0575 6e31 0256 1e30 19da 32c4 590d 3d89 1b85 5841 5b98 69b8 2b43 10b1 5942 6b5d 73d8 5ded
6dd6 6583 6f97 41b2 088c 6a11 4b4d 3a3f 7b53 53af 7f05 1808 057c 7027 4e46 645c 1126 7f15 5e30 2622 125a 76f0 59e6 2d3c 6f2b 7681 5699 1ea3 3295
7e30 1ffc 251d 62d5 3bcc 7fcc 790b 60ca 2fed 0992 2c60 53bb 7f9f 190d 5c6e 27f0 3b28 553d 4b4e 6acd 2ab5 002a 7d27 090c 481c 77ba 4227 4e4f 5d06
13f5 3fbe 7db1 0ffa 6e21 0f87 4b35 78fd 75d4 3917 3058 0028 56ac 34bb 0702 6f03 7fe7 70c6 7207 2d83 3d45 689a 2773 6d06 48d9 0be1 1e98 111b 084e
027b 7161 6630 51e9 46ea 323d 305d 208e 16b1 3a82 1c9d 3aa0 481b 0012 4d22 0acf 5779 7695 1570 5d33 5102 26f4 1991 1357 3889 11a4 0c47 6be6 4479
741a 691e 7144 6707 23d4 27ec 31a5 4ee6 3dde 73f6 6329 1b89 0799 3dc2 4150 0264 3061 7a69 2976 63b5 2048 5fc2 7b9d 33c9 065b 7d43 533b 6f72 0bce
57ba 1a9b 4c65 3e62 0786 4b44 4bbc 631f 5a0a 4466 3a5e 5878 1853 2162 0c87 1597 4975 25a3 7b9a 76d3 097c 694e 0f5e 6a4c 1cc1 5067 1612 38c7 33b8
7551 1c95 4ef4 44e9 51fa 623f 02ae 23ce 6caf 41ff 0396 1e17 471e 7025 3a3a 5938 1216 086f 0828 27fc 00e4 199c 0250 110d 2d1d 3c3e 0d73 7a8d 3c1f
7ce2 5c7e 6a2f 6ec1 3753 0a31 09d5 4299 60c9 77eb 3635 660a 7fd5 341a 3fd8 592c 10ac 6884 0611 0a1d 1816 6fc9 15a1 3ffe 50fa 5856 403c 55e3 0ba7
4f44 3a86 0410 5f09 6b6b 24d5 091b 4226 5c3a 7128 38fe 15f9 5932 7ef3 2ce2 6a3f 56ea 0c11 3d38 0b28 19d7 1cb6 3e8b 42f0 150c 1759 56fa 2c00 3e7e
2a75 6abf 4def 5adb 1a7c 52fa 3dad 4d9e 5263 3605 74d1 62fc 240a 118a 49c7 5448 405f 371c 19fe 7c85 2331 141e 4e62 4966 2b5a 6f01 2cbf 5537 22a2
0c02 53bd 51b3 0ce5 79c6 2c9b 0515 2210 7bc8 5461 389f 7254 5dd1 0fde 18c0 7138 759d 2453 092a 4645 3b7a 6eb6 1cd1 30cd 0682 6474 2c4d 7d6a 7569
4f07 781e 47ec 7dd6 664b 504a 0ca7 3460 4c23 6b69 4848 2509 1b91 23a4 3ac6 25fa 07fc 11c5 5c9f 1ee7 1339 0f7c 5451 35c3 1e67 45d1 1737 0043 321c
47ee 0061 570e 6c75 532e 7f36 0c27 72e9 0bd4 2f29 7f33 5c6f 0d07 65f1 183e 1b29 539c 3c5c 20de 65ba 05a1 4b09 5263 5976 7563 61b1 6ec3 2a2a 71c2
16df 0857 78eb 2a05 7a4d 48e5 7614 36db 009e 4632 38e8 5ce7 0cf6 7c18 7274 5817 469c 069a 6ce9 510c 11a1 4d12 2fc5 00e6 3e04 765c 42f7 79eb 065c
636f 6733 4e0b 4c4c 2df7 6643 147c 3603 14ea 0687 07db 2537 413e 040b 54a3 797e 1cda 181e 0a7f 7773 27cf 0e38 2d69 1dc9 4f90 037e 2989 4165 05a9
7ff9 108c 4a58 182e 1354 0f7f 4b60 1001 5f0a 4d03 6b7b 31e1 1999 7086 7ac2 2419 6ec2 014c 6027 15dc 4c73 3e09 4b68 01dd 13f7 34db 5e2f 4ccf 5ee0
4ec8 5c59 2535 57d3 3b7a 1fd3 2208 63ae 38fe 15da 13d2 28d6 2dfd 766c 1a62 1ee1 43a6 4ccb 68c7 7c9b 425d 7f38 6379 0b95 5dbb 59cc 107b 6f1b 119a
0bad 6de8 525a 6642 1f18 74e8 6966 0526 217c 3abf 2d80 3e6f 7aab 22d8 3752 015c 2b75 6d6d 5f87 0abf 5eca 213d 1f72 1756 0826 1cc3 747f 0cd7 5f0a
7866 5324 10af 0708 70c1 4d53 0677 5f1e 44d6 7978 2e75 229b 12c5 6b4f 7c04 732b 19e9 5526 75ce 43f1 077d 4001 508b 66c1 18b9 121a 19fa 751a 7599
02ea 16af 4e78 74bf 5548 7f02 2fe2 050c 4f7f 349c 1fd2 6741 3e76 3afb 3c1d 19fe 3b6a 2904 553f 09e9 45d6 7a14 0d98 3aed 1ec7 420a 74a4 1e7a 77e0
3864 09f0 6d68 5490 58f3 0f42 626c 1fcc 676b 35c4 3e0d 0476 23c3 6e37 7d23 7a0d 7501 5c08 2ced 5992 128e 6828 0fc5 55f3 6a34 5a46 35a4 713d 2bbd
644d 32f4 3636 4e92 3b37 4e4e 595f 5070 4aca 765b 274a 1bd3 4cb7 1c5f 4816 31de 1745 67ce 0530 3dca 6d55 12d9 6fdb 1a5a 280a 17fd 2353 247c 2f8b
0efd 4ee2 6fef 36b3 5c10 3e77 5f18 6d78 146c 53bb 3d01 43de 4811 2a9d 2f2a 13fc 7c25 2dfb 7d42 5bd8 0a2b 2e2d 4107 5127 51a2 4927 5fe3 5cae 38a0
2f93 2ee0 6b08 0fd4 0208 3b1d 3c8f 6cac 1e18 1a64 08b8 6f20 4ebc 3139 0411 3730 74b9 4d1a 408e 5d98 7751 5662 2ba8 45ec 14d3 4461 2626 1df9 08be
2e42 3a45 6df1 57bc 1507 6543 2b6b 79b4 3508 6c63 1358 44a7 57ce 7717 07ed 2e7b 70f7 0c5f 631b 3286 3ece 1350 1167 4493 64dd 2226 6a78 0119 11fb
460f 5f5b 2c90 7189 670a 6503 157b 0847 7d00 141a 50bc 5eaa 4004 6977 0891 4981 0a78 79dd 3502 726e 3830 4152 508f 6a98 7194 72b1 453f 5e43 3693
3704 529b 1b92 4cdf 4821 3295 0d8a 1b08 615a 564c 118b 5e28 05e5 2b44 30a1 745a 048f 45a6 0cfc 1b5c 7640 2f38 514d 353a 5d6a 16d0 093c 4b9d 5f07
02b6 0e43 7f71 70df 7ef7 6e54 03bf 4cc2 2e7c 7f5d 7bbc 5779 1c0c 1388 09cf 431a 1143 208e 5704 063d 3645 7272 7d7d 0b0f 4e69 178c 557b 26c4 0db2
3a2b 26c0 42c2 5e76 049f 014d 3794 225a 01f2 4f6a 5f4d 7cb1 4128 5fa4 3fb4 4d67 0c1b 15bd 277b 64f1 5572 0e05 0341 7750 4150 5a2e 2b79 12fb 4445
7d4a 3ad7 1382 2f88 75c6 4a87 4b28 6b0b 1eeb 76b7 5192 00d7 1916 4161 6d62 7f9b 79be 4ea2 4da4 6c5f 1678 5b31 20a1 1cdb 0e47 3dd9 2239 24ae 3ed0
3ac8 6d68 50f9 5131 672b 4dc0 3e41 5c95 07ef 112e 3721 4fc8 0524 39f2 3ccd 0696 5638 1f8f 5da7 3cb7 75c2 43ee 24f4 4ffa 1bbd 5787 0521 54c6 76ce
1a35 042e 5e3b 0680 6b26 2e90 27d9 2d39 26c0 3faa 3e85 1c6b 615f 61de 28bc 4db1 2655 1e83 683c 5237 12b5 57a8 2a77 00f6 5bbd 1502 2c1d 094e 1d26
6fcc 1cf9 6b8a 1f42 765b 3e5a 55d8 432d 09a7 2cb4 17b1 1950 5b40 5541 1efc 7431 2763 690e 025e 5448 7481 211d 5119 517c 3d83 42c4 07bc 756b 195f
605f 4e4a 1719 2493 4e9e 0ca5 1b4d 1fd9 52d6 1d99 2af2 66a0 6c56 21c0 70d3 1c91 67d8 3639 5b6c 105e 26c5 79fc 614f 1012 3cef 00f5 4a6b 521e 3808
4e4e 48c4 4498 580b 670e 4ac8 56fb 233e 6fc5 072c 30a4 08dc 2baf 5797 4494 58ca 2528 6631 3256 135c 18a8 585f 15fb 142a 2eae 57e0 43d3 313c 3ab6
3cb2 095a 6122 745b 2c26 37b5 4664 3f44 1627 3127 6cec 7ad9 2624 5ecc 1093 1ec8 2e2d 61fd 1780 54de 0406 3dec 2017 585a 49b9 42c5 0ed3 634c 20da
1ed4 39c2 7c40 72ec 4778 5833 7728 3476 0f9a 5605 4da7 4b1c 3db2 1eba 5018 7fe6 1726 1497 7b37 139d 117a 74da 2d0d 628c 33ec 219f 2cca 74b5 22f2
72da 62b7 6d01 65e3 6f6d 304c 6f91 6752 77eb 4d73 03c2 0622 5134 55c1 4aae 7cee 559a 059e 51f3 2c71 4c92 7669 0249 270c 1710 0c5a 1a0a 27fe 6c09
7316 7d77 1b0f 7a14 2308 546f 50ad 3f9f 1f4f 35e6 7bbb 760d 531d 44ee 667d 3da5 21c5 6e21 043f 3d25 17d3 4ca6 7747 74ba 30d7 008f 7e50 2770 0b43
2414 4cac 6a36 21d2 011f 48b9 5d06 6924 2b17 0d48 3951 3264 2782 19e1 00d4 55f2 6d9b 09fc 3949 0e61 3dff 23ce 6dcd 2a4d 496e 70b3 2836 3ee0 2939
7427 3de2 4b84 4c9a 6f92 5771 4ed4 565e 2679 01ba 6595 56d6 103d 4811 57ff 6030 7aa5 5fdd 48ad 44a7 0af1 4144 73fa 60fa 41d0 7459 36a0 3d88 1ec3
4d9b 37f9 5e8e 2319 6899 1633 53ae 7a0a 062e 5808 4c55 69d8 765a 1e4f 7bd1 7a17 5a9d 520f 3479 29c2 321c 7791 7415 4b6e 600f 66bd 7bc4 081f 141a
157c 5366 008e 190f 4a00 0e96 0bd0 3b70 00c0 3de9 7e42 3790 222d 7974 7f5d 3a3f 2eb2 7d09 2269 406e 13b2 0b42 270c 2ec8 07c9 38cd 5ebd 222b 6f65
4875 338f 0e81 51a1 5f35 6709 397d 2671 2685 7d75 0b3c 4bfe 24e5 3e20 3fa7 02c3 6b64 21b5 015b 0867 32df 54e4 3075 280f 4480 5a04 1607 5ffc 2d00
23a9 4914 4ca5 132e 169b 5365 7270 7a16 0932 734f 4a0a 29e9 1f3c 117a 1374 5685 752a 6afc 57d1 0ca0 789f 3887 782a 1d5f 4aea 3a84 2bd2 246d 351a
4c8d 0742 08d0 0edc 1950 43ff 6708 7a52 64e3 499a 074b 7e3c 0af9 5251 59b0 1e6e 7c11 5a34 1415 60d0 0d6c 6057 37d3 6c33 2b51 348d 25e8 6115 2143
0003 5950 535c 1fce 5df8 60b1 3785 631a 54bc 05a3 4daf 7523 55ef 18b5 1acf 19b9 6a4b 3977 785d 20a3 5699 235b 2014 4bc4 5e52 2a54 1e9f 0c73 65c9
2afe 29ef 67b7 6696 1299 5d8a 7ce1 7286 3794 165b 2859 3040 7d61 60e0 7421 1390 7f67 452a 0dc0 1867 2b9a 0fe2 115c 3914 03ff 67e3 1785 36f3 4df6
10ed 68a5 6d52 3637 4cdd 01c8 76c9 63ff 2331 42c3 6326 0a86 5b62 7a1c 2679 57f3 0a07 72dd 5948 62c2 2259 673f 46fc 3f5a 034c 75cb 3389 1083 0741
3a3a 5c63 303e 5b9b 67b4 5595 6102 382a 4ac2 46ac 4d03 4868 7548 33c1 6f76 7617 4b9a 1e08 23da 0d35 7169 38e9 2d5f 3fd2 41a6 2058 5f64 63a1 3c47
2d8a 4faa 686e 0bc7 316c 2257 7c9c 08e3 09a9 302a 54d4 5e19 3628 372c 7ea1 5b01 6f3c 6e1f 79a8 102c 636e 1f8f 3f1a 440b 1d5f 127e 4153 6475 1cf1
10da 40c8 6a20 2315 1986 04aa 18c1 75d6 13d5 4956 3eec 21ad 44b5 616d 79c1 6448 03aa 7cc8 62b0 7d5e 1f80 413c 7d05 038b 620b 13a1 4ce1 16a4 5305
0720 2c8f 54db 5813 332a 6014 6700 70ae 462a 65a9 0071 64db 409e 09c9 02af 1cde 035a 3e94 077b 6df1 762f 41c3 19c3 4207 7c37 681e 2270 7aab 564f
6498 7439 5046 0071 38d2 603b 0a6f 64cc 59a9 48b1 1508 6a35 57f1 470b 25a8 17c8 47f8 3d06 1d2c 48ce 3eea 4a43 6b53 7803 0687 4167 3f97 41ee 62bb
4ece 1ae9 1ae3 12ce 327a 7c8d 5790 3222 0f7f 048d 0890 209e 78f0 7ba2 1c85 587e 13ee 7014 7160 1f16 0692 6c5e 0979 7717 726a 3b98 4b64 3c14 32cc
52ac 18bf 3968 0edb 7479 2563 1bd7 42b4 33b3 1619 3d92 6e48 7cc1 72aa 5422 2e50 4d7b 15fd 519d 31db 3947 632f 3382 7ecd 2fd4 07ad 66f4 2ed8 105f
70eb 446e 5f84 73c5 0ace 3616 6878 55f6 786b 1f8b 663f 515d 5cb8 4741 07d9 06e4 1103 05a0 043f 3720 255f 1865 5957 38fa 4e3b 0e75 6664 7132 74fc
21b2 546a 48ae 1f42 694c 35e2 3705 0967 633f 4e3f 4fc3 2f21 0ecc 2570 25c1 534a 7435 5d81 1803 68ba 41a6 1c0c 637b 09a1 45cb 2e23 3331 03ca 4d5a
6fe0 73cf 4101 60ad 06d5 3933 1763 346e 2d63 1448 7caf 6df5 6271 3584 14fe 4b54 1b70 110e 6fcd 01ad 3009 3c11 5d4b 31c5 4b22 5358 7e4f 011a 5a8d
01d2 3a88 01a5 0bc6 20db 4b1e 367a 2add 0b82 547d 3a45 2187 16ba 2060 18a5 6c74 6d26 3bd9 0282 7d12 49f7 3698 6b94 4a57 725b 1c4a 068f 6340 4e21
600b 7faf 52f4 329a 60d3 65ef 6eba 7246 4773 622d 54ae 6fb7 2a18 2624 4c48 6374 0497 0e55 2c36 43e0 52f7 6723 425f 6fe9 05e7 1358 4546 5144 3dd6
412d 3ea5 46fa 7446 2f15 5dad 4750 48ec 0bfc 16d8 6c08 027a 5844 6183 6eb4 788f 4794 4297 4eb8 6ab0 1fe4 4fe3 5f1b 60b8 58d0 0c03 3b34 412c 658d
285b 3ed5 34df 6b17 5d79 23dc 70d4 5950 4c7b 692d 63ed 7037 1fe7 0c92 5bde 2cb9 7b92 1ee5 3a28 3568 349d 574d 653d 5119 1c28 2d75 7f6b 09cc 3930
601f 765a 4425 3640 071c 5214 3472 42d4 0516 5c7c 1fac 387f 50db 01c1 2d55 6d24 6609 3b0c 07a5 65bb 1629 32a2 2afc 59ec 7d79 0662 7e01 5449 40f1
270b 60b5 14af 19a6 1534 0d6f 691f 01e0 2c23 0683 29a6 0cb0 314b 4340 1cbc 4b7f 73f7 6c4a 13d5 3f68 4b6b 13b5 161f 5fa9 726b 0412 14a5 6486 6a5e
0f77 54f7 6e81 44b7 2430 6fce 541a 1ceb 3cc9 12d6 53c9 6f01 1e5f 6a76 6194 7f85 60ad 23cd 3d95 3439 54f3 1ab9 046d 6b25 4619 36b4 19cf 1d51 5cd8
6d75 4ab1 38b2 5f6d 6747 3d28 1b99 0b49 0a1e 7eb7 5d5a 0f61 695c 7f6e 3d03 1894 7e81 0140 5124 6dcd 77e9 6f2a 7d4a 4c16 25a0 1215 5a6c 0c10 5459
4716 25de 302c 48e5 50c6 5736 43a8 1d84 1ec8 74c7 7093 48c4 6fa0 3d6e 02b3 6934 3f14 20d9 7e4d 6598 7a42 5e0d 7052 0852 664f 648c 7c73 4d4f 3b63
28d1 0571 4adc 21a7 6352 4c58 1ed7 105c 3b9d 63ef 46b2 74d9 0806 50b0 6f24 1c5e 69d8 1b7d 7b6e 7bba 2110 2958 1b4a 6947 449c 0eb5 140b 1a43 32b9
3038 2caf 7fdd 5cfd 3aa2 3dc6 3f45 69b8 13d0 056a 2f88 79fa 1965 1a18 49d2 05d3 15a5 3e7d 2494 6ff7 1f2c 3d97 3c57 7104 3c6b 543c 7f93 3064 1a4d
3ba2 5dd0 6933 5da3 3b85 411b 0a16 456a 1e2e 1f7a 02bd 2591 10ad 3d84 017d 2f66 104e 7b03 5029 1f29 7331 5366 00ab 7690 1446 3b98 0271 5973 6078
65f7 45d4 3aa8 082f 1f5f 2b88 5f40 5d01 4c65 4e44 5310 46b9 0f8f 0a57 3779 1b41 5d3f 2f69 640c 3d41 1d96 3536 2f26 0264 58fe 23f1 3cd5 6c7b 53e0
7da3 3423 7595 7cbf 351d 7956 1b1a 1fc0 07f6 40d9 0d57 4e17 4334 0a5a 75f5 0aa6 4e38 7c1b 766d 5da8 58a6 07f3 7977 4037 5abc 6398 3e08 03e1 5894
05a1 750d 04dc 1af3 2a35 0f48 3de2 1063 1fa5 14e6 5ef1 72bb 7ca8 6b2c 78d0 7933 392e 7cbf 0713 25fe 64ce 5fb9 5959 0d41 69ed 5383 5aea 06e9 02d8
210a 1354 5417 3379 6fb7 44ce 2fd6 654f 2eae 09d1 6039 78c9 072c 686e 179d 219f 529c 16ee 345a 15cb 0745 0731 036b 323d 7a67 1484 7c7f 4ab0 10c6
35f8 440c 3f6d 456c 1b82 3a40 3ec9 0475 4745 1b64 365c 7c8c 58d0 463c 098d 7b31 6676 48f1 4da0 6ca4 5ab7 5fdf 7232 2c2f 69a8 183d 247b 22aa 4286
0208 728f 52c3 1a7d 4944 7426 50b7 6b9d 686a 10f7 4c97 0673 4c28 3a3d 2fbf 00d8 653d 2e21 6bf5 0ac7 35f5 5ecc 113b 4a2d 65c6 690e 27c9 2979 54b6
5dd0 7c31 3740 2773 4294 4799 19d2 4e80 6400 2a05 1871 717b 53d4 5626 3b56 53e9 66e5 6b27 04b7 6875 2f89 501b 4f27 528d 463a 1b8c 4271 0c60 1b4f
34e9 3dfe 7612 24ae 3897 2dcc 6f3c 52a3 4c5e 359e 0e7a 37eb 36d4 76d3 0ffc 4466 47b1 4b4e 7326 5615 2739 5c43 1d43 26d8 1f9d 01cf 5c60 0a17 3be7
6eac 1998 4e6a 33e5 5bb9 1114 22f7 2c4e 0fe9 7b64 15df 2200 7a0d 4ddc 7dca 440f 678f 1183 61d6 6957 2342 40eb 6c3a 59d5 38a7 2eae 0765 5a2c 7013
6971 71d2 7a23 4d21 545e 72b9 2e17 0876 60ad 17ec 3b22 2c35 1e27 314b 2b11 5e61 2ab2 2898 59d3 46cf 5bcd 3966 2c71 5191 27ee 7cc0 05d7 11b3 4e80
34af 1044 3911 0b01 31ec 341f 668b 19fb 6aa6 3c7f 6106 4933 35db 351c 7e90 5b0e 7ebd 2f4d 623f 2b4a 0568 78c7 351e 266f 4ea4 3820 1b72 542f 3361
7c66 0fee 341d 648a 14e7 15da 6174 5b82 04a6 4653 35ef 7dc3 6200 07b6 70f0 7958 2720 15f7 5750 69db 3fbb 75e7 0664 5534 66b4 76e2 31ea 489f 7348
7d7a 18f4 6efa 6363 03f9 1a54 707c 6055 2f1f 1d1b 6902 41f8 7c15 5662 0fb2 5dec 0251 4232 6086 45a5 62d3 04ad 5cc2 3fea 0cfc 2d9a 66a2 567f 6412
3220 4fe1 7dbd 5c7d 3846 049f 60cf 6e3b 558a 2427 57f3 29e5 657b 7164 5774 4fe8 42b4 31f1 18f5 5c46 4834 2d30 574a 45b3 719f 7186 5cd6 1104 7e4c
1466 10e3 4db9 76d2 4edd 6fd6 3365 03c2 6b01 5795 0695 56a8 4efd 7eb4 4352 58e9 3626 1045 0008 167c 0bf7 5e5a 65a8 3ec5 4396 4771 1a7b 4c3e 5564
2920 5272 2140 548e 7f00 784c 106d 73fa 5942 101d 0a8b 3a4c 4037 5adc 69f3 49b0 6c86 0fbe 0c5d 68a5 1647 3954 5d49 4147 4169 620c 533f 5f77 5ca6
1697 1f7a 512f 3d1b 39e1 5b26 1f32 2e41 21f3 6554 0edf 3239 6ab1 47ee 0b0a 12b7 4b5e 1baa 5feb 6d31 64d5 4e06 428e 5162 4dfa 107a 254b 7af8 3d21
6e1c 788b 7dea 475c 49ad 056f 2847 1762 1274 4f93 2a96 33f0 71cb 2c4e 17a7 7dc4 6e4e 29fa 3859 256e 639e 3cf4 7391 1a87 7399 2db7 302a 0bbe 587f
12b9 0677 6da7 7898 3abc 38f1 202b 13fb 0e8c 55ef 1a37 71af 7334 3ffc 4234 7582 3bb5 0c93 72cf 758f 1688 4184 6b6b 5876 4ab3 5286 4797 1603 5bb3
2731 28cd 2849 0344 5cd0 6e75 05e5 7ed4 54d4 7cc0 7a08 5d14 517a 0937 39ba 4f39 0ba9 486e 67e8 3c29 0ba2 1959 5b90 54cc 7cc8 4c86 1e81 7ea5 798b
01a6 0a38 625b 3621 420f 378a 5b8a 3c05 09c9 79c6 54a4 516e 3373 1aec 1986 5e0a 5dae 729d 07e6 5192 1802 6b3a 30fd 4ea6 0e1e 669c 017e 687e 4277
2a09 2d0c 4d6f 7323 448b 09d2 38b9 7b22 7977 1535 5daf 171a 498e 1fba 3811 1308 6024 5f3d 026a 7185 0c53 2730 443d 6d69 3fb1 52a2 5c50 1410 4a17
3f86 429f 7657 376f 75e9 4efe 293f 1885 3162 1d1a 79b6 35fc 2139 1163 509c 7c69 5ee7 7b23 4de7 0504 3ac3 7829 7a1b 1e55 3524 12e7 3b35 5337 76ff
32a0 07f8 1c61 56b3 7dc0 6a77 6bd1 6a48 1b24 2f76 79c5 2aba 778a 5461 3d39 6ef1 37d5 206b 27dc 314e 2226 0f62 29b5 1a7a 7386 53ca 719d 6fc4 131b
2632 01ba 5513 7690 583b 6e58 2d86 4ef7 280f 2354 0c20 2cde 4075 1bc4 7304 5637 1adc 1b40 4447 4536 6300 0a0b 6467 139c 4310 0f1f 3c26 7e22 0c10
112f 6ee2 1ed6 72dc 2961 0714 09c6 4401 3bec 51b6 423f 35fa 4550 7b92 21e5 5299 25f4 3c98 6e1e 327c 12c9 317b 38c5 64ff 0a8f 592a 7c7d 4c2f 18dd
6cb5 0be7 4654 1d8c 765c 6f1b 1f59 78ec 1ebf 6ffe 5f3d 6952 453e 341d 31a4 1010 673b 0d3c 5716 277c 3bd3 1bd4 5a33 0eeb 45ee 78c1 4303 7f72 0b7b
641e 20bf 5b17 5674 706d 74c9 0471 4b88 021f 7f0c 4900 6c0f 60f0 7e9b 32e1 0816 2a79 5935 08e6 7664 4d68 09ca 24c7 792f 0b39 6a4f 655f 6844 630b
0080 1432 7ca5 48b7 1865 74e9 5b3c 0e54 5091 016f 511e 52cf 0ea4 54c5 5656 0c7e 1094 2b54 1ed8 5729 05af 1327 2da0 06e9 7143 09fc 6975 67e6 6a9e
3f09 13b7 194f 4e5d 7778 730e 09f0 4eed 3229 3cda 6d4d 439a 4f88 3daf 5def 20ad 484c 2861 2998 2850 59f6 41ea 61eb 1714 6c96 502f 01ae 104f 53c0
03ad 1db6 2805 27e5 6bc2 2b30 357e 7d75 2f04 740b 4750 38fe 7630 038d 371f 7845 2a89 563c 167a 25ae 1874 789c 78ad 0264 5f25 5d7a 1d44 56e5 69da
1408 5fca 09c9 7ffc 5a24 5179 3dbb 13e7 138a 4e80 5841 7ba1 6934 4ba1 0b99 6e0b 7088 7a12 4a28 7b22 646b 22a3 2ce4 6cf7 65cd 61a6 6cf6 6f30 7d8d
75b0 5a7d 6044 62ea 67d5 35de 18f0 378a 2f81 56c3 3075 4c66 5775 7c80 606c 0f30 126c 0b02 2f03 035b 6813 1795 294e 45ad 6b23 0ccd 3981 041f 3ae9
733d 58db 152c 6e04 2183 314e 4dcc 3a6c 1aa5 29bc 2046 29ef 53ee 4027 6daa 57c0 5af1 4fc8 6acc 5d12 1c84 21d4 3a43 7e8d 03cd 3c36 461a 50a2 7866
3420 194c 5cce 36f8 0efe 5fab 4557 6359 4544 220d 2da7 157a 1225 5094 697a 4c5e 681f 2097 2678 11ec 0d48 4bfe 57c5 35ef 426b 2d50 2d46 077f 5b59
59e7 0659 3547 5050 2c5d 236c 41c5 2d72 233b 0988 20e1 66bb 4b76 6e9d 5b31 167f 32d6 63a9 39cf 582a 4e7f 701e 70a0 33e3 11b5 30c8 19f6 69f9 0427
22f4 6b4e 2c6c 54ce 3144 2bcb 1b95 4bfc 48f8 2286 4a36 7e12 78c4 29b7 5721 2cb1 5e29 1929 5a82 3bc9 1f33 7b12 1fe6 2735 7c06 2b3b 1710 6288 7268
5861 2a7a 461d 65ad 74f2 575e 4938 4a26 0038 218e 0914 1fcb 3f6b 54d2 17bb 3e87 0595 3bd1 6c34 0dd7 224c 3663 6766 69b5 7a90 3afb 46ae 31c2 071e
0de8 3ddf 3bc2 060e 664b 59c3 6a5e 29da 2591 5a29 5e94 7087 3a60 024c 0b7a 3efc 2d58 365e 66bc 57e7 4ce7 6518 514f 2294 07ab 477d 6892 7dce 7566
3469 5961 76eb 7d8a 2027 6af6 653e 5218 404b 6a69 7cb6 506b 6a29 56bc 4226 02f5 57b0 4c32 7979 0921 490c 7e4b 1dfb 16c0 0e3e 28b4 6efd 328a 29a0
1596 123a 73ab 45aa 0896 74fe 1a1f 2757 4e00 6558 6d9f 148b 05e8 5a5c 33fd 5ec1 3b37 6c84 2f50 4236 0f9e 4d6e 069f 6d71 4633 1790 5983 5609 484e
0f44 6796 233d 5912 7dd9 42d5 49d6 2992 576b 2b36 79dc 7a9c 251a 262d 19b2 4897 2d36 5609 7f02 1253 722d 168c 1138 41f0 6893 53b9 7edf 696d 5039
4f97 2c38 7071 3b4f 5f0b 4cbe 7038 6bd2 204f 0ffd 748b 3e91 42c6 4f19 0a30 20b7 094f 3616 4928 64dd 2239 5286 323a 6fa4 5587 630c 1703 4f07 3a17
5020 0dbf 2111 017a 77d9 1951 5a88 39da 78bb 736e 0da2 31d9 2f67 307e 1565 255e 0dac 334f 0d29 68d2 223c 1b8b 5e8d 73a1 11a2 53b5 3967 227a 502a
264c 4a45 4def 26ba 1474 0491 1995 0ffd 7655 2824 4fc7 712b 3f4d 1e8a 4ec0 2bef 6923 30a7 6e29 2aa9 7cc2 5f2c 1e17 6eec 5f0d 47df 7c42 0997 267c
5325 247d 5a4f 46de 120d 4995 4f6d 4a3b 64c5 7666 2dee 6804 41aa 6c63 36ff 4eb6 4a2a 492a 53a9 2fdb 46ef 2cad 3e22 13f9 16f7 447f 6540 42d2 0c73
6143 0ee8 6cb0 0be2 0cd3 2401 115e 0621 1bb6 5f35 0383 69e1 3e43 6f22 5a40 4d58 0ce2 4080 09e8 7c18 73d1 1d82 13f1 1f16 3a6d 41d0 585c 763f 0167
45a0 7cce 4df7 6d3a 4a29 4771 1875 7586 580f 17fe 63c2 437d 2a5a 57e1 3f04 7a1e 60eb 731e 6419 1a49 2e19 330a 62b6 1629 5376 2dbf 7089 577c 1c16
4ee2 051c 1565 18bb 0585 3bb0 7d03 7341 0563 1b22 51aa 3262 4049 005a 6f5c 610b 408b 4ead 6a49 33d5 248c 1be3 41fb 01f9 65f2 4a19 4a58 5a57 4a78
53f9 09b1 5ee2 036f 0647 24f1 6a52 0bc8 137a 2e25 1948 5dcb 7a2e 337d 0bee 1278 432d 1a08 7f0c 78e9 638f 3551 154b 6b10 2756 37c4 6c9a 738d 33b6
39bf 6f26 4857 793e 5bc2 51f8 59c4 13b3 4fde 6200 6702 3425 5419 44ff 75d8 00c2 3bb4 3d2f 51c4 196b 2cfb 5b63 512d 2174 3e8a 461e 3354 1a57 286c
289d 437a 5379 5653 520a 1e8c 0701 61da 288c 797a 0b9b 2265 2fd3 7537 7091 5447 7921 5ced 58ed 3a69 3c2b 5f2c 4f20 2083 3f76 2515 0c92 19d2 2b49
3403 75f1 3b5b 1073 44ca 41ab 7a79 0464 0bd7 21ad 6c23 5bab 3e63 7a46 53e2 5284 6027 255e 5220 004d 22aa 5da7 59d3 36c0 5c56 76a2 71b9 6fbe 7693
6c65 683d 48e0 1e8c 3a20 137d 0c7e 636f 69ef 1b6f 4236 6da6 5b2e 1896 7503 706e 6a03 5062 3248 66da 23f0 2345 6468 1072 4535 390e 77c6 0081 70cb
7942 60b4 5977 410c 12f6 78c3 4301 527b 70ae 58e4 00b6 566e 1831 4a1f 7d0e 7b9b 440b 0e5a 2236 2c2a 6e80 14ae 4e4b 612d 17a2 7e0f 365b 4866 4c7d
1fd6 2d6a 648f 7b9a 55b1 6aa6 6416 4b68 1bf4 04db 1bf3 4269 7eb8 3199 10f0 2250 715b 534a 0666 5f61 296d 7ce6 5360 0cb3 17fe 4352 4a0a 4b4b 2ae9
5b62 135e 05c7 2278 59f6 0891 43df 6119 4434 4d88 3141 0d61 6bab 1c00 588c 1884 6ba8 5e9b 586c 2019 67c4 6cf3 01c9 7f63 70f2 2df2 416d 6a43 1730
6a8d 17fa 59dc 25f1 5470 4789 44ef 227f 760e 3b9e 7140 2ccf 7a39 76c5 5e78 698c 216d 4846 5824 2cd9 1a84 1919 0417 0d4b 2916 6724 6a4e 2d5f 065d
2090 09af 788f 1628 4036 079d 37ea 6f51 6d1e 1909 2cb7 781a 342e 361e 2548 580f 10cd 050f 3f51 6af7 5380 6f28 61a0 370e 0da9 67b4 4c8f 068b 0586
37a9 31b5 0c15 0d6d 3de4 55fa 158b 3a2c 7c8d 417b 104f 4ab7 4ee3 3f2c 1033 0368 3f8c 279d 53cf 4ff2 05fd 55e5 40b9 0e62 39a6 2044 6ffd 53bb 40d4
1ff1 1a47 5c45 35db 2635 123d 3e41 6fec 6346 2f60 7ce4 419a 146d 7d60 6b10 08a0 60bd 7b02 563e 24b5 0ab6 3ff1 7088 73db 4c04 106d 43b5 34a7 543b
4829 49bc 74df 47da 64fe 7148 015e 00ae 39d8 72ff 5d19 6762 473b 40ea 0f10 6bf4 7257 1df1 5a92 76d9 23bb 1572 6810 647f 7ccb 5871 132d 7cd2 0e02
3da5 234f 6b0d 2813 46dc 1544 0309 09b3 76fc 0e24 7d3f 7cb6 5e93 68e3 70fd 3a9f 02a2 3fc1 179a 02d6 0017 5aad 7f1a 7752 17da 48c0 3464 3c1a 45a7
3fff 3197 1966 2723 6e89 0f07 5592 2475 372e 6f47 0aa4 1dae 4aa3 37d6 069a 048a 3a8e 51ed 7973 2843 5170 2928 2e13 31d3 38a5 41e1 655e 5830 7ec6
31cb 4386 6eb0 0033 3f5e 5e5d 1297 738f 3569 5f74 02db 07a8 2148 3c98 4703 1406 0d35 05fe 5630 314e 4867 7032 161e 57b8 31d7 0989 2c8e 3f14 0073
5daf 6946 256a 742b 2805 763c 5309 3a8b 0eb5 70f4 5fbb 3440 5375 5f88 423b 7cee 252d 2012 1ae7 5694 54d5 01ef 0495 64e0 0b13 0ae7 5e24 7b85 4711
0f10 7cd0 7c20 100c 3fe6 0092 5683 13cd 3779 6e6d 3379 77f1 5842 2c68 0e3f 4213 49df 41e3 26df 36e2 0c2a 329b 0390 2f41 264d 6e0f 11f2 239e 7337
3545 4a61 729f 45e6 1157 42a0 12f2 008b 6ac7 4cfc 286c 6b79 13d6 6fd5 085a 7496 2803 05a4 39b1 6e40 06bb 02eb 26fc 2386 2976 7a5a 6159 256f 15ce
125c 636c 72b5 20c5 5501 69c7 4526 21b6 24ad 3ec8 1171 36ae 04c6 2008 1ea1 0a05 012e 1a8c 3899 740b 4ba0 6472 04d6 1bee 1b74 675c 040f 19bc 1b15
5fa9 086a 2a48 6bc2 5106 7f40 2a27 72b7 2c2a 0355 1f63 2d74 7e03 1335 7566 3e58 33d2 4fba 2b7a 6c1c 04d3 762e 0a2b 775a 669f 4e92 7724 139b 4d52
3c48 694d 4b16 4277 54a1 3980 17ea 1414 598e 590f 5f36 442e 74c1 0816 7a22 4d05 11ca 7e09 0a54 42d6 561f 1601 7dfa 0ab3 0ded 35a4 6dbe 66d3 256c
4d69 4d15 1c67 4765 6f96 1099 2196 250f 2d3d 59b1 7a5b 004f 2fba 1db3 6359 57d7 32c4 4a9b 5574 02d1 1093 7684 702c 7196 0834 4c69 4345 6e15 796b
6525 234f 2803 20e4 520c 2ed1 5ad0 13bf 2178 74a0 4d07 645f 0b44 58b2 54fa 34aa 08ff 0521 5f95 599c 138e 6710 2e32 17a0 0857 4c25 0ce5 2efe 4e94
28a0 560f 7913 15b3 6b56 12c3 4e36 7dae 3334 3c96 3567 65b4 19b4 65e5 5a8b 3145 1901 5073 0b29 7eec 7882 408b 39b5 7ce8 0bde 168c 4de0 65cb 39c9
32c4 5a15 5243 1cbc 3fb1 6149 76d8 34ed 6400 7fb7 3295 2678 56c4 10fa 57dc 6b07 51fe 47e1 57ee 25b9 7fa2 44c4 1100 60de 29b7 05ff 7f79 447d 48e4
10db 23a4 51ee 2ce4 1641 7e55 70db 6288 313a 063a 006c 3516 3e77 0094 4351 371f 1ae4 4067 1773 299b 7f41 1f2c 793c 3deb 1d25 5098 7419 1609 4d34
117a 2c2f 26c6 1b3e 527b 2fcd 129a 6b2f 25b7 0169 2491 2c9e 2947 79e4 0162 358f 3944 3971 78b5 41ba 2e0d 3c28 3b35 3d63 0b00 038e 1db9 45d7 4aa5
46f7 10ea 1e72 1bf2 2f47 74da 40c8 405f 7b25 1e6b 6ceb 199c 7a6e 3c67 1f14 0260 2524 2cf4 6d9e 1023 7af1 599a 0888 2903 3ffd 524a 7d60 1fae 281e
0810 1005 6ad6 18c7 3cbc 2209 6f7b 23c9 285a 7760 0ae8 2cac 5968 49bc 30da 68c0 0f35 128b 146e 5443 633e 7c62 5048 3eae 3c06 6335 3f7c 4ee7 33e8
5446 18da 1a87 2b2f 3af2 3305 38c3 62a0 1127 66a6 5976 4eef 38d5 7de1 1315 2c01 3c44 435f 6402 53ec 4b75 081e 6663 6f7e 7430 4475 5729 7df2 2f8f
2d69 14ae 4ba1 5093 46fb 2ea1 358e 623a 68ad 4ba4 05ab 756d 0c4e 5e47 0734 4088 575f 3ce7 0e11 5406 55e6 7195 1e50 4545 7a26 312d 3683 6c8e 7dd4
69db 02de 5365 10f0 6d80 2067 6b74 5b7c 37a0 0b04 2c6f 4469 6c0f 5ea1 3bb7 74e6 53e7 4c24 3271 3346 2994 203d 09b9 3227 58f3 2bfb 7ce5 1a92 69ed
0e7c 63cb 20c1 5229 2ce5 1d11 3cf8 0ac3 4bfc 64e5 5cbd 2ba6 061d 6234 4446 4388 3ce3 7539 2b0e 522a 2ae3 4f6f 118b 4940 1fc1 3362 2750 2396 22b6
3208 6321 209a 776a 4581 3241 21e4 4897 4e09 2315 7694 7094 50fd 1497 5975 2b66 0973 4728 4fb9 5919 7a51 7f8c 78c6 3346 3dab 0a1e 4e6e 67fa 2d61
03da 0705 6a13 5ae5 435e 6f36 32fa 791c 20f2 58d2 6b99 01fb 0961 3ebf 6e9c 0dd2 5922 60e9 7da9 31f3 032b 0733 019b 2575 5172 11b7 38d8 7bcd 3d96
5028 1563 5f2f 51c3 4ab4 0894 526e 0467 647f 3917 7403 29cf 4e61 483c 21c4 6944 1301 5703 5263 6b9d 0edb 57bf 1f1b 2401 5706 6a33 7424 475b 6316
3128 4b6a 4ecb 3ac1 7871 6694 43c0 1b68 2172 338d 04e1 49a4 3163 05f2 742d 2b89 699a 552b 6561 2b3b 1b20 7f57 6519 5b43 54fc 2865 3402 1f5c 5557
3643 1083 6d98 2724 6e8c 4dac 137b 61aa 4afa 1651 1428 2522 1ad8 65e0 1374 56fb 2364 49f6 0196 533d 03dc 7b7c 2177 5ac1 2af1 311c 1ee7 24ed 7ebc
47c8 7953 7378 6fb9 0a9e 5c93 564c 2e08 2b10 19e2 712d 2834 2e50 139d 4eec 6734 77c7 263d 20d7 0ee1 7815 534d 3efd 74ff 7a13 4381 2ea4 1866 027a
6bce 2725 27fe 4379 515d 4217 2a33 3561 27db 0acb 2f6b 7390 0f64 4b75 5106 6ebd 0cff 0472 230b 578e 6171 2d2f 7498 1879 29f6 0656 4fb2 720f 6107
1fd2 5808 3f42 3071 5845 6c9e 6fdf 428d 786d 0510 3cc1 4e8f 7759 7441 646f 0188 4e90 35ec 2921 030c 4770 01ac 344c 259c 5af6 56c1 44dc 5809 0639
34e0 4631 3237 7d4a 5abf 00e7 7a21 222e 4751 0334 6f43 3d55 0b9a 04ef 196b 73a9 0b45 59db 64e9 72ee 7dea 0abd 4b70 7f83 6425 60f9 1da0 5187 6509
1c58 38e5 6e3f 4467 7d6e 4578 725d 5b7c 08be 29c5 0e79 334e 534b 2c02 2e25 0833 4856 01a5 17b8 3843 2bd5 5d4d 5b1d 074b 1126 40e1 122b 0ae5 503f
7c28 29bf 619c 15b2 333f 7387 694b 7382 41e1 10c2 21cf 5e1d 64e0 4f56 3c66 36ad 71d1 48b5 6b27 7820 334d 225e 34a3 60c1 74a5 035c 7753 4d9d 3a03
7087 7cb0 62a2 6ab1 553d 5b15 5967 5ef2 314e 7e4f 2cfd 34d0 3d2a 49f9 016c 7af6 6f97 29e2 4dec 3cb9 211a 3d9b 609c 48bf 7624 56ad 7200 659f 34a5
46c8 17d3 6ec5 2792 70a0 6398 1860 73c7 04db 58b3 0950 330c 76ff 01f2 0c80 5d48 14ab 0c36 26b3 60e6 09e5 1182 082d 64aa 3bd7 103e 76a2 78e3 0c31
06d6 560f 0c25 0746 0e01 635d 407f 42f1 6e0f 0ef4 191b 07d1 7d76 68ed 6ce5 08ce 1f16 7d39 4f11 6966 1fa4 3545 023b 2f5f 1bbe 49cd 27a3 5505 3ea7
7662 3f55 50a6 03ab 2da4 4555 5d69 500c 0362 6644 25e4 5fd4 31ce 3ffa 77e3 6529 773b 6c88 55ca 6e5a 7220 4dff 2886 2601 05d6 0e76 2829 6f1b 3605
5711 38dd 2245 4836 12dc 66d3 5acb 26b6 7eff 24e0 5daa 4cf7 12a0 42d2 60b9 70ca 7195 6584 179a 09ad 2baa 3e2a 15d3 4875 1804 1caa 6cd8 3561 70f7
1fdd 4068 7ac8 3560 46b7 4a86 56d5 2d1b 3401 3ab6 4ba2 7552 5a73 5bd6 500e 53c5 0420 2645 41f8 4765 1bbe 6f39 699d 1e0f 1ef8 1f8d 6aeb 4a36 31b6
0c8e 345e 717d 1b0f 46d2 33c2 153b 51ca 21e8 08d4 7f27 52b8 33db 427d 6db9 5428 232e 386f 5d65 708a 1e6a 2c81 2a79 2da9 64fb 59ed 5060 6430 43c9
68e9 22fa 50c7 2634 789f 77a2 5e6d 1304 7d60 51c2 1bf9 002d 57a6 5ac3 46fe 7aff 10e6 2cfb 0255 1c4c 318a 25e7 72f8 13ca 12de 241a 75e5 1b6a 7bf8
5c55 42ae 12c6 2db0 5fce 2baa 691f 7145 2f42 6550 7351 4028 3f96 0ea8 5cf2 1c88 3db6 460d 5be7 6980 78a1 4737 36a6 6690 79e6 095b 21c2 2204 1910
7378 006d 2618 6fb0 094d 2472 7b9e 4119 6e9b 1f66 092c 2c40 0cfb 6e66 7b35 3fff 3672 00db 1352 31e3 297a 2d32 3d7d 6304 5b86 2dcd 56d7 2f3a 7352
23e3 252a 34ec 6776 799b 02a3 6749 0368 67a9 244c 12ed 3504 4931 4584 6530 3493 02a1 4a55 0119 612a 7781 48a8 18ee 4669 7e5c 6827 7371 0cf4 68e4
5e16 6472 1afe 25bf 1790 7f82 6e58 20e5 5afb 124e 10d6 7705 6cc1 6996 6431 602e 13de 79bf 3c57 52d9 3bd8 43f0 063f 78c1 4e3b 5429 55aa 2ddf 38d7
478d 4b6d 1ddf 75f2 43f4 3beb 322a 30da 13fc 2f02 1d57 619c 6659 25dd 0126 593f 170e 6c72 417d 039f 4bd8 005c 2970 6491 35e8 50d5 2742 180a 32b9
1cc7 6da4 461a 2bd8 02b9 7ea0 3582 630d 2931 288e 3548 6be5 5717 1de0 759d 3177 6fc0 52b3 7cb5 031f 7650 7aa7 3ca2 6a1c 055c 27f6 799a 74c0 5d8c
3a25 7ea1 3c11 4326 285b 7d86 660f 6572 1938 37f8 43e0 43ea 17ac 780d 6cfd 23a0 7f87 29fb 5d9b 0894 3bbb 19d0 77f0 4fcf 1c8e 518e 132c 5fa0 6a9d
4cec 6d9a 56ae 5eca 3252 7b7f 1c7c 3d7b 5a26 76d1 5b08 6c40 0f0e 0432 12f2 07ac 049c 6b38 25fd 7220 4f5a 0c37 1805 3a5c 6ba2 7fe2 1e69 1591 0a1e
02c9 50b7 01e9 2a1f 7be3 7eb9 0ede 25ea 0fe0 0d68 2d9a 3b3d 7d35 7c0d 1ad9 4a62 6bf6 4f1d 5d7b 2ebe 3693 1e7a 1fa7 34f3 0fae 0af0 4ea3 0934 3827
1e9e 2d2e 4984 7d66 1504 09f9 1bb9 7833 6413 4795 1a18 25e8 6210 7938 5a8e 7e05 766a 6923 7854 6ccc 00e1 0b26 2c8c 404c 7880 45c5 589f 6d39 4403
2d73 42e7 3bd5 5b46 35d3 3b90 16cf 05b9 79d1 5048 38a2 4ff3 4256 1f58 52e4 4d5e 7f54 6db3 60b6 088e 4084 5df2 5074 0ba5 445a 6ac5 14b8 0b23 51a0
0ad9 18bd 2c0c 367a 77a5 1763 71e9 6d71 3388 03fd 48ff 7feb 7b8b 565c 544e 101b 736d 7580 5c12 3ab3 6e7e 4197 1332 66a4 3ce8 502b 1e7b 3c80 764a
5154 4585 30fc 014c 7d31 18b0 5419 4e9e 4168 6a40 7767 4358 5f57 4e41 6f4a 5fde 49c1 483a 561d 7248 778a 564f 5d24 0d21 46b2 372e 3559 5464 51f3
69b1 6dbf 3087 38b8 6a8d 379e 7f08 54c2 2390 6d3e 1641 429b 0477 7124 4067 20a9 4ef5 7bab 7e04 1ebf 2c99 3761 4807 6973 6cd7 4965 6d6e 5860 375a
5b93 2e5f 49ed 547a 4683 7ded 2ea4 7450 09ca 5b2d 1dd9 7273 67e5 055d 142b 1952 5f27 7a48 686d 1b5b 1abd 2a69 03f6 6739 1471 79f0 3570 0a1c 18b4
6621 1cd0 7921 51bb 7e16 3c07 6ebc 7a20 43e1 3163 7bea 6831 1ad6 5017 3686 6dc5 3e59 7826 10b4 4794 2acd 64dc 4fc2 5019 48d1 747f 246e 2086 59b1
4d7c 2800 1493 4a88 3e04 3d6a 3306 600f 645f 763c 691d 620a 1e8d 0681 2576 3986 36f3 51d6 4c04 1e12 7634 2baa 6a6a 03d9 0cea 53b8 193c 7c83 607a
745b 7ccb 412f 2a05 2ba7 787c 52b7 0950 0de0 6f01 1b6e 27ec 7b7c 5b72 423b 4c57 159d 3634 6eb4 0212 5e65 1b94 4019 661d 2126 339e 572f 6bf6 68cd
37a2 0a0e 6ade 561c 7214 6e5f 031a 7073 68d1 2458 7017 5491 370d 78c1 499e 46b4 1a47 2fb3 6b62 020c 120b 70be 3516 07aa 4de5 6da0 4adc 2523 133a
4a0c 0a37 2ea4 75f4 35fa 011e 02b5 004f 3b05 63b1 6280 345e 100f 4285 0841 0800 7613 336e 29b6 72c9 4da1 2394 328d 1c6a 7e2a 6fbe 580b 4155 0f2e
121d 146e 1d47 2120 5ccf 5244 58d3 0936 50b7 622a 7832 2148 625e 5d12 5d8e 589a 5d1d 15d5 1c6c 779e 3295 55bf 2bfb 4836 611e 1f80 587e 385a 76fa
3a0b 4d08 12a7 2ea2 6398 7998 2778 579d 71f2 3cd9 7a16 4fc1 639b 5302 342c 25ad 3b52 0bde 5314 0ebe 7fd5 7f85 3356 5b93 080a 68a2 169b 11a3 0de3
4e74 6f49 72eb 4da6 7b79 6e17 6f62 0fb9 5e65 56da 1962 30cd 42fe 587b 76a4 47c0 50f7 0a4a 5738 74c8 6c4e 5d57 7cf4 72f5 0577 7640 141d 7846 5ffe
1147 4cc2 2b1e 7653 6a59 5cfa 15fd 6c48 2451 0ab9 2627 6b04 4c79 4b1b 456c 52df 7f95 7313 218f 611a 7e99 1eb2 5e9a 5135 7f28 346f 0549 1990 683d
49ed 1cff 0a81 3a99 0d92 6851 5484 5249 3609 4543 6b05 509d 4623 58c2 2cb0 48b0 243c 5b1b 578a 128d 0dd3 7b30 1111 2ba2 67c4 0929 663a 0ac4 7e8d
788c 4fa0 1e09 5724 3f1d 3d2d 7403 55b5 0d7e 7ae2 2751 056d 515e 2934 4483 4067 6324 758f 21e2 13b6 13b5 26b0 5d60 06bb 3aa8 6983 02ab 10f7 4f88
36ea 4765 196d 077a 6daa 6d71 2de3 63de 4e01 0887 7e3e 2690 6471 5683 255e 70c6 6d23 5a3e 65cf 2594 3c71 54e9 4de9 2065 0a3a 1a82 1656 73ee 3790
10ea 48ad 08b5 077a 3bc9 511c 5513 5682 0ad6 4206 1a92 7d19 0dad 121b 4df5 7f02 08e9 597b 715e 0a03 1958 6bb0 3aa7 4894 2d53 0364 01f8 79d9 5461
2208 2d72 1d34 5c25 002f 07d5 5f18 4d30 5cff 46ad 0a37 4310 3a29 65e5 23ef 19b3 44e2 28fd 28b6 0e08 53db 60c6 37a9 065f 1397 6a73 4407 312a 7b51
1bfa 08a4 4b68 3178 10d5 2ee9 62e3 1182 5fe0 69fd 3252 3d09 6d06 3724 0b38 6f15 61a9 5d4a 59df 11bc 6368 78ac 3e29 400f 7ae5 1578 23ea 424c 2b03
0675 04c9 25e7 4142 6f54 6245 023f 5f8c 0d51 48e8 664e 08b4 2b31 3143 61d9 51ca 73e8 043f 282e 1c86 3562 40ff 0eeb 70b6 0905 259d 4488 576a 4604
165d 258c 3431 099a 6c67 1c7e 2744 62d6 2806 7a29 4c43 5bb2 0f47 08bc 0861 65d2 0da9 3e7b 7f14 05c2 4130 6008 2d35 5106 0617 611b 08c5 30e0 085e
4ac0 49c3 70e6 3fd6 1eba 20f1 2064 6053 407d 2833 4382 3247 6ab4 6819 7b78 68fd 158d 48df 3458 23fd 785f 20bd 1d47 0548 76c7 50a0 6da1 0c6c 4f50
4bc2 1eab 1d81 54bc 2c08 6162 748c 606f 2519 5ca4 6bb3 23c2 6694 23a9 3e9a 41d3 33f5 33cc 08da 0270 6b09 3cdd 5cf9 78e9 15ad 290b 6c19 0b65 619c
43f2 7e02 2807 39d1 674f 2e17 02f1 4a61 000d 5510 54fb 6f66 4966 7616 058e 2f1f 3efa 598d 2daa 0030 2186 7d83 7ea3 656c 79aa 15bf 5721 4445 3df9
03ec 73a0 6bab 78d4 588f 308b 42ea 297a 5cc1 3490 6fd3 2bc7 6ad1 522f 6c04 6414 7b9e 45e9 097e 6810 3172 2e8d 4afb 45a3 0ea6 4211 388e 6c15 0251
7a4a 2124 24e5 1624 24f3 618d 617d 132c 4de9 1d02 39c0 356e 4ce3 5367 46b6 5b55 7daf 3465 4d69 0b86 7f2c 0599 449d 2d50 4315 7b90 3dda 4994 7797
4a9b 4102 00be 732c 48f7 4cd6 7f7f 4c9b 4148 11e0 38e5 661b 2835 0cc1 46ae 4613 3b6d 6e90 7e8b 00e5 156d 2959 7aed 1653 68db 6b75 4f76 69c3 5c27
148e 3e7d 1164 55d0 71fa 58ae 184b 44d0 7bb8 3437 1bb1 0e8b 64e6 4da4 44c1 2a03 5093 04fa 6b28 6d40 270f 1de0 73db 213d 6582 57f8 148b 56fd 759a
727c 2d7c 20ff 50f8 5ff6 5129 7d71 43f1 2b65 4d6f 5700 5a42 2205 72be 1c68 10d3 3f28 7b8a 4d14 4183 7491 10ef 7a3d 1f4b 3158 24b9 2c12 704b 0ae6
74b2 1255 0e9d 0638 18be 5347 303c 7451 1680 2958 7265 288c 79d7 2116 17cb 423e 11f5 04b0 3c56 5094 5e4c 5ad5 23cf 18c3 33df 1a78 5807 7aef 1b7f
49cf 6af7 3e8f 6944 6190 4dcb 7398 2416 7ef3 754e 1280 3a20 7d29 1d7b 1ba3 623d 31a3 3409 7609 6468 2f3b 03cb 6954 6d3c 70e1 54fe 12c7 68dd 0105
7ab6 62d1 047e 68ec 5726 3bad 2ad0 428a 5f51 62e7 058b 1b72 0859 16c6 6ca5 557d 71dc 2289 43ac 1b08 5728 0da0 3f8b 31f5 5a30 09b4 37df 67d6 7861
6e2a 0ac4 6a84 7a4b 2abb 4ad4 38c6 2edf 52d5 5008 387d 7bf9 1dd8 38f7 0d4a 422d 059c 3e1e 6a81 297c 2cdb 0141 16cd 10ac 678e 5f8e 5ae6 7d35 7656
6f2d 4f57 24aa 7b91 4bbf 1d3c 4ee9 5daf 1f2d 68f7 2f4a 06aa 0f52 08cc 7381 7cf3 0583 12ba 16c7 230b 6c5b 0026 2d35 3736 1419 6479 00aa 6868 7cea
7d5b 10cb 7ac9 2e95 12ea 5dbd 549d 7b71 2076 0447 2b63 40c9 6450 3fdc 02e8 1467 63a6 5131 429d 787c 3f96 7774 0ee7 57ac 49fa 1234 26cc 1176 7963
3e37 677e 5db0 1e5f 7da2 35f5 52b8 307a 7ca6 5d94 269d 1beb 26f7 207f 159a 028c 69cf 617a 3ddd 7b73 5cc8 6cde 775c 76eb 3273 3c4a 5352 0552 6fa2
0eb0 7779 25a8 4a84 00f9 5c96 6bb8 07e9 547f 24e1 503b 7db9 4629 1642 3256 3cf7 7fc9 0a9e 72f2 5d69 1a73 161d 61ab 6880 3df0 4cdd 0d72 5ea8 675c
4626 5c45 6966 1d5a 2577 4096 2b66 45f5 2f31 635d 784a 1494 6f91 3f1f 5b19 4244 0751 663f 5656 59fc 5244 3794 504c 26ff 625d 22f3 5e34 6df6 3541
741f 2d11 52a8 2109 41d3 2453 2bd7 1be8 139a 3942 764c 1921 2fad 01c0 2883 12c5 2c65 7069 773c 0c86 6963 2051 6e1a 7d53 6be4 3330 234e 6da1 5fa2
7e18 06c7 77ff 1cc5 3bac 04c0 089e 1027 2402 180f 6dd2 3368 7b86 2a02 51e4 305d 7f24 6bed 0dee 7552 7829 3815 23a9 2f75 761f 5dcf 5393 1a33 2a00
0393 1d8e 7ef5 2de4 0ea0 654e 08be 102a 5a55 1067 0f6e 359c 1890 0f6a 08e2 6273 5a38 2f3d 5404 6af7 04e9 63b6 7487 728f 7b9e 1d8d 452d 2922 373f
2972 59e6 0786 2206 5122 6edb 2312 7702 4659 61f6 2649 1948 006a 1047 5cb6 06bb 127d 7c23 17f0 6503 0538 5629 49ae 76d2 7a18 722b 3a5b 7417 4b95
7179 118a 0e7d 7897 67ec 49d0 0616 0dc4 5cb6 09bc 2aec 06fb 1448 4667 0127 47f7 3664 51e5 1752 6120 7f4d 01cf 5c1d 256d 6653 7f8c 293f 5ff8 14a5
780b 3316 7855 3301 5b70 6d32 0b7f 5cb3 7f43 5ed8 78a6 7ed5 0ec3 5788 09c0 359e 2c95 5029 3b66 03f7 6926 4e2f 5c6f 4f6b 7bca 1af0 7c5c 1e69 2d10
483a 66fc 5ce8 14cd 436a 055d 6d68 74ac 09da 616d 43c4 1f0b 078a 4140 1f3d 41d9 1151 38cf 5ab3 6234 408c 53ca 4935 777b 56fc 676d 71aa 0221 3499
38ab 1e06 28b5 214d 23a0 4a42 79db 307b 1c04 24a7 4c91 3f50 448d 3f90 7127 7a55 46da 2354 7b86 7af8 58bc 2159 1829 1998 62be 7eb8 5c49 02a9 2d75
494e 1ed4 37a8 3ec0 4bb1 11bf 30f8 5583 0ca7 67d0 0e5b 0e20 03e1 5b56 0dcd 3616 2085 781a 110f 2bdd 3eac 02a1 3a5b 7e30 7f59 1f39 6ea8 5751 3536
7b7d 199a 40ab 7fb7 7432 30d9 6107 3847 635a 0d11 6122 1f1a 0581 29ad 52be 3367 0ec0 341e 2a2a 771c 3d95 21e8 3abf 12a3 1ba0 33e3 7245 1f39 4854
798a 6eda 1076 05da 5042 0704 688c 4dc2 2610 50ed 5f1c 7217 4441 69be 5789 75d2 3db3 447b 3711 0960 76d4 314c 1706 2716 7f8d 65f0 27eb 1a40 56a4
40bf 54ca 16f8 5a5f 2b84 231d 68a0 3148 2a50 0760 64d9 06bd 3738 6ebd 11b1 266b 49d2 0551 5ae3 0dfb 09f3 7726 403c 19a2 556a 475f 6e5d 518d 6998
4191 4d8c 03c9 0507 77a8 3199 7d6f 7262 234b 0e52 2778 6633 0307 39ee 20a2 6cc7 43b4 49db 07d9 564f 587d 1610 35a0 2689 30e3 6cea 60d0 46a1 7734
06ae 0262 1ead 7913 6fdd 0ed4 32e8 10fc 18b9 369a 1783 1b14 5137 79dc 310f 5cb4 15fb 5292 59e9 3066 6c52 6e2d 0df5 07c4 4116 3db5 6f71 5cb0 26a3
16c1 7eae 2e36 1844 7415 2890 59e5 7cc4 64f0 7a84 410c 585d 24da 173c 6224 2c04 229a 48e9 3a50 018d 28d1 6cd4 075d 5729 26f7 13a8 7236 30a0 0818
670f 2515 20a3 5a7d 65eb 0c6d 6ff0 7cfc 297c 67f6 4f37 2542 709d 4784 5611 2056 1f3c 2b0a 6b44 780c 70e8 0685 19ba 1526 7c44 2d65 73af 580f 5d8d
66d4 5147 2fd1 365c 1dff 56a7 68de 72a5 2a68 56f0 4276 0e54 4f0d 6397 0224 5e8d 26ac 32df 4386 3c8c 0157 6ac3 6ab0 7adf 1223 28ba 7e85 3324 1bb1
1531 4026 288c 7b7c 2863 6962 6060 603b 043b 2dcf 4b1d 5fca 4c96 4a69 50b5 6355 2f8a 746b 1a54 4c35 5f25 264e 68d1 7d41 6b7e 22ad 086d 6790 0997
2ea1 6323 7e2f 093f 481f 5287 371b 2802 02e7 62ad 5a3a 0666 4e27 5572 55cd 0328 671a 1535 5d70 63e2 7208 1bc5 76e9 18e6 68dc 4c7f 784f 6bb5 7006
1fa4 0dc1 2d1e 45a3 496d 0ff4 227d 1f21 182b 7cf5 4755 6068 7e6d 2282 651c 05f6 6472 2966 5578 2d13 1064 1963 5a3b 2df3 397b 6a78 2d11 177b 3acc
7aee 7cee 5e0d 262a 1429 6cfa 02ce 7f03 0d10 103a 62c5 1210 3013 66c4 1dfe 5980 0d24 73fc 53ae 5e55 7ab2 549d 5a8a 6df1 274c 5807 0f52 20f1 119c
5d3d 037e 29a4 615e 3d36 1002 41e5 27bd 2f64 479b 0eda 6077 5319 7a60 1156 4cf9 27ed 23d2 4a66 3c7a 5b7e 764c 1c70 4d67 489e 7c39 6974 53f3 2229
1ba5 7690 3ee4 0d19 0e63 00dc 0d7a 1814 37db 1568 6aeb 5624 5fd5 5101 6510 3cc8 7ea8 0f5c 6267 3d28 3afa 532f 2722 523f 1bf2 6cd3 299f 2abd 3ff0
7b33 21d3 521d 09d3 0f19 10fc 649a 4e24 5c2b 16a4 5f46 6935 1d05 5276 7353 1514 44d9 3cff 2590 5d72 12a7 4e5a 05aa 284e 2a6f 1c19 5620 7a5e 1897
4022 0229 18a7 7d42 560e 74e0 475b 6ba8 657c 7a21 4594 0a34 6327 22d7 7da2 0e04 6788 66a8 28a9 4cfd 22b4 4741 6116 4af1 6448 4e25 0419 6463 4c29
7aaf 3dfa 0c25 7a0a 0ae0 5aba 5369 73f2 598a 1944 4b83 13d1 5200 5b71 291c 1998 45e7 6075 4a5e 7723 6850 21f5 6ca4 481d 07ee 6e01 2717 18bc 7ec9
1cd2 36b8 27a0 6715 0afd 0278 143e 6551 3791 1e0e 3c3b 72ea 0862 0f2f 48f7 0976 2da2 74e8 473c 561d 57c9 2623 3e77 70ed 1e51 72c1 7c84 5970 742b
7782 0ff0 6b4e 5f8d 6a64 73c4 07e1 2006 2a7f 081e 09b7 5d78 39d5 2e76 57b9 5b68 18f8 6a2e 0a58 3d71 40b5 7ef1 0eae 1eb2 7bda 21e1 06aa 1675 46ca
69ae 7923 62bf 76f7 3a93 4b9c 30f6 6ed2 3ce8 7dc9 47c3 4e52 30b1 2082 1da6 6141 2e2c 39db 5b9a 7636 44df 30da 1b42 58c4 26f1 666d 43d6 1d64 3239
0e1f 179e 24cb 769c 063f 4ba0 25c7 23a0 4a65 2076 5b63 37a6 5738 3076 420d 5199 7fb4 2d4c 69ef 243e 582c 130d 6882 2fd8 0ad9 0045 4768 4aa7 5ade
48a7 461f 0683 4d64 78db 4de7 5c0e 21f9 36dd 36df 6ef7 3723 266d 0e15 7ea8 510e 3b5e 569f 599d 0766 0a0e 1f91 4932 210b 7440 7a79 1c30 3405 4f4e
7489 0edb 3032 6d2e 66f5 056b 472e 44e1 0bb6 5022 561d 433f 2468 5efb 0382 61cd 1552 11fe 0690 079b 0b44 2e16 153c 7cb5 3e39 134b 7138 1667 6d16
185b 35fc 47bc 1e50 437a 00b0 4a88 3e00 6294 6065 7f2c 379c 7e3a 793c 4dae 6f6c 2683 0bf3 6a38 52fd 16c3 6a09 1eeb 02aa 09cb 7181 6e2a 2ceb 577b
7d6b 5fe8 342e 4f0f 1eff 1374 5c44 7323 5c50 2e26 0cc1 654b 08ca 6bbd 4100 5014 04d7 1da9 6588 68ef 7871 2f4d 65c7 5041 032c 7fb7 085e 5a65 1457
14ed 04b3 4213 11e6 5697 01d9 78b1 50fe 6ef3 29ae 112e 05e1 054e 028d 30af 1b28 5655 05ef 4e9d 638d 1381 272b 0be4 381a 1fa3 5aa2 6d54 4238 313b
7c09 284c 5feb 3d5c 1143 7ab8 4693 5e85 63a4 3bf6 15d1 7ddb 3367 4771 51f7 4fc0 1cbc 503b 79a8 61f4 49ef 4d59 6a95 2721 03c6 1c21 085a 79e7 5a31
0a3b 7be6 221d 1d81 5c76 1be1 6f8a 4ca2 39e9 1dce 0821 2201 4e32 4511 3c39 5ff5 546c 54fa 1952 511f 5064 7bc9 1c5a 549e 78c5 778f 2e4f 5b2b 69df
21e2 1ad3 48b4 366c 4478 216f 41cf 5950 5e58 4bf0 7778 3f63 41ca 5c62 4b1c 35f3 5b12 4004 2454 15c1 4245 0395 1628 531c 00d7 43e4 403d 441a 0952
08ef 4a7e 2c5b 417e 1f8f 01d8 6f66 0409 2d8a 61fa 41e3 3e6d 7004 006d 1f67 3dd7 3c21 3db7 22f3 7ec9 1936 31b0 07f7 4563 565a 186a 33ff 63b3 3075
094f 304a 634c 0ccc 16fe 1415 10d9 3b7c 29d9 66ed 06f5 374f 264c 39f2 0f2f 021c 1302 1b9e 4fd4 0fda 2abe 74cf 26a4 0862 77c2 5c1c 3748 6fbb 664c
6df5 0297 73b0 352e 0e70 6d3e 5819 28bf 364e 3337 74a3 76de 16d7 4aec 6caf 7b6e 4a57 5046 2679 591c 4c81 779d 03ff 2bfb 3ae4 7370 3a9c 6ce5 1175
5124 6dbf 7a47 3c42 54c5 672e 1d26 64e7 0adf 359f 71fe 2f77 2381 1ca1 4f3d 08c5 0805 3312 37c1 6e7e 4d66 6de1 32bc 12d3 65ea 78e5 13dc 133a 66f5
19b8 286a 5423 2ed8 08ad 008f 4042 0e91 640a 1c3f 49fb 176f 6633 01c8 0988 69a3 1e87 357c 5c5d 6740 0413 712b 672a 4736 5d58 660d 170b 4f25 2778
6cac 237b 78db 66ba 3244 5349 1a55 0dee 5e51 2ae0 6e43 44af 369b 489d 2489 7290 7aba 31d4 0491 1a7c 7a07 4783 34c3 52d7 6470 032b 5a74 5a63 79e3
6946 764b 5195 2a5f 00d9 05df 45b0 5e58 3eeb 72ae 7f66 5d27 2cab 5841 3715 642f 63c1 435a 74b5 037e 6bb4 64b1 6dda 42de 6d55 6bb5 5c24 302d 54fa
00a0 4104 1f3c 119a 7a4c 1fac 47a8 08a3 1ae0 44cc 4313 1bdc 38f5 4180 1381 3f29 7c80 752f 0f64 10de 0dfe 432d 7fee 0017 4b34 18a6 685d 7d32 6460
7b9e 0a07 3f03 08b9 4cc5 568d 32ab 4edb 2fe8 3fe6 74e6 78c9 24fa 444a 7b07 1a0b 1e77 6a56 3bae 730e 77bc 5c39 2712 6824 6db9 506f 3976 0cd5 493b
7511 42f1 203f 612f 7358 1991 2c67 58bc 1e09 6ca8 0436 7d81 192e 5fc3 310f 5c1a 39fb 1fc0 14d5 41af 5edb 5daa 1af8 49eb 5394 37e8 5d62 2c1e 3739
30e8 4078 4d29 361e 6ddd 099d 4b06 3928 03d1 5c55 1b61 2aba 1223 7ff5 4952 3026 2ad1 6697 528b 4b11 64b3 4742 4a82 712a 7307 0b61 6443 2530 1660
3389 3779 4887 6c83 2093 3319 66e4 3922 0a2f 795a 0e25 2abd 18b7 41ce 2329 10ca 7206 0745 5c9d 181d 0d78 2317 449a 7dc4 0231 52d0 6e7d 764a 62dc
5c94 4bf6 00ff 62f7 59de 016b 51e4 32fc 2e74 27b8 2851 08b8 6a9d 2db4 0905 0fad 4754 0061 3afd 3cb9 0889 481a 076d 5d58 6c49 7b53 323e 7f25 5818
69f2 5566 43a4 0b6c 6fa1 398e 3502 21a8 7a67 26cc 6b7e 69c3 4183 3437 59ac 28c4 7a9f 7dc2 0ed6 166b 61f8 6f3c 0d6b 2207 49b8 7c85 3fa9 3007 3fc8
2fa2 32db 17fc 5e3a 257d 0619 6281 4375 0924 357c 02a1 6eb7 0d70 6d4e 719d 243f 299c 65fd 22a5 0ff5 6ca5 2fe3 3d58 3b82 5774 7abf 64ea 0938 598d
1df2 5856 5620 45e3 6992 2589 7ea2 68cd 48bd 168d 2792 67a8 251a 0769 2544 4bc3 0724 517a 533a 6ec1 113d 4391 2d1e 2080 0dd3 63b6 3d8a 13a7 2547
489f 2072 066f 2882 0d6b 31c1 3168 4a94 4041 2c9a 3135 77bf 34a4 3afd 1d3f 7c4e 1d81 1939 2e0c 0bc3 089e 5696 75a4 75e3 6f82 634a 5661 2ae6 6e80
3244 32a1 4041 3851 2c48 3e49 2c04 5e77 6ae9 63b2 067d 19ed 347e 35bf 5e5c 7943 4fbb 4c13 6a8b 136a 1206 69c9 66fb 7dfb 4b9c 15f2 66d4 5f83 4219
265b 3736 386c 1825 4452 639f 19d8 251f 08e4 6cbc 25c2 0435 3e60 4681 53fb 7070 1f52 55ab 7606 31ea 28fd 0ee2 353f 5247 25fd 65f7 6021 585e 6c46
47ac 3ab6 46ae 4228 4dba 7a20 3faf 0172 0597 2397 539b 05aa 0353 3eb5 7ee9 4c9a 7020 49db 280e 6bf0 38fb 4f70 42bb 1436 7bc5 5a42 7190 0913 689d
5640 6374 59b7 20fa 5939 2ded 6057 5747 0f41 4212 64b2 454c 22f9 74a6 3731 1323 2918 17dc 4d86 3478 0899 5412 4d69 41b9 1c04 0eca 5faa 0027 6a80
7c32 2a7c 402e 3f7d 5b62 4ac3 571d 7773 7e89 460b 7ca6 5ae2 423d 4f09 485b 2379 549c 6ff3 1d3f 17f7 1826 07a8 6737 723b 2894 7f92 0763 32b3 561f
2307 0f0f 2e21 4de8 38e1 5118 5567 60ee 7df8 497d 1a24 5338 27ea 048d 58e2 4f25 0a90 162f 115c 0a2c 470a 0bcd 052f 6245 6afa 4a04 1481 6fb5 624f
0229 6d34 29da 25df 2806 3a4a 4068 3f45 03ef 1559 5329 190f 7c15 4b97 1cca 10d4 4c72 6916 0595 5f0f 08a6 26ef 0d1c 53d7 7123 1e63 1054 1221 1f89
548c 43ca 4c6a 43ef 44b1 4fff 057e 5c5e 298e 4e5c 7d08 1c33 5b81 7759 33b7 2185 1778 7966 5262 51f8 0f37 1de0 2f37 37ff 30f1 4194 0050 1c9d 3c45
509d 64cf 70bd 4d2e 2caf 4531 418d 3177 30f3 087c 4dc5 5871 0505 0fcc 54ab 74ce 6a35 3aa9 524c 73e3 7cc7 618e 4d2f 1c82 3b1a 7d5b 2e6b 5bd9 4877
5ef0 0319 25e1 1e49 6b78 51c1 726e 2ac3 0353 045a 3a15 27f0 139b 7301 3daa 75c1 3c2b 040d 5d79 25a0 1ee5 2326 695c 15ea 5eb4 0d5f 4817 61a9 399a
0cb5 3392 36bf 16c3 1a37 0a48 778e 2148 6a8f 5631 47f2 7bb3 7a6a 6840 0805 36a9 151c 060a 75ea 7d22 4958 248e 5f64 5ad7 6ed5 3c8d 0c31 18e6 59d4
1545 2d39 4cb8 188a 61a7 2f45 782f 47f4 669e 7a02 4310 0bc1 134a 2ec4 3e3a 66b7 2ede 119f 6210 1c8c 25f8 591e 3894 1ed3 4de0 5f93 2335 4b9c 04c8
283d 5d82 1e2a 2e71 24e8 382b 3dc5 56f7 0fc4 5672 1302 39ca 0541 2362 6593 651d 09c5 73f5 42f0 33bb 102f 5f5b 5473 2d24 7cb5 6c96 66fe 2868 46e0
4ccc 25c2 2920 3978 72b7 3b7b 32a2 3492 5354 30a2 6d2a 6aef 5a1b 283c 0119 69cb 24bf 11fc 1f98 75ec 6466 536c 4fd0 2b9f 4692 1cea 4310 5f7c 17b2
1fee 6c14 3928 7213 6c77 0d46 07b8 2596 34e3 3058 1a16 3b25 3a5b 15a9 7925 5be7 311a 2485 51b1 5b90 614d 2e46 493d 073a 1731 79ae 49a8 5504 0556
10bc 5999 141d 031e 5ebb 213b 6d33 6204 14f9 57be 4148 209d 15ac 1880 72d4 1545 2de7 03cb 4ed3 12f2 5644 70c2 613b 6b7f 389d 4c24 31cb 36f5 3d20
505c 74ed 1ae5 2e3d 27f0 0c19 4171 0705 0407 0f75 4416 5767 5c07 4690 27e5 6e6b 731d 473b 5c20 7d69 788c 311d 1ed4 0597 5eab 1b92 570f 21e1 5d69
23cf 6e00 5825 4d3c 6247 195f 622e 605e 595a 7c5b 27fc 04b8 105c 01ed 433b 47a7 5cda 2577 30c9 4a96 47d4 2dd7 7e61 7c8d 01fc 1534 5423 0798 2360
41af 746d 08eb 72a1 7f31 58f6 3c0d 235a 4940 7d61 4cb7 798d 2467 60ca 4a33 3277 5afb 2a21 3dfa 1641 44b1 1235 4dda 52df 54fe 644f 7249 0d12 4a2b
21df 2586 5ee4 76db 15ac 6e22 2790 253f 12f0 61b5 3c65 74e9 7acf 473d 266c 25fd 6be1 1f99 4650 05e4 5cd3 3bbc 4eba 0f69 1389 6648 24c7 4679 1122
61d9 2c0b 79a8 4f26 05de 20d5 2684 5f67 2e27 2f46 7b4d 2864 3b56 196a 07d7 55ee 40f2 1bbb 18eb 3c20 7476 61cd 67dd 35b2 16b9 25f2 029d 7a45 1e13
60ee 24ed 30c3 4f5f 7a05 2a37 6a9a 56c4 29fa 68ba 2cf4 7e7b 2f03 3b02 3fb5 32b7 1644 6802 0a5a 532a 7a04 0333 26d2 6ae5 2edb 56d0 4f3d 4225 71c0
7444 35e7 1bad 4e41 30aa 3bb2 6049 73dc 11d7 0aa8 1c55 07b3 2870 6e61 3dc3 6774 1b77 60da 4741 2e2c 5af3 03a4 2280 7ce8 4a22 5311 76c7 7ec1 48d5
1511 32c0 72c8 508a 7e87 7035 5b34 3376 5f35 253b 5030 017b 1c80 7f9c 3999 1485 5786 6fc1 1cae 2f41 0b84 32f4 48fa 1f5d 7046 5559 7ee3 71af 4256
6be2 1648 5195 2a70 1ad9 7475 0d32 53bb 60a6 5d18 05ee 2004 7dc7 0469 7248 230a 5ff5 0de1 4002 71bf 65f3 1400 03cd 635b 2e55 5a48 708a 7784 4c29
2c17 59df 1270 24a6 592e 0754 3b78 20af 08d9 3a5b 72cb 55ea 26b9 6076 7647 2c51 16f3 6d22 5d74 67ae 61d8 2951 067e 1bdf 4da3 0fdf 633f 7caa 7a60
6891 5d84 6639 7d3d 7dbf 6fbd 6281 1b62 7fb0 0f6d 59e3 09d1 6d1d 08f6 78ad 6b1f 05a7 39c0 7993 6616 0546 5d1e 32e5 263e 2037 2ef6 5ab9 2098 1ebf
487e 7f58 7da3 7d27 76d3 38b2 638c 1186 21b5 28d1 63d7 39c5 5cf4 09a3 2238 6baf 157f 6b0b 2df1 0e85 4973 61eb 3288 046a 3d85 54b8 6246 213b 10f8
4ab0 1019 0552 18c0 2bf9 6736 79ab 606d 1704 0825 5bea 13ae 2660 3d48 50ba 5d09 56ac 1ccb 4acf 2e5c 3623 1717 1660 48df 5268 4372 3abb 798e 5906
360d 5992 6bad 7c9c 6d3b 5959 7013 0f04 4906 6f07 0f5e 47c9 752a 06e9 5104 462b 0798 746a 6277 259c 49b1 60d5 1f11 0bb5 4abc 4bd9 52dc 353d 6e69
3049 32f7 27ba 5521 0468 3d7c 30cb 2dd0 636c 2f87 4a64 7f2e 3e8a 1717 79c1 54df 4d78 2b86 50fc 01a7 0867 5436 5680 3175 52a8 4a3a 582f 5c1f 0db2
08dd 7829 44cd 493b 1fbd 6a28 7e80 1c0b 3d1c 73c6 04c5 6dac 6717 0275 0980 768a 7932 497e 0eee 026d 5900 1884 6075 5930 6b92 3b61 65a5 66a3 2492
2358 1add 1f78 57c4 7ee6 1c0b 33b5 41f7 32d8 36d8 0626 60b6 5c4c 1a3c 3e2d 6d5e 6ea4 7bfc 5a31 68b5 2db0 4e2c 1914 6d57 6950 2081 1acf 2056 129a
11f1 579f 035d 7e85 4792 00a9 1f8c 45ee 277c 0fac 7b64 1e49 3cf4 0c71 198d 24e1 6efa 13b6 343b 6344 4e95 038f 2bfd 3aba 4d42 0a0e 61b7 5cbd 4ada
6091 6eb6 0bc3 40b0 297c 3ab8 7bd6 7025 7c4a 5c51 3f89 18c3 6b90 3794 6783 75cf 6b40 0879 6505 5d3b 1560 5693 1295 6b5f 3925 68c8 6d74 708e 7c33
7bf6 3d7f 1e69 28ff 54b1 2ed6 35bb 26c7 0350 1766 47c8 560c 5b14 0a97 15cf 5e77 2ac2 68f1 207e 3b72 367a 43fb 1e08 56fe 7f23 4135 7384 055e 2f8e
1c22 0f92 7daa 2613 3942 4ae8 5cda 5826 07b0 35a2 5515 2137 2c9d 3be3 52e1 3062 36c4 7ee4 68cb 2288 7341 7ed9 76f7 622a 1724 6b71 3e9b 0e7f 72c7
0a53 483b 26df 22c0 31c0 41fd 72f1 5f31 6ad9 5663 640d 086d 484e 4240 1985 0a77 0019 32d9 58dd 1fc3 7e15 1cfe 45f8 3a89 5db0 4613 4a7d 67ea 3b16
546c 0caf 743c 017e 1f1c 59a8 3294 656d 448f 6ac3 02a1 6c03 5cf1 1696 430c 1651 61aa 3c23 22d1 4502 0e90 35ce 6fcd 1790 4bcb 7364 7549 24a8 1cda
24ed 5f73 4002 07f0 01d7 71e4 7faa 3612 3721 3851 0467 3caa 72ff 5806 2028 620c 6ef4 7acc 451d 67e8 69c9 1cf9 2c25 3d3b 0873 39bf 479e 2672 6c4c
2f0a 60f5 5437 071e 2162 58e4 32bf 3174 1c6b 4c8c 2d2d 17dd 7aa6 26ff 7dbd 77c1 3f16 799a 6fc6 0152 49cf 6e69 1306 5269 6ece 1ae4 1320 0218 2a44
5f84 4911 7b9c 4da7 7e4e 7d68 16b6 7901 3813 7961 55e0 0a2b 559e 0c97 61f2 0d89 35f4 4a8a 6474 5d05 080c 6c23 7201 4b60 761f 1917 58e9 349a 0719
5ec0 6002 7bb4 64f2 18d3 52a0 59d2 465a 0e44 469b 0a30 5a1a 51e6 1757 2dd7 7ad4 7719 177a 11e5 504d 5b3e 287f 4007 3f1a 11df 55d4 72e1 2bf5 5d0c
48da 12b8 0527 73ee 1607 11f6 7066 4e36 5d6b 2d3b 1272 0f40 2582 260e 16da 533f 1ccf 6c1a 080a 6d9d 7ab1 58f4 0715 5f8f 571d 3323 4165 59dd 044c
4d8f 46ca 0bf9 4199 6432 6d94 3b42 284f 3409 6677 0d15 7bfc 0663 6579 32f4 1bb5 6e38 5d12 38da 2230 4f62 65c1 2081 3f8c 4dd8 283c 3a9e 23dc 3675
3bfb 3fff
4b50 0000
72d0 0000
6180 3fff
7bed 0000
649b 0000
7aa7 0000
2e5c 3fff
3114 3fff
4f23 3fff
4f9f 3fff
4e27 3fff
26fe 3fff
6917 3fff
5aae 0000
7fca 3fff
2720 0000
1fb5 0000
535d 0000
53d6 0000
2db3 3fff
645c 0000
614f 3fff
4699 3fff
7ab9 3fff
377c 0000
6865 3fff
28e0 0000
4cd4 0000
5d6f 0000
6d87 3fff
1aa3 3fff
55b1 3fff
7fa3 3fff
4d01 0000
0f2b 0000
37bf 3fff
0981 3fff
276f 3fff
5b20 3fff
456d 0000
735b 3fff
3ec0 0000
5756 0000
0a94 3fff
26e5 3fff
0b52 3fff
30f2 0000
498b 0000
6a86 3fff
0e68 0000
67c8 0000
0319 0000
4e85 3fff
21d0 3fff
2251 3fff
43a2 3fff
652e 0000

46e1 755c 73cf 1850 6364 3d3b 0abb 3c56 4b73 3707 79be 5db4 09d8 6f5d 31cd 36bc 624b 5b15 14e9 157b 1bc6 5b1e 0194 5e02 3401 6dcc 33cf 2f24 6886
54e9 4006 5fa1 5b8f 6fc3 62ea 71e3 3fa2 7f69 4b19 11e5 1721 6e4e 029a 599d 2730 21eb 2115 14db 0357 63a4 7f32 70b6 3d20 1f44 15fd 5da0 6515 1892
29f5 45f5 156c 737d 20da 6486 5bbe 6a3e 5c30 0e88 6718 6e0c 298d 5f83 75d8 3f82 724d 5001 617a 6056 58b9 37bf 76e1 5b33 086b 55af 5ba7 06f1 3c4c
5f9a 18eb 3577 5c1e 53cc 7bd6 5b39 704a 3ae2 1206 10dd 7466 737a 3b56 7cb7 74d1 6578 7fe1 69f7 384b 7a50 2776 78c9 7f58 7639 685e 5d4c 7ab6 38c6
1e9c 333d 19ed 1ac2 52c8 599e 52e6 6f6c 25cb 1d03 39c1 5e7b 7709 2928 788b 246c 2e78 2ad7 6399 41b4 677b 7850 2594 1cc6 5df9 7104 1b30 5310 2e75
680f 361e 5415 5551 14c5 73ce 2623 12f7 5760 04c4 2b45 6ce9 677c 088a 7749 39cc 2c37 1f20 4f6b 443d 323b 36fa 6600 48a5 7c41 0df2 29d5 05fc 4c94
3957 45e2 1cce 133e 303d 7dc1 78ad 7fcb 60b7 56c1 1aab 424a 39de 44af 334c 6f10 19b4 59c7 28f8 1225 0886 1edd 7541 0a4a 3947 2a48 5103 1846 6598
3adf 0a02 1a16 35b2 639e 03a7 4a38 5761 4d95 78d2 0147 5924 4487 34e7 5bef 5418 1a90 377c 5e17 5119 7a3b 7762 1d63 7da7 2d57 6810 187d 13b2 719a
19d7 027b 33f3 263f 4092 4cb7 6899 23bc 6788 189e 3e15 7ac3 3f15 0258 3f1d 6246 3b3c 303b 74bc 6edf 7e86 57d2 782c 453e 0589 102f 1f89 2701 7fb0
6505 3a0c 32e9 17ab 1458 06c1 5f5b 0fc0 3a1d 4779 76e3 1664 483c 65b5 3918 7d1b 4f21 4d42 2655 3574 4542 498b 35c6 7c0e 2245 2601 2d53 6208 4c8f
5514 57e4 687e 4fab 2441 6d54 2c38 4821 46da 0d2e 5a90 234a 5496 296f 6023 1b27 5e34 5310 47b9 237f 7154 18ae 540e 3143 7883 0b17 1fa6 2bd6 734f
41ca 1f75 7610 7e01 4aef 3f21 7359 583f 5e13 6acf 7494 14d0 359a 4113 54cd 4324 2ce0 4c5a 7978 45a7 3d1f 1624 4bdc 1131 6ea4 7ebd 7dfc 1dea 3777
7367 11da 7384 16a7 5880 37bb 4df9 15c4 6a70 7346 492b 2174 30cf 7833 3358 3b76 5862 659a 7d81 5c22 1987 2e22 24f2 7c4f 4405 5ee1 2361 2930 2116
2726 546f 61bc 485e 412c 1985 7281 2eb1 107d 2ee3 06aa 74d7 7cc3 3af6 4e07 396c 1f9e 6f4d 3d49 36ff 1037 5265 7e73 60e0 5c0b 2179 620a 5e38 2efb
6d5f 5156 5011 7775 2667 3696 1e3b 6807 7d51 7860 5e79 3150 5d1e 45a2 7975 4171 375d 3c61 6119 60f8 1766 22f1 7255 5bb2 6e13 2672 02ef 5adc 638e
51cb 66fc 0cec 4c5c 520a 4813 4df0 1955 4be8 4d8c 0eae 5c5d 5688 1d73 404a 1235 1fee 3fe9 5d8d 36aa 380b 210d 573c 7b8f 3669 0237 3a0e 0399 2650
6e22 4ee3 0b3a 3898 671d 7766 21c9 76fb 7f1e 7b04 4ada 5307 76c6 735e 372d 79dd 43ca 2b4c 34b6 1b62 1f81 5697 2946 3317 2b52 559f 5322 0472 08be
7913 4658 0c13 5491 1819 3769 37c0 4a42 6ff0 1914 610c 24e5 5b89 1026 3a9a 0337 1e3c 026e 3c3e 43bd 3c5d 06ac 295e 7db9 6d74 2800 019c 6c88 068a
7071 4ea8 463f 44b1 2f12 5c00 5bf7 3610 4920 1d9a 3c21 1331 5a03 6f25 299a 67d8 1b0c 7515 74ef 6ccb 22b7 3a52 0db7 5e2b 247d 060b 755b 20d4 399d
0eb5 6dca 010a 6310 4e7e 52c8 42e0 0184 1c01 4a41 6723 2dcb 608c 3759 0284 6772 4f0d 3446 6599 2cf7 4561 21ff 1ed0 0779 325b 195b 5126 04fe 6696
5b34 2ccb 6c5b 5546 1368 2e8d 463c 0502 0337 5068 39d5 4b1d 43dc 1069 7c82 3faa 3924 6df1 0514 5c38 56f2 4862 4ef1 5d27 1774 510e 7710 7957 384f
4210 0a94 75e5 40b4 57f7 7912 4445 24d1 6543 5e9f 1cb3 6e61 12e2 3437 2b24 1474 6aed 5422 1348 4824 76a5 2363 402c 5f8d 6f1e 1974 689d 3d84 5ec6
176e 4122 4647 3aa3 3605 35ef 1244 7e99 4d95 7901 091e 04bf 68f3 35b9 035d 5106 1c88 541c 2d0e 11fe 46af 1147 09a4 6cc2 6b47 2aa1 0558 4c04 356a
788e 49ed 1e1b 1fe5 2821 623b 3b8a 25c4 7b68 142f 1cb9 7690 69a6 5f82 79d1 23fa 1a48 2f81 0980 1895 7811 7281 1b0c 00ee 1107 2042 3bd0 2ce7 4d62
770e 794b 37a6 4973 40d5 75a4 534e 45aa 0054 6a21 607f 5a74 2eec 3b37 09e7 01c4 3526 5690 645c 5ecd 3ae2 4629 2885 74eb 57a0 041e 1afa 570a 6c08
1e85 7adc 67ce 3999 3881 409b 2f1e 60e4 25c8 3c24 6aba 21fa 1d8d 46d8 0325 46b7 5d18 5c90 6f5d 15fa 6430 61d4 4ba2 5884 3a2b 3546 549b 267a 5edb
5474 6e55 71e9 1b47 46da 3958 03af 5fd1 4956 25a5 2a7c 6747 0644 78fd 67f3 6661 1084 227f 1043 1791 7426 3e56 4537 792e 11dc 1a15 2fc7 59ef 2e04
7139 49dd 548d 3939 3d9b 77c4 4df0 44bf 1724 622b 5914 5b4a 65a1 5294 4cf1 6798 4813 59fd 2881 430f 173e 20e5 3bb1 18e4 1be8 322a 3294 7b44 2664
6d44 389b 1a02 12c0 0779 12eb 1b56 0158 4b95 0403 1b9b 35c2 1be5 4958 7ae7 7ca5 083d 1ba4 27b5 6fe9 0d63 44a3 30f5 3df0 3999 32ec 1ee6 7695 5adc
2ee4 7cdd 0a96 6f44 75df 23d9 414f 22c7 3d44 5307 7921 282f 318d 37d0 41e2 6326 5c41 32df 7abd 0b5c 5be2 53fc 228f 5f20 4c9a 6102 6274 4a49 3b35
1b97 1fb0 3abe 751f 6b9f 3f3e 0a05 70cf 487b 582d 0abb 6769 5684 5c4e 0c2a 45d0 35a3 1bb6 1ea2 4a2e 0288 756b 27ac 27de 45bb 55ac 0289 4b71 0603
4dd8 651a 52a0 35b7 2ab7 4f36 05cf 0ed6 2b18 338c 13a5 7ab6 6769 568b 59cd 6ea0 3bce 0b35 7e51 3fb8 58f7 1146 3f5b 69d0 4fbb 4a82 41fc 6e30 355d
36a7 3cef 7b8f 1458 690f 0cff 243a 3021 6c26 56d5 3a45 70d0 1fd2 5e77 608e 76a6 3110 2493 53aa 0cb9 4bdb 59fd 67d8 6ae0 75d1 4fe6 39db 2bf3 00c5
7546 0380 0543 60d1 72a8 44d4 71fd 05bb 5856 4a8f 39f7 3f0e 0219 4b51 22dd 3d6f 1af1 212e 3c6b 6333 55a1 6120 325e 4a0d 5336 48d3 56e9 3154 1147
66ea 1e66 4c51 3308 406b 467c 13d0 5913 5803 63e0 2ad5 2418 2c9c 5417 67e7 3abb 10a5 5032 28ea 03f7 322a 06db 686c 72ec 3002 3b2a 4921 706d 67b3
2a83 4d23 2fbb 01b2 3135 08df 7005 0e75 306f 4b24 6fa3 375d 22d9 40e2 27b4 790f 1f7a 4366 6ea8 4af3 55d3 1890 56c6 3460 66f3 1879 7e1c 1efb 112b
6d2c 3648 79bd 00d0 2386 25ec 627c 4ece 37bc 2727 396c 58a3 1056 76b9 1274 6836 7adc 2a15 43d3 09d4 32ff 11f5 78d5 0e57 75b9 0c11 4a1a 7ee1 7713
675d 236b 6149 68ed 097e 11f9 2e95 4e02 50d3 6bf8 66e2 0ef9 2362 0268 4b4e 2b14 0661 1507 4fe2 5128 2557 39d4 364d 7108 17b5 6a98 032b 178d 140b
02a6 4688 1737 5980 1ee0 4fa0 1c89 2697 0ca8 5af2 2602 1aae 6f11 2ff9 7c1d 134c 0ff4 7a7d 2388 465e 27dd 7951 472c 0dd6 1df4 14f9 27c1 703e 0f20
58ff 7da3 68aa 47cf 18bc 53f7 60d6 145a 2775 1775 7ad1 1858 4a7e 116d 044c 5f32 4178 6f39 28ff 7428 1e01 4891 622c 1496 7021 7d73 4d70 5417 12d3
74bb 4a99 0a8c 1386 1772 2c47 6124 34bb 36a2 14d9 7de4 0f46 0d58 2ef4 6d64 5db6 3fa7 0ece 1add 06e2 5a8f 4d35 3d40 43dc 4aea 2a1e 39a8 3a5d 73c7
45d3 694e 377c 3e80 668f 669d 7682 2bc8 6dbd 2d84 49ab 2780 5fe6 154f 1f8b 1b38 0bd1 407b 0cab 66af 6e52 79d9 07c8 75b1 589e 6edf 2579 3499 6738
4095 00fb 71e5 3145 032c 4213 3d8a 428a 23a2 6724 6972 1d05 2c53 643e 58e1 6c42 4af6 649e 21cd 1081 6c49 1efe 4fae 0fdb 23ea 3506 58e9 066d 16dd
1675 265d 2cf5 1458 7661 059c 6462 6a27 3aa6 536f 4a13 3e2f 0e45 16c1 6537 4915 4ee8 0a27 38ab 7f3e 21d2 6304 04c2 5ee3 51e3 06cd 5192 1583 2343
1481 0e5d 07ed 2df4 2c1b 0ea9 6174 02b9 09f2 55d3 4f84 7a63 37bc 0294 03f5 4898 6d0f 0531 241c 5f15 7f1a 54e1 54db 7083 18eb 535e 5f06 6841 791a
4bc1 7383 7589 2fe2 16db 61ee 2f82 2397 4cb2 67b9 3331 59cb 686e 60d8 4046 75f7 416c 4222 7c73 5b6b 1968 74ed 2bfc 3d3f 0fc6 708f 073b 44b9 0bb0
1a88 090e 2bc6 5d8d 6b4c 3e5b 2fb3 4fca 2d87 153d 6bdf 5da3 111e 67cc 67e8 573f 2f36 3542 1894 5c8e 7248 1646 6692 5d27 2e52 2e2b 2e90 52d4 789f
4738 7a9b 2753 322f 3e38 11a6 2979 5e13 706e 6eba 33d5 202f 3928 5b40 1c0f 3afa 46e6 308b 02cd 5707 46a6 04bc 4d65 2e8d 7ab5 747e 6d7a 66d4 776c
660a 49cf 65d7 3549 37ab 4bf4 50f9 7e42 1927 20bd 0085 0ab0 7c23 4b13 1f5f 39b4 2afd 7b96 6512 65d0 06a5 1d5d 3845 5c25 3d7f 5dae 7217 6628 5957
7ea2 10d5 2702 3384 3e4c 05e1 4588 5715 5688 53e8 49a0 1fb5 1dfe 7902 10c3 4787 0687 3647 03e2 40b2 563d 5f49 2626 2d4c 4ecd 2e08 2915 5803 2397
5533 35b2 6833 5c9a 3511 51ea 73cf 7f53 32be 507d 0e04 1836 053d 7f81 2339 6d47 77ec 6748 3b50 2439 358c 380f 23ae 2353 5fa7 4b9b 5669 5e70 308d
22a7 38d7 139a 5da4 6be0 7208 1bfb 39f1 0a2f 78f1 7633 1755 79b4 1bc0 507e 1ed1 0237 01e6 1e83 188b 18a9 222d 6742 588c 5073 000e 0290 181e 747f
1206 679c 0743 26e5 0327 1282 7c82 6d03 43aa 245d 1243 447c 6259 1973 453e 23cd 5c3a 2c65 255d 1043 6fdf 27cd 013b 520b 0799 77ef 3d4f 135d 1761
4a96 50f2 365a 349b 5c01 1837 461e 2fc6 7764 6518 7a53 5110 090c 0d86 73eb 7712 0d95 2608 709c 6782 370d 5f4e 424d 73a2 3fb3 1e49 15f9 5db8 4f6c
0755 5e01 6bb8 3d5c 7bac 4043 4e5a 53e7 7c84 185d 1b47 2c4b 6762 3418 327e 0fc9 353b 546d 4a88 568b 382c 0dbe 2c54 22bd 786f 263a 42ac 1ece 62cd
7cec 25f7 5fbe 69ad 327c 3c43 2ac4 4b1f 71ea 722c 18bc 7721 242e 3b56 2ef6 43ce 6a89 2369 1efb 3dce 1932 612d 268f 1f62 2206 3dfb 2803 5331 2c02
7e4d 1c1a 50c5 0961 7ae7 527e 4a11 4ae8 1030 4a17 3b81 781f 6549 5334 2ff3 7f2c 1c40 704e 384c 018d 1246 1cb1 369b 516e 07b3 784b 2e11 1038 32fb
35f8 23bf 30b3 5574 17cf 0cdd 7f41 5258 66e0 4ba5 4497 7e51 53d4 65f8 3ce7 1b36 1899 1647 6bb3 682d 4a25 4c65 593a 562d 2bdc 1844 1887 1451 129b
0619 6293 55d0 2ed9 77f3 4dd5 5a6f 0bfb 7ce8 1762 397c 079a 34b7 08da 0783 4c03 2b43 506e 4747 5198 31a2 5021 0246 7149 4f07 0326 0ef4 2f6e 7c15
2600 5d0f 0b6d 6a41 1e66 6adc 1be4 56b4 23ad 429c 5fa3 346b 60cb 3cea 502b 1a4e 0b16 59d6 3084 70ae 144a 01cb 149a 1958 4461 3841 44f8 0e5f 317c
7ac3 336c 6c4c 39fb 2cbf 378f 1760 70c6 5b80 1c0c 225c 5a11 46ec 11fa 0b6b 445a 5f36 32fc 4900 0261 1b26 4ecf 3c0a 1843 1fe3 430b 11b6 2fab 1260
06bf 4e7c 549d 0a40 324f 516d 1cbd 7259 1bf7 32b5 01a1 7226 4314 0b6f 75e3 1537 415a 63b3 462f 23eb 39e2 1321 3cc0 58ee 6499 16df 247b 7fee 426b
1d0d 6791 7113 0b41 6d3d 32c5 5eb6 23a4 5d33 3d4e 38af 45d3 6cbf 35db 597c 7b7f 2a66 4329 0619 6157 1858 3206 6c4d 5617 176f 58f2 0098 17a8 6091
0791 7200 5669 5b4f 0348 4867 03c3 083c 56a4 59aa 7006 3018 1300 6018 4f66 0c6c 2bb3 5f27 01d0 6471 541a 3a5a 7b1f 4b4c 6f71 7b46 232a 6244 6190
05f7 0a1f 575a 42c1 65b5 7ab1 7e2c 31c9 53ba 354f 1b0c 5ab5 7882 44ef 21dc 10b5 6cb1 74dd 3436 062a 03e0 028f 7dd7 6a2c 216e 7427 3fc0 69cf 236a
49c1 333f 3746 4f32 1d07 5045 4f59 5dcc 3f0e 13a9 3c9f 2d53 79a1 21f2 6f1a 419e 227d 6d78 79fe 5f72 5823 190e 2621 7bfe 0e41 766b 18c6 1c2c 188b
4967 67f0 342d 0cee 2363 1690 65b7 471f 553f 4aa0 514a 04f7 015f 7a3e 4c78 0893 1f73 3915 3cfa 654e 78e7 6758 4beb 076e 6e61 040e 0b09 1b11 7f23
40f9 187d 7023 3273 3d60 127d 7a0f 1386 1a56 782e 0c30 0d0e 2fe3 18c3 6abe 1009 5255 13d8 397e 0daf 4d08 064a 5323 5ccc 2b15 099c 5f53 13e5 30af
5436 561a 35ca 4a86 3958 5338 51f9 7bcf 13c9 5b15 5f4f 1e01 48f2 5566 7f8b 103f 2712 22c3 0347 409f 2179 0efd 7fb8 40f1 4a8d 01c2 440c 326f 1fd8
43e8 1189 397c 45c5 12e6 1dcb 0625 569e 111f 6819 5a8e 75c0 2ec3 401c 22c1 18c1 40b4 6d46 4e26 294e 7155 59c3 276e 1922 5554 2f2b 406f 362f 5625
7384 488f 10b8 664e 0ab3 058c 3082 44c7 0ff6 3c37 5a28 757b 296e 68e8 4609 0e8e 526c 09c3 48b0 4318 690c 5f7c 7dfd 048d 1d2b 0454 5e05 430d 0010
2fa3 4efa 7f8b 4583 07d6 1f17 3c9c 69b3 4622 4782 1085 543e 2ed5 72ba 4d40 2fe5 170a 4cff 3bda 68a8 21b6 2941 2db6 398a 0141 09f3 6c36 7003 0297
3632 7be6 4d9a 1a2c 2595 38ed 727e 53f9 360a 06e9 3215 6d46 70cb 7ac7 13a8 73c9 058d 033b 3daf 599e 1851 2fb1 18e7 1ae2 34f8 7946 10c5 5b22 326d
575d 0b02 226d 6bcb 4f4c 16a4 24c4 2adc 1408 3f1e 538d 6d1b 46b7 0698 718d 03a6 58a5 1db6 7d28 3c7e 138b 31ef 77ba 3e08 6386 1e9f 3352 5654 50fe
01b1 7a0b 054d 4094 7b7e 56c7 72d5 30ac 7a01 36af 46c0 2689 38c3 5511 7076 42b6 19b1 6246 5f58 2ad7 2bfb 1a69 7c7a 2f0f 542d 214a 6eb7 6946 761e
380a 1b1f 2289 3b01 31d9 1eb8 270c 6793 6891 62b1 4245 297b 423d 0bc9 3df7 17ce 2275 0579 15a9 1c48 0a15 081b 148f 6a79 2dbd 111d 2136 5aae 7976
62cc 3050 558b 3baf 1d7c 24fe 1974 1148 119b 1bba 3dc2 799e 18e7 5026 2959 7602 349c 6536 57d9 44e1 3c30 025f 0f6c 31fe 392d 3d65 3815 3f8d 5bb5
4f42 72d4 677b 3ff3 4e8c 7a71 6ea2 71e6 7896 7cd0 22bc 6f05 357b 265e 5ed0 15d9 3b01 549c 34b6 48de 067c 087d 03c9 14df 24eb 47fa 5ad1 7b66 1ad1
485b 4755 5156 30a6 7780 4fb1 4e99 54ab 0fe9 59ac 3013 482c 58e8 3d29 13e1 1616 10cc 2cf2 24d4 6b27 067d 6fb2 54dc 0999 41c7 792b 2c8b 0471 6abc
5737 1d13 4d5e 110c 40f2 0c2f 2a89 2c7d 4244 26f5 27bd 4bd8 06c4 68cf 5164 64e6 3bfe 1c32 4f18 4793 7087 0c75 481b 52c0 484a 2e31 4c2c 4074 44fa
071c 5b51 7efc 3287 07a2 6193 4479 69c3 4200 3c33 028c 2200 4a74 1c94 0241 7b55 746d 6af9 7958 0c45 725d 7444 5ca9 7380 06af 5cca 4917 5e5d 50be
0341 3e97 4f70 1cc8 5e58 679b 435c 5d79 5b9f 0814 1929 4dd1 0ae2 57bb 67ef 7272 5dd6 25ad 00bf 456e 3952 0611 6ba5 7e62 6df1 7202 612a 1d91 4abc
4716 2855 2598 2663 57af 3c72 10d1 7cde 278d 4cc2 6e70 5d15 1097 6208 4c45 4dd1 7e39 75d5 6936 255a 4580 78fb 3c71 1794 17e1 5b04 25bd 2551 787f
3509 7aa0 4d5d 7789 4ca0 25eb 5566 30e2 2b16 1d77 2a56 44ef 5173 03fb 5357 4cb4 6a97 6986 22c5 5fde 31e6 195b 0bfc 09c1 3448 7daa 2775 40c1 4b1c
3ff1 790e 6fdd 36a1 7744 7baf 5568 6a16 480c 5348 0975 163a 0285 5bfa 076a 103c 694e 18eb 1c2c 5bd6 5615 6d51 6a15 7db4 3b01 3e8b 0880 07a8 4244
6074 1ce1 226a 58f2 1e73 46ec 0f66 22fe 515a 66cd 5fea 0baf 1a08 083c 208b 55a8 1862 0dcb 2a7c 1d76 77f2 41f2 1772 0043 49c8 5e15 3c9c 316a 7c74
02ab 4d06 6365 191c 7c37 5fb6 4cf3 015b 2783 7c0c 4241 3793 101a 2816 0c4c 347c 71c2 247d 1a82 5636 5f50 0427 7bf6 2439 6d65 23a7 4c52 589f 75dc
12ad 46a4 4eee 66bf 3caa 30b6 695d 01da 2f2a 6015 2092 3daa 6d1e 4c07 372b 2dc6 7eda 4bee 29dc 4e37 1f2b 3dcf 3976 5750 57d9 6991 6262 6d7a 24cf
47a9 7b9a 27d7 292f 1022 503b 1a39 1144 35b9 2423 7358 1c0d 478a 6b22 678c 173a 1b5d 2f5a 7528 0b1e 7889 4b99 2772 2944 6cb3 5eb9 0965 7987 254d
2dc1 516e 7145 14aa 3371 5f10 6eee 7b44 7ad6 1aaf 5a69 5e1f 4928 3122 79c9 6a6a 10e6 64fa 6302 0bd3 21e0 0469 3a12 7050 7087 3790 4bc3 538a 2f61
490f 131b 6d17 67d0 21c8 495c 6827 2b4d 701c 3389 59a8 0680 6cb1 4046 5c02 0679 1771 015f 2a12 66e2 3a8e 249a 4e46 760e 038a 6126 5aae 3513 5784
7c1a 7023 4e1b 1120 4338 5d47 496f 6173 3a53 3489 2c14 315a 6201 1d7a 62a6 0df1 49e4 29f6 48b0 382c 42e8 79b2 404f 5b6a 142c 2fa7 0151 38a9 7fcc
19f3 2f90 6944 3782 462c 34ac 50d7 724a 31aa 1482 3b39 1f9e 7047 6f15 66ff 68bc 343e 662f 4161 1485 6cf8 0589 0568 0229 74e5 09a7 4be6 13bc 7f4e
1db6 5f8d 656b 119c 45c0 2a8a 14ac 3d0d 7506 6f21 213c 73c2 5e37 6e85 3505 5290 208c 4e0e 1fc9 0d38 7c12 6053 74b2 5d4c 45e6 7c00 45ce 67c6 1df9
5c24 1ef4 508c 46c4 335f 4a17 2166 144b 55e8 1f20 0403 2251 716c 4ae7 4c48 6b32 4f65 345f 1261 7d87 1868 7087 1401 5684 29d4 52bb 08b2 11d3 6b4d
6965 46dd 02a8 4b2b 5ffc 212e 0cbc 1995 3cf1 4430 6beb 3336 6e3d 4864 58bd 4fac 77ad 1bb9 03bc 1849 5402 5891 7f82 77c3 36e6 7bd8 4782 0b51 322b
6ca9 72f7 47b8 2e4d 20b1 7062 11ea 185a 2870 1f44 5221 7b8f 588f 6dba 7e92 3da0 50b3 1e27 1a8e 6749 7e4f 4d3d 6760 5225 2733 6707 6471 0157 1be8
118b 1b08 3110 78cb 05cb 31c5 246b 5cd9 0c23 78ac 42e9 071c 1ca3 7ea7 03d4 0a24 70e6 3ad4 0ff4 4a81 31ac 4a53 6440 66d0 178a 5c6b 0f24 5180 3459
401a 7126 021c 57d2 5a3f 6282 171b 2edc 4fb0 5475 62d1 59db 1477 42f2 483c 46ea 6619 01d5 091e 0d80 1b2c 57f9 2d0e 6f62 56d3 57e3 1cf0 2c40 6823
128a 3580 5bb9 7401 1010 287a 7979 2025 2926 6e6b 32be 22ed 6289 3e96 2ac1 5cc7 18f2 53e4 42d7 1fdd 22e7 668e 444a 119f 3a97 4459 50ed 408a 4294
5b86 696c 7b42 661a 6b22 65e5 4223 79dd 53b8 5b3d 76a9 5f3e 4225 6e80 1e02 4b8e 1f2c 75b8 1edc 685f 11e7 48c2 6c43 7715 41f2 4bbb 3dcf 2879 6e13
7387 5ee9 2e25 1610 3d41 572e 0fe5 5f2b 7085 7577 1bbd 30b5 7136 5537 1989 508d 3158 6790 5030 409e 74c8 49f8 00f9 12f2 3329 456e 1af6 0f7d 41c8
3865 008a 45c2 0260 4004 4716 4540 056b 7dd3 492a 6c62 3772 51a7 1a75 6ace 28b1 5097 77e5 17a8 10c7 0a26 6883 18ad 7519 19a0 0fb1 6832 283e 3149
3eff 25bb 096c 37bd 5e54 1a3e 3ee7 679d 6a02 1064 61fe 5bce 452c 718c 6cef 0750 345a 2f09 41d5 7a7b 2250 5cf2 35cf 7588 4409 5ee8 696d 114f 2102
50e0 0e83 3363 7685 4224 3420 7c62 7779 361f 684b 0785 459d 6dc7 30c1 787b 1114 1691 7c17 277e 1b35 3df9 72a5 20ca 112a 2eae 6c25 7ff0 7c11 62da
6e99 340d 70a6 38ab 18b6 059c 5956 15c2 3269 7acf 51ee 700a 68ef 6438 73e1 0f74 349e 5352 03af 42f2 1bc8 75d7 1705 1681 5818 0ccd 3ea7 6219 0f8b
7284 607b 6909 52b9 64fb 5e50 0258 3fbe 49b0 71bb 2feb 29be 3c55 5618 1cf0 46f8 6f59 6fe0 6e8a 1008 6e68 2d18 200e 6a94 56a2 2778 1b4c 12ab 6da9
76c4 6b8c 7c53 02b9 3cc1 64eb 3271 6c85 7905 70e0 3174 0e03 32a8 06cc 161a 0985 005c 2d06 0d53 5c67 0038 249f 1fed 7fc2 7c24 35ff 1ba1 4641 0184
58d3 28f5 2580 0933 4d2c 61d4 5b1e 3238 0226 4dd5 4d84 216d 1cee 2ec2 0b12 0582 6e18 3c04 3281 0da0 376c 0844 1aa3 6b80 13cb 757d 6451 1ca9 616f
75a7 5893 1a21 6372 43c3 7936 1602 7efd 1e37 692a 4903 61f7 6f5a 408d 58b5 2c02 4ab0 67b0 264c 738f 750e 2d06 30f0 270f 4027 3189 6942 33f9 5249
0e08 60c5 0da3 3535 4faa 1f23 23d3 5091 70e8 158c 6224 16e0 562b 7f37 2477 75ae 588e 0f4d 75ac 1683 4065 12f6 6581 0cc3 2cc8 56c5 24cd 7e10 3d69
0f2b 0db2 1b45 70e8 0900 4d23 52bf 04e9 391d 42ee 7515 3d27 6fcb 0665 2a26 4403 351c 6cd7 4332 38c6 5bbd 2c68 1d25 28ef 7ecc 59eb 0a31 2973 0412
65b3 7dbd 7da2 45b0 03d3 1950 748a 4860 6cf6 4e94 0a8c 32f9 7087 63e0 56ef 51ad 5bd5 5732 3b4b 2a1a 64ce 3f0c 0f81 5c8d 3938 0f5c 0369 534a 7d16
2467 65aa 7c67 6872 0181 7220 79be 5010 75fb 61c1 2b85 5e94 5b54 731f 6b21 42f5 4b9b 2885 15e9 29c6 1213 66d5 1b8b 3a3a 4ba5 7519 04c1 5b67 0033
5263 3c6b 4791 5950 59af 1529 5c72 3e44 6fbb 2e6a 08ec 45c7 78b8 22df 7091 01e4 0318 4d69 0697 68eb 1b98 3e03 1ae8 1809 220d 0bb6 4d43 2b72 0333
52ec 3437 5d33 2dcb 3707 19cd 581d 5d8d 5a07 7be6 3c45 1732 77a0 481f 72cd 5e05 0cb5 7264 72bf 35e1 174d 07ef 6c80 18ff 4996 481d 2faa 29ba 097c
7e68 1f9c 0a4b 5b32 0021 7378 7b5d 1bad 3145 1a18 331c 39cd 77f0 33d2 5f8b 20e8 1f44 576c 0862 2d5c 7f46 1ba3 03fe 4fa0 6247 19cb 49d1 6817 08a6
75c9 01c8 3174 6b75 31c9 530b 49ca 1618 125c 3038 1f44 363c 1932 0d35 0e40 05c8 6793 7d72 6dda 2b0b 0116 046e 561d 2ae3 479b 3352 46c3 2ef3 7486
52d1 6209 4442 2d44 47a3 352c 1b83 0f5b 3499 2273 0730 343e 67b5 3c7f 6f28 7ce8 149f 68a6 560c 1f70 00f0 248c 6e38 269a 3621 5eca 2562 2068 249e
1b0f 4cf4 592b 7954 3f0e 1f21 658e 1b2d 387f 2d67 731e 4c0e 569c 6de8 07bc 08bd 496e 1f06 37ac 07b0 7fc6 31a6 18da 2143 3bd8 6a9d 7605 0ffa 621a
5b59 72ec 0823 7017 464b 31e3 61dd 5406 1ddd 5276 4673 55e1 4c25 3c9b 0d74 5528 26e8 73a0 4f88 17b0 2876 6ac3 5898 39cc 3dbe 102e 428e 55bd 6a16
7f09 4e99 2cb1 1904 300a 3e90 57bf 69a7 31b5 59b9 6e29 21c0 46c2 5a2b 0ac4 1b87 22f9 6c16 309c 7bc9 147c 1590 38b2 4586 11ff 3f8c 59ef 1418 192a
299f 7b2a 51da 2b4b 613f 4227 2724 6fe6 3064 2396 5c84 69ca 3161 7608 06cf 04eb 33df 2c65 6ea2 29f9 3cfe 38c1 2d41 4d60 705f 185a 2962 67d4 27c3
754f 0963 6046 2a6f 08c1 3220 43b0 4009 7be9 26a0 246e 1d77 74cc 5a1f 5d95 2634 1c27 0462 7e12 0809 29e9 6ed2 246c 1157 4631 20f6 43be 0f40 553f
20bb 2d97 0ae8 6977 09b9 0470 129e 1c52 7268 6fbd 7dc6 0e7b 1f53 7d1e 104b 21ac 76f9 2449 42ea 6ed2 4820 0838 32d1 3154 35d5 3af3 73bb 1117 7575
4af0 699e 4032 2841 3f8e 52d8 7994 2970 5c86 60a1 3d07 6620 11ff 01ae 100b 2991 1242 65cd 73a3 171c 3b52 481b 3679 7904 6727 6e9d 1fd3 1d9e 15fe
298f 3a1b 7700 33c8 2064 1144 0063 0abf 0d5b 1545 3652 0083 4b88 6aab 0ebd 6a60 2e5c 5219 489d 13c4 2985 2db8 3bd3 651c 65b1 265e 1be6 5a3c 0595
116c 0662 51f7 6c70 178f 492d 3496 117c 1083 511e 3661 22ce 4158 764a 5c31 61fe 5e78 31b3 1138 1444 485b 2d54 5a74 17bf 277d 6042 2be3 5787 40e3
65ab 50c1 6a91 4560 4fbc 7001 2609 135f 2434 3f75 0a0f 7b26 40b9 332b 303b 147b 4d25 03ae 6e1c 3c9d 61d8 06bf 4122 3a9f 3742 6e9d 2952 52bb 7bbf
4162 0b21 3fc0 13b2 79c2 0bdf 1b18 2969 79c3 62cc 4d58 5578 08dc 5e49 2f86 6354 5a4f 0d02 2c61 43c8 5575 2a58 2f08 7e1d 63df 7f6f 13e5 2a31 35ba
71fb 6e81 00c5 3cec 0da0 3d02 02ea 56c2 3d74 624e 4699 6eee 4f5b 03b3 71fd 35d9 6af8 71f6 43b1 669d 099d 725c 2d45 5300 47de 6e68 266b 0c10 1be5
5a6a 103a 2e87 4a82 1e57 130a 379c 7770 500a 5b90 305c 0789 063e 36e4 4e4b 51e1 79f6 7d9b 5101 3fd9 3929 05bc 1677 7dba 7001 3c5b 7fd6 1307 4c05
1677 2841 16be 2ef4 6952 2e5d 78a7 4b90 021a 328f 38d3 5458 0471 1679 5be0 5570 4230 1903 244e 1fd1 0859 035a 469f 510d 5969 3889 4514 51e4 2cdc
3b39 0c43 4fef 4b0e 65fe 02b1 4360 2d1f 5c57 14d1 5e3f 4cba 49af 3363 65bc 1dad 66e2 4120 3d8f 0f4e 44e0 2b18 3b28 4e72 0d32 269a 0bb4 78e1 4aa5
042c 2156 1e8a 2237 165f 342b 4745 17b7 02fa 5d03 0d69 1f70 7cb2 6289 70ea 2bbb 6ca3 5c6b 6b94 56e9 3726 71ff 6929 1287 25c5 3409 7c08 4a2c 05c4
7386 6580 6985 0fd3 2ad6 0f64 2561 0fa8 413f 1ffe 6e10 6946 3466 4ce1 0aa6 08f4 09fc 2a50 474b 5862 69e7 791c 7795 2054 2ee6 362b 39ed 6740 3379
628a 6720 756e 7d36 6b61 7b99 3502 623f 6498 4868 5164 3a61 5d43 2d2e 07ff 4db1 39fa 2cee 79a7 545c 0b77 17aa 20e5 1a21 5126 4650 4738 0948 4d68
1c1b 7d7e 4a7c 2bc3 7f3a 7a94 6e28 4579 779e 5cfd 126a 793a 265b 0525 19fb 3737 6f1e 7320 41b0 7aeb 1dc1 7b8d 45f7 0367 1733 64ea 28a2 1f8d 6d4f
2304 3b93 33e1 2280 53d5 73f0 5cbc 10ec 119a 51bb 20db 3ed2 2e49 7498 13e8 47de 117e 6096 76b9 1bf4 4fd5 12ae 7c06 1c09 022e 60c9 1637 6818 1988
1a25 6ea9 44f4 659a 43f6 4123 0f86 6976 7604 1a3e 58f4 4754 6ebb 473e 7822 05f4 1aad 5f2e 4d8e 741e 77fa 432e 4a4b 3b20 5907 1d6d 76f4 0b91 6066
0c12 262b 7640 4bb0 2468 784d 5798 04dd 4a15 02cd 315e 056f 7ac5 0c44 2cd7 7179 53b1 486a 4d3f 23ce 4260 5030 61e9 068b 658b 404b 0bfb 3c80 7599
0479 09f4 2d5c 766a 096e 4dee 10fc 4006 4359 09af 1acc 004c 5350 15b5 705a 527d 3fb0 372d 274b 3f15 4a87 4dfe 780a 3c41 1758 3d08 67be 39f3 5c28
6ff4 3004 3ba8 1661 4ea6 6497 5728 2de6 5232 345c 7c3d 615f 463b 3db6 52ea 1c2f 1a17 118e 3f82 2025 0088 6a92 1491 7b76 5a9b 4e2a 2a02 516a 3d83
3ba6 00a2 49a0 1eb1 0f23 3fba 0c64 3f63 5f41 616e 27b4 1c67 4505 3d42 2cb6 5308 2a80 6933 273e 58a4 47e0 1772 0171 74c1 2f77 7bb4 3fd3 6f61 501c
7c3f 6452 201f 4e9e 42d7 4046 766d 00da 794e 5fc5 4866 0b4d 1fae 35b2 67ba 3be7 3a0b 4c38 0579 5688 4a95 56d8 5436 3584 0e81 31d1 1f42 2fe0 4a69
243b 5994 3ea0 7a04 75bb 4461 0264 2bda 7624 6a3e 1dc5 470b 076e 1392 0ee2 72fb 50f0 0ea7 61fe 50cc 3010 389d 3c21 67f4 7f9a 47e5 2d9f 063f 3fbc
5aa0 3cb9 415c 1b0d 19f0 4af6 1438 45e6 2c97 456e 784a 31f4 1f7f 6b40 50c2 1edd 2c5b 7539 3cf7 2f85 6427 4e9d 5624 2ddb 3230 2766 5bb6 06bf 3b3c
73c1 3e63 2af1 73b9 6f8a 691e 534e 1493 1f47 6ea8 3a16 3ede 73cc 718a 1b84 1e6c 10dd 6e65 00c3 717f 737d 54a2 3377 2ad4 53ab 7c04 570d 1474 1cd3
6862 56b1 6ab8 06bd 4a1a 15f2 029d 72b0 5d19 0586 7e44 7d90 6e8b 13f3 6770 7a44 5ac6 5087 1c41 30d6 5cd4 050f 18b3 3720 000b 0fc4 2b30 5fd6 66b8
68ab 710e 5a01 53e4 3d2c 75de 7a19 6801 7166 58c7 11f9 3864 3ec8 5522 517d 14cd 3800 1447 4971 5e8e 25e5 7257 327f 28d5 1c67 0982 3aaf 70e3 77a5
3e62 4308 16d9 438b 4dcd 36ad 7d29 4a27 2bd5 7104 760e 49d4 4139 0b03 4c2a 2ef7 5780 019b 1752 4996 25e2 4252 411d 0501 72fe 6ea0 0a89 5f85 693a
2cff 1d21 1947 271c 036d 34f4 353d 3677 32f2 4002 33b1 64bd 4054 6fbc 1cd9 3161 2de9 363d 1995 3134 35d5 31f6 6335 1284 49da 5a74 3517 5bca 6c36
1421 0840 583d 28a5 6170 21ef 05e0 5726 1fb9 6a67 389a 0d39 7606 56bb 55ad 21ea 522c 23d8 56cc 473d 0fa6 0f54 7b65 18f0 2465 68d7 2bd1 094d 7808
5225 4531 54b8 0d09 2125 39b3 38f8 10e4 0e92 660d 5b83 1659 3c09 0305 0a3b 0b81 7a4a 0048 1ea1 0522 6cf8 10aa 1157 0554 347e 6e2b 4dbd 6800 474e
5f93 7165 0c5a 2ac4 4746 34a0 1637 51ae 65a2 525e 4fd7 79ba 05ce 283b 220a 5170 4de6 5a9b 3095 443e 50ab 07aa 4a50 107c 05ee 2d47 4bdb 6609 5cb2
53d7 78fd 7d81 112d 6b77 2748 380a 5693 54a7 7798 7aae 1f5c 3049 3a66 6a1d 6516 2299 44de 7052 2566 4103 04a1 3b12 5562 67fc 3d4e 41db 6638 0b31
2034 6317 69b4 03dc 1346 153f 13ee 098d 02cd 69be 3632 38b9 0bee 41ae 4428 24fa 3afc 2a74 2262 6e60 6e5a 4ce0 4792 2fa1 2cbd 0118 3e14 63fb 09ab
5727 79dd 3b5e 2b6a 018c 76fe 6ed5 7250 33be 0bc1 6a1a 1b30 527c 4b71 08dd 4a9c 7e96 25b4 37af 5f03 427c 13bd 033e 19b4 43cb 6ced 06de 1943 411b
463a 03d2 7627 1336 2cfb 35ef 4ca8 27f9 1ec3 6bcc 3fbc 1d61 4537 5419 6890 66bb 6425 08dd 0120 76a4 6e65 38a9 6741 3fa1 1c2c 33d1 2bf9 46d1 4ebc
1f65 5467 5669 5dbd 2c3c 7475 5ba3 5783 7fc9 6d7c 1006 6920 0f8e 0888 23b9 2431 634d 1c27 6c98 32dd 19a1 63a8 25a4 5955 4948 3d51 6516 5405 5595
638a 5e90 54b9 4fae 5cb1 1884 13d0 7c71 4e7b 7096 0766 7c37 250a 591c 0eb8 21ed 19da 36f8 2790 4867 7ed3 6f94 501f 124c 18bf 0b14 7cb4 293b 5bf1
3070 5ec0 73bd 5f11 0dd2 59ac 2f7e 7d33 4c87 69d2 0ac9 3275 1ef9 4cae 5322 10f4 4518 2dfc 7990 7a17 1147 515d 6133 4f1f 5bad 53de 0c60 259e 5afc
3a8c 74ab 3431 0ee1 4388 0391 59f2 0f8e 215f 6fa4 3056 384a 048f 507c 2c58 6e21 180a 5946 2009 073e 28cc 3d47 41db 7813 762a 73e4 7d27 44a6 0784
2003 5310 7578 1db6 4014 575f 3549 4bbb 7fd0 00f0 63c3 2137 4bd3 3dd9 6ee7 6395 28b0 165c 4d80 64bd 7795 1af8 4781 68de 6ad5 34f8 50ed 12c7 664d
2c27 58ef 0724 46d1 5cb8 4e1d 12d5 44c1 76da 22d7 5914 59a6 468b 67c1 31f6 3087 5b79 3ad8 3f05 7610 2f3d 6c88 02ed 53e7 4ad0 28d3 591e 3f04 67a2
0714 390e 204c 2965 098f 74c6 6e3d 7acf 52d0 0ce1 7acf 0a5d 59d5 32e6 70e3 54f2 6b64 637a 7d00 4902 139a 0848 6189 4e7d 1390 5fc9 6b8d 2f6a 7350
37df 200f 6a86 6ab3 56e2 18d6 0c4e 02e5 6a3d 5653 40fe 6522 19a6 7ea9 7232 6e6c 593f 3e41 4bb4 2dcd 56ee 6313 0190 6038 2f0a 12d7 70c6 07ae 7e3a
360b 2290 2329 087b 779d 504d 02b4 24da 46e7 37f4 6ea6 357d 4540 56d0 299f 7c22 5277 70e8 43ad 55fe 1b86 481e 5d4a 2b5c 0ebc 7774 6658 2213 67c1
60c4 4df1 2eba 5b88 2933 3d97 5760 797d 2ec4 57b8 5dee 0679 5869 6b3b 578a 2822 5138 5a01 172e 5ca1 73d2 7769 1982 44ff 687b 077d 5707 136d 03cf
2386 710f 57e7 0720 39f8 0db7 79e7 0694 0816 5c97 4ba5 540c 4bf8 1be3 7a04 5536 1732 7b21 3073 6189 4e8c 322c 4857 0509 0ffe 7278 1f61 59a5 7c26
4117 5515 58bb 00fa 29fe 0cc9 7b60 7f1b 492c 0031 6567 1375 16f1 5217 5453 17d5 31c6 6a52 4938 33bc 3cb9 63a1 192b 0aa9 3554 2c5c 10be 7bc8 43fb
179a 347b 4e15 641d 323f 2475 2790 393e 7797 07b2 5153 6bbe 65e1 11fa 627f 2018 518a 2a71 0ce2 0a44 4e73 4686 2d44 1f3b 2742 4782 0aec 5c4a 0b23
5014 5ae5 0687 260d 5b1d 03a9 75de 70c3 1079 45b9 236b 0c81 635d 3193 66f2 01a5 03c0 4c74 41b3 634f 6613 2093 3543 6460 60cd 55bf 53f3 7214 58c1
484d 43ce 5b19 31fe 6fa1 0408 38d7 3bb7 1613 4e42 04d3 4921 3c61 3a6d 772a 0b70 64f8 1f8f 04f8 2ad7 37d9 5eb4 72bb 1590 6065 21eb 4e6c 6fc7 6b18
6e16 6451 7b3a 470e 22b0 7697 7a93 17fa 5190 138c 3431 3695 5301 1289 2e05 586b 5af9 073d 4a95 6d4e 0216 38fc 7f63 7f69 528b 72e8 0e8a 5c24 5b4a
58db 51a8 0e12 7d23 0af8 1662 13de 58e1 3f20 5d9b 02cb 34a9 61b4 4452 56d4 21f8 3314 5732 267a 2071 2d43 21c4 429f 713e 09ec 3b47 4fc5 5872 7058
7e9a 3e0d 016b 148d 7ac7 751a 4e1b 7f3d 25a9 56ce 5903 065f 34dc 7c00 3b4b 41ef 3284 4078 77ab 5d87 15ad 543f 2754 13a0 5897 4589 2729 20bb 2468
3a5d 64b6 24d3 78e3 5366 549b 3274 5e94 495e 272d 0f57 6ce1 2a81 4d93 536f 3139 4d8c 71e9 40ee 00ff 2fa9 1464 0b85 3b3c 58d7 3f53 121f 7c16 76c9
18ad 3de9 716f 06a5 2780 24f1 7f75 75ce 3a92 31dc 725d 0b90 62bd 2c44 78ca 3951 2f27 47d9 3447 5785 2ead 3557 6f17 63f7 4ad4 7f21 7b42 50f0 7160
04f6 69be 38b2 224c 3b9f 3b8f 1bd2 346f 313d 5228 0788 3da2 026a 5030 62f0 1c20 2071 452c 2ca9 633c 080a 22e9 1a59 66ff 2dab 7314 0fed 0a02 4630
0155 6fe4 7d73 28ed 4a8f 463a 0dad 556c 2fef 077f 2a1c 57e9 0c83 28af 3a27 1fa3 02d6 0432 7133 3bfc 7943 4fbd 414d 3acc 3772 1d9d 5f89 4b88 6c24
201d 2e9e 1f77 7a96 2aa3 5dd8 257c 614d 4834 34e5 6b6b 3872 328f 601b 3c16 4b42 3d57 3686 2442 53b5 4719 246a 6ef8 22dc 7dfe 6323 0530 4276 785e
50f9 2a2e 0457 7afb 7ee9 16a7 7c44 014e 028e 5f36 25ac 04e5 54f8 4fc5 08c8 05c0 7c4a 193b 2561 1307 0db7 1dca 1201 4310 487b 2d6a 2d1b 67cd 5692
1c36 03d9 6b70 0991 5aaf 1b67 1190 407a 4a14 2f10 0e0b 4c9e 5088 26e3 3b9d 04d5 514a 5f12 14d2 6c3b 137c 014a 524b 5422 189a 078f 1d0a 4e8f 274c
1f22 505a 57ab 0674 407e 49ae 099a 4e34 106a 6a89 3be9 0df0 1ebe 70da 6ede 3ab4 2e84 14da 281a 1239 520e 2092 14c3 40a3 5908 3249 60b4 0cf4 0653
0e00 1dc1 58a2 4bb5 3e1e 54be 1402 71a4 2462 069b 5f83 59a7 6be1 67c1 6d03 1570 1660 28cf 5934 2fb2 5118 1f39 3192 76d3 72ed 6270 7dc1 2274 7c05
0d62 2f1e 297a 7cad 22b7 6eb2 163f 62c2 7f75 3862 1a87 04c1 44b2 2976 4fbd 12de 3d72 6428 2eea 7ddd 34b7 54ad 737f 1825 4d1d 4e2a 077f 3d30 7e4b
18bf 486e 04e6 5169 478b 4519 6bde 052b 0b16 26b9 3aa3 2238 24f1 4d07 01c4 15c4 6ccf 4800 16cb 3800 1439 409f 3302 72d1 287c 3210 2475 52b2 2b0d
0769 68db 2deb 55eb 7b1c 0594 5313 2393 575b 068a 43b3 35bb 0188 5922 06ae 038f 6f81 49dd 52de 3ea2 724c 012e 25cd 7462 5b1c 003b 1af2 60c8 2c24
785f 3f21 2a84 5814 5e5e 4738 0075 42fd 39b5 35d0 011e 03eb 7f8f 37fd 2083 6792 2f71 2ed5 1572 6573 6db9 1952 2c00 7201 7858 2b4c 4eeb 3794 5b35
06ce 4df7 1264 2cc5 1c7a 6b13 59a3 6841 4d03 1a19 479f 336b 0838 0e97 3039 1f6f 5976 2609 4fba 6c8d 71cf 2735 6031 07c3 7f67 083e 7ad0 559e 71a3
1fea 3e4b 79d2 71f7 7dca 7b2c 5317 6683 2be4 550e 5683 5ce5 39fd 53d6 7257 59c8 7f72 5918 039c 232c 7d50 11d8 50e6 70c4 6cc6 2a50 3a00 4bfd 2551
612a 0f84 6023 0dda 3210 7233 350c 29be 2227 1ece 69f4 1f10 7403 7449 6b23 0256 0388 545b 742a 6638 2a74 35ae 2e1f 4967 47b4 0c92 4f02 1bc3 4873
04c3 3beb 561b 5f27 6d8c 12fa 2ffb 08ed 4965 7ac9 41ab 24a1 52dd 24fc 3a35 5dec 60be 4baf 55ca 365e 76cc 0882 10a7 4c2c 2e74 414c 3a39 0873 6c79
0a48 0b61 6fed 3ba6 2f0c 066b 43d8 0b57 3909 691f 5fb8 42aa 5e22 6fb6 3315 341e 5715 55b0 0d8f 2eff 08e5 2c6c 4a4b 029f 6883 093e 25b4 6b98 66db
3e40 4cd6 5f9d 6a5a 7210 2ce8 2fd0 463a 3a83 33ef 52b3 243c 6613 4e45 6dff 2051 78ec 60ee 0772 4e6a 55b6 0020 788d 11f1 6744 6ff7 1da5 528c 3fc7
4204 5e7c 6fb1 5aaa 485f 5027 3524 07ae 4df1 0d38 0209 4d86 6b4e 4767 5240 369e 7426 73d5 5a7d 1cb9 32e4 764c 23c5 196f 447a 2389 0be8 0465 1d6d
3717 1e4a 755c 62e0 6974 4fc4 2d69 0dd6 7ff2 18b0 7678 2c8c 570f 3940 08bd 7fc3 2844 2009 6f71 5d53 4eaa 195e 006b 4fe8 18d5 11ed 0ca4 00d6 305c
4233 5b19 69c8 224b 44c2 09ea 3eac 059a 4e2a 4ec6 4441 4ec0 1d84 7321 79d7 63c9 41c7 40e1 087f 37cb 5f8f 554c 1b28 7d06 4bc5 3484 6383 248d 60cf
70d5 45d0 697a 2b75 1528 0242 4b47 6c29 5608 343f 2538 02a2 19c9 1b2c 4655 4eb3 3a7d 4d65 5bf9 4271 0ee6 32d1 679b 398c 410a 1de9 5038 026e 5296
7ea0 1ce1 52c8 7848 3d86 469d 4894 46f0 0f8b 1c50 39f0 0696 63ea 3946 4b4f 3fc1 07a2 4be4 7afb 14db 753a 3e4e 56cf 1031 552c 2dc0 2dc3 7ba5 1858
778f 7255 4cb9 6868 458e 7f1e 4d43 06fb 740b 577d 1b0f 4a9c 5bfc 2626 3298 4622 01fd 5fb1 44da 44df 27ee 3108 2f76 4b9b 3253 7301 5401 617a 4772
03dc 22cd 6562 3a12 56e8 53bd 0b36 4c1c 16d3 6e01 0ad7 235d 4e52 5413 5534 1368 1fa8 4a3d 4024 3814 57e9 1fda 5d25 4be2 104e 1bdc 0236 2589 2216
4940 42ac 0041 2294 4ed9 5f00 7de2 2276 4f03 3d3f 7936 2f04 5391 39b4 2d44 1fb7 5660 3271 27e7 51dc 3504 59a2 52fd 49f7 472b 469b 6921 486a 24a0
6589 799d 30c1 6abd 646a 6a6c 76f4 5640 09eb 2292 2332 1017 6b88 2d09 070f 7971 539e 36f8 7235 2bc1 5505 20ba 73d1 3b87 39d1 2919 59f5 5b2c 4170
66ba 6ab7 06d0 625b 47a6 5e0b 4ab8 10cb 5607 6e40 3ec6 03c1 5884 6be4 6426 78e3 28b2 2b29 241b 1a4d 6571 4ec1 3859 66bd 6d05 791f 297a 625c 607c
6292 654b 37dd 462e 67f0 6b57 2086 512d 064a 5c79 2ad9 224f 1893 24e8 6840 4226 7292 28a3 39bb 514b 07d5 3b46 5414 6475 4929 1b6c 570b 7c82 789a
5f2e 31d8 2722 74b8 21d9 6fab 3a50 4861 6b1e 7120 4385 15e5 222a 06c8 5aba 2d6e 0bf0 4102 728c 0edf 6d1a 1720 64dc 46b2 45ac 4290 40f9 4901 5381
239a 15a4 1ba0 2e50 4373 62aa 76d2 5b3e 2e5a 527f 614c 225a 4d7e 3114 05fc 798f 7b45 7d11 6aaa 1d7d 6964 774a 3263 5246 4da4 5534 567d 5181 58d3
640a 305a 4225 779d 53b2 1bbc 70cf 36c0 5f88 1051 05b3 1075 2dee 3fa6 774e 79dc 6a7b 3491 3813 1d8c 709c 0528 5ede 1c7e 62e4 375c 0e30 3c88 0fe2
0886 79be 74af 7491 0bf5 3784 63bf 6b39 0d3e 2cc9 40d7 6426 574e 35b3 5d01 4073 5b8e 79dd 628d 5897 7b11 6ef4 4d1b 08a3 17f8 22c5 6f2f 47a3 5e16
532b 1541 7153 3a46 3d48 0ab1 5887 57cc 265e 43ed 3524 0738 78c2 2e8d 4c29 3783 790b 2ce3 3792 01da 24cd 31e3 5dc0 1e9c 1dff 0b58 4c79 08eb 0314
5fb5 5cd3 5470 44dd 6f96 1e9c 1475 3e5b 64c2 328e 21d2 198a 71a2 6e24 3f44 255e 30a8 1611 5a2f 2520 50ca 29bf 3347 0248 2bfc 2473 6519 499b 52bd
011b 7ed5 2683 6a66 71bc 5106 2fec 03fd 7d99 4516 0c45 7881 1dfa 326e 1e78 3f92 07bf 49be 5c0e 7968 0a93 167b 70c3 2fa6 0901 0212 7175 20f8 210c
37e2 7be7 54a2 73ce 34ba 2ad6 3bc9 3b1f 6c06 0674 2db4 1b6f 0302 2265 0e92 6c8f 1874 0bb5 4ac8 0814 722c 43cf 5be6 7c5d 7d26 1411 57bf 7959 2d70
64aa 03c0 6765 6561 5d2c 4219 0b68 4c57 5f32 46ca 3da5 34a6 0bf9 45cb 56fe 1a08 4651 1e77 47d2 4619 3c05 4338 601a 0f91 078b 1f3d 155a 2ebe 589d
7778 51e0 043e 27eb 30e7 4434 74f3 7f9c 1308 5739 4bf8 0aa3 1376 2696 48e4 2b07 181f 1e3b 7275 6005 25c5 7430 2f45 187a 5998 1d04 3fc9 3535 0918
4050 5241 6d21 5443 5568 7ebd 32e4 4474 3c70 66ba 3cf9 633f 5c86 3ea9 634e 7cc9 7674 6f5d 4af7 4d0b 4890 4fe5 78e5 3a25 288c 3d43 3082 3a14 7dc2
53af 1cfe 2e9a 4a22 340f 4e8d 5c1e 6f97 614e 748c 601d 505c 6b3a 09d2 09e7 25c2 1dd4 5914 02b5 6cb1 4e4f 4122 16de 57b2 39f7 7141 00bc 2be4 0e72
2292 2cca 4019 1627 5a1f 0839 4333 31c7 5ed9 2e6f 5600 5a63 15f1 2377 3138 42a5 0006 4a16 1d1c 7d6e 5a60 108b 112b 5c91 3c98 7c38 2144 2618 25a3
44b5 44b1 04e8 68fc 2e15 53d2 4e53 24a4 7ec7 06e3 6475 326b 38ec 2bb0 0430 7be4 293e 4bec 5bec 0fd6 530a 2cbd 18c5 53c1 28cc 20e0 6b83 3f1f 6b85
4d97 0d5a 65c8 75fd 7a1f 5c14 54ab 6fd3 44c4 0887 5f97 5b15 4c48 1bee 33c1 548f 2df7 68ce 2b5c 3399 63ba 2577 559a 7d02 76c4 6847 720c 7b6e 4f75
2654 482a 7011 38b9 3933 2df3 7e5d 0f39 4d79 6515 46c9 47be 5567 2804 3318 1223 731e 04d7 451a 3a56 02ef 72da 7f2e 67db 75af 1272 322e 5383 44d6
3717 04a1 3996 621d 475d 168d 1919 7da6 221e 7a3f 6ef0 5911 601b 688b 05da 2ef4 522e 5028 1256 38e1 4118 3ff5 42fd 0c60 21b1 090e 78f1 6a3d 3814
4f7e 0fba 59de 629a 21bc 6983 1398 6370 7eea 16f8 282a 1710 4ba0 69ad 2a9d 783a 725e 76f1 7dcd 0961 2f9c 04b5 7e36 5452 311f 02c7 63ec 10fe 579d
7126 4588 2b9d 0f6f 2d64 101f 4fe2 168c 35aa 6fe7 2cd4 46e0 062f 3b43 0ef0 4cd8 31f3 4365 6b29 599c 4fc6 11f0 7702 0102 5dd4 601b 4128 07db 6140
6eb8 1823 20c1 1c61 57df 731c 0d96 7f2b 7f13 05e0 2d73 5b6c 73eb 6d75 65fd 1c93 30ac 620b 507d 5f5f 188e 7873 61c7 4801 47db 09fc 3bb0 6233 7975
7715 491f 1852 26b5 31b7 53ac 5166 56e2 1856 5f39 3cda 09b3 47b9 01de 4f4c 79a9 056a 04f9 00d9 303e 5419 7054 632e 4fb4 6514 0ddc 37cc 33af 09b9
5c51 3ab2 3622 48ae 459a 06fe 0206 30ae 3876 4223 73eb 775f 07cd 67ed 5c5d 4848 1937 18b5 6173 3523 7c96 6f00 7e4f 5dbf 1c49 1c77 284b 511f 7bf3
0d8d 7f1c 159a 574c 420d 1009 3660 4e1c 144c 02a1 16f7 29e3 7dbe 27a4 418d 0c56 7c2e 6df6 2e4c 5839 453f 65fc 2c91 244e 3360 0c53 7e74 7be8 5b40
1f35 7fc0 42dd 2799 439c 1134 4898 349e 4c47 1e35 2dc4 3ed9 5499 2d4f 54b5 30bc 5cb7 6c07 78c0 396a 7d28 4bff 6c1d 2769 056a 28f8 049c 4eb9 3715
5cfc 477f 4542 1180 4f53 5a0f 4d5e 42f4 7681 4684 4771 342b 4f89 538d 2f0e 4b52 4e63 56ad 170a 0d43 48f8 5cf4 63bd 16db 3033 5f8a 0fce 0f79 5c6c
77c4 277c 0098 4cfb 3fa2 0c81 0b0e 05f0 552d 020a 4c05 3ed0 2fca 34da 3c85 2778 4cb6 1de0 314c 17a2 771b 69b2 623b 4808 6ab0 6e65 4a07 294c 3b1d
5d5e 30d1 6fa3 7ed6 0550 7772 78a1 1012 5e6d 5710 418c 19e2 7735 6711 5ed2 11e3 12cf 33f9 6e46 2069 11e0 114f 07dd 42c3 0634 1f90 4b70 4aed 581c
0740 5d2d 05ec 7976 5ea3 5dd1 18f8 32c7 2030 1f85 7422 5ee1 0bb5 202f 2674 2c0b 7d36 3da6 585b 4245 7ac9 099d 0665 1b6c 590e 54c2 479a 6f44 60ab
794d 615f 1ef7 6e2a 5dfa 6602 7b27 4328 4872 5266 1ee0 23d2 6245 40f6 39fc 440c 64b7 2839 2621 6f48 4ce4 5484 7d3b 3c54 673f 3b7e 388d 6cc9 0702
46f7 1fcf 5211 73fa 65f1 74bd 542e 06b6 4b83 4795 03d7 7197 0720 5ff5 4009 7fb2 3315 18b1 5422 69d6 279f 761b 420d 2041 7e4c 20a0 28c3 0939 536e
789d 0ac9 0ef0 1234 3ea4 2a38 37ad 6f7d 3a72 6a4b 23c9 6e94 5c77 5779 328d 12ff 7b94 69a5 5941 5031 382f 7ebc 502a 714b 48f2 2ba8 5f93 431d 190a
5eaf 4712 5d1c 68ed 39bc 350e 4168 2fde 22bf 2c9e 273d 34d1 3b64 4baa 0344 0757 455c 295b 5232 2b07 1029 0411 5fce 4cd5 4e38 2c4d 3e62 7a5f 7a06
441a 1fb0 3e70 3c3f 46d8 274b 114f 48e2 3a62 05c5 3f62 736b 6da9 6023 7baf 5df8 03b9 3673 5a5c 28fd 0a10 76cf 73b5 58a2 1405 41a4 2653 40e9 2bcb
72de 34be 1df0 3aed 445f 55f5 2bee 6568 1e1e 3701 289b 0ab1 3b5a 6c2b 11af 057f 3894 4d55 537a 116d 07b6 0220 06f2 0a47 6ac5 6b44 33b7 3af7 0f36
1dce 0706 1793 4827 5f74 042c 46e4 7de8 7330 05b0 2ead 2b5d 2584 7875 5757 1203 6e0f 2fac 2a72 773a 2597 73da 6f6e 103b 63f6 59c6 0a63 635f 690d
7b10 493c 1ee8 7262 4588 2957 5fbd 1d60 170f 5520 1ae5 09ec 1e81 3fa9 719e 5709 1214 6427 5b36 4c42 0a30 5e5e 4b89 6848 1f68 4fc2 3b59 0339 4536
6002 2e54 2d47 46d9 02ce 67da 7da1 01ba 58a6 4ff0 3728 365e 06c6 59c0 22a1 2df6 5ad8 2e2b 142c 6903 3464 0fac 1b14 0c99 05a1 3c4d 4262 5258 50d0
4682 4776 35a3 3d83 609a 54f6 28dd 09c4 3de7 2f7f 61d1 52b7 26c1 178b 225d 711c 3e3e 5cb7 3028 24ed 4706 3660 7c52 0753 3678 0bff 1e85 19d7 7da6
5ebd 5b1b 55ed 7ab9 36ec 1b79 0a16 785f 6b55 185d 1f15 1bb7 4be2 6558 034b 373d 52b9 079e 7627 7032 3464 0aaa 6eec 6b59 1405 0dc5 6e54 77c5 2c9e
31b7 4471 31c8 6658 7725 442b 0418 56a1 317e 5cb8 7f6c 4474 0eee 3488 11f1 1be9 637e 7f2c 6a53 1ab5 6fb8 386a 1bd7 0104 134e 7957 602b 46e7 29eb
2b77 7422 5c51 5fed 5c27 4394 51b2 0b6a 2048 6aa8 29d6 4801 4c3e 0cc5 1e06 75ca 3485 5a39 20f5 0bd9 6099 37fe 6ebb 5493 5513 6f3c 226e 63e5 08a2
1026 2367 397c 31a1 7b17 46e6 1a0a 5b13 5f76 5039 3702 0cab 1b89 33e6 4981 4e11 2b28 3d42 5682 474b 297d 2dec 4512 0dd8 1be2 3e01 5d53 1e58 7108
4736 5e95 072b 603f 12f5 7c04 5b02 0151 7b4f 1bf5 4f9c 7d0c 0280 54cf 24d0 4b70 1e30 05d8 3207 5872 3da1 36dd 30f9 3164 32d7 2402 2986 2785 7b3e
3baa 3f53 0a15 2dcc 5aca 78e9 2e53 5a4d 69b3 10fc 5a6c 7a14 3db5 18ac 4e27 7253 3be5 2eb1 506c 6143 4607 0884 7c2b 7bc1 69d3 7c8a 4284 2859 5c9e
4476 5aa0 2291 5dd9 3f93 0b58 50d7 6a2b 78ed 5ea4 5c05 1f4c 09d7 2894 25ab 4e71 3979 4c65 680b 486f 7ef6 7194 0a4b 0aab 01a4 4f61 2110 367b 7c7d
2f54 2d06 1a41 705e 5cf1 6033 1f73 3ddf 0d9e 192c 74d7 6891 1c77 109b 7108 668f 021a 20f5 442c 6e4a 6f71 6e40 3711 1d86 0101 14a9 2085 1254 7980
7bab 5a46 2723 0a7e 7bf5 540d 7df0 2ee7 5d2c 1d21 3cdd 59e0 7f19 6999 1758 092e 5c15 53f5 40a8 3b6d 673b 13da 3c84 7ac8 5a96 2477 38c4 2db4 779c
1958 08bd 6df1 52c0 0f27 0170 4deb 6b1d 530c 5737 5e92 71b6 3057 7c44 1fa5 322b 3cf5 4557 5504 6f2e 1022 7283 6c98 1ae1 7b43 66b1 2347 4d13 1030
0508 7aba 049c 383d 1d2a 68e2 5497 5018 555d 34c2 5b53 697e 1540 2371 6a13 295a 3014 3a43 6630 56ed 371e 448a 4fc1 1a64 4d33 00fd 01dd 518d 41fb
198a 757a 3571 733c 2837 7d1c 625d 69f0 34b9 106d 3f23 1b0f 2949 7670 28f9 33c3 0daa 07b8 1013 520f 1ed0 1708 410e 2392 4017 2b3a 2ea8 7d60 1714
1d9f 5aca 548d 438b 027d 044c 2b8a 71e4 61b8 3d08 4e52 5672 473a 4f7a 10bc 6345 7865 314f 13be 78ce 5c09 50aa 0cbc 5f3d 1c93 2f21 1b6d 21e6 14b2
6abd 4b1d 736c 45a2 572d 5581 6534 6fe5 77c1 1714 177c 24f4 1fcf 57c5 0356 5895 389b 4fc0 25a0 7414 50e5 40b5 40cd 007d 021d 4cdc 6ec5 1d8a 1f2c
52e5 6746 3b28 01a6 30bf 1491 7e1a 51eb 24ac 38a6 6abc 619c 7aa7 4931 7223 3881 278b 139c 65d0 2927 2e87 0304 6bf6 62cd 3607 69e7 4081 28b0 1964
59da 38ba 6205 7ae0 1366 2da9 6e48 7688 7b84 1fa0 274f 242c 777b 4d3d 23e9 6f45 2f1c 386a 2d22 6bc0 1892 3323 1a8d 1f2f 474c 3b95 15a1 1d7c 3b54
6010 77bb 57ab 381a 6afc 2aca 0516 6ffe 5173 540d 34d2 4038 7ebe 24ae 60fe 4541 09a7 3a1d 1060 33ee 14c4 5114 42f1 67a0 5693 0c83 7685 297c 67b2
5a3f 351d 2534 2469 0faf 688b 3502 77ef 06b5 4469 56f7 23fa 7e08 656a 26ce 61c6 5755 5e8c 7748 392a 4a8f 080c 2bfb 3f7a 0536 4dfb 74bd 436a 7811
0c17 51b5 31de 2914 240c 7a6a 36ed 53ad 784b 409b 022a 2de1 54e4 411a 015e 02d5 20eb 63ca 4820 1414 60c5 163f 04da 501a 2156 1192 7013 47a0 772a
3d5b 0d94 681a 1f41 2cb1 012d 6e3c 7a28 1275 61c5 0831 48a2 2292 26fd 6044 5c55 1768 62f5 096c 630d 1e38 3668 3ffd 7479 1c2c 7acb 2c88 1d4f 677a
7381 6dbb 2223 3b36 3759 5b39 3002 7fa1 5ac0 7186 76ec 1bc5 25d3 6a9a 04e7 566f 4f7b 343f 1104 56b6 0c4d 1d34 22ff 75e4 31cf 37c2 5573 479f 72a0
7e1c 2dff 2531 1254 49e5 59e5 3e50 50be 023c 2ae8 5222 507b 7661 1424 2d78 1cfb 7cc5 24a2 3b3c 7e80 0c59 5af6 7ebc 5270 4ce2 6d50 231b 02c9 6b2b
733a 0367 2093 180f 5554 52fd 1835 143f 78b6 51e4 5328 69dc 4e0a 704a 180f 1569 09ed 0077 4d63 2b36 7763 5837 2e92 653a 0830 6224 0a88 3144 2075
4be2 1ca4 4128 67ca 0312 1933 37c3 06e7 0021 1220 6e1e 4839 5dc7 665e 740a 7532 604d 2bcc 4562 5a48 0ee4 099b 36e2 3f2c 756b 42cb 055b 4516 77a1
72dc 1e8a 3940 649d 3112 027c 0e0f 60e6 2a32 6eef 63ec 7116 767d 4af8 767e 2ee6 77dc 68f3 74e2 55d3 5068 226d 6466 5f21 7f2f 263e 2061 30af 4270
0712 7246 31a6 33c2 6c4f 2c90 5504 2ce5 16fa 3293 5b30 3492 1b95 1d1a 7eea 5549 38de 703b 428a 1824 1fe4 6004 4541 5074 5500 0972 0c44 1035 4c43
4118 2ecb 4958 6131 0c88 5037 6a5b 7d98 130b 52bf 63f1 5c0b 312e 24ba 1f60 4de5 77e9 23a3 4a41 2e60 581f 30ab 05bd 187f 1f48 7636 0e79 4d33 0dd0
41cc 0c6b 2bd7 25b5 2f69 27f2 6f1b 4414 2159 2e91 4200 37ea 53fb 7132 332f 2773 0a33 5575 2e04 3bac 35d8 1123 65eb 28bf 5aa0 4049 7939 5748 3ddb
3aeb 089f 70c3 2bdd 7d12 2d4e 418b 2bb8 7241 0019 7dd2 4949 6694 0f4c 4678 52b4 51d6 5894 169e 0783 1d9a 1c68 487a 647c 3eb3 1b99 7ae7 595f 722e
634c 3bcc 34f0 176e 54ae 5cf9 29c6 5610 009c 6a57 7d75 56b4 2a5a 440c 186b 7ab1 5ed6 633d 1378 0ae8 2f54 3a66 2910 1f5f 7e6e 66d9 0495 1de9 2998
212d 4225 6fea 6e63 4684 7911 3c66 6d09 27c3 05c3 2726 2d30 7139 7a4c 75d3 4740 2cb3 2d15 64f0 3a7b 2775 1c33 3464 0955 132f 2a4b 2698 0b3b 749d
2a88 685e 0cb8 4f4a 4e8a 26fa 425f 2ac3 4d39 5e6b 79b1 68a5 0585 7afd 27a3 6741 3486 22ab 7b6f 3586 0c55 64fb 2ad5 2e74 5453 5ef4 6f1a 5254 4899
5680 1df8 321e 1974 0633 296d 5e0b 331b 2eda 51bd 1a2d 5332 1cdc 7ee2 6939 71fe 5bd4 79a3 18ed 084c 079a 1512 25a0 459b 461d 5dc6 0224 13e1 52ec
3ff3 7afe 6988 5d6d 3cdf 093c 3ed7 3477 3d23 5c5b 6234 6b0e 4359 6a85 2d82 43cc 655b 22a2 1fdf 197e 2484 5c38 562e 4539 68c0 1dfd 0821 5cad 2e3e
5b82 6c51 56ce 6e8f 6f8e 2969 6a2f 6951 4502 3438 7145 7781 6351 760c 3101 70bb 60c9 61c5 4816 53b4 5ac3 13a0 446d 0e36 1014 2277 1037 65c7 0481
79a2 2d62 6921 34b9 7ffd 46d6 25ae 2d83 7b56 0599 6798 452e 30d5 6312 6d2c 004f 0a71 78a5 20c5 1fa0 5fec 5dd1 28ff 0310 67b6 678b 71f8 03b1 329b
674c 56dd 3917 1354 258c 0e90 00bf 2c6e 3d6a 6bb3 676a 54e0 774e 4996 1a9a 3f48 4dba 7d70 0c5f 6e2c 44a8 23a5 26e2 2873 1d24 6add 224a 2c63 505a
0b4a 7b11 49d4 5b91 5f17 1a30 2c5a 1126 20ea 1477 4d50 5566 6e6c 7635 1a12 2a1e 313d 4564 51dd 0529 459d 4967 1b07 6718 4032 2ad1 6ef7 5c63 13db
1cdf 4351 6939 1443 3ca4 5354 0619 13f1 55e3 2d20 22e4 67fa 06f7 4998 303b 01ac 4a20 56f6 4987 2209 1026 6137 561b 4116 464d 2054 3987 3a23 3444
2a90 2145 1597 1272 6e02 1b8f 59d9 1d5b 0f2d 680d 75e9 1650 207f 3230 7878 6016 6524 7282 56b1 4bf4 59b6 52a2 16f6 7f1a 6aae 6a33 6d34 0cf8 521f
0249 44c1 2d06 7a9d 0223 2438 1e82 030f 4801 3750 0fd5 3695 16ee 6b24 1c2b 3a1c 3107 4b63 0ee8 6fd4 339d 4243 441a 4b04 5f28 7e38 7a16 4464 1754
7a45 049a 324c 1b5d 3fdd 6226 6cc8 3967 04a7 037c 725b 77a8 4ff0 65ea 7fc3 6ad9 797c 1e23 5630 76d1 012b 5004 4f2d 4a4d 32d2 6ebd 6f9f 01b5 2132
2c58 52a2 54e1 1021 4f3d 080e 1416 057e 468a 3d6e 3dfd 6d6d 7c15 0b4c 58ca 6651 7f09 6397 6a2a 7a9b 05b3 10d9 3057 6e65 1f1d 0e0a 404c 4047 4424
6418 2b09 79b1 155e 06ff 653c 765d 025d 1d30 484a 5dc5 4b3e 300b 6877 2c31 0a6d 64e0 7708 46b2 3c1d 0434 124f 0917 3f13 20ed 46ce 193d 1b2d 03cf
46b7 6728 7269 39fb 05e5 0454 5bb6 3f71 138f 4251 19a5 4400 698a 4df8 587b 1c86 6e50 7b4d 279b 7a48 6b4d 3e4c 4af6 2530 13fc 7d57 1a39 7f0a 07cb
38bd 5b14 28e3 0ecc 0ea9 3d59 595f 1497 468d 5d74 751b 3a1d 1bf5 5992 4166 3f14 50c3 365d 13b9 490c 5feb 5b0e 7321 29cd 1dd9 7c4b 7327 008c 396d
2fcf 31bd 7399 5966 2e3d 3244 1ed9 17f6 5f7e 0108 321a 5917 0309 338d 03e6 4094 2afe 3c1a 3ac8 1806 008a 1f2d 72d9 478f 0342 7bd5 496a 3c8d 0944
5ede 3761 6af5 1335 2f45 3f9c 4136 43d1 02f6 761a 2db6 26a2 209a 028d 309c 7f5a 2658 3449 0448 24b9 50c7 0de7 3849 120d 581b 79b6 499e 35c5 1b42
11c9 7120 67e4 6ed9 1550 0827 1b58 7dee 6f3a 4a08 626c 689b 6904 507c 53b5 482c 431a 6d44 6a43 3579 3bba 34e3 6d81 05c0 2c92 2fc2 097a 5809 38e6
370b 0e6b 68f3 564f 5899 64ff 7db3 5e9c 4c8f 4a73 5c43 65d5 4b9a 167a 15cb 5d15 196b 2e6b 430f 2efb 29bb 3383 35ed 441f 2613 4b3f 229f 2670 73fa
2ac5 5c4f 4f5c 33d2 14e2 5ab5 73cc 1d1b 2077 0eb5 0e6b 2dfa 3494 6120 5d62 717b 5fe3 5274 429a 5c43 7668 6ad1 13a4 1afb 1579 72e4 388b 19fc 1024
1e0b 0aef 2c71 5cfb 5e93 28f1 6eba 3110 5a76 0091 387f 5062 1790 45e3 07c0 3f3b 5c88 0685 0c54 03d8 3696 32eb 7e1b 210c 59fa 712d 234c 217c 7c4b
03b5 7986 680b 201a 2d3c 2a60 5ab1 05bb 038c 48b4 5884 671a 3d37 1256 58f3 2a4a 5611 6789 24e4 63ef 2578 7973 2b87 2443 201a 5cf5 4199 7b1f 5724
5e7e 37b6 305b 4cc8 7a48 66fc 2ad9 26e9 6cbc 57de 2240 40f0 1f4a 05e3 6ca2 191b 70ee 703f 4be6 6899 7b4f 6621 7a79 004a 06a0 2cbc 2b18 1555 67d1
3dac 53ec 3d6d 0013 7759 3857 6da2 0a20 2295 3034 73f1 4699 2959 7ccc 56d2 5ef9 276b 20a8 7d27 3d9d 5334 3c7d 0e99 0127 2bf9 0c86 5b33 7568 12df
11f8 6583 209b 0841 7eb1 72ac 282b 2528 2cc2 6b1b 7bb9 61b8 12d3 0d15 17cf 2f7b 6645 411c 477d 592b 0908 0064 75c8 557e 3d42 54d0 5390 1fb5 4152
257c 57d3 66b6 1cab 09ef 3dc4 7dd0 0435 1694 7d95 0446 5da4 509e 0372 0173 0e08 1739 33eb 29b1 270b 7a16 0191 110b 32da 405f 2ab4 5f9e 5749 7cdd
5c69 2e90 2b28 516d 237a 6932 7967 1fc3 766d 540b 4183 224f 25a8 22f4 71c7 7d4f 44b2 4508 463d 287a 0fe0 5c96 3ef0 3518 6b78 6045 695f 4faa 6575
4f41 655f 5188 7320 348d 1386 6dbf 368c 3dec 0daa 2bae 3757 3f99 180d 364d 168e 3107 4bf7 2c43 12ce 01a8 0c52 5b8a 2041 705c 2bcf 3985 739c 44eb
7785 633b 5629 1805 1aae 1c4d 29b3 277e 0bc0 2da2 65a4 0ac8 13a1 53da 7da1 00fd 6943 31df 2e7d 510c 34b4 34f0 0577 5903 390a 09c9 3885 6927 6a88
4e74 7f0a 1378 159b 00b9 2b6e 24ca 649a 6ac3 4246 09be 2b69 4d24 2786 69da 46c8 296f 4c56 6d41 1a4b 6dff 095f 785a 2854 7bc0 5469 3097 7855 77dc
2d06 0c00 7fa4 584e 23a3 4664 2be4 759e 44f9 42d5 4bb0 4b0b 0209 305c 72e6 644c 4fbd 1109 1423 1f36 3594 744c 12b1 1dbd 4df9 2b0b 2d40 3a03 0d16
0e60 0629 089b 017c 1ef6 472b 1297 3185 5a04 7daa 0886 1e35 0e04 4ff2 7134 4cf1 6ca2 1cc1 2938 74dc 7ba0 4cf5 4091 070a 774f 277c 10bb 5589 2d9f
491a 1e64 11ca 5cb5 392f 069a 057b 3514 78f2 528d 3fc3 134b 062a 7c3b 4fa5 030a 3c56 4dc6 0356 06db 0c50 4015 1a5a 6649 7ee4 32be 53ed 03bf 0b9d
538e 5f66 7642 63e1 3bea 7e91 2b54 3764 38e8 0cab 45ee 6cbc 3e63 3ad7 5baf 31a4 6fbd 6594 3159 5a36 69b9 37cb 6685 7dd0 7b55 01f3 2831 6222 14dd
42ea 6b52 46d7 16da 49ae 7188 58f0 0906 26d0 6fc3 7de2 72c6 4eac 4cbe 08d0 35e1 33cb 3129 2707 4222 307b 2f61 7ff4 1c0a 4e59 3a03 2318 6d60 7524
7c32 2e90 6508 7d3e 4a10 34ff 6e92 0dec 7ecd 3184 1739 0063 4cb8 16ff 7cc6 4826 7539 4b96 1646 5e0e 5392 59c7 2192 5e89 7e0e 04bc 56cc 4bb0 24bb
10eb 36f2 1e50 10f6 378d 5ad0 4fd1 2bef 000a 5aa5 3872 4ace 52b9 6d92 7b79 6c7b 6b3a 7720 45ff 1134 403c 7755 285c 1909 6d71 46d8 5e99 2922 53be
40d3 6d56 23d4 2714 75a1 5039 49f7 129b 2a8d 3370 6a01 3eb4 2c48 2e22 18d8 0173 40a3 7c60 3b29 6ba4 50af 2d59 29e3 3a7f 4e04 3e7d 383f 18f4 0fcd
32fb 6629 4a05 3c6e 1231 068b 2f3b 69e4 027c 618d 592f 7753 7b10 6e60 755e 670e 1b05 2d53 106f 56fb 3b40 0817 5ecc 2fb8 76a8 1ec0 2eb8 2467 23e2
306d 4ae0 23fe 4cf5 004f 6171 0e88 2cb9 18ba 4719 3945 13e2 5661 0b8b 2a8e 3065 1bf2 32dc 3e15 13bb 24d3 4f3f 4264 39e4 4d60 584e 1010 1d5a 03f7
0faf 385f 2e1c 229e 132f 7fd2 0a2f 55b9 32b9 31e7 12df 1a77 0252 0abb 390f 5399 66ad 7694 60a9 72f5 45a5 08ae 5fe9 4fae 7531 7a1c 4da0 6795 788f
1060 52c8 0417 65dc 4de7 3d59 2112 1915 1af6 5825 38b3 2338 4d1b 48a7 7b9e 2006 7442 5fae 4055 3861 2801 7078 3b68 1220 7e44 738f 5452 6905 09c7
5a92 3174 3524 00e0 4f3c 193d 71b0 017b 327c 05c1 5055 073b 5fa7 04bd 1dd0 50ea 14c1 78b9 4b01 51b4 01f5 0216 1487 2b85 5d7b 4998 6538 299c 5723
49be 2c3f 3751 0b66 1497 6212 3662 636f 66fe 78ee 59d0 7f27 7d11 1045 7a9b 55d4 66d3 2446 2472 4e1f 01e3 54aa 03c0 6369 20d0 2921 10fe 7076 7b1b
6238 64a6 4704 05a8 45ef 40b6 5ea2 407a 3828 79aa 5801 1a21 3456 3c3b 4ce1 6d69 6939 5431 3ac3 72d3 6bd3 5257 620f 7a7d 086b 05da 672a 391a 0b6a
556e 1ad9 19b4 002a 55cc 1dbc 1cfc 6240 002d 6273 1c6a 67c0 3d2b 0588 275c 2ca8 6364 56c2 77d8 1283 0d58 1570 1789 3b92 061f 7320 1241 4fd8 691f
65b3 75fb 262b 1bba 46c7 3b46 2fbe 7a5b 36b7 3484 4443 1b30 1814 4e69 21f1 18cc 2ae1 12a3 4df9 502d 652c 3624 6c7c 55ed 67b6 33b3 08ec 4190 6cb7
24a0 4c18 615d 78bd 08a3 675b 64f8 338c 1996 16fb 38b1 6ed1 6524 26c3 5a61 0203 1a3f 10d0 55a1 0b7c 37f2 224d 5e98 2b82 215b 5a3a 275a 7106 395c
7d0b 0676 7985 7c64 0d14 010a 6535 60b2 6859 631d 2de4 7c27 5291 56ea 6123 4c81 68eb 5f29 6272 5a27 5179 4eff 71e1 1567 11cd 520b 7e75 6d1d 37b4
3005 11ea 3878 1970 36a3 0ab6 4578 7d3d 5f13 6e7b 6958 476c 02e9 42cd 56bf 0707 0cdc 1a1c 4b81 1c32 4617 04b3 0ac8 4c31 119d 0a4b 320c 1d9f 4f8c
2b4b 354d 755c 61e5 4c69 37bc 4d37 7fcc 3c26 1e39 6270 02fe 3e5e 7db6 619b 65ea 2450 7d5a 1271 728d 5618 14bc 61e9 0269 42d8 250b 06e3 6b94 0f1c
59de 5c04 2115 3d4d 1069 56a0 0b4b 4e49 3b97 5fe7 552f 79e1 7b23 471f 09d8 564a 73d2 1840 3417 0bc2 13b8 0d40 2ac5 6edf 76ce 5889 1cc5 11ce 5943
4231 72a7 71ef 36d7 7364 2665 393f 6ed6 270b 04d4 3dc8 5b4d 2a37 3211 2d31 69aa 0d6b 30bf 466e 3d84 352c 3b74 43d0 2f84 32ad 7e72 2cf2 0338 527b
1502 5238 37c6 6071 659b 3815 195f 71aa 75f6 5342 7b8b 4901 4988 1612 3e47 134e 5d44 3c53 5148 4dc7 32df 33cc 3964 0533 0864 6193 0569 1621 3b99
45ce 408d 02ca 1d93 24da 3bda 7cfc 12c4 1e60 4319 3b9f 0831 1335 70d1 14f5 4269 3544 3000 2e39 5293 3dcb 0124 012d 376f 51dc 2a9e 2be8 2211 6fc6
253d 4054 0949 716d 5e0c 3b56 259a 7496 3d63 058e 053d 72fa 0b5d 216e 0868 5c62 6cde 298f 3019 5e07 50d5 2091 7b65 29d2 3c8b 0e98 587e 2892 6ae9
6ab6 1c69 75b0 3be0 2ccd 6ae7 1c13 7e9c 0514 7666 4099 605e 39a4 3dbe 23cb 72fa 3950 699f 1c87 4cec 7718 5bbf 640b 67b8 479d 4a3d 6aec 653e 1f06
2289 3f5d 61bf 71b0 530a 23a5 2b3f 198b 062c 6bd5 24b2 7e30 74cb 4e17 046d 0490 263f 21f8 6867 1bdd 3ee8 640f 2a44 70d8 3615 3719 15ef 0ba0 14e8
5a88 7959 6415 49b4 4e93 5449 1966 14bb 2445 747c 4656 430d 20fb 667e 1b08 1100 5dce 71c7 6a27 5f85 0d25 6c1c 1401 5743 131c 0586 55c1 2642 54d1
5056 19db 7699 63c4 0c31 0784 2766 6b35 0fd7 1048 1318 17bd 79bc 79d8 6ae4 1bfb 132d 3cff 7bff 3daa 7ec9 4c95 4929 7c7b 15af 21ac 6a2e 614f 07a1
35cf 2940 3bd3 6d2d 3139 01cb 1228 24e9 2f02 6758 7dee 2af1 4af7 77ca 66a0 7116 1060 79da 5870 085d 111b 10f5 012b 563f 0169 17a1 1b8e 7675 11b4
5889 4b35 5e8b 50cf 14e8 1990 7aca 3bcb 47c2 5718 6b59 2cf9 7bd0 5d97 7cc1 3fea 5abb 4365 745a 520a 26b9 58ee 6783 4d88 7539 1fd9 1f94 57e2 384c
01c2 0760 1099 1cf4 5bfc 2e0a 69f2 1584 7b01 59f6 447a 7f97 07d7 0860 7d97 6e39 1533 12ba 0eae 6a86 4627 5bcd 4309 0457 6d8c 0c33 6a27 3d06 0bb5
0fb4 498d 71d6 1f8e 39d5 41ba 7002 34e2 5d82 4bd3 7c20 1a87 61f0 4aad 3333 63e0 26b0 6e89 7ecd 154e 55c6 7bf2 5a5c 2e4e 5fb1 00c1 62d0 5b18 16c9
554e 2ed8 5099 4fc4 3313 7cb7 702b 47c3 7ad0 630f 7746 1465 2afa 5ec8 1712 7685 0965 3ffb 3350 4627 42bd 0c17 2ddb 090e 4eb5 5247 2b52 25b4 1915
3b8d 2a6b 67ca 5c58 2424 2752 5607 1798 6b72 4baa 05a0 3c2d 155f 6df3 43cf 6f07 56ec 3dce 6538 7823 4324 08cf 35e3 15c0 5ee4 3ce6 24e2 19f5 23f1
09eb 57d9 2b98 2e7d 1665 4ad5 6af0 4e3a 5648 5737 5734 3579 73f1 0b4f 64a7 146d 5ae6 600b 5c0b 44fb 6b04 0120 676b 16a8 1f54 7a7e 49a2 068e 151b
07f8 046c 2dd4 3622 06d2 631b 202c 00e8 3b00 18dc 5e04 6762 46ea 0918 6394 2f43 41ec 7b36 107a 7677 3538 45b7 0c53 14ae 462e 608e 611b 2f0e 69c5
0771 7752 5448 6d2d 52d8 6f94 600b 644a 68a1 6a05 0e2a 0dd7 0b6d 2624 3853 5628 51d9 07a9 16ef 118e 5ae1 0562 65ef 0f84 78de 5e85 141c 4190 07cd
0edc 516c 1bdd 4cee 1b79 035c 03ef 5592 57b8 3b8b 184b 4f45 3564 7961 5bf5 1995 4003 6fcf 39e9 6892 254f 4af2 4122 053f 1cc3 7b7b 6bb5 5276 13ae
6bd1 31b6 0422 4a3a 0fc7 16a7 5c48 1526 6ad0 5d9a 5110 3ffa 4d29 62f3 234f 67db 545a 7f87 4f9d 430e 2797 0306 236c 0c4c 2c39 3934 1eb2 1429 11cb
7010 722f 25b9 5602 792e 18d9 3b13 2d3a 604b 4ee3 0fb3 7f97 6f67 2811 01c4 2648 3e11 221f 2137 714b 7d8b 2c11 493b 5f7c 663b 580b 30ad 0b40 630d
19d9 185a 2140 6c14 4c25 16eb 2862 61b2 6f5c 218f 7eb1 3981 1eae 63de 3832 2594 4b5c 1cba 5429 78f2 52d0 0533 0709 19b6 6bf3 7843 6c44 23d6 631b
3314 7418 50db 4db0 0945 5d40 40ac 74a8 205d 46a2 7d04 3805 22ea 50ca 0c46 6e4b 074c 4ed5 7084 5117 3991 4a52 0d87 1a01 4a0d 0b8a 1822 237b 782a
6628 409e 1beb 5e9e 268b 0f0f 544b 4b7d 11b0 0086 1f13 3056 7ef7 0d74 34e3 730e 7c44 3fb8 230e 67e2 5275 5b3a 31b6 55be 3914 73dc 52dc 7ebd 255a
2749 653b 721b 66e4 1946 500b 4c84 24f2 011d 06ff 3851 5b12 0f63 7e78 5807 52fa 4bc7 7630 13dd 5cb0 4547 2aae 0934 1dcc 0108 6648 529d 0628 7740
4102 5224 159c 0631 43e3 7149 04a1 3c96 19fd 528a 405f 0318 37a7 3b0e 6c1f 7783 388f 1704 784c 63ff 323d 574b 1f48 3cc8 4886 06d8 1152 628e 6fd9
687b 2523 31d8 639f 3136 3d9e 68cf 64c8 3c91 61e3 0442 30d8 73d5 751d 1de6 00d8 50e1 1b84 74e0 232c 2222 1833 42d4 3e82 660c 28e6 29cf 1776 3567
3ac9 1f92 6a93 767d 668a 0b13 1aac 539c 4dd9 72fc 1b46 421c 0acb 2045 6359 53f3 75b3 0ebf 1b2d 0d4b 0422 3a3e 5bbd 40ae 0ca8 67c9 7fd6 21cb 037d
63cb 30d4 6eba 38be 6faa 4c61 3bed 5292 5195 6cb8 1dc5 6e56 7ae7 0ee4 3050 780d 664b 772f 3483 54f5 1a29 725d 48fb 3dec 0778 20d9 1ef4 41df 2d8d
7a62 0304 38c5 2133 3723 31ac 41df 4023 1a75 4900 4b3f 39d5 4c9d 13b1 5a55 67fd 75e0 7fba 1584 3ec3 6968 3bca 06a6 180c 73d1 12a3 0fb4 3387 4b87
4ddc 56a9 7d60 6684 1605 52ca 5d6f 7519 3085 7a63 683d 4c2c 7a65 73eb 6a85 3c15 72e3 0fb2 1065 7dee 00ce 16cc 3084 24d0 0028 1560 5268 1c37 126c
4a23 271c 6c0f 2b88 4967 3515 05d3 390e 5a33 0862 02bd 570b 0b2f 4c8e 4633 1a2f 0fd9 05f3 75e0 49aa 32f3 3e36 57ec 326b 00de 0c28 293b 2275 7a95
4b23 36b1 3c37 746d 1e3c 1bd2 2b7d 15c7 7c6c 2cc1 4a3d 2d7f 739c 1d06 4b1e 61c7 44ee 5b44 3308 7ec7 43d9 5130 2351 7aec 5822 3f8e 2955 141d 2cf6
7b53 47a4 4bad 3e58 7a4f 3e82 2d9a 793b 3bb9 7fc7 77ef 6be1 26d2 2dbc 517a 3350 2167 198e 7d4b 2d40 161f 0b4b 7044 0c72 390a 68e4 5f2a 6488 30ab
0091 47a2 3b68 05ac 6604 6a5d 1faf 7b11 0117 1e0c 0b6f 50e3 58ed 7ad3 2acc 2652 314c 178a 086e 639e 0529 7eb0 360e 0255 583a 562c 24a6 3e4c 669a
3196 04ed 2514 27b0 64e3 3c24 32c9 0747 32f6 2311 1791 05b5 3e74 04da 67eb 7e13 75e0 5929 6da7 71b6 4205 5900 5131 04e8 1a62 422e 1b0d 34fe 5200
7f73 6e2b 2182 0731 14de 740d 75cc 0f52 6144 6d3c 35a4 3d80 7c80 3e07 4d2b 4c1a 4b30 6ef2 6a63 546f 1d55 146b 6581 3854 7b09 15b8 564e 1d09 4320
0639 035f 356b 0788 5a1c 0fab 6569 30d4 1923 63b3 304c 3a79 721a 124e 77be 2268 6771 4501 5d0e 314c 0430 345b 085e 4438 7c85 1b9e 51b4 58e7 4462
4bef 7962 52f1 5676 690c 145f 16f8 73e4 26d4 203e 6854 7ecc 0a1c 22cd 0163 2a00 3148 3e03 0735 1e6f 5e41 077b 5741 70bc 1784 29dc 535f 2231 6001
6f5d 3733 1d8a 46ce 3294 0a32 02fa 4bf8 5062 1e53 08aa 21b8 0956 1373 337e 75d0 56a8 7c0c 6f14 0cb4 11d8 4f2f 3032 0c53 1164 7114 5e71 4a19 769d
13c7 1500 6250 6937 1ca6 58aa 5364 78cf 3c98 612c 2ec5 06e3 12c7 4562 1a17 448a 3e97 237a 5961 6c01 0d39 47ec 1026 443e 4bbf 7d08 2427 0305 353e
54fb 543c 0e0e 079a 2954 7714 0123 05b4 769e 44a7 373d 022d 19a6 79e4 6720 111b 5477 48b2 143d 1c26 7c53 62a3 0c45 688e 198c 0ed2 70c0 450d 21bd
62b4 57ba 242c 0daf 0c5d 5847 26a1 4556 27f8 7c21 6f28 7563 138f 12cd 50cb 5e6f 27cb 72a0 0734 639b 0ec2 5373 3eda 31bb 2b23 3680 6e34 12b9 6574
42b7 719e 5398 328d 1550 6fd6 6944 1b41 3547 1d76 2411 3b17 760c 2e40 28e4 79a1 3687 279c 6e2e 1fab 7ff3 4085 088a 1ca8 2eec 3582 2cac 412d 6bab
302e 29a4 5658 4c82 6a15 2699 2a12 36df 5799 5388 607b 6dd2 340d 47de 4962 3018 4b87 7290 2480 0e57 7626 22d4 33ea 04e5 5e7c 5e27 5ebc 5fc3 0852
5156 12be 7dbb 4b88 39f8 7aef 6999 2dd0 2fb8 3531 4db7 196c 56c0 75a0 1df8 70d4 7134 6a3d 1ce7 6212 1743 274d 7f94 29f4 25fa 5b08 2d3c 588e 040f
6341 7e6c 1d57 0e7c 321b 1e3a 02c3 7477 69de 47ca 509e 17d1 3a66 0321 6b46 052e 42ec 16bc 42a6 114a 21eb 7e7a 02bc 5406 4ff8 50c8 4171 6313 695e
3016 0699 2f44 0d5f 36fd 5d61 6b40 4bfc 7a7d 283c 6106 25ab 0b02 5404 5711 5890 26c5 589e 4ea1 5c3f 7def 512b 0138 623c 0442 0069 2ba9 41cf 2a06
4ab7 7c36 18a1 7780 6c6a 0c24 379b 1e09 7167 1cd4 1d25 362a 2897 204c 390c 79bb 1b10 6150 500a 3ca1 1951 07c4 5024 1d08 2e0b 2cb3 1d25 7c9b 227f
6c46 40a9 202d 7a6c 1fc1 1c0f 5788 3b82 62fb 3ab3 4374 3832 0ecc 1f11 0bfa 2cbc 1abc 17d0 3f65 5ab6 3fed 308a 06ba 20aa 441c 02a9 5fcc 741a 5425
0c43 6a35 5ed7 4bae 7b33 672c 34bc 2149 744b 065a 097a 3fa4 625f 54a1 74ce 2247 69e9 5fa3 7a75 0634 0cd4 34c4 169c 35e0 25e5 46b4 0694 4860 2c39
010f 71b1 3496 70c2 77af 4e95 7d9b 761e 7d59 7aad 596f 4265 28ee 4038 1b1e 06f5 266b 303e 677b 6413 6492 4c89 6d57 7c88 50b5 7220 5347 0367 10d7
7c6b 063b 4127 489b 2966 490a 579d 425c 0f67 2625 0229 0b46 6276 5e1f 7f7a 7bd3 1639 2bca 5cfc 018e 79cc 6166 0d88 48a6 44d9 43ef 0bd6 5445 4588
1c04 494d 019c 7be9 37fd 75c6 0ffc 2636 48e9 7770 0d89 6e07 26f6 4f95 65a4 41e2 6193 5d7d 6791 1412 15d2 264a 200c 3192 0d7a 45ff 2b1e 2453 08de
6e8a 5aa5 6fbb 2ef9 4065 534d 64c9 4552 2536 4081 1afe 138d 5730 5323 7e41 1ec0 2da1 7967 6474 2b54 6522 7a38 087c 19d9 3ed6 6609 795a 4c57 2f93
1cd1 63b6 4cef 2fbf 3aa6 5bb5 4307 1cbb 1f00 3f15 6c20 669f 5024 13cd 30c4 6289 2c75 48e9 0612 6d5b 773d 18cb 36e7 6728 491e 604e 11fa 2e85 2572
457b 22df 0371 7789 33c1 3b88 2e70 754c 5545 46d5 0fd6 1a6d 284b 4907 0531 1420 6698 4125 0f41 22dd 3ed3 5f97 744e 32d6 07bc 260e 18ae 620b 5f08
628a 53d1 4ed7 38b1 1183 44fd 5c84 3f2e 70a4 4316 3c94 1c69 1845 00a9 2a0d 5dd7 3d22 54d0 67d5 4806 779a 4454 3403 68af 2b50 17cc 33c7 3921 4b47
473f 2e2f 04f9 0570 2d2a 0ca9 5b35 5d14 7674 6d7b 33ef 12b8 2261 3bf5 4294 62fb 7215 1b79 4c2e 1bc6 02ab 1a74 3ffd 2ba3 5676 0d7a 7e60 5f82 2ba3
75f7 3a57 372e 37b4 65e7 4701 0793 1533 570e 3a8f 1ee2 626e 7589 77eb 5a91 3c17 7fc2 7591 4007 15e2 03a3 5097 600b 08a9 5ddb 5fd7 5a95 64d3 30f4
1d9b 34d7 2f25 6fda 0967 5ee0 3c58 79b2 1a58 0958 225c 071f 0fee 16e3 7f03 7d45 7d04 7e1f 7458 2b21 2b82 14d3 0f0d 21f3 0efd 7895 44f7 5c0f 57a7
4d88 37b1 79ff 3094 0481 0329 1ea3 4f20 5d99 49d4 3537 4fc3 259c 2249 55a6 43af 39e0 10a5 062d 3b32 6c89 6f0b 62df 3957 0842 5fd4 3467 04ed 3338
3f73 4119 40cf 387a 4202 0a7b 6214 0cbf 6eb7 433e 0e99 3d71 3223 7ad3 6cc0 1bf4 65d9 71ed 5e93 1d95 369d 482a 236e 623a 3f87 5060 5b14 0f11 2007
1a5d 11ca 1e2d 267e 63a0 30a3 5b92 4ad2 1a2c 0fab 27b0 3392 3b2b 625c 3096 0b1e 2742 4736 2a14 232d 30d7 7828 40b9 4d7f 0854 6c98 0656 2ee9 65a6
00b8 1355 4a80 7f1d 0f3c 1f5c 25b0 3733 7e72 335b 6121 257d 1f26 31cd 1717 69a1 3e90 0289 1185 5c80 7a4a 1e4e 6fda 3a59 6eb7 4c84 33a6 30a7 3c5e
1072 1a18 71c4 4e0e 555e 7012 3d9b 0ca5 11a1 6e75 53a9 6247 75db 6103 6209 635c 733a 452e 3821 379b 0200 6f29 3a88 3009 3c7f 2750 6bea 1d6e 04cd
358f 06eb 3812 7160 5298 644e 7199 4ac4 2f81 7439 0c8d 575c 7102 1999 2ad4 4318 621e 787f 15f3 1d5c 772f 050b 3a53 09ad 15e4 3b1c 63c1 1309 2157
399a 4242 1aae 2eb4 2ff0 5aab 47ce 5a5f 4ea2 1c43 6c4e 6347 0226 34b1 337e 2b16 41cc 3c9f 44db 4bf7 2f44 3000 7aad 3208 0c11 7127 5744 03ba 0dc3
2a44 171d 3824 2811 3cbe 02ba 3dc0 5d67 6440 23b2 5318 13eb 1888 321b 78d0 5aa0 5f02 1bba 3e87 68db 06d5 2ca7 6768 23fc 5b57 248d 03a7 26ac 0621
5051 1bfc 4cc8 6be9 3167 7b33 480e 7674 2473 494a 7a87 3959 53fa 5e2f 60f1 5bde 57bb 09de 3f21 2d0e 60f5 3d7a 4272 24d4 3c31 46f5 53e3 74b1 0512
4492 231f 4a60 178b 2be6 38e7 0d62 1536 4c61 4e2a 41c4 2e1a 5a4b 67da 69cb 58e7 3770 3ff1 56b7 768e 11a0 027a 58ce 234d 1fb4 0d2c 7e0f 55fb 4dfe
379e 2b6c 7ddd 1b63 1d69 0ca1 3ebe 54ab 7aeb 3411 1b03 5e77 246a 7abe 1267 2b21 5a23 579b 0940 2761 59e6 7867 1d45 6a5a 11f3 1a07 3175 46e4 6013
6a29 3c93 55e7 2fb0 6275 3b42 7e33 538b 595a 55f5 3ede 4b78 143a 2470 1d16 36d7 2fdd 199e 14bb 506f 3de9 02a8 59dd 73cd 4e1a 66ec 1d50 7def 0dd7
5284 638b 6549 4ebe 1fdb 199c 5de9 1ce6 0259 467f 5ac4 0e89 6053 37fe 459b 16d9 10ae 253b 3220 3920 0636 7d98 499a 1c9c 2ace 79f4 412a 1291 70d1
4326 3c7b 219e 7edf 767d 4256 47f0 61df 3e47 29a5 3a0c 0238 0c8e 5356 3411 582b 7edc 6bcb 144c 504e 37a2 5f7e 129a 76f1 2aa1 1311 5662 22b3 190a
4461 0f96 63b1 7606 5e40 0cc2 06e9 2f00 49ce 4f9b 6ee7 589f 6b2c 72a0 0268 01c3 32a8 6190 4b5c 0239 20d9 136e 0357 1cf8 48f7 54f0 720e 7a96 62e3
59ea 69f7 291a 1183 551e 5d6e 0381 4a1c 51ae 20a4 4e95 10eb 6573 72e7 3510 0542 0fa6 77dd 3fa6 7237 28a3 305f 4c53 10f6 0437 099d 00ea 4954 6fd6
55a0 104b 2f4e 2791 5149 2584 1cdf 46be 2329 7613 35a1 75ee 3e7d 3ace 5888 49bb 1410 5cd1 66bd 3aa7 5cbb 71ea 4789 1575 26ed 04f3 1fee 746f 22db
5df1 47bf 2b2b 433c 118b 55ce 4dc2 520e 275a 5307 65ee 4f2e 0431 4d6c 5af6 4e43 5fc9 5543 4fe9 1f8a 04b6 2f61 6626 646d 41a2 5c9f 5633 0dc9 686d
267d 2463 742c 6cab 3c89 4658 1014 2550 10bd 531f 5433 4ac0 7ed1 45e5 1be5 199e 550f 6420 7d54 2120 53f9 6e72 6c7f 720d 55a2 6e65 1f57 5272 054b
2854 0142 5c20 0a3e 1e92 1c08 24d3 4f5a 6b4d 1124 0036 51ec 1902 6c2e 555e 38ba 40e2 63a9 30ce 22c8 4241 18ea 4bc0 0186 2de2 6354 2251 7bb9 0b45
5fda 2acd 0fb4 58d4 1049 6317 1a89 1e68 3a0b 5a94 367c 07c6 1bcb 2437 1bc0 5b3a 2c3e 6195 5c6c 319b 1493 4e16 5780 4583 14d0 1128 5d42 1687 032e
1dd8 559c 4b53 18bf 5189 7224 45c3 6cb7 5edb 6f99 4cf8 7852 3172 3959 008b 42e9 2d45 3c72 74e9 23cf 24c3 07c0 1f32 7242 1266 49c3 2b56 0f14 76d7
3e1d 5bae 44e1 3dbb 1056 16c3 00f5 33ac 5ff2 6d64 4365 3015 321b 42b5 3f94 1b1d 3800 4081 3331 79a8 0199 15df 40c7 4a1b 025a 5aa0 3f97 593c 1e13
627a 2ba0 591a 7f6d 5e6c 751d 67a7 1561 7741 3bfc 63fd 5967 467a 6817 0d8b 61e9 3cc4 6886 55f5 257f 14c9 6951 7149 14cd 2c39 2c2c 68f2 7480 0185
54a8 13d2 1253 52e3 5587 45f5 05a2 75bc 6d09 46ef 6635 7203 0019 382b 0790 4516 4bf0 3050 0d94 7faf 217c 40b1 24bd 1aa0 4ed2 3401 6582 7a23 0679
1811 0000
5718 3fff
38a5 0000
2dcd 0000
0754 0000
1237 3fff
3100 3fff
10c8 3fff
3333 3fff
696f 3fff
41bf 0000
4198 3fff
36b8 3fff
3a3f 0000
3b99 0000
1a78 0000
3e0c 0000
322b 3fff
56d4 3fff
2c24 0000
0df0 0000
62a9 0000
75a5 0000
6817 0000
11c3 3fff
7aa1 0000
5e56 0000
6f71 3fff
29f3 0000
1cf4 3fff
7497 0000
1c1b 0000
4825 0000
4c14 3fff
2ba5 0000
1e01 3fff
7a83 3fff
6dee 3fff
24ac 0000
3523 3fff
71ce 0000
372b 0000
3c99 0000
6f2f 0000
74b2 3fff
3460 0000
156f 0000
39e5 0000
7c27 0000
7fb1 0000
1784 0000
51cc 3fff
11af 3fff
5cd3 3fff
6518 0000
27ea 0000
7800 3fff
400f 3fff

325c 4b7a 5793 0900 37dc 68ed 74fb 3907 78eb 4d94 31d2 784d 355a 6814 5eee 1b75 3ea3 2590 24e3 65db 7362 5d53 2040 03c6 2826 7a3c 08ba 72e1 7555
380f 728c 54df 288d 63c4 5938 290d 72c1 6124 72e4 52ea 422c 3766 2b14 731a 4b28 6efe 7ee7 24b0 143f 7817 1ceb 53cd 3cdb 26f9 7d83 41b1 49f6 0629
54ba 6a62 7f88 3087 1451 45ce 03fb 7982 0edb 0cd8 69ec 091d 2931 18d6 24be 15db 66d5 29a5 6b11 1639 7862 4458 0637 568a 2205 799c 4761 16b4 58a7
6df9 00e8 20b1 5e4d 34eb 49df 6422 280f 5b10 5ef3 39c5 09b0 1950 2a3e 21f9 0e97 3545 0596 190e 69eb 4430 3ba5 7469 2b2a 53cf 23a4 41b5 4fb5 6be3
51e5 3226 6500 4c1d 616b 35af 0134 3225 6288 5010 1593 45a2 39c2 4551 5eed 32ab 1e9a 3744 540a 7171 5412 698e 4f3f 77d7 30e6 2026 467d 4a76 5299
2e93 5bd0 7465 7d57 563e 339a 6f5f 3d33 4fe5 5a0e 119d 4200 11de 0201 3f1d 3d67 5805 61a2 0214 34d5 3af5 5dc1 0897 4089 7c16 292c 6070 2ea3 4549
7a18 6c1c 1722 5b4e 6bc0 6410 0898 5d81 5275 2469 633a 56c8 1a3e 507e 5311 454b 1780 48fa 3905 430d 1b2c 43dc 50bf 0aa1 2c5d 7b4c 109a 0aa0 187b
0c90 7258 2880 2876 764c 66af 2e5f 65db 70a1 33e9 2d6e 74dc 0421 5c27 4caf 696f 2494 2a8b 3140 6174 7e12 1015 4ec9 006b 19ee 3618 1d1e 708b 57c7
6f88 4beb 1f95 4173 58b9 7000 4ddb 26ee 1fe8 2ef9 5fd0 506e 7bd8 6291 35b4 3900 0229 1beb 6bd7 4d4f 7537 4eed 0acb 2be1 0ed7 3c4a 4584 5f0f 4b9a
738b 7a94 11ff 4b7f 388d 43cb 11e0 7fd0 638d 4c98 0d8c 7040 1622 0bd1 03c1 659c 74f7 23ba 4de2 3f9f 62ea 0249 5760 5659 52ac 5a14 29e3 74f8 6d83
7af9 0983 0c17 53bc 3c71 11e3 0504 234f 585d 40e1 2382 4ae4 0fbd 59dc 381b 7412 7778 46f4 0cde 1a28 377c 4789 2846 7496 6133 75c7 26ce 1a4e 6918
3375 5eed 5809 7d58 4ade 3cc1 1632 76e3 6c11 40b2 627d 22e6 363b 2c8b 205d 610c 4bb7 1299 7c6d 0ee2 000b 7a2c 0131 3511 6b91 09f9 7612 7e91 3705
48ee 1f45 7959 2e8d 5b4e 0f7b 6c7e 3920 0bfc 4470 1384 1ad6 4ecf 0203 1c8e 4154 4120 5871 63c6 0cc8 1b7a 755b 4e33 1b33 0c04 3566 2c21 010e 31fb
6687 52e6 074e 66f3 3442 0c47 52d9 0106 0a88 7e6f 14b6 46d7 562c 682e 15f0 6751 4612 26fb 3a4d 3af6 68ee 49df 3788 1c9f 42f3 3a30 178c 5784 32a3
03f3 596e 42bc 3d2b 2cbd 6c7b 4e9a 7ac4 46ee 06e9 64cd 1e3f 4d39 3716 4e62 495d 037c 1f7d 7ccf 5629 711e 786e 3f3b 780a 1d64 08f4 1b96 0247 7365
21bb 43b7 3aee 0ef8 7828 4902 14a5 5ba5 4f97 514d 6dda 1153 0685 39da 4e36 4204 528c 212d 6f25 1114 3895 2ae5 3cf2 463e 4b36 190a 60ba 38f3 0d26
2cd8 6310 30cb 78f1 7f4a 5566 62d3 5c67 68bb 3f9d 4f87 52e3 79f3 00e1 6400 36c5 44d3 3e9a 096c 336f 52a1 12b2 0eb1 4b30 7813 19ef 122d 74f7 6fe7
1284 3a75 311e 039b 3ae6 7833 0549 0461 4cdc 258d 131d 307e 513d 2c1b 7771 4124 0fab 258a 73ee 0cf2 0651 1831 63c9 0a35 22bb 6dc8 2571 46e3 099a
4a13 7fb9 6637 06d0 7e05 397a 1f16 6b59 7df0 7322 1bc1 5d04 227c 7bc4 0afd 404c 69c8 08c7 3b8c 4c73 496e 3c12 71b3 0510 2170 526f 22d3 114d 37df
6d0c 2ab6 63f7 6f20 5ec2 6324 3cac 18e8 5a25 5743 2f89 5736 0b54 1bd0 3fc9 10a5 6e26 61b1 1d18 7dba 3266 047e 0a95 3117 6116 2a03 5ade 4a2a 2613
54f3 243b 4f93 2e29 2dc3 21f1 469e 1247 329b 5c8d 602e 0b95 1e86 6c3e 3fdc 44f2 0324 1eeb 7933 6cf6 3cf0 600a 7c6c 165e 4e68 3984 1537 5370 60a2
7885 2c77 2ebf 6d61 2dad 24a1 4be7 7840 4756 3548 26bd 4467 4097 3a2e 2539 3eda 11cb 4796 72b6 6717 6f67 0095 4d55 5bc5 3ba8 73ab 7c5b 3bce 7103
1d3f 0663 7db5 5eb5 4e76 6a3a 73b3 62c4 5a29 0217 2aaa 77d9 1737 3068 4b39 7123 2e1b 7ce1 5297 0d46 2628 5755 5add 073f 33c1 6857 22a1 4887 2129
1834 56a1 6049 383d 79b4 0fe9 750e 3369 4001 5916 70b7 77a3 01f2 6278 4061 2624 007d 095d 0005 07ee 4f27 5241 7bef 65dd 47cd 0526 547d 1091 0361
3883 1c74 4770 508e 3d98 0d04 478a 148a 243c 4e61 0c3f 048a 25ee 4205 62aa 0365 7fc2 4cf3 0f83 5cc9 784d 01fd 461f 1665 1e5b 0f26 373a 0f54 3a25
3ab2 0e84 0112 2de7 47a7 3d09 19f9 73dd 3e72 2bf5 6031 652d 7304 26db 18a0 39f7 0458 300e 50cb 5b13 5e1d 5bc4 3e9b 4df0 7504 76b6 0696 01d8 6313
52a3 0346 04d0 249a 72e1 6849 230d 403c 7fa8 2643 1333 79a0 632c 3073 05ea 6cae 53d5 391f 6820 2453 4dab 10a1 0262 742d 243d 3a00 54a2 223c 7c4f
4949 5418 1b09 7e93 19a0 40fd 7dfd 4193 7dfb 0299 2dfe 37a8 3109 34df 7f4e 681d 7f79 6d20 2eda 5b99 5e9b 5522 3e09 324e 37b0 4600 4841 10ba 7fad
43ec 24e8 4ce8 22dc 5091 6c21 1ec4 65f7 2e1c 45f5 7a74 6670 1c39 52b6 1635 1492 741b 3901 47b5 7532 5a59 6bc0 2697 53c3 5edf 70c1 48e4 3cf8 7629
6ae6 3a82 42d7 3486 3778 718c 4fc5 5738 54d4 182d 64dd 3e09 3cae 3770 7b23 62df 2283 5d90 15d1 7558 6d01 7ad7 52f9 2bcd 6ec2 253a 0262 1985 373f
1a2d 4c6c 6698 4d26 15bb 7556 5b80 21f5 57b0 4a8c 2807 066a 2bc7 1feb 4542 5b48 26fb 0e0d 2fee 1b69 7b00 73c1 358b 73ce 1ae2 07ca 0737 181a 2dbb
7847 681c 1b65 7b0d 218d 4e84 0c54 6598 660a 6d00 1a84 640f 7cf1 5802 0580 6b57 0bbd 069f 49ea 7ccb 1595 5bfb 68dc 5c24 6762 394b 5ed0 3655 5f95
74bc 58fc 6869 638c 3efe 39b3 2dd8 1d3a 6013 7749 79fb 6dd6 7c04 535e 6c07 0b66 6e78 0938 7004 12f4 6081 53f6 68f1 613e 3620 40bc 69b0 2bb7 35cb
354b 5605 3bbd 321f 7c66 493b 7575 19bd 258c 54b5 3529 48bc 797c 003c 0bc9 5709 7a0a 1d7c 0792 16a5 0e2c 1846 3bf0 3e3b 7b20 0689 0fae 546d 4748
6313 14cd 38c0 418b 6f9b 732f 553b 2ee6 6ee1 2acf 337f 0f6b 24d8 13c7 59e4 4c05 207c 070e 319f 7cfc 72b9 72b5 35a3 26fe 0a37 689e 0a2c 1305 373d
1c9f 3ed3 23f8 7447 7d0b 42f9 2e96 30f3 603c 4e3b 1ef0 46d3 3d8d 1497 1512 6572 548e 6622 0cce 24f9 17c6 1c60 125f 678f 4ae2 57b3 68b3 19c1 17a1
7341 5b44 4d5a 050f 0342 2969 7ef5 4f31 5616 10ce 2d43 1b0e 1ace 269f 17eb 6370 0516 3169 4c31 5da9 5dde 4ee2 145c 7e95 0537 6723 4a85 4b90 55af
28e1 6f43 518a 4aa9 6cef 5839 5a9f 0858 626b 2127 08b2 6e0c 7096 4505 23f0 3f58 0d5a 3991 6231 5bdd 0264 7c0b 4137 602e 37e2 3981 2a28 641b 74c9
0ae8 21fc 7a3c 2949 1713 15bf 2dbe 271c 6848 09aa 595c 57df 25ba 263b 17b1 4ef5 273f 6b34 7c54 55b7 4b6f 4a0a 711f 2957 2659 5b3b 1301 4e95 28af
426e 7480 4dfc 72f8 2b42 4716 564d 08d9 4f37 40c2 0b74 02e0 660d 69e2 12f1 42dd 42b3 63c4 4cc1 3fbe 101b 7845 3e08 281a 2ae1 46c1 077e 3215 3fbc
52fb 6713 61fc 44af 0427 618c 4d7c 732b 0c17 4c28 683a 22ca 4317 0c7c 662f 39c7 528b 5537 1fee 2464 5010 6922 0ed7 4f62 213a 4a53 6cd0 4f58 19b0
0f24 5d2a 3051 75c8 023d 23e8 5900 2f41 63a2 5778 62b2 24bb 7ecf 6955 7e3f 7feb 0a6d 7cc5 4e36 0ef1 38db 6fa0 1285 1f74 6a18 18de 452b 1e04 7b2d
54aa 7366 43de 0701 33a7 3648 5d17 7dfd 5e70 746c 60c2 6acd 46b2 1128 605f 1bea 5d25 312d 5fff 27f8 4f26 7cd7 0f91 6d46 31db 4aa8 6d7e 2e98 5021
18c1 754f 03eb 4286 3ae1 5278 023f 2bb4 5430 085d 7e16 46b8 36e4 67de 121b 4156 32ee 6dcc 025f 62cd 7249 5a72 3620 5d67 0986 3ff6 3ba8 4013 5b07
65d8 12e2 77c4 2945 33fd 6791 1ecd 4560 430f 6628 5ace 1683 2a8d 48e0 4cd4 7fe4 6246 7968 5cc9 244f 5ee0 179c 4687 248b 4ef2 1836 7024 3c73 71ab
6d2f 64d2 506d 485e 7428 7b6c 6032 178d 3dd0 7f56 7882 7ebb 75dd 48e3 4818 2ec9 5eac 1729 2d72 44db 2339 578d 4106 3df7 76e9 27fd 3b75 089d 196e
02e9 61bc 71ca 10b5 0cb9 4186 6911 2582 3e55 770d 2485 6e23 4688 26cc 23a6 713a 47e7 4f51 6a92 0e5b 1435 1f50 236d 5c9c 5a73 4ff7 0911 464c 622a
34b1 298b 67bd 2a71 6bae 7b8d 0287 1e99 3d04 76ac 7149 641d 0662 1d8a 09f6 15d3 7ff0 6964 3faa 10d4 0ebe 3622 4e95 6cba 457b 2f31 238b 2015 21b0
0729 4b1c 597b 5ff1 21a2 550e 59aa 6487 7adc 68cc 456a 70c4 39f7 3559 7fbc 0ab6 1e04 2061 337b 35a9 1642 668e 7e63 146a 2c72 76a3 198f 0f9a 1879
5f6e 550d 7671 699c 670a 241e 4455 3e97 3c2a 37e7 4804 6cd4 7dfc 6313 4c27 0bf5 228f 0042 1d7b 3061 2148 0f7c 608e 5a31 7eff 5f74 5364 370f 0474
0b2e 7803 1b9b 43f8 790d 34fc 7cbc 2fab 7101 5baf 4183 13e1 365c 11ac 410f 444e 204c 2797 72d3 16b6 7336 6b83 1972 69bd 0f7f 6f61 4d15 3f6a 76ea
53ba 360b 61ba 0d1a 4988 291e 058a 03cb 3650 1a88 5455 4e6d 6cbe 752b 1be4 31c5 20c2 399b 1b7b 1f05 329d 7491 091f 20b8 1eba 6389 1fbb 04cf 4a05
0358 53d4 51fa 1b8f 6128 3d99 73b9 6e0a 102c 2b48 2436 06e8 2462 78cc 479c 0b56 759b 04e5 3722 4b34 362e 03ad 2d2e 13a3 6d03 3b89 5214 7cbd 360c
40f5 7085 78ca 1bfb 14da 4b68 6710 2154 0756 5acc 29fe 52d3 5a79 1ab7 39f6 7167 2474 15fd 66de 33ba 29e8 76fc 6594 5889 02ea 4f1f 4ba9 649f 093c
214e 150f 3dd4 1612 6eeb 28e6 122a 7ddc 7a75 35b2 7168 0605 2272 2c7c 31fb 3ac9 185f 7f15 6dc2 0fa8 5d24 52c5 2e22 0246 6cd8 6fda 1f48 53f5 4d14
4ae2 5df4 402e 17c8 4933 6313 56de 1508 2d42 51c1 0ef2 2151 17e7 5121 1136 138e 2e6b 3428 1c9a 72d9 4055 6f24 3b38 6b8e 31f6 4f2b 13be 4789 73c4
24cf 0c67 4ae5 77e1 257b 643f 6e6a 31f5 5d7d 6ce4 1f39 69e5 5ea3 7cf4 577a 00ea 2191 1060 4dae 3b66 507d 0452 5f88 717c 2eb1 491e 6d35 6a5f 7985
0209 3dc5 1efe 401c 783a 6674 5319 2b4a 66c8 2430 7b27 0581 079c 0886 5b0a 73a2 73e1 4aae 53f1 433b 2cd7 7f8e 68c4 3dcd 6575 5184 1ce0 57b1 20ae
3298 716c 4a72 4f5e 0c65 4e2f 186d 5f02 6d6b 510f 09d9 67ad 411c 4f93 39cd 1691 7cd3 72dc 6ed7 7052 6cfd 138d 1a73 6b8d 2956 6e14 1923 5189 7db8
0358 065e 322d 3e12 3821 13aa 0d3b 7d54 1d81 206e 6d4c 4315 11b0 4c13 58b6 29c1 7f50 55eb 3299 5e7f 19b4 1faf 1cd8 7e22 1d9e 7772 707f 350c 396e
0ca0 186e 3b52 667a 7577 6b37 4434 52ac 2c5c 7101 7b53 681b 6d86 76ee 2136 6e7e 4b9a 646e 4963 3a17 0898 3989 5d76 0946 72f1 4016 7812 7eac 7580
517d 68d9 72c9 721e 1503 02e2 2465 5802 36a9 2bfc 4c79 02bd 0065 2163 1e3f 474d 498b 202e 06db 7779 0576 47eb 1cc9 5872 7fef 57bf 25c9 48e4 3fce
395b 543d 3584 6ae1 06bc 5fbd 6b21 547e 6672 49c1 5214 72ce 4b92 2533 3f5d 7123 0926 5708 73e1 2d52 37a4 28cc 7525 3300 5961 75d1 4929 718e 15b2
3fe9 1c32 229d 1259 2f3e 38be 5bf2 3047 3f41 0c41 74fd 4bc3 2ef1 1db0 2e18 2a12 5141 69e3 12d6 1414 13e4 162b 6130 694d 0fd0 42b9 7c22 436e 0c2e
21bb 5039 3447 7c6d 191c 2f0a 0433 2df8 73bb 4a0c 7b0c 4490 0af4 0bfc 63b4 75cd 1c0c 05cf 550e 5d29 11a7 4c53 74b2 13d2 14ac 48ff 3b41 60fd 0b50
2b85 59d8 5f02 518c 435c 7e8c 18d1 3561 04f5 7e78 1166 2170 6d51 635c 55c4 3572 1432 2cd9 222b 30f2 0fa2 1d8c 6a71 6088 290c 57f8 13a1 42c5 478b
4659 6289 7603 0d2a 2352 5766 681b 2542 2664 4481 02d8 28ce 43ae 2408 1f76 6548 07cc 210c 40b9 7a5f 6768 774d 7185 63f6 3c21 7981 5062 6aa6 7dca
74da 7da9 481e 7e83 26d2 60f4 3c1f 57ab 6d87 0276 23b3 5e13 6796 40a5 441c 1f30 264b 0f22 338c 092f 4b52 50a5 6458 2e26 0aa0 54c3 4511 24d0 393b
494a 5c16 24ba 4f55 7301 37bb 0141 315f 61a9 22ab 2c84 1c4e 314b 3893 46e9 42fa 73f1 4338 5f92 0822 2646 175a 6d10 4c72 0c5c 59c8 1948 6b88 6de7
6161 09ea 2750 3d29 7392 06d6 3dfc 6b52 3c06 510a 14c6 4656 4c4e 6ffe 4ed3 44ab 4849 6d78 7306 4eee 2f2e 2bee 3b30 7011 7225 5c60 2cdd 7c97 6f55
76c1 288a 7c1f 6a7d 50cc 6347 1dae 0025 0ea0 038c 4f2b 2408 3ed4 4e8d 0db9 3a97 5325 553c 0df6 0aac 7f9c 50d0 68df 0bb0 319a 1460 074a 56f9 4b88
7c9b 5cb2 4c37 1744 3e84 7633 0771 6c13 276f 7b61 1a57 62c6 458d 44e8 0f85 5fb5 3e43 4a4d 7ed5 343e 6ecd 1be7 2fe7 5917 5dc3 1740 6190 7435 1a22
42be 6750 0b60 5a33 7b52 3a1b 7d35 33e9 23c1 72fc 446d 5f07 5a05 17ae 3796 3cd0 196d 4d61 3921 5809 0164 433e 635c 553d 169d 7b00 288e 7a50 126c
16b1 0247 10ac 1693 1466 0b37 495d 6d7c 0e7d 686b 0c5a 4a0b 6145 042b 04a0 6933 3d85 0cb0 1b53 5671 159e 5665 4f27 4fc6 6eb3 1090 3294 1855 2a3c
5767 7355 53ad 59e9 6915 7edd 6d72 5606 38a6 2e57 0df7 068a 1702 4e3c 7942 1687 7950 1cec 7149 1cae 2b6d 24fe 3ff8 0a97 2550 7492 65b8 710d 575e
731d 46a5 4bf0 4465 1079 3568 2be6 7f2d 1673 1a9f 70ce 4abe 34fd 742e 699b 13af 08ee 1ab7 23cb 69fd 7fa6 284d 6aef 4dcc 3f3d 486f 6cb6 15f3 6dc5
7dd0 4a91 1450 2192 1705 3100 52c0 1a5f 0acc 72ab 0ab8 7d0e 59a6 6778 2b2b 753b 338f 4eb5 7939 5405 7c09 0901 0ac5 36a5 0a8b 0abf 0d21 6751 33eb
06ea 41cd 2377 126d 6819 7d70 32b1 27de 79ff 0d55 6f2e 1d48 5909 0e10 328c 0c24 54c8 12f6 51bb 2c82 05a6 124f 1836 3e89 1c27 357c 1db9 472b 449a
49c1 2c02 7544 5b78 6e7b 6774 4e5e 03aa 65ec 157d 011d 73ee 3c6d 3654 6362 72b5 4c83 3352 2f34 6806 7064 35ab 291d 21ad 37a6 5693 79b6 4df5 0ac2
7312 574b 521a 02f6 73d1 1f24 523b 3086 3a9b 44c5 3865 380c 4bf2 26d5 4380 0ed1 3899 200b 0cd5 6231 51d0 6db9 0cd9 4e15 5851 2606 241c 7142 2df5
057d 24af 6910 2795 71da 3df8 21e7 7479 599d 0d84 52c2 00f0 1a87 1110 2947 3b4a 10c5 05b7 6f7d 7510 09b0 7d55 3b9d 3b66 52d7 35e3 79b3 4578 133e
1775 1a49 4799 0858 1cd1 15fb 04a3 041b 3068 4199 5ea2 7646 715c 13ca 21f2 7edf 20a5 275c 45a3 44ef 51b6 66fa 5c65 3a63 6377 1203 3619 06e1 016c
268c 29db 1c66 3e31 665e 536b 179c 2915 5d4a 26cd 51e8 30a8 628f 441c 5c89 2448 123f 3f3e 72f1 0833 2e7c 0b8a 257c 16cb 1a44 0778 6818 69ef 6fe6
77ff 6122 25fb 3893 1784 78a4 5240 78bf 3b57 59a2 1134 2821 67ba 0c70 425a 66cf 5b17 5e8b 26bb 2cda 3d12 51ff 3c47 43b2 58ac 7af2 7bef 4ee2 506c
3934 712f 7ea7 0c53 0ba8 5e79 096b 398a 3575 5025 6478 0e2f 0c35 0f56 4ebf 7fda 43c0 11f3 106d 663b 6e74 6a60 4f90 4379 5f6f 2935 4533 1f0e 2d5d
7dd2 65e5 7ab7 00cd 686b 4d59 32c3 71f4 7774 514c 602a 6a01 1708 08fe 4a39 3d68 7c3c 7597 618e 1296 4204 3aa0 1045 6b3c 2e89 7c18 6bac 352d 1723
283f 19a9 63f1 1853 7409 6043 1f30 20d6 4570 2fab 5b3f 3367 1236 4264 6e7d 0e38 0e7e 2a27 319b 22e3 7b4c 6483 38a1 156f 1518 0de4 10f7 4234 2cd9
2219 0e23 1d7c 3681 3785 0911 74e4 7d94 0379 7300 520d 1633 301a 4b70 6689 67e9 3cad 15b7 0274 2a66 51ee 264d 5040 064a 02e0 7ffb 7dcd 566b 1eae
144e 11cc 41ac 71d4 6dbb 6d11 1b3d 3fd9 5cad 7c96 26ac 34ab 6d38 53db 2f9f 22a0 00ee 044f 6def 5245 3fe7 1fc2 5ffb 78e3 3829 5e5e 263f 285c 3bd1
1df4 54cf 699d 7949 53db 0394 3ef6 0aa7 519e 4cdf 4b8b 151c 0fd6 0348 68ba 77b7 17aa 2a27 3e89 5533 3e56 1fdc 00d0 43e6 04d1 5337 1a72 51b5 2115
79fa 14c5 2e0c 2961 6af1 2c74 7d17 3e15 1efa 0720 1895 24e4 6f5c 4af6 71a5 7e50 4504 7732 3446 58a9 19dc 1d9c 2c17 3477 7d6d 17bb 1ee9 23eb 65fc
69c1 023e 46f2 6a26 4864 2805 0cb6 301b 4757 481f 749f 1892 04be 32c1 7e11 6af8 7288 465e 7cce 3f47 2690 7e57 3d07 7a7c 379a 7513 7f06 040c 3f38
0b0b 272e 2e1e 75a8 570a 7d70 0d5a 0ec0 3ef6 66c6 3c39 7a79 61d3 3e3b 1f95 4999 4716 1562 4d9b 69ef 25d1 0efb 73a8 004d 3771 2714 2286 22c8 2982
2a7f 37fa 29de 14e3 7775 097d 36f9 48d3 3eef 39a2 0171 3fe3 5c84 4c5c 3994 126d 7503 2be5 0316 2f15 2f2a 404b 6ae3 6260 3381 3bc1 7ef7 6d35 495f
7798 71c8 254c 521c 1111 622c 7b48 2af7 5fcc 3e09 2eb4 1034 3f40 4e88 5436 7dd1 2819 3bf8 7cfa 3f14 6274 7dde 5afe 6734 2888 789a 65bd 559b 7dd3
420a 1761 1bc0 3098 0d7d 43c6 450d 682e 2bcb 4a49 3699 1f86 05c0 08ec 5a84 411b 0655 5be3 795c 3049 1a28 2cea 7403 59ef 0756 04b9 3a08 525f 6ef2
2088 7cb0 414f 261e 6208 2d02 6447 4923 6c82 0447 4bd1 67de 6444 094a 6468 742b 5cc5 6025 265f 29c5 066e 3fc6 5c28 38ba 3197 008d 1420 5c3a 3d37
190d 2e58 6cff 4c5e 1a65 7de1 7c12 6891 0560 63c7 62d9 40c0 6aa8 6fcd 6b12 7cdf 1719 5977 4325 27c1 6631 4703 1f08 6ddb 4658 3709 35f9 3331 58a0
13f8 4ec5 769a 39ae 3fcf 61f8 10c9 2e4c 6ecb 7123 0410 0501 5dc6 4fc4 4f2e 22f0 2bf3 52b7 7679 595e 27c3 1c42 0301 316e 2651 48f2 5956 689b 5e02
6799 6016 1b82 1e95 7cba 28c2 5fde 3b88 2e77 3b47 6e3a 61a4 36cb 3a2e 215a 1e76 16b2 1ff1 76fd 38fa 6ad5 16a0 0df7 7c28 0c92 7c2d 3844 43e9 77c2
5f7d 5862 56c8 5414 023c 6888 654c 403b 6a77 78ad 74fe 645e 54c7 4fc2 033f 42f4 3876 668d 04d1 3cd7 0ee8 7bda 204e 750c 4fd7 0499 0d30 383e 3e68
35d7 39bb 391b 235a 6bf4 1f52 6568 0b85 618c 34ea 159a 0032 4ead 3188 0742 616e 0117 6b14 1016 40df 3b38 5fdf 505b 19a2 2695 1511 17a1 535c 6f2e
5f44 5359 71e9 6784 73c7 65de 5126 1237 410a 7fe1 330c 2438 53ab 235d 4f59 6d7f 6958 7b47 7c00 1d91 00e7 02ae 0125 27a0 4a0c 44bf 1506 279c 655a
2991 4746 7493 3e59 6c14 5cce 285f 05bb 4a0c 6eae 54a5 4318 244c 0bea 1850 1aab 4c59 650b 139f 24dd 30ba 4688 73ab 66b7 6c37 3fa6 3d79 3cf2 1f6e
14c5 7f97 1928 1517 0252 431d 62c1 473d 4535 1a28 3251 7eac 456b 29bb 15fa 6459 5f90 75e0 3111 70e8 7569 2c58 7438 5b95 067d 40a9 3d55 5833 5aaa
4f0d 3337 4916 5849 034b 28c5 4820 7b93 2624 54e1 4dea 468b 040a 58d8 3ec2 0553 2e90 7dd8 068c 44e3 2031 38b5 1ed9 40cb 4837 72f4 1dd0 41d3 7187
48f8 5bdd 3fd2 6470 0b71 10d1 761e 5149 16e7 7644 0a91 71f5 7b15 12ff 268b 7826 506f 01b9 4a8d 2fe9 025b 496d 7b43 26e4 1b67 7a14 19fd 023e 4cc3
3133 5ed9 67b8 0494 0f30 3651 32e6 5268 7498 67ea 0131 5b34 19ac 356e 49eb 0cd9 2b99 256a 7dde 5725 5c2b 0564 04ec 1716 20ea 2eca 6810 4897 31d9
7474 75a1 7fbe 69df 1ae5 369b 2c3f 6479 4967 3d41 401d 462c 156a 2010 4d84 7c3b 307f 0420 6bdb 44a3 53fd 0645 1858 0915 26be 6222 64a8 5a48 1733
231d 2da4 6dcd 3768 3654 5877 50ac 0abb 3eb5 6799 399e 523b 18e6 721a 3525 3c75 1dc9 618e 23e7 415f 7374 4521 2a4f 625d 596b 5163 6144 251c 4953
0d37 0ebf 193d 7ec5 5179 78b9 2e28 6ce8 01ce 6aa4 4113 6e12 033b 5965 7b10 1018 554f 653d 110e 7351 3fce 04bc 75ef 1ae2 5114 57e4 01ac 1612 79bc
576e 3446 128c 036c 5d45 0bb6 1592 2558 05ba 7a66 64eb 51ef 6190 5117 41fa 65fd 135a 3d68 59af 71b0 160f 70b7 2b22 1f51 3cd4 7751 1c11 375c 1b1e
4d61 3f8f 326a 6fc1 2b21 514f 6dad 4c61 53c3 2475 2c85 18db 2edc 5ea0 2476 5207 3a2d 37b3 4e9d 63e8 13a8 68a0 7f24 5922 0045 27b3 5de6 57ba 5ec7
7248 6a37 0c83 0154 121f 25a1 5f75 6d83 3389 53ec 2b39 5764 28cf 74b4 3806 4ff3 260f 4cf0 4999 0a73 4f47 6c57 38e2 0452 0090 4231 11be 33b5 4b59
4c4d 3516 3af9 4a17 7ecd 20f0 09e9 0403 099b 03c7 2764 5306 2a54 4555 60c3 5296 5e1c 6511 47ff 30a5 665a 3fd4 0b46 6d6b 28bd 44aa 7c2f 7e18 5cfe
53c4 1242 5801 1226 06db 5c03 6772 2183 46d7 21e0 7bc1 4cd8 2e94 76f2 08aa 0997 45b8 29ac 43e9 3f43 32ea 0cb2 172a 40c3 2039 050e 4bee 733f 500b
3c98 7a60 4990 230f 5896 5c46 4a52 5918 7b5e 087b 7a49 5a83 07a2 65e0 587e 1000 766f 68f3 734c 0a91 0f67 56a3 11b1 78c6 2cca 7781 5651 5ab0 3163
4dc2 45da 09fa 57df 2791 05f4 7529 688f 6779 2c72 01fd 1e45 3f9c 5485 3a2a 4f73 3965 7225 0ae1 63db 0645 4105 5177 5edd 0307 48e4 06a7 1b23 486d
09b9 5de2 0277 0237 0683 5693 5067 1b69 4eb4 2de1 652f 1c6d 651b 7a1a 2b19 159c 6f0e 5682 78e6 2a83 0d0f 617f 0d91 5227 4663 4d18 4c46 50ee 79ef
3db1 3741 7337 1b95 1365 040e 6371 449f 04e8 29ed 6041 1dea 12a5 5d9b 6605 7343 4f33 48ad 5b51 00ff 1abf 7429 7d33 55df 0a35 46bf 61c0 2fb0 3c7d
7ef4 2b0a 1ba1 0a29 237b 466a 697d 6381 1bd3 1214 67b5 480f 3e6f 7cc8 52cc 2740 4573 6ba1 0a83 262f 10ea 51b1 38be 253f 24f7 31a0 03fe 14f8 53b8
3892 3521 600f 340d 0c10 2c0a 34fd 4758 1dad 6b3b 2e9d 7a28 0c86 24d8 6b00 6e0d 34f7 5755 4f85 509d 222b 3095 4d9c 7d3e 43f6 6230 107e 60a6 084d
1b8e 1c90 5fc8 4e29 671c 17ce 621d 25f7 1168 45fa 118a 5519 5477 44e9 7f91 010b 2077 2a1d 5c8a 4eef 6761 7d38 3601 50fe 6598 0a2a 54bd 4bbb 2c68
69e9 56e8 3dce 2f91 1a67 56bf 70ed 291d 6720 46a4 630d 1a56 1344 3b8e 3103 2689 5d11 3cb6 5b39 2c62 52e6 4a7b 4739 1c6e 102b 245b 12ae 045c 15c1
7090 3cb6 6211 5ece 7900 4c01 5520 3d7b 08fe 0cb0 42e4 0713 4d2d 0d2a 1a7a 4e50 08a1 09ac 40fd 683d 3906 302e 657f 5ce4 7077 6fdb 18a5 33b8 69f0
79e3 54bb 4c27 3fd0 51cf 28be 2284 4cea 702b 05c5 7022 50b7 3ecd 2527 093b 453e 0077 7fd5 1af6 0bf9 1efb 083e 2f41 5b03 467e 2f1c 1503 4314 0f4f
1482 0271 2a79 141f 4b7f 1e1f 6dfc 552b 25a1 6f3c 45b9 45d6 0996 6ca9 2579 2454 266e 032b 4c81 7b4c 0d38 07b2 7a1a 5a2f 18a7 5e5e 642e 2478 388c
038a 132e 7dac 47a0 5b04 0f9e 566b 0bd3 05f8 77be 2630 4a88 4614 17c7 563d 35f9 0a13 6e19 2da8 6af0 3db0 2a02 07bb 7437 3c0a 2bab 0dd2 43f0 70ff
6538 3ff3 1992 29e0 0d87 31a5 2e41 0e29 5e88 551c 3c49 422d 6b3c 7369 4451 5211 2cb6 1829 40b4 4c40 386a 6d60 64b6 22c3 2b78 577d 76c1 54cb 7693
57d0 2a29 4751 68d2 3903 08b1 4ca3 5056 42ba 6fd1 2737 04aa 2b17 7faa 0ce7 5ba9 422a 0942 1e38 4a78 5f37 1fa3 2303 52b6 7a10 581c 2bb8 6a97 2015
43fb 5405 08ff 502b 1716 4e56 6104 6b24 6f00 2724 4704 1101 2b79 6408 49ca 786a 5ef8 0e8a 1659 1c1c 4c8d 566a 7fc1 3792 0eac 3ebc 177e 69ab 7a48
38b7 6f57 554f 48fc 129b 1792 6cb1 4e55 7915 6f9e 0078 5320 0fa7 1dd7 2783 274a 06c5 36fe 6bc7 23da 40c9 58c1 687e 0c3f 0d3f 359a 719f 2535 6fec
1a17 067d 0b81 2725 68c8 0370 6cda 1c7f 2ecc 5869 3480 5ec6 726f 1399 035f 23ba 2bd9 2525 38f2 7084 7c11 4828 26c5 1633 2a70 30cc 0d55 2ad5 7283
1fbc 0909 1904 6e87 1f8f 5bbe 1982 7669 247e 7317 5c1f 5327 1a10 6a25 0316 0cd0 4314 0016 028c 6b57 23cf 66a7 65b8 3614 2677 7451 2a77 4ec0 7546
1721 74ad 22e8 64ba 418b 6910 11db 3b2b 254b 564e 23ee 2ae8 398a 0918 6d9b 70f5 126c 36ab 7ba6 7d43 17bb 6590 4b4d 7ffb 64b1 1288 5b9b 5de1 74df
66bd 1012 1ae1 241e 3471 684f 2eab 2c6d 3530 05b5 7d6a 6454 53ff 2142 4207 070f 0555 198b 26d7 76c5 51f7 7ba1 6dcf 17a6 6a47 1d76 62a7 2d1f 32bb
554a 1eef 14ce 1ed3 4196 6ace 4b40 4209 256e 7e3a 7583 2a9f 14e2 1f64 02ba 63ae 7a81 345c 56fa 30cf 6457 4412 3085 0e55 2400 551c 3597 38ab 2f50
68f7 4943 2e14 6f55 5924 6579 0430 53fb 45e9 02f7 2098 15e1 3621 44cd 4f93 0e17 372d 44a4 146a 6fba 770c 7825 7caf 7c5c 57a3 56df 47d8 74f7 07fe
289f 1e02 76ce 4dc0 0a60 464d 5f2b 1026 729e 27a4 7269 792b 2977 2f04 2a3d 65ef 36c5 0e0f 1d24 62b9 2b0c 08ba 7a91 3e70 611e 5c8a 3f20 2127 0972
4b95 2eb8 70e1 53a9 1b2c 374c 39d2 6891 1c6b 6822 26a6 2464 59c1 6462 44c8 5255 77a0 1cf5 533a 0f8d 6f64 4bdc 27c3 0745 1075 13bd 2f0a 4494 783e
1e8b 5f81 124c 0a76 7fb7 29b2 2942 5079 7bd8 4bb6 7e70 5b9c 5e38 0a92 12b5 1be4 784d 1acb 4d15 2965 0b40 1f29 0c9e 7e1a 1aec 0fd1 224d 7e1d 5ade
0127 09cd 6dde 624e 1028 3d18 5a90 30e0 52fa 3836 4269 0ee2 0aaa 74f8 33a3 6d97 2534 40a3 1330 3a94 1098 7865 70cf 713f 7345 12c6 4d27 655f 6aaa
3b43 3220 3848 0c17 20ea 1b56 2a06 4d65 429b 7025 309c 60cc 4bfc 2fa1 2b34 68b1 19b9 64ac 7484 70d3 5684 7e33 69c7 7953 28c8 7221 6a29 48ec 1ea2
2e76 5a72 64c4 4de0 4a06 3865 616d 56ae 0b93 2043 5886 39c6 1a07 079d 1bfd 56a8 2911 7af2 0ccc 77af 037d 4b91 7faf 429e 2cee 58a6 4281 275a 7af9
57cf 504b 0f52 6db5 3e23 4fcf 0268 1448 4eec 022a 5b0e 2907 6995 4c95 0463 5dc6 1464 5c98 704c 7ddd 345a 7b41 6457 4f4f 6b0c 733a 2ebb 3786 794c
5017 4f3c 5a9b 7f17 4623 410b 1c12 3a1d 31b2 185d 21e3 2c70 177e 226c 632f 735c 4961 2943 7515 2f96 4b03 5e2a 016f 6a49 7140 3b6f 2d20 0a3f 173a
5717 6710 6bda 5b14 77ef 2e40 37cd 59f7 644f 7916 26cf 6ac6 2a82 3474 3fb9 1bd5 4de9 17a0 0565 34fe 1a2f 2982 0a06 4126 12f7 0073 1d51 7cee 4624
398d 7966 1fc7 0a83 56e4 7c7d 496a 1fe3 6a42 63de 3dcb 6d17 229b 4496 445b 19ab 1a49 3a6c 1d95 16c1 706a 1881 0b6b 0fe0 5097 105a 7533 526a 6c05
3717 693e 59ad 5f2f 41dc 4e97 6b3d 2bb6 335d 7624 2054 560f 2092 7fb7 3aad 45bf 19aa 7749 7235 4d79 0077 1ac2 3e51 7982 7f02 3707 31ef 1142 588a
2a9d 6c1b 14b6 5815 582b 5690 4cad 2f65 7a2e 44c8 7f94 2ea6 300a 14fb 7f40 3145 6c12 3c4b 68bf 241f 33cd 773e 6df4 172e 045b 7930 6504 55aa 7db8
281d 1468 3d12 1b3b 1809 015b 36d9 3958 1fe7 0d11 41a3 003b 483b 6166 42e9 7095 5227 543e 0a97 0a21 5c6c 1148 29cc 1832 5f0f 5507 3827 5e79 48d0
19bc 6f86 72c0 34e2 5c10 7187 6837 5a25 64c1 0af1 2c5b 1a28 0f05 5704 6e85 5e98 113e 3edc 1b5c 7a8f 23ea 2966 2595 1f1e 1fc4 6b0f 341d 3770 3e85
28c3 32ac 042a 58ee 5c99 76bd 5f49 2ee7 41eb 1586 0b8b 4f35 59bd 14d2 4a6f 4e05 7d3c 3f0d 1f3e 25b0 5464 2bf3 5dde 7590 2513 5db5 59a1 4f21 41e7
3ebf 6177 62f1 7858 502a 0df4 5296 6850 7958 7156 3b3a 13d0 7fdb 0d51 6c2a 3ad5 34b6 4718 1cb8 0d68 1877 1985 7360 67bf 4d6a 1c1e 3bef 3dab 28ab
53cf 6025 73a5 57ae 1d5a 14fb 44d3 7ea9 092d 744f 4f81 6e3d 02be 2461 7fd5 4912 7d59 3ebf 3731 315f 2572 1926 31fd 58fe 7d25 6594 00c2 3939 1706
447f 06cb 378b 3385 1c50 664c 54d1 23f6 1a3a 7eeb 13a7 546e 0849 5780 53c5 140b 461d 3b02 238c 4ab4 0882 4064 43a6 3ad2 7746 5e70 52dc 4540 66a9
6efb 4647 04ff 1ab1 4fae 495f 4a11 70df 6cf0 2520 72f8 27ca 3936 740f 661e 7fdc 0d3e 24ed 069c 2758 47a3 169b 45c1 5e15 3db0 0424 0669 38e6 0f79
560d 744b 4d0c 15d4 0f0d 029f 1fc1 696b 3658 0ffe 54d0 0bc0 4c95 4cab 7b0a 5ea2 4ef2 44a5 7d98 4603 1908 273d 190f 1962 39bb 243b 5157 47f7 0712
1e42 0e8d 5aa8 4a54 59ce 56cb 75d2 6704 21bf 5b88 4ec1 3f3c 1226 06e5 114b 6190 57ce 7b77 12af 3da8 7c3b 50f0 604f 2936 17ca 7afa 3e0c 1f04 53f7
4f00 54ef 1de2 031c 2d3a 42e7 0b75 2e10 51a3 215c 67cf 39d4 6b19 314f 530e 6654 401b 03d7 62d3 07b4 5b04 3197 61f5 303e 178d 7285 7a3d 0974 2fc7
0dc0 6166 2552 345f 28a5 517e 6aa4 1d89 44e6 3e23 4b88 7c6e 2c77 4476 63ef 7e59 7721 0c1f 30a0 383a 2b9d 173f 34ac 2a52 7e03 5111 5cae 1c61 30cc
7a48 1a99 23bc 25ad 51a2 07ab 52b0 13cb 3c1a 0e81 712e 070e 5af8 4f89 4b11 5fe6 7d65 1527 388d 7837 5f33 7247 353b 4e8f 7c6a 05c6 7c4f 350d 6254
169a 6770 1a83 0baa 77ee 6944 4af3 258c 7e5e 61bb 3c00 1c9e 0056 1efc 511a 27ea 3bfb 735d 76d2 0429 409d 6811 702e 4510 6409 5f32 066f 544a 5c4c
7341 7c5d 2303 00db 333a 5f46 532a 1b1e 65c3 6103 5ad2 0d58 66bd 66dc 6dc4 580d 0c3e 274d 22d2 0dee 2d22 09a0 000b 3cf4 77cb 03be 68da 3e65 4fbd
694e 6939 78eb 0cef 3eb9 0d89 4134 042c 064c 783b 3d86 19fd 4d61 4002 2ce4 5ef4 1212 49b2 68be 22a0 015c 2b00 4827 02ca 451a 3bd8 094d 24fc 0b10
393d 2b3c 7ab6 7e8d 7708 7979 4126 5294 4cc4 3105 4f08 5f25 38d0 09eb 0aeb 0066 5897 7ec6 5aa1 67b6 2a7d 3a99 5778 723e 3394 7e24 6420 64f4 62a1
594b 2344 7b20 113d 1f41 4161 0f3a 69ce 6563 0be3 4e2b 12ff 56c8 1088 19e7 3285 08be 2277 7916 105f 6914 3816 01b0 4b5d 3482 198d 19b2 47f4 04f9
742a 22be 5db8 102b 4e24 5612 0cc2 1df3 5b7b 66a9 0d16 2b6c 6c84 683e 466e 1e02 487a 713a 7b62 43dc 04d6 4971 27d2 64fd 0210 393a 0b82 53d8 5cf6
69d7 2f4e 71d7 572a 2784 369c 2e04 1183 3b7d 740a 723e 6b24 289b 2b0d 0e87 1ee8 76a0 21c1 0c49 67d9 51f5 5f23 0e4f 3a06 1c6e 3fc8 3903 24cb 5711
345d 1d23 058c 74d7 398f 06df 0f6c 7cbb 3675 3d7f 140e 218a 5817 6e19 77e2 5a70 0dd0 0d5e 100f 085c 70ff 1a3d 170d 28b6 22ec 31d6 26c2 4c30 2cf3
43c1 66a4 616e 538f 7455 6d89 0f99 3ef8 04fa 0083 4e58 317d 37e8 3ccf 2a91 0e6c 10da 4834 42fe 1684 581f 438e 762b 37ae 44c7 00b4 7a61 2a2a 13d0
6496 023e 7ba9 222b 561b 019b 4a0a 5aff 4871 47c0 11c5 0013 6023 0daa 52d4 2368 62c3 4fb5 7802 485a 7cc1 5ac9 5216 214e 7ab0 0b18 278b 09e2 1ce7
45ca 0748 03f6 6300 5848 6f24 43cf 7bed 1592 4e20 2d06 06dd 1146 690c 7885 7615 64aa 6267 2c7f 02cd 3987 451c 0a83 1198 55cd 0c3f 4e2d 41bb 44af
3179 54d5 4962 7c13 32e3 7755 3e1e 532b 5fc5 2418 2856 7e26 2f6c 03a0 757a 585c 0da0 699d 0057 27fa 155d 406f 5cef 0d10 0163 104c 56fa 7b20 19fe
7fb2 4766 52b6 783d 13c6 4d74 2db5 6c9c 1e15 3740 31f3 2515 49f4 1cdb 53f8 19d4 3d95 42ce 6da9 78ae 6cf7 1129 7992 1119 4cd8 5e1e 2f76 6776 70c5
0702 0cea 722e 491d 3ef6 288d 5051 69f7 7c69 0b1b 7d67 77d1 10c6 351a 5ada 393e 3300 0b11 3db8 3190 5585 1469 2e30 1ced 4e9c 4ec6 092c 0982 7f35
3599 4890 79bd 5ade 4614 3db6 514e 5c67 2c5e 46bd 5e14 16ae 25c3 3add 0f00 0ad9 40d2 7c4f 7f34 7ca6 6ece 621c 690b 0571 3e52 1cfa 63f1 10eb 5218
1851 243b 053e 1950 5343 7476 2acf 10bb 4624 0291 6aee 4235 0530 641f 23ed 4544 4ca7 6a9a 07e6 2ee5 5de7 7500 4c90 59c2 615e 4356 2b02 5a28 0d1a
63d7 4943 63eb 790e 152a 14da 1188 11fe 5239 4229 611c 626d 0ed4 5d1a 3482 2c93 50cc 7075 34f0 16b4 741d 0aaf 129c 2662 4de2 54f0 2344 672b 29c7
1ca1 41db 445c 3e19 56bc 03e6 3c4d 5923 6449 479f 6be0 0d6e 1270 2b12 7448 013d 2b55 0d2f 22ec 0cfe 39cd 513e 46fb 78c8 352f 6803 7af0 50cb 6196
412e 52ff 108b 0eed 22de 4867 1884 06fa 7899 29c4 0378 4ff2 496a 18f3 0afe 761b 7956 51b6 43ae 3687 4745 4630 3090 19ee 5bc2 6442 078b 3703 66a6
0128 0cc1 4869 05d7 11a0 490c 7db7 6044 2c40 1de4 5c5e 0d68 150a 1005 30cf 4f78 425e 54ea 2ab2 042a 2b09 3ec0 1b07 2276 2935 37bc 04bf 1db6 521d
2a4f 094f 3df1 0c29 3a8f 4c21 735a 2f02 7550 3a76 7fb1 6f14 0e21 568f 4290 7082 2838 20c8 034e 229e 47d1 0e33 3ca0 4e7a 66f0 7bc5 7ca9 305f 19fb
35db 22bb 072e 014f 4d88 7e34 595a 5c5f 1fe3 34f3 0ab4 0965 10a0 5b3d 187b 32bf 6fe2 3560 3bfc 4d88 6fb5 59e7 5805 58b6 07d4 47c1 5956 21a5 2368
1ba2 6346 5d08 6815 7e5d 3b1f 12f6 5bd9 6a0c 74dd 57fc 74ab 356a 79ff 08a9 6d4f 15dd 5de2 36e3 72f9 320f 578d 0438 1a84 4591 2aff 4bdc 3a7b 4ea4
0a67 1679 69f1 41e9 1e67 3c1d 709c 0837 36c6 6705 4a32 7ffb 767f 1c3e 4c35 4bea 5d3b 59cb 13a6 11ee 267a 6c53 581c 4c58 4806 7d56 3429 7df4 36a7
16b6 3fb3 2110 54a8 08fc 4ecf 4873 63fa 580f 475c 2e9a 5fbd 3485 24b5 2be4 1e20 63ad 189b 3d27 7c64 3b2f 1ca5 4c8b 5f9f 799e 0efc 15db 362c 0f0f
5308 7b20 0e51 3e94 542d 0990 229c 1d9d 2ac7 6c35 75be 2e7d 0ed9 59a7 534d 6561 139f 1284 52f4 1f95 0c2f 7817 15f9 5820 30e5 2153 64b9 0882 0c00
2016 15c8 6393 4d69 701c 3e66 7a20 7820 3cf6 08df 104e 7218 29e3 3e49 56a8 5d66 4c38 47ad 6d7b 232a 67ff 483a 5b1f 1919 3ed3 2037 0436 392c 69c9
0a69 2977 57c2 369a 6d41 650a 4e5a 0b66 75a5 3e22 6901 117e 6856 2ced 61a8 0e6a 23d6 2e51 55c0 64c6 638c 7d99 6882 55a9 2601 789b 0afb 0988 44ac
0ce3 4d4b 3466 32c6 5077 5d87 3747 23aa 771f 1277 338c 132c 0335 2899 7c5f 10b5 002b 7953 4d16 0698 73f4 77af 7086 6baa 4249 7eee 3ff9 472d 4f22
4182 01df 12fb 0c8d 54d4 099a 633a 1a4b 7170 676d 497e 63c3 54ee 08e5 6000 7ae3 5967 0d20 65fe 7f1b 30bf 7320 539e 1026 3488 1421 2e94 5785 34ad
5e97 32a6 775f 5104 16e0 359a 7d03 3272 3bd2 1e63 05a3 7424 2996 1dc8 44c4 5601 0911 2d97 04a8 61e9 29cd 254f 1d0d 28b2 0381 2de2 2429 66cf 22e0
1f08 7e91 3cce 7b87 07ec 4ede 313b 156c 08ca 7dab 5471 63f9 07fb 08a1 5b23 7b35 3778 7471 5b08 498f 718e 25ca 4c23 7f0c 7f62 5262 5d98 58ad 7fe4
4ba6 3b83 125b 1f8f 592d 1f83 4748 373b 66e1 7455 3c98 602f 6a8c 24bf 2c7b 777d 664b 286e 476d 0a90 455d 032b 2a65 7196 18d8 7652 48bf 3682 5623
1ed9 20d3 6206 3210 238d 05b8 36fc 5120 65ff 3a27 2da5 5c4f 6d96 1b9a 19db 3a5e 624e 0f13 5dce 161b 5cf3 2947 602b 425e 7a39 41d0 4ece 4710 403d
2511 6d86 5537 4736 6c47 6caa 03a8 52f4 2959 2b6f 3acd 1d47 0144 0d84 188c 5426 1649 2868 125d 341b 7d3a 0d88 4e6e 592b 1ae8 2095 49a6 2f26 57af
77ca 5b80 4bb3 6ee7 70e2 25ca 57af 2274 447e 678b 51bd 7f98 0a89 1043 2929 22a4 5816 1e2b 1303 62e6 3faa 23db 6574 5b2c 706a 1532 2b73 2e6a 1e92
0f8a 6c2b 76cc 1785 356e 0fb2 3fe9 3444 47f0 1abd 792c 7f25 2613 34fa 168d 5656 6fb5 0286 7316 4591 4d14 306f 5b4a 0fa0 50bc 29a6 3861 1127 6644
647c 65fb 1d32 4f66 40f5 3634 1cb2 57ea 6c72 5e32 687b 719b 4ad5 3586 0079 0c0d 5b58 37e0 3ebf 357c 49b4 1396 49ae 0575 0506 7a4b 60d4 2ff2 46fe
4a75 40c0 5f2e 5e0f 3d87 5e7a 04bc 3782 0c7b 4b39 2f9d 0883 1528 41af 3963 735a 17b4 2b38 0d96 36c5 374c 33ad 4385 579d 7cce 2c8b 6db8 4c7b 3a92
70cd 49d3 0a38 36eb 5083 1eef 584c 120b 32d6 095b 5c78 672d 5c46 15d0 70b6 3627 1c83 07e0 0a11 5f67 7eb0 76b7 4aab 270a 74d8 1dae 06d2 7466 5152
1439 13f2 0d11 387d 6743 1c46 0f50 1e39 6f76 5258 21df 18f6 408e 485c 672f 74a4 10d3 1335 45af 6a61 0a24 50a4 02c8 2977 5f38 4041 3a03 30db 468a
2751 1132 3b29 613d 7a46 0370 1d92 3a57 51c0 4fc2 3b5d 5839 56ab 4db2 0f1e 4d9e 3aa3 73ab 5627 1c6e 642d 7437 52e7 5f0c 2fa7 42cb 0dbc 4065 10f6
1ff9 0f0e 701d 13ec 034c 71d2 5308 3e61 7390 5ba5 53f6 6629 53f8 5d01 3bb8 0d18 0062 4de7 3e9d 0c49 213e 1979 6c0b 0f43 7241 0e09 2c0b 630f 070b
5f4e 33a6 12b3 2644 7090 2d5f 0b46 0551 77ee 1c48 4c12 1ae1 7307 43ea 4862 0ecc 6ead 0919 74bd 6c4d 5b96 0b39 5894 2eb6 72cc 6d50 7e86 1639 3f3b
6b4d 2f00 1a1a 348a 393a 59ea 3f5d 00a3 3396 70a2 2cf3 1ba9 6413 5bcc 2ca3 4754 1405 462a 4145 692f 3adf 15c4 28b7 6e90 0f40 722d 4c22 1b91 405b
5e14 0a61 6f7e 7c6b 3230 3846 2b54 31ad 2975 28a5 0181 2eba 64c9 4545 17df 27a3 7949 48c7 4bf9 47f0 1198 26ae 1fdc 4916 7c78 006f 590b 15f7 6c1e
675d 2d30 2e67 21f2 216d 58fe 4750 5c9f 00a9 2763 3cc1 018b 30a0 6c00 3adf 71b8 4089 25e1 7497 5e83 7aa3 4104 41ba 2dbd 6743 3f39 4355 22ec 2414
5910 0022 43d6 0ca2 60c0 5075 68fc 4327 3904 47e0 768f 76b6 4330 7750 356e 2791 4af2 2dbb 6550 190e 2df5 016f 029a 101f 2ed5 4ccb 3968 6b32 528d
4c40 4ab7 22ee 3477 7fa6 34a1 3b84 4f79 0264 4e33 5420 5fd6 2015 25fe 20d0 07f8 53e8 75b5 38ca 5192 6265 63f2 277a 1110 194a 6cc5 2407 5eea 40f7
13fb 2c25 2076 7151 72e6 08ba 3bf5 7deb 2220 00b0 1eec 103d 5ad0 32b4 3749 1742 5e08 383e 6cc8 3293 19b6 394a 6b2f 1b80 6b9e 23f9 40a5 1051 6068
64c4 5633 28b4 29d7 4930 719d 16a8 7985 4547 741d 2024 0ff6 248e 6fbc 6c89 1bf7 6a40 4a07 6be3 6d76 7c74 3534 5086 3763 1ab6 58b7 28c9 14eb 7696
4125 0de8 181c 2710 6b62 3c90 6b15 7d55 1717 05a9 72e0 59b1 77d1 26ad 24df 590a 0fe0 109d 4c56 2229 71c7 3541 74f9 51ba 1022 26ee 55ba 6c05 41f3
693a 3a3d 49d1 2f8f 2dd1 46e6 21ca 15cb 7e36 579b 7ea3 2139 6e5c 7b65 7045 0fce 20a6 4166 3744 06f3 492c 2a00 12f7 48bd 101e 3564 1453 411e 3708
6f3e 1efe 5715 14df 612f 2f4c 503c 062c 00e4 3465 3a22 704c 29af 4d40 4fae 4f41 1dd8 23d4 7ca9 1831 2e78 5a90 11bb 6caa 4383 063b 64cd 2ce6 6ae7
668c 3f62 17ad 112a 6e1e 2d61 68da 504b 71b9 5d2a 2e9c 7b9a 4457 14d1 6e72 0a67 3da7 65dc 15e8 7c13 1cfb 5c03 4854 545e 3702 5640 4fc3 54a0 47b6
4aeb 72fd 4762 68ba 465d 6a63 101b 37ef 05b6 732d 48c8 10b6 41b9 2452 7f0c 3bba 6fba 2b90 44fd 1045 493e 2916 6057 05aa 325b 42cd 47a9 2a5f 25a8
6a75 4d1f 5a34 1486 0161 5e69 686d 6757 0279 72ec 241e 095a 3f08 5e99 34c6 6a40 18a7 07a4 5182 0fc6 7939 10fd 7baf 7eba 4527 2e00 4afe 4f8f 06aa
243a 76d9 4af1 38a7 4c9e 59ae 7b2f 7117 0037 1e23 2a88 0237 5d09 1e2d 77ab 4434 2e4d 3883 3b71 0a99 02a0 7408 7485 5e95 02c8 137a 516b 7c15 4944
3fa5 026e 66ae 66ca 31f4 6f61 6df4 3944 64ec 72e4 737d 0166 72d9 784c 5a0a 5fe3 1cd7 0dac 12fe 3c60 1d31 5beb 4144 1296 7d4c 00b2 09e0 5252 45a4
261c 515d 510c 0347 4ada 55f9 48c1 7a93 1e39 3f89 1883 6b62 13a0 2155 55db 0166 5e72 6f2a 0cc7 2c36 4d2f 578d 50fe 35a1 7638 6fcd 48c2 01be 0a75
6245 7bbc 0b49 3117 6ee3 0d1a 3e3f 1ae9 66d6 73a5 759b 11ad 0ccd 1e05 40fc 347c 4605 4e81 58c8 198f 1433 1242 3d41 47eb 34db 79cd 2dc7 7aed 11af
4a8c 4f0d 6f21 3845 12fd 7dd5 7482 1161 414b 3121 428a 24c8 7e92 50d7 5393 0168 40b2 4af4 1167 17bb 48c2 39bb 1ef6 46a8 232c 5e5d 6cdb 4c78 47be
31cc 1839 774a 6af2 2957 3773 3dcc 62d5 5eaa 5b9e 49bf 1ceb 22bb 3b54 7217 3161 7f69 17c2 3fdf 1fbc 37d8 7366 6065 6d70 170e 008b 7111 5a17 35ce
4a04 2499 1f35 1984 0bda 7ea8 4fab 545d 2bd8 4ea1 4280 6616 28b5 0a8e 3f61 4dca 567e 65c1 23ef 4db7 1c45 3ba7 2445 5e09 3c0c 0ddf 5523 779c 6afe
012c 09f3 43c4 6858 6c3c 784c 59b2 6a0c 63bd 07eb 05fd 7127 1d22 1f79 4c42 4084 0b92 6a23 033e 2652 1fb2 1bec 73de 1e38 1d3b 4cca 11c7 4961 49aa
6b98 1883 4a4c 3eb5 589a 2392 3925 4225 5441 2196 6936 6340 107b 6331 1f42 212b 5c54 0c82 0d23 4a59 451e 4c35 226f 271a 5431 00dc 110c 18af 43b0
2ed3 73d7 458d 65d6 4951 75f5 7b21 729c 020a 4dea 0287 1a67 319e 0477 4d0b 0f0c 41f8 5fd6 39e5 4e3e 5633 0d1a 6a10 0d06 5781 50fe 7f09 19f7 63b0
7d0d 6eb5 4e5f 0867 5478 568e 0b89 46d6 4925 00f8 26e9 04e8 3247 219e 394e 3b66 4f60 6a50 222f 64ad 600b 72ed 381e 6121 18c1 2d1f 2a73 2627 3aa7
5875 27b6 35e6 6297 00d8 6a5f 2782 60f0 09ba 2058 4434 5457 0acd 5bf5 394b 4436 7ca9 0f0e 404a 3203 4493 43e1 2320 0a9e 4285 4ee6 4bc6 6355 44bc
011a 4813 10c3 76a5 7561 3711 5d81 4fb1 76c5 2d22 0b5b 46f2 4b7a 076d 3e49 3027 2d80 4e19 0671 3992 336c 4dea 158b 39a8 1e78 70ea 254e 329c 7c1c
73be 45fe 4338 3175 2cba 5e99 0505 75a5 4f98 7b5b 1243 66f7 3d96 0c96 4da2 05bd 39c7 4f86 5e7a 02a6 57c9 13ae 10d6 4433 6c85 2348 2d34 1541 708b
2f5f 511f 336d 7814 2308 09b1 37f2 7bc4 41f3 0126 736b 0146 0df3 4906 4775 65c5 0ec4 7575 47db 0823 0111 082e 13ed 3dfe 3410 5629 7329 2506 3be6
612e 7968 2809 511e 2f22 6e43 0fd0 2b74 240f 51e1 7cfd 5150 11e4 0a4f 7a3b 2436 246a 009f 23b5 261c 5aea 0726 4c6d 0d29 41ba 0823 561b 0036 6b32
5d10 7cb2 660e 4619 05f4 752d 240d 06de 060c 2acb 1441 7eac 7b7a 2a39 4673 0f30 4ace 34c5 254b 63b0 5f8e 30d5 6ea5 7de0 3980 6b79 771a 68e8 77e5
3359 4c3d 45bc 6e5e 1ab6 2e5a 6760 43e4 7ae0 0dad 3c86 1f54 6705 0726 4a48 36ce 36aa 14de 51b6 2e01 27e4 0059 162c 75e5 5761 1579 34f9 6feb 527e
27c0 2a03 1d5d 3036 6135 5b25 7537 722e 516a 2832 7e15 05b0 790c 5d00 47b0 1f40 5adc 4d3d 33a0 5b2e 0ddd 258b 519d 23b5 355f 7c86 5536 7bb5 7ac3
59d7 313a 470a 50b2 7582 7fe9 47fe 4e3e 110a 6897 04a7 2bc8 21d4 4d3a 3033 0440 17a0 2419 3148 71cd 605f 5153 0ad7 752f 2152 5ec2 7bd0 07c6 739e
2afa 112e 34f1 09b7 1711 43e7 4355 7f5d 7992 0f75 2e16 3257 5ffc 2ed6 44ba 7863 325e 39a5 19db 3bca 712a 0540 02e6 289e 5917 6191 4cc3 40df 77b8
01b5 4fd1 2866 527f 1b80 62de 6b5a 2c33 7b3f 0852 243b 125d 145c 56a0 2787 3633 5ac0 3b80 5e9c 2dd7 79bb 0188 225a 2b74 4a0f 37f2 447b 350a 566d
1749 787d 33fc 1e13 7d6e 59a5 2be0 5a6f 0926 47f1 456c 32b4 19ae 564c 5c3f 6db2 7e6a 6620 2877 721a 6593 210a 3aae 2304 4d54 2011 76a7 4d8f 6db9
62cd 6b6d 7f8c 353e 3b23 12c5 3aed 4882 5b57 43f2 5a2a 076a 701e 2c31 53c1 4cd9 7d40 7ce5 4b5c 45ce 1d8c 2a39 3296 1934 3e21 4e82 51f9 0931 5804
6d93 41d2 249b 418c 044e 3d22 5da4 3984 3772 39d9 4adf 1d84 4297 3321 62b3 3811 127a 260f 1cae 1b1c 3b94 5ae9 0091 22d7 1538 4b43 3ea1 16ee 091d
6d90 7274 47d3 0b64 60fb 395f 2f54 23a9 39f1 514b 1be9 7212 7f0e 1185 7691 16fa 7f7e 6a5d 68bf 05f5 352d 6eef 0d24 7a63 6be3 4d08 2671 537e 4338
7f94 6c68 75fd 3b7f 1c08 524e 151a 026d 30d3 0b55 293e 4935 1f43 4317 6393 2000 483c 6d39 0bd6 159a 5620 7824 70b2 0562 5427 1fd3 13f2 1868 4f45
1ab5 0c73 252f 637e 7be7 2350 48fc 4b8a 39b4 2a31 1d70 1b06 5aed 574f 1c5a 2074 6d59 2c62 7ffc 5894 5048 50db 54bc 3ddf 11d0 0fef 4777 0878 5041
5644 0e93 0634 692b 6fd1 4db4 35d1 3e93 57f5 6dea 3478 7811 7387 41b9 5dff 6d60 50bb 7744 525a 342d 6ed3 1ab5 4aae 0a3c 4569 5f86 6428 71f8 3b4e
00c7 48a8 0f19 38aa 3fa4 25c2 7681 6828 7934 00bf 1d25 4968 70b0 2180 10ab 4f28 5580 0bf3 6bcf 1f02 473d 4a37 2d8d 0da6 7a07 23de 7c80 06d9 601e
1fd4 2905 686a 40b7 3a4f 011d 72c6 5b7a 225f 5b10 05e3 7e28 509f 7155 2df3 7af4 5d05 0b4a 7480 5339 6989 0528 0cc1 2cfe 03c4 50e9 035f 5ea7 6656
7b66 48cf 38e6 2962 14b5 245b 20be 7221 5c9f 3895 2e5b 029e 4df4 66b2 4ea3 533e 7b21 6271 53f1 4283 7e46 4e9d 4d8b 4f16 3d1c 7876 08ed 6a3d 73b9
45da 3d41 5f26 6bbe 458c 27ef 40a1 1ed7 06e9 4d1e 7333 3d0d 33ac 66c3 2e33 54e5 5a3d 4794 65c4 7826 5f1e 4e0e 7c80 07ec 37bd 16d1 28e1 5ade 1e11
52d9 4c31 7181 6ac7 350e 739e 72ad 78a9 5771 0040 2733 234d 43ae 649a 7600 5d3e 5d95 4ef2 652c 0fae 3a72 283a 59a0 3929 2227 6ae7 2e92 4b8c 7216
03ae 64d6 1d9a 4629 2a23 061c 0898 51a4 6c5b 3a4e 114a 181e 1e1a 309b 4b57 6a3b 2cec 0390 3a8e 7ad9 04ef 0f78 73f4 3ab6 12a0 63eb 68c3 7a2c 10ec
11dd 2046 4494 0f11 6d54 7d98 30c6 428d 0392 26e5 42bf 2c72 35c0 6fc8 5570 5870 4afc 7268 523a 4e48 5e93 0c20 04a6 6b5f 7112 0852 0bef 5a71 7f59
49d8 6e38 29de 1f72 154b 11ed 0651 460a 6b72 58be 571c 785b 5e3d 2492 3e10 633b 5875 5c8f 2fcc 3c70 5499 590f 1380 0f1f 6dc7 41fc 4017 4222 743f
4de5 58e9 153c 1027 6f05 0f88 221a 0d4c 5a86 568c 2a26 1ab4 5ce6 2831 4260 1f2c 402f 6f19 2d89 50a5 5bc6 55a6 3129 23bb 406c 733a 494a 0d62 4e2c
75d0 1194 5043 59f6 5194 3055 3d9f 5612 58a3 3221 6b89 0b3b 7ca5 0cd5 3e14 0925 7dee 4cb4 20fc 0fb2 181b 56fd 468e 6cec 3a6e 07d8 577f 6a9d 7bb0
3066 7112 3d91 16f3 2d3a 5d37 2f38 741c 69e6 197c 2978 3aad 7225 5dd5 502a 5b7a 3b08 77ce 10be 3671 6f7e 43c4 0a79 5e49 62a2 6e4e 60a4 4b33 13e0
39fe 2062 486d 414a 6614 48c8 34c4 0d2a 60e0 259d 01bd 7efa 1fe5 4737 2d56 3113 27dd 2427 466f 727d 25c9 0553 1e07 0a27 08b9 7596 1f22 5dce 458d
2d92 725e 0216 723f 3c64 1e2b 7086 7fd4 11f2 4315 7bf0 42f1 3eaa 6af0 78fa 5455 4382 7fca 26ec 4858 2754 14e8 484c 4c84 7fad 44e8 66cc 3f62 0275
3ac2 0f6d 3034 22ae 47f0 5eab 65e3 183e 7003 4a79 29bd 2a30 78cd 48c7 1ba8 5e4e 7f36 1dd6 3671 6f96 09ec 5c44 6299 7b1d 77dd 1428 7d63 7eb8 6fa2
21a5 03f7 114b 4c78 343d 5c8a 44d3 6186 7e37 7abc 05c5 032c 2aee 4d17 50af 44c1 40a3 5761 5f65 55b6 539b 299f 36bb 4887 55ad 339e 317b 4909 7f69
3848 3a94 5f24 68c8 5d64 7cca 6252 09e1 2645 1054 4e3c 4a17 6224 11c4 776c 71b1 15a9 46f2 38d1 7531 4c9b 32c2 330e 44f6 11d6 46a4 332f 4d69 34e5
4356 28a2 35c8 3c75 3568 7df6 0a2c 6436 3861 5de2 2fad 4208 07ef 627a 0810 3cdb 17cb 4afd 7753 4001 1234 3db2 18df 27fa 2944 02c2 0365 450d 39d6
4fd7 4612 31bb 0e28 5806 4592 0e04 2579 6659 2d5d 1985 4f0f 6f6d 5ebc 2740 2d01 44e2 5681 5192 4220 5841 62af 0501 7804 584b 7bd0 5832 1895 0e44
4e50 170a 7b73 268d 3ada 5737 1838 6fef 089b 7313 2471 7ddc 32e2 43dd 3cdf 237d 2e34 01be 3682 1d89 5166 28ef 77e1 0c9b 6668 27a5 25fa 605a 3871
4226 73a2 0963 08ab 7947 3fca 0310 18ae 3fb7 79a1 34bc 2892 2dd7 0e66 0a6f 008c 1c4c 1cf7 7842 62c8 452b 1a06 6dc5 4d32 1f35 3748 4abe 136e 21fa
3e89 5ad4 3588 1af0 62f9 1760 14fc 74e9 78f2 5b27 694c 7328 5bf9 497d 65e1 21fd 78f9 637a 778c 2462 402a 6ede 25c9 6e5c 29a0 1061 53a1 54e0 7f1d
34e8 30c7 2082 15aa 4acc 4269 3593 27e6 0167 5408 3988 2939 1424 1513 32d7 396a 0ecc 7a9d 5b32 0b7c 07b7 6785 3dfa 5ab9 2115 5d9f 62da 4767 4c68
15af 5847 17e4 224b 4834 10f5 6454 47b0 0c51 5158 40dd 1b5c 2153 1ba4 2e7a 620e 000f 11cd 07fd 7283 64e2 6a0a 48b6 07e5 70f1 2d1f 54f7 673f 0596
1820 450e 6097 2e04 5f96 1724 67d0 19e0 1fed 2ab2 4c41 55d2 05f5 73c8 73d3 5001 112d 66b0 5663 6327 27b1 4081 5c52 4a4d 06c3 3823 3280 44ac 66a2
706a 5857 4832 5b33 6f7a 32bf 51f6 6588 06c7 5892 34c3 73e9 0a3e 4d63 63ed 3fa8 43e8 2967 212d 7071 1e41 63c1 4399 349a 2d0b 0240 0820 45f0 0a8e
5387 1d4e 7950 4d51 43db 0013 066b 074b 2777 74e9 3e5b 4eb7 1e68 4675 38a9 09f7 6dd0 4919 1ef3 4894 5837 42e1 40de 1e79 5ab9 2b46 2d20 1535 0e5c
6746 34d0 408e 56ba 0908 37ea 70cf 2c58 49e9 0d43 53af 2933 0d25 10fa 0da1 5e45 02e4 57bd 132b 2404 6a75 71d8 52a6 7648 6886 48ca 0959 513f 0594
7167 04da 3ce4 552c 0c3a 49aa 77b5 2f76 6abd 2db6 5fc5 66e8 37cc 3179 3a45 2140 2e29 3600 5af3 5469 5cbc 4e5a 766b 12e8 116e 759b 1758 2371 37e6
4f42 7a7a 30dd 18d7 7404 2854 6f28 3810 2194 7c39 4cf7 40df 414d 5191 5da7 72f6 2657 4a8a 0ba7 2d50 2adf 1271 4dc4 40be 3b3d 28d1 514b 7aa3 6e96
7368 4fe8 0a62 7c85 14ac 5c41 0251 1e3a 4654 1ec7 4fd9 721e 4c94 2a45 4f3f 7677 5f9d 572e 2b6f 4320 0c6d 474a 593d 2d52 0051 36bf 4c5f 427e 7539
08f4 5bf9 2e01 003d 4d1a 0492 5469 03dd 69f5 2196 049a 1010 5e13 1094 1885 6740 6f03 561f 3a6f 29f4 403c 2e46 2e66 6d50 2623 25e5 2307 190f 4451
3e63 238a 06e4 7b57 2094 7319 33b2 5274 79d0 04c3 5461 1d2f 36fc 09c8 7f9d 454f 0420 104b 6f6f 07a1 68e0 28c2 4621 0f9e 274a 1319 7445 6afd 78c2
3e71 7a8a 192e 4d01 1e7c 65ab 4339 45eb 1700 39f2 6b29 4384 0b4c 7f08 33ec 0b47 48f0 78a9 614c 16e7 64ae 1fad 37a2 3690 3bef 7f01 2e8b 4783 76a1
4000 3496 2afe 0473 72ed 6069 5ef1 6c0e 08da 0d9b 0268 0937 15cd 501f 5bd5 5c3e 3dc8 77a7 2159 074c 401c 5e8e 5498 031c 53e0 498f 1fb8 5a47 74c9
3ee6 4fc3 4093 317c 58bd 26c4 2b6e 0bf0 0020 5227 79a9 30d3 6477 2239 3080 69e3 72ae 3718 2dfa 255f 3ff1 3eb6 0777 3344 648f 290b 03a5 16c3 7df7
201d 2bfb 2e67 0afa 1282 2d6e 2380 4c6d 1a5e 32a3 5073 72a8 7f44 7e1d 5238 3280 1a27 3d02 6b67 4c29 4733 7446 32e0 59ce 2b74 0931 2073 159b 4676
3000 2b7d 3f8d 7247 7e5c 434a 46c7 0866 5c72 20ac 040d 339a 5069 11fd 14f0 52f7 3e22 74be 3a34 1a4a 1003 71f6 64ed 64de 5fcc 278a 62e6 563a 4cc8
05a9 1f27 4ea2 1fce 7c72 126c 4626 7d9b 40f9 59f6 0689 0e34 195a 0693 7741 3ff3 680c 366d 087e 7aef 5716 0fed 3e4e 703a 4b8b 67bd 02a2 6d18 49e4
226c 1bc4 46f5 4973 425c 15a9 2398 65f7 2ce7 72a8 10ce 158c 44ef 4ac0 4062 29ab 40aa 7cb9 1a49 5f4c 4ae5 7613 0485 76ab 0aae 2026 6609 18f0 6ebc
66d3 4e1b 5190 4693 3ffe 0aeb 093b 3391 176d 6b07 7451 7d31 4a13 71d4 3ca5 4556 0de7 21dc 6533 0308 4564 17df 6cc8 0ce6 4fdc 3c32 1f7b 3ae0 5c4a
7584 397c 3c81 7b2b 0c19 0507 01f1 0998 644c 03ee 3563 2c4f 544e 5dee 3504 3a46 0597 4d4d 2d91 0f57 195a 20ab 701a 5fc0 3420 1d43 1e51 0fc5 3c46
6fc9 2ffe 7448 73ca 37fa 71c7 314d 5290 7227 2984 1c9e 09d2 4631 7c9e 75a3 713f 3b3a 1301 319c 6fc9 07f3 3a22 10c3 6991 7bc1 0f51 3b34 0225 5f79
58e5 6f36 2d7c 284b 550b 3748 4e46 1624 4d2d 2a86 778b 6af4 31f5 253d 29de 466f 785b 013e 284e 420d 1e20 5bea 3805 6b05 1896 1459 399a 1f56 29ab
01e1 17ce 6d0a 0f2a 1e41 15f3 5de5 5d5a 3893 28fe 1350 3f97 2667 19f6 0e0f 7b9c 0f93 1b52 4e76 0804 594f 5ee2 6179 5327 153a 46d7 14f0 3750 64d7
7a82 465e 77fa 5827 3cea 6236 584c 0930 636f 2778 2c1a 6c9d 72df 7319 2277 1782 1eb0 0795 5037 0831 648a 63ac 396e 66dd 6458 549b 48d9 49c8 5d7a
028b 2c26 5d25 66c6 123a 3282 6b7e 18b9 0ca2 520a 4ecb 70c3 17d7 6b84 7737 6a5b 4ca7 2df1 0a43 6fdb 4eda 4c5c 22e9 1970 7b35 5f8a 2afb 7736 7f2c
3f96 5872 1673 4d6b 69ce 043b 41ab 4307 7049 3d9a 3ece 01f3 7b23 3098 147d 542b 0e9f 54ed 6b12 0ff1 4849 2837 2397 23ca 462a 402e 386b 1cf4 575f
5bd0 50ee 74ba 6c80 6103 28b1 2da1 53da 2f68 5f19 0ce9 7910 1c8c 04a5 1017 5a7e 3e15 6ce6 4af2 1eef 46c2 2d68 4dd9 0e60 0073 280f 7819 14d0 15cd
013c 46f6 6d01 6b8e 4a56 4beb 4b0a 40c8 771b 3779 213b 5d0d 0808 5661 4daf 0b8c 3866 54fc 24b2 77f1 101d 2cbf 7312 7031 31b7 295e 68e5 5a88 2322
3a10 6e73 6af0 5162 1b68 53bb 7e22 3557 0abf 4a0d 4763 2ab8 70ae 7746 083e 5004 59d0 6261 0780 60ce 6f3c 0c22 1fca 7947 252a 3b38 6e1d 1427 0954
25cb 08de 7d64 1663 4182 1048 37a7 4efa 104b 4171 6b25 1eba 2571 3855 3fbc 7a07 539d 0463 01db 5d90 5156 4b68 07e1 054f 767d 6287 2109 183f 193e
6ab7 7f5f 6931 2290 6a75 210b 7df9 2354 2e4f 3726 54fc 4e24 31fc 2abf 6e9a 0191 054b 7cbb 3227 132c 7fdb 4c07 2ce7 6213 150c 5c43 09a2 26b5 2f83
4741 7e47 7445 6441 1ba6 0356 71f8 36ca 458e 5890 6191 78b1 7683 177b 336f 51ee 495a 4c6f 3628 4ce0 3b89 2323 00dd 0cd2 6812 48c2 5273 0a30 145b
0008 07be 0ba9 3b4a 1a2f 056d 5ae3 2960 04e9 67b8 43f9 7151 7797 29bb 336c 3a56 4421 7366 1d41 7b52 2039 7cca 3da2 2a54 6c3d 605e 4a82 642e 25dc
208f 5c27 0272 7322 1c01 4494 49c9 3c74 3a68 4743 58ea 505b 22ff 1b88 6ecc 1b3c 6c12 1983 737c 091b 7498 1c03 2e75 56e0 65cb 6031 4355 63fd 0be6
504a 6c20 4808 2a49 1406 628b 18ff 744d 23af 1c93 7028 276e 1ff9 7861 188b 62fa 3ac0 1695 5203 691b 76f2 53c7 1ed4 11e8 3ef9 2308 43a7 3e2e 10d1
38c6 3974 75ea 2efc 67f8 2716 1cfc 4eb4 3b91 2014 17e8 1881 64c0 6d2a 3f40 13ce 23c8 2e44 6534 3ef3 4820 287d 68a9 31fd 5dc5 7a77 637c 6caa 258e
3315 0243 0b0b 7c30 77e8 6b74 0326 50f1 3970 2cce 376b 2c3c 4571 2662 5c4e 5b0e 54ad 1c9c 6d88 2b02 15ae 32b2 3c1e 0e7d 7713 1dbe 7822 6bd7 575a
49e3 1760 26cb 60bc 0ac2 40e4 704d 4044 4db0 0bc3 3ce7 1649 2dc4 7ba7 122c 212c 5415 4c40 1f0f 0556 752b 68e3 260e 4e24 06a9 1e8c 6d4d 0c13 75c6
3837 46c2 6019 0e4d 7241 7d02 1843 5253 3b5e 508a 5ea0 79b1 5231 3f9f 664e 257f 6f0e 0c92 1546 12ec 2c85 1858 744a 739e 44a0 6d6c 524a 686a 38d8
2b5e 69d0 1bcd 250d 1c4b 06dc 3a9c 0818 774f 7f35 0825 1d14 7ecf 61e0 59fd 598b 308c 7d8b 41a9 377c 670f 58d0 68f3 0603 3f08 7992 0a4f 0916 2edc
189d 58f3 1d63 5328 0285 5a15 176b 1a9a 3fa6 380b 42fd 62f6 4623 21e0 5c31 08e2 0290 1035 706a 5243 28b3 4f2b 7e2c 1662 2915 4ec2 09bb 7ccb 7c3e
6271 4600 6897 0f3e 5b11 2584 0364 7e04 5d2a 2a15 62af 6fa1 0c4a 3ab5 3611 6b16 7e4e 261e 19ad 32c7 36ac 7cd9 5e6e 1581 4a46 360d 34eb 059f 7364
2658 786f 0f09 2456 61e4 2bb7 5542 5867 5585 0310 797f 0e4b 73c1 46e9 43a0 11bf 60f6 5dcc 0154 3ca4 2b06 6e78 63f5 4521 758d 1321 3b62 2529 606a
1a0e 74bd 61a6 29b0 1a90 428f 4ab2 55dd 6a8b 3796 62c9 6eb6 409d 52d5 5658 54f2 684b 2895 3487 2778 40a2 62c1 7cf2 37e0 02b8 787a 37e1 5813 0976
2e07 0729 5464 26b9 35dd 4df9 7f6d 1d2b 057a 00ab 53c8 0748 1c71 4958 22e4 500e 3578 67e6 7983 5cc4 6ebf 7b8b 1d6d 4fb4 3b8b 606a 4600 6386 1d9a
46b8 06b2 590d 4880 160b 4322 2764 520e 5f43 47aa 6c19 1185 5536 68bd 721b 1282 2903 4f6e 4ed0 78b2 0e04 580c 40b7 4979 3cb1 1da9 3996 2873 3f21
726f 6672 6a26 3be0 676c 40a4 4656 6edb 50d7 7edd 5662 589b 627e 40a8 5f7b 2a64 2213 1748 34d2 6297 7d11 61dc 1ecf 7f4d 550a 54fb 5968 01c9 38c1
463e 41e7 2c42 1cb5 78a1 15b3 0a73 1b1a 06f5 56d8 26c0 65a8 143f 794b 5700 3df6 534a 226d 6307 1d42 4055 7c2e 0a9c 3d3f 2bab 16b5 18de 7224 4074
7f6a 45e1 24c6 2014 43df 2e19 0614 1127 023c 7452 2cf9 66eb 3c4c 7b96 0bc8 2e53 71b1 28e8 0b41 3b9c 1925 2dd5 4972 1ffa 0f24 56f7 0341 4578 5251
130b 5097 4ab8 03b3 1717 4fc4 7b13 7439 057a 3d5b 1b6c 4043 6d3a 7b16 245c 75fc 7819 3557 274b 0efe 4a6f 3ea4 4ff6 5bde 07b5 400a 09a2 559d 3073
43d3 19a2 67db 3f34 41ee 0f7b 55f6 0c01 18ba 184c 62c8 4a26 0b17 4524 59ef 5d33 46df 1794 46b0 084f 21e5 460b 43ef 175c 21a9 0b92 371c 67f0 62ce
6dbb 0b15 341e 3bfd 191e 2458 7c9f 1623 4724 17d7 2445 2e18 3330 6ea1 7a4a 080a 6808 1e85 61a3 3c46 4dbd 04ac 4fb8 455b 1dda 4240 1a70 3177 3bb7
577d 457c 008d 48d9 192d 1b2b 2b48 176b 3104 09ed 3e39 3d8c 0e45 1d69 7c5b 6bc7 45fb 1bac 7963 7f32 00dc 385c 1f62 28f6 2f9a 7ac0 64ac 0bd2 4414
21e4 2134 6f94 3c11 0898 6956 09b5 61d3 0484 4b25 5389 5771 37e5 5a94 1504 6e23 2f80 4a34 56ba 6a95 64eb 7513 7069 6da3 6dd1 4e3b 5062 7441 47b0
0947 7061 5c5b 4e45 0a85 2ad2 6dbb 03a4 2bae 36cf 7358 257e 61be 1bfe 0bbd 2bef 2f28 1351 45d9 446a 5cca 16b2 0e1b 1024 279c 1e03 482f 013f 128a
6484 4e74 4161 4fa3 54dd 1480 3ecd 4788 3b8f 5d81 173c 6580 05a0 25b5 65ea 7031 121c 49b7 6f4b 04eb 724c 03ff 7fe1 6ba5 6069 449d 71cc 319c 31e6
5cc9 2861 7820 4881 5b41 7a06 67bd 3680 2a6e 1c3f 56bf 51b8 5cbc 5e58 21e1 2ee3 4cad 0d8e 0886 1093 56e4 64cb 5d84 4da1 7efa 1233 7e94 3562 0440
4d24 491d 19ee 39ea 41d1 2301 0b69 77e5 56f7 70ba 5ffd 7a3a 282a 1c8d 24ef 6884 5e26 73fd 6296 2d18 48f1 29e6 4b08 6b6d 672f 7572 1e98 5e85 5136
620d 5275 4f2c 04b5 05c4 0e99 5f26 7bc5 0bfa 13ca 6fef 0779 3e62 4cc5 733e 271c 392b 3510 798f 49fb 40fc 62ef 4bb7 4313 7e44 7d5c 06bb 32a0 1ff4
0a46 7dcc 38ea 183e 2568 2d69 767e 1fbf 5594 2246 1ab6 3de5 6083 038d 72dd 7d20 3363 0858 0a2f 173c 695a 50c6 32df 0291 623b 3c10 47ad 43a4 314a
7045 088a 2301 48c6 58db 1582 3f4a 67a4 0921 1aca 66b8 161c 49ae 01ab 5ed5 3224 2f76 34bc 0566 673c 3da0 6a64 32a2 2a2f 1af8 2a98 07b3 6f3b 16a7
1317 37fa 6165 28dd 7e4f 53cd 1df4 35d2 7a8e 7daa 02fb 0c07 20ad 34a1 030f 3d05 7b86 041f 5e0b 4164 51c6 2847 140c 5ed9 7151 496b 437c 438f 7ba7
31b3 288e 14bf 183e 4c8d 5076 6aca 67db 411b 39f0 2a62 41a6 3a66 5a2f 04fe 62e7 6e85 66a2 6937 0346 7be5 76bc 6d33 7641 04b8 5b60 1be3 2166 6314
13e5 58ed 48db 45b5 3da0 55e7 5695 1921 7a0c 20c4 4a2c 4191 5e61 070a 7531 1697 795f 3cc1 1a7b 29e5 7de8 3f67 4487 7dc4 4db5 18c7 7cd4 63e1 416a
0560 79a5 7709 7bf6 64e1 6a27 1f04 5e8b 167f 34fa 495a 3b1b 6238 14c1 7a50 5994 5633 6225 0818 0281 6cd0 3ab8 5ea1 4626 26ce 4ef1 222f 5ec5 3d08
765f 4526 100f 5a77 799c 49af 12ee 433a 74ae 082e 4f6f 0d34 0e66 1f46 1e81 0e74 6fa1 6186 6957 5b64 0a57 65c6 01b9 7a84 23ef 0985 46ba 195d 03c5
09ec 4dae 1532 5f70 2ccc 6cf3 3b2c 5f72 0809 2197 3000 3c4f 46e6 4226 6ef8 6faf 4130 385b 68d8 4882 2c62 7559 2ff4 28df 1912 2ec0 6aa9 3c2b 51a8
04a5 5090 5f16 3a92 478e 6bd4 75d4 1901 747b 2c30 3d13 5966 0c46 5331 7a07 6c2c 5f90 65c3 3524 622d 23b4 0e55 000c 01bb 2247 4720 78cc 7529 09f3
6af7 14e5 0768 2a28 68c6 3e50 7576 39ff 0de6 23d3 4483 559b 3dda 785d 1bb1 0d6d 48fd 43ff 72a7 6632 114a 25a9 6b91 70a3 141d 7b4b 4cfc 5137 2265
0d37 5b4b 5b73 0316 3a3f 202e 4c28 0e56 61f1 7ef8 75e1 21dd 2f61 6ca7 1f31 39e1 1b60 74a5 3ac9 0f5c 3fb8 670d 5328 6bb7 2303 150f 30a2 0a49 3085
60a9 354a 12a2 727e 79e3 69a2 7751 20a1 3866 085e 67ca 7250 2639 2bb8 34f8 0117 3cd0 3a7b 231f 4ffe 11e9 6d4c 73b0 7efd 618b 347b 1589 4386 2d71
19ad 2584 77d7 1836 1fd0 4d48 4ee7 5237 15c7 0be3 1789 524a 2f0a 6d8e 2f67 105f 39c9 7754 15aa 3b95 7646 23e1 2847 6e3c 49f9 29a5 6681 6728 0850
4f2b 61d9 4457 3d73 0d6f 27d5 18f4 6c56 19e0 65bc 18ea 1f59 7659 53dc 5cf9 69bb 7584 27d0 5c24 3501 5ae6 710f 1c2b 44e1 69b4 2cc7 7c67 7de8 1050
7f35 4f20 686c 7221 0645 6c02 5550 2b73 59ea 603e 7ed1 3f86 03de 0a99 2928 67c5 56eb 4c03 7237 35f6 4dac 02c4 1947 3e41 39a7 3d05 6a08 31c9 1c8e
1685 42bc 7c3a 653e 10ee 2c5f 1361 4276 08ac 2783 1925 4cbe 5507 2e66 7706 4ee4 10ff 351b 2e74 3fef 5fe1 6203 5463 5f56 7c1f 0f36 763d 368b 0cfb
52a5 094e 285e 5b3c 6d08 59b3 1ea4 51bf 6920 1d4d 37be 0dba 7761 7d83 2d44 4132 0e91 7265 44e5 4fa6 60ba 3cf0 08ad 070c 112f 5473 4228 07f1 1952
3a90 04a4 3602 43d0 2206 1ff5 2e74 4f39 5526 0c3b 4c89 7af5 53b1 5eef 1272 78da 498c 3415 307a 79c1 5f97 1f4d 09f1 50b7 55e2 642e 113d 44b2 2997
4828 2742 7234 1f53 3c2a 297b 4dee 53b2 452a 6c80 1b92 4ed3 29f8 2998 48cb 6b5e 1953 3931 21db 4bc1 3d97 551e 0237 79bb 302e 70eb 44c9 3ecb 4293
47ae 3795 705a 0ed9 0385 2ba4 7c3b 3491 396b 77a4 3494 524a 422e 4ce2 475e 6b25 36fb 1a38 54d4 7ecd 6b3e 7dec 6586 04db 2472 3433 243b 4fd0 67fa
3aa6 0104 2053 424c 2832 2c68 2f90 577d 5708 2d52 680f 1517 7844 33f8 2b38 292e 5862 4b72 161d 642f 2ec6 2dc8 6bf8 1d6f 6469 5b31 63fa 490a 1b13
42e6 7fdd 35b9 3ed9 41df 675d 356e 0162 075d 62ae 7cc8 7b7d 11b9 2b39 2750 3ee8 3c9c 2611 5d8b 0651 3c46 27cf 2d10 37e9 6ca5 4e34 391a 4bbb 7b38
4325 5642 287e 1a36 65e7 23c3 2fa6 362e 4ae9 02e5 20ba 0758 0f18 7bf6 7e76 736a 76e7 4b72 0aa2 2f62 5beb 2709 605f 5125 4dc1 19e8 0e97 3285 173e
51c9 3078 4e9d 2b51 7be3 5d24 38ee 130e 5e0b 69a7 42ca 60a4 2071 49bd 3193 506a 4f83 7611 6680 7a63 19d7 36e7 51fc 1f87 6768 050e 140f 45b2 1c80
5fd8 4804 1396 2780 2436 506e 2d7b 4418 15d0 78cc 62f9 51a1 4ee1 246e 4134 2073 55c9 552c 303e 7984 28d9 6c8b 5e8f 41bc 249a 118d 7839 4a29 4287
6ea5 05cb 4bb9 1c21 3e54 32ba 0212 781d 54e8 33af 19b0 12a3 52db 7c9d 6282 06b4 446e 2370 28d8 21e3 37fb 735d 2af7 7b6b 7aba 62ae 546e 28c2 2ada
783d 6ad2 3938 70c5 6e88 0033 05be 581a 7631 2c9d 4db8 64f0 3520 61c4 3ee8 56eb 503c 615d 0d66 2277 660d 32ab 123d 11d2 5519 39c4 7d37 53e9 2d53
5b7a 73e1 6b46 39b2 58fb 16bd 6d20 255e 6d69 7539 1281 3a27 0fe5 241a 4f2f 450c 7170 4bf4 1893 3648 0a55 5439 0536 1531 2236 2bae 35ae 771c 22e3
4e1e 4ac3 6d38 4c07 22fd 4156 45e8 3c64 26a3 7217 668f 45bd 3f9d 5f1e 18a9 34d9 6f50 79d9 0cd4 3404 56a2 66ae 09a9 2a0b 7213 0a7b 39f4 4224 3858
599d 555c 7f7b 7b78 28f2 477a 7393 0182 6ad2 0c76 10b5 2fb7 4db2 4f9a 7ccc 7f8a 576c 6635 1f56 7560 79b6 0b7c 63dc 23dd 5679 6cd4 6d9a 2784 359f
1321 1cfd 5aa9 0890 5a52 4f35 57bc 27f3 206c 2d3f 7759 33b8 0808 2baa 0c01 59fb 37bb 1616 0e97 244e 3fa0 7584 2247 7509 639e 4e7b 64e3 4c9c 4f93
77b2 5d36 4eaf 6c12 503b 2911 6d22 5671 0dc8 1215 67cd 2b71 306a 5c19 6b24 4c32 6c0c 642b 31cc 592a 6c58 0d2b 6b9c 0498 6c6c 2d94 741e 41ee 5af0
2271 6da0 2d53 24cf 3962 74ab 61ab 2571 73fd 052b 7cbc 064a 67b7 5caf 0751 7abd 7052 1e1e 53e2 711b 5092 3c75 0bc6 56c7 3f31 14fb 44e2 2d7e 7a4c
7a59 6eda 3e9e 59ee 6c03 26a1 1c4d 2789 0c28 1334 6663 4abe 39c0 1ca6 03fc 6e63 65e6 4af6 7d46 602c 3a35 32b9 00e5 4ca9 5f47 6eda 08e2 72b1 5332
2c31 6940 40a4 68d5 55c9 50e5 2074 62d4 6de3 4030 14bf 429c 2293 5495 2454 7778 4b97 551c 5385 196e 4f92 13f8 60a3 2990 59af 6f24 75ee 66b0 65bd
1890 49b5 1b91 45f3 2faf 6c4d 09a2 24b6 2534 218f 5951 2db9 3d6b 4154 297a 0ea9 2876 5048 2145 7f74 33ee 4a9e 62e3 7cbd 090d 799c 5a3f 3c78 3550
7514 3973 651a 1191 6bde 07bb 0118 2777 37f0 1a82 7fdb 282a 714e 2d46 3434 12c1 0738 1bdc 4839 0421 0c45 19d7 5b2a 5208 74f5 0912 0e89 4081 2163
2967 6ef8 444f 45cc 31a1 49e4 1c9e 48d8 0e15 4c5d 00ea 7a1c 1775 7e1b 0c5a 4046 1218 72a8 4e36 7e59 289f 0571 02df 440b 484d 20b0 10c8 7d49 59b9
74ea 3658 4a76 17b2 0e5f 51de 3c3e 40a3 42fc 6fab 6620 7189 1285 23cd 324a 13ad 1fba 155d 6c97 0058 29b4 7623 1661 01c6 669e 5f44 2f45 3fd8 7c12
709f 253a 6886 0cb8 2126 720b 3142 4f5a 5784 2583 473c 7a9f 1912 7050 1e9b 5fa7 5491 5bc8 2295 731d 0d50 4762 1ffa 54bc 4f3d 43e6 20d0 4b66 791a
76bd 5c0d 0eb8 15c9 40a0 4d40 6087 494b 20f8 12b6 1577 25ae 60b3 0d70 2af0 2b36 7f9d 3213 18a1 5bfd 7284 6257 3246 5c7c 6c97 35b9 366d 2cbb 36af
504f 2477 1585 6271 3370 326b 0521 34c8 21a5 7581 50d1 1e63 5067 3512 2694 3f22 10f1 43f1 63dc 5682 563d 6330 0100 659b 5056 466c 4df1 3d4a 771d
766b 00de 793d 5a2c 3dd5 188c 032d 15b5 4db3 1d93 4c06 5646 1916 68b9 64b1 5b1c 77d5 484b 6394 46cc 64df 329d 1194 4204 40c2 6ae7 5cbe 0683 1614
0677 6bd6 678e 1f3b 551c 34e1 0c18 0aba 7c52 68a9 7097 4c70 6433 1522 4357 5658 1212 03eb 0179 2e0c 27ec 5ddb 10c7 2f2a 0bc9 788a 739c 0541 7ede
4c91 4f55 431b 6d6f 17e2 2858 433b 27cc 329a 50c2 4482 2542 6057 6852 6658 6eee 0197 3d83 590b 7675 0844 6425 05cb 2aee 0c17 4ced 2c34 33b1 6793
51f1 3e45 14ba 139b 1781 6453 3414 54b0 7e00 2c48 5238 32d3 6a03 53fd 2b98 776c 7598 1bc0 05ae 72bd 6d16 7367 55a6 3f80 00ee 6bfd 6a54 5fb6 2486
4222 4b29 7aa6 267e 7d8b 32a1 2d64 280a 2599 7728 4aa7 665a 3e78 4a23 7c34 1bdd 00b5 3e8b 7f20 31ea 15ac 1e9b 29d3 2a26 6144 3bb2 05fa 4a30 3a02
1bac 431b 302e 5c1b 47d2 209e 7362 3ff1 0c4e 4869 29c9 1b6b 1cfc 6377 697d 78fa 5214 3bad 7498 688a 3b37 64b2 53c0 73d7 3193 430b 378f 7220 1428
4af0 1fcd 7da9 1b87 0754 3c79 7bf5 2a87 1105 72fe 1a45 0069 565a 7f18 443d 0dd3 3c54 7151 57dd 0b5a 3830 2eea 5180 3267 35bb 1b48 7075 4963 7fe4
52e8 763a 1853 1a0d 328d 3f7a 3a78 592a 5693 6c16 70f2 6459 550e 636c 2c7d 76d7 3e97 04c9 383c 1eea 5fe8 1b73 00ed 77d2 474e 3c04 3113 3634 07c5
7f8d 547a 4cc4 7d02 3ec0 6319 686f 138d 74d8 16fe 3306 390d 177a 6a29 7b0d 5f64 7d38 3e9e 6745 5147 6438 0a26 6176 582b 1e78 07bf 3b78 77c4 1803
3c77 0caf 2a4f 0d25 7871 5aaa 39f6 47f8 0137 17e7 3b8b 42f8 4868 7601 733b 3af1 0e32 6084 2fcd 0482 3ae0 394e 4f0c 3503 3794 6c26 72c0 2e08 3b82
4d2e 19b3 2c2c 783b 7449 43bc 4104 27f5 2bb2 633b 01e4 30cc 7040 2f2b 4917 090e 3914 2cad 3e24 616c 1c40 2b37 0beb 6cf9 507b 4a31 3835 5dea 3393
1355 0df6 6e69 4974 71d5 7ad7 5510 00d9 4bff 18a3 324c 023a 1f78 2193 2d8f 2756 1819 5318 52c3 5f84 7217 0dd2 5ea0 530f 79a8 5f3a 3115 225d 5c1b
2310 6337 1524 1a1e 638e 1eed 5375 3964 6388 0344 0565 4b6f 374c 4210 6f1d 49e7 1053 0975 6fd9 34e3 78ad 0eb4 3474 4fd7 1b7c 4ef4 6f9f 7196 3d89
69b5 293d 5f51 718a 25ab 2961 30ec 3d13 092e 4ae4 20ee 2520 7df0 7c88 3041 71f6 3fd6 17c5 6fa5 6f93 5d03 0785 7cab 44b5 74af 6e69 7b95 2658 6e01
35d6 3dc3 622f 76fa 16e4 58d2 17ba 7e61 1c41 5ad2 7aac 754f 194d 24d1 393e 7f94 323f 729e 3a98 0f6e 294d 1461 0c10 6ad0 507b 0220 34e7 7852 5726
06a4 3b11 3262 30b2 4940 1032 715f 73f6 0a71 7715 0579 5787 5d15 686e 0ad5 3e0e 7376 4c0c 3ae5 3139 40e9 591d 5bf8 75c9 1f5d 06b0 35cd 305c 0e0b
71f3 72de 42c0 1782 5731 640d 5ab9 05ec 6a1a 29d6 6b85 0a06 2e31 43a9 4b01 5a70 2333 7590 6bb4 0374 04e9 77f9 0aa5 279b 4255 3ea3 3e37 4e75 65c4
7bbd 33fc 162c 727b 52bf 1c06 323a 26da 3a60 0f1f 7dd1 1112 724d 1653 66af 331c 7bf4 62f7 70ea 697c 4d9e 120b 0270 0ac8 43fa 3188 51b8 6f5d 32d6
7763 2b3d 2cdc 7a32 59a5 447d 6945 1d2b 5d8c 5d05 0f92 0fd9 4578 6fef 730e 1829 022c 1a68 39f8 4b1a 4b5d 6be4 3920 37f0 4ee3 2954 3202 0fd0 3990
68b6 3442 3b40 1706 4f53 337f 3d8b 02aa 0b6f 59ca 3a2d 7467 0b24 2fff 0cfe 4107 1fc0 02a5 7fc6 1b11 0d0b 7509 2b5f 2d66 06cf 493d 7fad 4c53 6713
2c0d 157b 1543 57d9 7a36 678d 1554 2c30 0ff7 4b3d 75b8 5be4 076e 3b72 06d8 0f90 1f03 4759 1dc2 3861 131b 243a 505d 6c53 78a7 6568 7dd2 6181 431c
5cc5 3e51 394c 727d 0f01 5762 0f16 4634 77e0 3bd2 7c2d 7ec2 3754 73bf 40a2 56dd 77c0 65cf 1879 5468 7978 0c21 387b 5163 588a 6e8a 577f 2de1 3019
7d55 35c3 5a08 5d34 2db4 30bd 2ec0 6c12 378d 0c50 06b6 6b41 4a8a 1cb9 26a7 4bd0 0c94 6788 2530 020e 50be 76e0 7eaa 0fc4 1c0f 5a97 74ec 1d87 58b1
28b0 15d5 709c 1332 3c32 2641 019b 5c4f 093f 43e8 7d68 63aa 1c3d 2d76 1633 28ec 53b1 5fa7 71bb 1507 7e3f 70b9 0b8c 0f20 0feb 6f99 0d97 26a5 5d67
10fc 7c6d 1480 06f3 7897 0af0 1aa0 212d 0036 7624 7c77 724a 060e 3094 179a 79d2 3682 129e 52a5 4643 63f3 75e7 2022 485b 7e0c 1cf7 15b6 6fc5 5972
0c0d 5d71 41c8 524d 1d77 1cbf 5b76 029b 3e28 21cb 66c8 0ea6 776a 1283 0c8d 46b5 2d54 0556 49a1 5b4e 6f9a 3e2d 2173 552e 2505 25f4 4035 3092 540d
6b59 046e 3609 41c8 76a5 2628 6137 24cd 3625 4d96 1b79 3a04 51e7 4371 2760 1296 6dab 19d2 40d5 3373 760f 1232 2adb 2c3c 62cb 72d4 58e1 2972 64f9
7578 1be9 179e 3e75 2a09 250c 2776 21c5 0983 0912 17a6 56a3 35ad 0512 5ab8 3690 61c2 1fa6 675e 38ab 0c46 6e9a 26b7 0952 5469 0fc9 22c4 2a0d 1461
5183 60c8 1964 6fe2 798a 2a1c 691d 38b0 33fd 2779 2436 5353 31e6 05a2 7323 34d6 36df 6076 54bd 7d93 1dbc 4a12 565b 5670 1d7c 74f7 0c95 4195 0dbc
7050 6179 0c3f 27b9 6525 13e3 41e9 1ca1 53fc 3e3d 6804 6b4c 0e5b 1aab 1db2 00e8 55f8 5e9a 6e8a 664e 6214 20ee 0b16 71a6 7571 1b4d 484d 78b9 227f
449b 1a6e 1fce 1d7a 55fe 2a1c 1b34 3fa4 0533 5b37 6887 0945 4f7c 2595 2a02 4bfc 21ee 6e04 7d0f 505a 227a 4e02 1afd 17e3 0c53 52f2 39fa 10cf 5441
19da 2b37 2019 622b 110c 5ad7 7553 16b3 023f 3e01 0ca4 6fa5 21f6 365e 45fa 7b0a 7cdb 4dff 45c1 6727 34f2 6039 0643 0737 28a3 1ba8 4266 6e8b 2463
4e29 0598 60e2 0d7c 6de3 223d 3bcd 1cb3 50de 18a0 2fa9 718a 3f73 2e99 533a 41f4 20a0 79ba 2349 59db 10d5 5859 673c 2194 7106 6f0f 10df 76bd 27e6
073a 5c76 48a0 16bc 1b26 6857 7ae2 1e26 581d 0aaa 2a94 0374 356a 1c5f 517e 1c24 44c0 78f2 2b65 45d6 5cbc 77cd 03db 0799 4462 5e34 7b51 7106 6649
34cc 36b7 3a7f 2757 3560 2766 7e23 76c2 63a3 4e82 0150 284c 2c9b 0530 2f7e 0faa 4eb7 00bd 755d 22b2 7fb5 6f88 3131 20b3 6769 5355 2ded 3ffa 7e30
416f 0a2f 6885 1e85 4646 38a4 24e8 2788 412e 2d6b 7181 0721 1517 5bf4 4746 7b92 5589 3384 4b33 272b 36a8 2a96 2481 41d0 6759 0fb1 2d70 2c10 1cdb
0a57 6fc2 4f08 5f4e 439a 232d 566f 7e61 57c5 5567 699a 155d 0386 65bb 2e92 1e5d 4fe0 5977 7612 0af1 53fe 76ea 370e 3c7c 1a1e 572b 77d2 26da 7d34
3632 414b 129b 7a0c 7352 58e5 25ab 18f2 3213 7183 126a 3da0 6b18 51d3 1605 00f8 353b 63c7 00d4 4a35 5e1f 59d7 2bac 128f 113a 7389 3c3a 73b5 2256
08a3 3c63 64fe 1975 4cae 55f9 66b3 3023 3a59 76eb 4d11 5351 451e 6abf 168f 51db 621c 71c9 0d2d 00e6 7a26 3685 7be6 5bfb 2298 12cf 237e 5948 49f8
08f6 2f45 6776 4c7a 3ff3 5882 1b28 131e 068c 7be7 68b2 329c 2ab6 1b13 6974 5013 4257 6bd3 24e0 2e32 2e97 63f5 70cb 4916 2131 582a 2ef1 647c 6208
6cde 657e 5ac1 56c1 4221 6a56 04cb 0ebd 09be 024b 5459 4f33 742b 70d0 5356 36c3 5f42 6e9c 67e9 14b0 4264 6fb5 73db 545c 0b4c 006e 18ea 31be 3820
6caf 7b61 0ffd 4a6d 0e41 72df 3067 4d4e 0ba7 449b 7e63 497c 6856 0215 2236 6681 5e14 1055 26bd 4f0d 1f74 0f48 35cb 710c 4256 4c27 699a 5155 3168
5ad6 302f 2e45 4f9d 79a1 521b 3d02 28f3 4822 5fe0 66eb 7234 38ff 58da 4a5d 427e 5a57 46ec 7963 2075 5697 4d07 3830 51b8 2662 2158 7ea2 359b 5e3b
16cd 3fff
77f2 3fff
6b96 3fff
0ad5 3fff
148f 3fff
1a32 0000
5534 3fff
79d7 3fff
4a08 3fff
30bd 0000
47d8 0000
78ca 0000
00ce 3fff
2033 3fff
78ca 0000
0667 3fff
7166 0000
6aab 0000
37b3 3fff
47dd 0000
1f91 0000
39c5 0000
0ca7 3fff
2245 0000
7313 3fff
0658 3fff
2521 3fff
5fae 3fff
6d04 0000
5b36 0000
4729 3fff
6dd2 3fff
47d6 3fff
4c72 0000
72b7 0000
54ae 3fff
4ae2 3fff
544a 0000
145f 0000
1aeb 0000
74e8 0000
235b 3fff
37c2 0000
1f70 3fff
6100 3fff
2aa4 3fff
6135 3fff
7b22 3fff
3083 3fff
1d76 0000
0abd 0000
001a 3fff
44a1 3fff
0605 0000
6292 3fff
4f66 3fff
25a7 0000
74ee 0000

7497 61ae 4a24 10a4 3e7b 266f 614e 4536 22af 4dc7 64a3 2135 752c 0d28 1a71 375d 5836 4a56 476d 767f 3df4 62b0 1ce1 79df 722e 6522 4009 1d54 1f12
2d86 3f1a 228f 3e37 24cc 5718 7a09 4d8a 5345 0a34 5f3f 10db 151d 17e2 1bbc 0047 2ad9 2852 0008 4196 5de2 31e0 24f4 5db7 4f77 17c1 79e5 2543 4bef
762c 312a 75e3 0cb1 13e4 3937 6a70 464e 6ae6 3733 667b 0b5a 0a9c 4f9b 23bb 7206 7209 6ab1 1cd4 100a 25ed 6fbe 57b7 366c 055c 16cd 408e 6c36 6fb0
411a 060c 5995 31c8 1aeb 3376 68cb 6d9d 4a91 369e 6f07 32e2 5dfa 5c89 4d46 256e 7763 5083 2fd9 4db0 4345 1a9c 53cc 4547 0a92 492f 399d 5606 3189
05e8 32bb 24b1 77fc 3579 53c6 2d9a 44c0 6389 461f 7101 48a7 617e 0c49 54ba 1f9b 416b 33be 78e3 1a14 7c0f 5d17 7c2b 49da 7ed2 7867 4287 5d52 7f70
74c3 4051 2c83 489f 381e 3683 442c 1709 45a5 2100 0bf9 0adf 2bec 2f60 5d10 02da 5ab2 4e0f 232b 4133 2e05 1d62 5539 57ab 13fa 125e 7999 5e75 53ff
6527 6805 47e5 60bb 63a9 1bbc 397b 0dc8 0657 3102 5262 5472 722e 57b5 6370 6984 0bcf 1877 4aae 7b09 363e 41d9 0f62 0ef0 2d97 4012 2b97 0cf5 1425
712b 64be 4854 7cf0 4303 1cc2 6a1b 4473 1e74 4968 21a5 7d64 7130 4f15 6c25 73f1 68e1 699c 4585 6c4c 177a 6b91 20d8 7d9f 7946 0d69 236d 2392 639a
67aa 477f 75c5 3b2d 1c13 29cd 55b1 1921 3e56 72e4 5f1f 6c88 7935 3f32 3e34 356f 14de 023e 5598 38a5 3a4a 37ed 375e 3c27 5758 52a8 19f4 3fb4 1495
0800 469a 3271 6377 4e16 72f4 2dee 3264 415c 0621 2943 7dc9 0abb 6833 7ce5 3c01 2a2a 415b 053b 10ef 4d05 7549 2838 30f4 5c79 7a42 1555 5b21 2777
2432 2f3d 11cc 34f1 18bc 36e5 05e6 3ffe 017a 56c7 7394 1bff 6529 1b9f 3375 6f14 3734 78b2 046e 133e 084f 1b80 45b5 3083 21c9 5df4 4ff5 4bf9 0510
24fe 593e 63de 34c6 2cc8 372f 24a1 1fa6 4d6b 0b17 33a0 67bd 4c5a 5397 174c 0628 5234 4f10 3218 3e02 5f04 6f94 4b86 73b4 1998 2536 0b52 68e3 7cd1
234f 225d 6876 7fb3 0cd6 7d8e 720b 2275 5ba3 59ac 5a06 27db 4e80 6f08 79c5 74ee 102f 6261 176b 7a09 775d 7270 19ba 205a 0971 7678 73a1 55d4 3644
3161 60e2 3e9e 0bdb 6354 5e09 31d1 4c16 6bea 4a7c 0c1e 5cbb 3e0d 43c1 4d69 3cf9 15aa 6153 557b 1562 1e35 0737 602e 164a 53eb 12ed 2bba 30a1 243c
228b 6e8c 36e2 1bac 0831 4030 44f7 760d 5a4d 71c6 52f4 3af9 663b 5e50 243f 7450 0d13 20ae 14cf 6696 16fa 2ef9 5e02 6feb 29c3 7545 4a5b 6767 29a8
53d8 53f1 7a02 4c68 2d66 25cc 710c 7c21 53e5 7da4 1e75 7e98 4ae3 4d77 4b2e 20b0 0340 59f0 23a8 617b 6b46 509f 04d6 7111 1dd3 3769 08e1 68f8 54f0
42a0 5af2 0047 54ae 1b3a 22b7 4e68 46e5 25a1 7f95 1602 0e7a 0f9a 6631 0237 3f0d 59f2 63e7 1d28 04bf 6c1b 48db 2ba6 7ed7 77c2 79f1 1f50 053a 640f
0696 0151 14a9 153b 19bc 6575 4ea8 687d 4a47 75cd 2610 2f14 3c3d 19e6 74d9 5a41 4a05 6148 7ab3 08c0 43c2 557b 13e2 02aa 1b50 6e99 3509 196b 3887
705c 091e 50ac 4c18 41de 5bcd 0b3d 1735 0e59 6203 7ab0 5bbe 0da7 6c10 3891 2a82 2ca1 1260 73b8 3a13 3332 4ff0 0ac2 17ec 7ee2 5272 75dd 2474 276b
270e 7158 3671 0326 5522 7855 4db4 7fb9 1c50 50fd 7946 35fe 5016 4792 62ab 1f3d 585c 4a9b 4eed 0722 0093 7995 31e2 5c09 503f 0bff 68bd 3041 0705
02c8 1010 5fbf 2bdb 1b66 1f76 661f 1d24 79e6 6e81 660b 196f 3c90 245a 4c71 3223 4e0a 7859 421e 38b1 2140 65bc 2b8e 61f8 2a07 0f54 3bdb 2bc6 17fc
4c24 5b63 1957 36e6 714e 49c8 4462 58be 40d6 616d 5d69 1470 207f 41ea 23c8 5e57 07f0 3249 46f6 4b8d 7838 2004 373f 28cc 0bd4 182f 1c32 1262 05fd
229e 4777 2576 45c5 6868 139c 4f2f 2cfa 07e5 007d 7e51 1e3a 7ebc 47b0 1c1e 4276 38a4 2e46 4ba5 530d 4e76 2fa0 19fe 6807 447b 11da 224e 0e02 21a4
13e4 504a 3dd3 6907 7016 29fb 4e73 28fc 440a 3f4c 1280 1221 31e3 058e 0a2f 31e4 06da 2bed 3a25 00da 3f5c 4983 7bed 4ee6 79b9 7844 2bb9 6987 6154
5528 334c 6a50 71b8 6890 3ed4 7ad0 3ab6 22f2 2323 1a81 1a03 176e 2493 7ac4 79e7 3f18 0f8f 7147 42b6 4c35 082e 53d3 4db4 2b70 491e 1af3 35f6 1981
2d29 5dee 5746 1048 4f10 1a11 06d0 654b 780a 1253 0ad7 6fe2 67a1 0ef1 6b77 0ea4 6d6b 4c99 15f9 6d14 4e7b 6a07 1c7e 0c18 454a 5d2d 3095 49b4 74d8
3494 2189 49a8 7468 45b3 0c05 255b 27dc 3047 5454 1400 6539 7895 7871 7711 12cc 7951 7d45 32bb 0ee7 50f9 5404 4263 57ec 4b8a 48b1 48a7 5455 688e
4984 7389 2c03 1e40 0ed8 17e5 2d16 54a3 780d 7aaf 4207 779e 7a8c 160c 3994 2577 0280 436c 3de9 0338 6ef2 684f 28a8 6ae4 7206 7c5d 36f7 43ef 024e
0635 188c 0d1b 7fb9 5a6b 671d 2cf5 305d 59ac 5400 3bfa 5a39 7202 5a6d 1726 7403 0cf9 261c 5b04 18d5 2cba 160a 5a50 2ba8 4159 6c6b 376e 0e98 0776
2352 7858 5e5b 5109 25e2 15f3 579d 7a86 4bce 1a1c 64ae 795e 5352 242c 1d2c 7515 666b 4d2a 42c3 5f57 0324 611c 7a10 2480 72b5 207e 40aa 7e47 2cb7
4006 63fb 578a 48d0 53d7 3443 6e15 7381 5d61 5d93 4ee9 225d 203f 1341 6cd5 2175 0ace 5af3 2168 4d4c 0ca9 6ddb 37e7 4715 20da 70cd 4e49 1201 7e19
7511 5ad1 5fc2 1551 7bd3 0b82 42fa 778d 1c6e 7c84 6226 0005 7684 0eba 54a1 4344 0a9d 6b5f 78f9 16b7 47e4 231f 7d35 74fe 140b 7b30 4097 6868 132b
58c9 13f1 16ab 0bab 10d8 7ac1 4fbb 60f2 350e 3bd3 7bb7 4401 17ab 3f63 2afd 2c44 6aba 0b7a 20bb 2420 5849 50d0 5e78 714e 1a4a 263e 02f3 2b4a 1a08
0b3e 633c 3c5e 6ca2 0a50 49f7 077a 78c1 21a4 688a 2f4e 243e 3570 7407 5e45 4668 4b03 0e4f 5b54 3804 61a0 4d12 2089 5509 58c2 314f 1e83 1ca6 2d57
5e9c 1e16 1609 1d3d 04aa 2e68 2058 730f 2df6 06bf 3aa2 5083 171e 736f 43a2 4a35 744e 56db 3493 7aef 1f13 5ba5 1e05 005f 3b57 1ed4 6daf 714b 17cf
3331 0b0b 1e97 2876 1517 1bf1 3891 76b2 5f07 72d3 219e 71fa 7877 03c2 2f92 6131 75e1 7d7c 3c02 1207 05da 0da4 05ea 6980 3b24 20f6 4937 76a2 1a05
065f 3bf4 2028 7129 0c94 6f99 74e4 5e5b 4b4d 38b1 558c 5c1f 1ade 6062 0f40 3e4d 3d08 410e 41c5 5e4a 4879 0693 7345 5606 1217 3e20 34d3 72ed 03db
44be 2319 5daf 0713 467e 756b 10a2 4ba9 6511 2749 1382 538a 15a9 25c4 1032 73f9 36b7 5ba3 2749 40a8 6d9e 7c15 56cd 7a57 0216 63bf 7b4a 5b48 3bb1
0463 5af4 7ea6 1fa3 65e2 6c98 649a 6e28 26b9 38af 62a6 2011 59e2 5c58 4e7f 52cc 42f4 1dcc 7c29 195b 76e7 77d0 770f 4ed5 5f63 5272 3211 35bc 6830
7bf8 5cd4 59e9 57fe 7b7d 7a1a 50c3 26de 6747 33b4 5b27 0749 6008 3524 63f4 03a4 66e6 076d 0c64 3593 3d45 7bd6 4618 3640 7ee6 3dbb 2d25 4913 4f8f
158b 5d9d 6916 210b 3652 2959 25fb 5501 0090 2d2c 2100 5813 0587 506f 2266 46c8 0b57 3733 0f0e 7829 3fd9 5c8a 48cd 000b 6666 28db 7919 7369 06e9
0fe9 2bfb 0568 4e9a 35bd 15de 5335 3f74 0da9 611f 781a 1881 5ef3 373e 4478 43b2 53a8 73f1 4301 3dca 6b9f 2ea7 7621 7380 139b 503d 401b 3187 71f7
1ca3 7564 45f7 0280 04d3 5942 67b4 73cf 3c48 762a 384e 02d9 73e7 37a9 271d 6b4d 601c 7aa5 64aa 60ac 5162 22c2 3767 7422 00d1 3f8f 70c8 0909 261b
0e0b 5b5e 4f8b 3325 0819 352b 52af 1a7f 7601 5ebc 3682 7f73 6783 34f9 266e 29fa 1ce8 6553 317f 335c 53dc 3365 7dc1 22cc 6bb6 1ae8 4acc 1d09 3afe
1235 71b2 06ef 6036 2b52 262f 6ebd 260d 4384 2924 50bc 2cda 4209 73fa 7fd7 60cf 7a1f 35b7 2ac5 0c5a 65a9 18af 3fec 542f 6860 6616 7ef8 653a 2fe0
5430 6dd4 70b2 2139 1d10 7abe 047e 0c7d 5a65 5329 4d18 6baf 3d11 6616 79df 193b 39ea 680f 64d8 2176 2ac0 1726 35b5 1c0d 569d 72a5 5cff 2fa6 094b
33cb 7751 3b7f 43fa 0121 745a 527c 5d2e 4fab 41ab 3ac0 7f94 2925 2fa0 41fc 0093 54ac 2e6f 29e2 7c5c 3337 5b6b 0869 1f2b 20f0 765f 4766 11e7 66bb
2ed3 4d28 55a8 251f 088c 5346 0908 7d33 2879 4cfe 1d70 5c33 48ef 138d 40ac 16a7 0514 7e6a 48bb 01b5 7c90 2078 68cc 4d4d 4766 26c5 1598 6a39 791a
30a8 0529 6788 0045 18ce 0845 25c4 7014 3490 7a9c 60ed 3779 6f84 32dc 5e05 5adf 297d 7b66 3c31 487b 6318 3921 1d38 13bb 0cae 0f40 1dbb 6dd0 06f6
4c89 2fcc 1bbb 3f10 145e 4705 5ff7 54d7 0b85 1fe0 551a 17ca 42f8 6383 2c79 13e5 51c0 0489 66ae 58d0 7817 4527 586c 17f9 08d2 1708 3016 0be7 6ee6
119b 0d06 60d8 4bb6 6fd0 2acc 211e 0528 4249 3f29 5c48 6c51 5a5d 64e4 41d2 0d5f 42c5 761b 30c3 5e6b 03d2 6f56 42c9 5cf2 6cf3 5533 0dfd 4f10 0958
27f5 2eb1 24fa 0f43 2698 50bf 7bd1 19c7 7643 716c 739c 4c1c 4182 7152 6a99 5c9b 6e49 5e50 4249 18bb 0f7d 450f 2b15 45ec 3312 4e39 09a0 3fe2 3191
52fd 3ba9 1e1b 25b9 4c7f 3121 00a8 5d71 3515 6105 7997 0c9b 10c2 28ef 2c60 263e 56f6 4044 001a 6841 1889 1e2d 57c0 5d6e 6a8c 4250 4829 6f04 755a
5ee8 4178 506b 06ef 667a 24fe 0381 3876 2c3d 2351 0257 678c 7607 1e19 6097 4ae3 22d6 5b79 776b 27ac 00a7 6d1a 0b50 7492 5841 7975 4efd 05b4 0a37
15f8 5d88 337e 599d 6048 7b6d 1aa9 1441 38ed 7357 4959 62b1 19cd 3ac2 1326 03cf 0eb9 164d 6ab5 61f2 7e37 13ae 3735 036c 4598 2858 24f6 51a8 7059
3f56 77e1 11f6 624d 5a97 4333 5028 3db3 0bd5 39f1 550a 02f5 77ea 319d 2b35 2096 6428 46a9 2842 7397 59b5 6811 11a7 5439 6468 5a17 5531 19fd 6ad5
69a0 23d7 685d 1fc7 5682 7f95 3c3b 45a5 033c 3d90 6bf4 10cb 774e 1d15 4ec2 4abc 4d9e 3d8f 5042 64cd 4849 69d3 09e7 76fb 7d94 7e5f 6701 5a84 6f09
4e74 2981 4794 74d0 0813 6a01 1c0d 442b 3499 0743 78f3 17ba 26b4 1d45 30d2 4c21 6567 2ac5 4cf2 7d1f 6476 7bfa 4b1e 4d30 169f 6d4c 0089 3f90 4b7e
5cde 3c25 3311 6883 343e 6b17 0583 45f4 59e7 65c2 5176 3e62 7a32 1ae8 67f6 4512 75b7 12c4 7b06 2f7c 0621 0555 674b 4136 289a 1739 5bf7 2308 617f
04da 521f 5f62 0243 7ae9 42af 600f 3725 7d05 7375 5b42 7e19 4eba 7075 109d 4e20 4563 76bd 09bd 3d19 6800 14c3 489a 01be 5b50 44b7 1670 534b 5eb7
54c1 5bcc 7e57 3585 0e5a 61f2 5b63 7b2f 6c7e 1440 4688 6170 3123 0606 0223 32b2 559c 6330 5b73 1dbe 2277 1fb9 406c 7ba5 6d4c 5c02 31f0 4173 3d27
06e8 7b96 71fe 6bde 76a7 405e 092d 144b 1d9a 2456 238a 26b5 462e 50b5 7ab4 3f98 02ac 5e01 736e 274c 2634 6794 35a3 6c8a 1291 7c26 6907 5e99 27d2
64f1 012a 167d 2fde 7943 21da 3542 29ad 4177 5598 6956 0d17 6e1f 1ab4 5a01 67ec 3ad3 4d9d 62b2 09a6 4d6c 6776 68e6 45c8 6810 7851 3b37 671c 438b
777c 6907 63ea 06fa 02cc 72b8 3e6b 0e60 12c8 65b9 4251 3fc8 66da 1f51 6bc0 4326 55b1 408e 6aa7 4f4f 0d3f 75ea 01dc 0642 5c9f 5012 04ed 564a 3b18
388f 0b41 3ecc 13b0 5096 39cc 12ac 76fd 6974 67b4 5d6b 6fca 2aba 4962 3fb7 445b 3f40 79ca 427a 5ef6 4d3c 558a 00f0 4edf 6628 4aa3 7347 604e 0b0a
1e49 36f7 1188 213c 4c39 0430 51de 784a 6ed6 65c1 0dcd 72fa 52bd 39fe 07fb 576b 4981 52cc 0380 0da7 5546 1876 2791 75fd 7b8e 2094 43e8 0881 5b0c
1cc7 304a 23cd 66f9 5db4 717c 61e9 7344 771e 1f61 07bf 79a3 3038 38bc 2dc7 4f6a 4f05 1b40 59d4 427e 0d0e 5a86 748a 393d 5696 1685 3157 776b 50fe
4f4d 4354 2db0 56df 1591 3de3 352f 440c 08d5 6483 36b0 7c76 256e 5bc0 537a 344e 7c68 6ce6 2de4 551f 2a5e 2eeb 0cf9 56a6 5317 63e3 4c31 5a2c 3bc3
2ecd 3209 6668 370c 2975 5cb5 0239 732d 2e40 4762 7658 4557 6dab 7f0f 5fbf 1815 6b96 67d9 543a 5929 09c3 63e9 3c4b 5033 137b 4d59 745a 2262 4d15
6d8e 3500 4882 5090 3cc2 499e 73d2 4f55 2777 7a54 7141 72b7 3576 629e 723a 306c 3a51 17c4 27af 3092 12a5 20c6 2133 42aa 7edc 28dc 68ad 5280 20fe
5567 5ea7 7d1f 4c40 004c 6d8a 4aec 2faf 6c8b 187f 3bbb 13b1 6123 6ece 3e69 1830 2166 08c2 60dd 64cf 0c12 6c97 4fec 0ee2 083b 7b3b 7e61 234a 6071
6f0e 23a9 1af2 73df 3024 2d29 40fc 599f 7387 1c8c 4c6c 1256 3cf9 4175 04e8 6c0a 7f07 3ede 50b0 4d4f 302a 17e6 5b77 750d 757f 75eb 48b4 319f 390b
01df 29c4 1300 5e32 7665 7efc 5172 6347 769f 6baf 399f 4573 6b87 30a6 469e 2dcd 1f08 5139 5207 14f5 783d 4e30 3930 3f74 68e4 6de7 5759 0f51 251a
4c34 4e37 2985 6cf6 1d06 1056 484a 6864 35bb 2157 4cf6 674d 447a 4539 25ee 4ecc 37ae 74f0 1b86 39b5 5f44 6634 7dfd 4ce1 1336 3ab7 7328 1dd9 3b4d
6051 6a58 364b 09ec 3499 2f46 0fa6 7720 15fd 63be 28a1 5d3c 61a0 42c0 5758 6e14 4e16 11af 6e45 318e 50a2 5a0e 1541 3900 6544 2ef5 630c 3860 1ff6
6caf 3b58 1c8d 2ca4 42a8 6fdc 07e8 7110 3685 1172 73d0 3d8a 4934 0793 6fda 06bc 1df6 5e9b 586d 573f 3c44 2a63 679c 202f 6ed4 0223 5420 56ec 6b38
334c 7abb 233b 3ecf 1888 614a 2b0a 02e3 7723 1f34 6155 2358 3e73 379e 528f 3694 1e87 0e78 2e65 59e0 234a 33e1 1f79 0410 20cf 635c 0746 665d 6142
6129 5ea7 5f3e 4fa4 1400 6054 182b 55df 29d2 2549 206b 6a95 7f40 5bd9 3410 7c61 6144 54cb 6120 32db 6e6f 1a31 7c34 195a 3c3a 1778 6777 750b 5687
02f2 3323 1e69 1f77 067e 6e4c 41a3 280c 187e 0977 4c36 6f35 3f22 044a 23b7 7617 3611 0322 22e5 0d32 667f 3df8 7da1 3b7d 60f0 7212 7052 718a 6c95
62e1 677c 789d 1bf5 5f2e 225c 64c4 5313 1936 2f06 4c6b 07aa 7b09 784d 1ddc 045d 0929 5464 4be7 2771 5712 60f9 5d6c 394d 7c0e 32c7 5da2 2574 6471
64f8 6b1c 01b2 3785 13e3 1881 7d1a 0dcb 0708 0b39 65bf 0761 6216 3fb1 64c0 5816 005a 29de 6875 0a8b 3e1d 4c56 1444 1f24 147f 58a8 7f90 08e6 4dc6
034c 2e05 2135 3ebd 69e3 52d9 63d7 4c4c 6c17 6143 4ea6 0a1c 5331 4bfe 6f13 07a4 27a4 7feb 4838 45a3 33cb 7e86 6d83 4d1f 0ba0 396e 18a8 77a0 2ea8
70a7 279d 54a0 71a1 22e6 6d3d 089a 1b70 05e8 6d0b 64cb 016b 529c 4dfc 77dd 6894 5659 4c21 6990 0042 6454 7ee0 14d7 735c 2038 1fc7 3e40 5bcf 42da
4dac 7885 11ca 6be8 32ea 0daf 63a7 7913 7aa9 1a26 63e5 2d3e 4565 0efd 464d 6476 3499 26ad 6020 3163 27e8 183f 1753 7514 26b2 0adb 3364 061a 4502
23d8 3b6a 31bb 247c 685f 4c1b 7124 68fc 0a00 19e4 649f 6dd4 449d 536d 219c 6429 2869 17e1 1ad4 31db 5f2a 0565 5ede 1871 0176 4996 35a9 29d1 17e2
4e0d 3399 163d 2cd2 0521 0af9 47c6 2814 5a71 3d29 0796 5ee6 75d5 3a33 5cc4 392b 7c8e 36ed 7f57 710a 21ec 34ee 749b 6c0a 5aff 1170 1e71 7e02 10e8
3f84 13ca 1b5d 1239 33a1 7df4 5166 3068 5068 01cb 15d4 337a 1b59 3133 2809 460b 5b20 0438 271b 0d83 0d09 1346 7aba 6434 397b 14cb 0abe 6880 02f4
7d21 48d7 0502 1735 68e8 3542 19cc 5de3 76ea 1824 1485 21bf 68bc 7d41 2df5 0c11 4191 27ca 320d 6831 672d 3aa7 37dd 2dfb 5d79 2434 6e51 5860 53ca
1464 01c2 5d87 413a 3a28 1f9b 6428 3cef 56f7 18fa 1a6d 4415 3e54 7b49 324f 64ca 1d97 0bb2 66b2 5b5a 3fa1 53d0 7dbf 2f64 4e62 0616 0a43 3265 2a57
7bbf 2fb8 0ebe 6b94 1b1d 6fb9 6717 7d06 6867 071a 78f7 09dc 763d 4c79 29c3 70c6 456f 6579 5f3f 0395 6559 19f1 76d2 17fc 74a0 108e 3b7c 4da9 343a
5cf4 61d1 17cc 6a3c 0b24 429a 7e52 277c 423a 08f2 220c 5563 53f6 38e2 3d0f 1d52 370c 274a 0378 320c 58ec 296c 666b 214a 4595 36d6 7f0a 06e0 605a
0213 2d2b 23e5 60e6 006b 7106 40d0 2cdf 5011 3004 3df6 7725 449f 7c5a 2aad 11be 6fdb 64f9 5d50 7c06 4cd5 6dee 5f8a 1f79 0a1c 771b 645d 0795 78b6
0229 26bc 6360 4b1d 3226 01af 1c84 0062 4a0f 1576 1f72 072a 0ccc 5fa0 4752 22a1 1add 0d49 777d 59a4 2918 168c 1d45 4d18 4202 518e 0fd1 2e82 2baf
2378 154c 289e 3088 158d 1002 3756 09ca 6436 4c2a 19ae 0dee 1eab 1c2a 0ac8 0ec4 553f 0745 2a2e 3e66 77e9 00db 06bf 2ae8 1cf5 311b 637d 7c6f 19ab
2e3a 6b9f 2ecd 12fb 2eff 3f54 25f6 06f9 313a 3e00 2a0d 1db0 7abe 38b2 4a1d 78be 308e 170e 5a92 77e9 7293 7c4f 0c0c 7904 44ca 005c 4814 4f3c 14c9
4969 5f98 5095 4b74 308d 412b 5021 00e3 7c4d 5621 596d 604a 4989 798e 0fbf 78b3 2783 7b80 43eb 52c6 4f2b 5d37 5ec8 68ca 05ab 0f1c 2de0 4765 1e82
7f4c 2520 7967 048f 43eb 2f5d 7b94 43d9 5483 62f6 7e8c 67d5 3a8d 3ae9 421e 284c 3cfe 796b 2cff 4bd6 2aa6 08d5 1ff1 660a 1c59 088e 514b 0100 5ede
37e9 3ae2 7aad 2b03 13d6 134e 2bb7 5fb4 5a72 3d67 7739 551b 21a4 357d 17ad 18e9 706a 0c13 068c 778e 00ee 4670 0fd8 629d 48c0 73a6 40f5 576f 7c92
2129 6f40 5453 4d8d 6f5d 70a4 1d46 06f4 185f 190d 1e8b 2403 1a2d 7d73 4766 7533 5a3e 5159 574c 5fd5 3cde 0013 618e 7401 7067 3564 33d7 30b8 39b9
3ec0 563b 67d5 056e 3921 174d 2175 6335 287e 5820 510f 3e24 24d9 73b2 21d6 11f3 62cd 5b00 4f46 77bb 1e71 3efd 30f9 465c 0a5f 22f6 0ada 1302 7397
61a2 4ab9 18ac 7380 0da2 7514 1b64 4b6a 6161 5aaf 08ee 6138 388f 54d0 2f92 4e93 733b 2bc0 5f71 6fed 4806 4e17 6265 384c 0c86 029f 5961 5c4f 0261
2805 25f8 3ed7 46cb 0eec 6169 7bb6 26d2 7357 1d4d 6521 72e9 56bc 505c 07de 40a4 7adf 2aa7 5111 699b 0d00 715a 250e 7af7 3508 442d 2d05 0e2d 2f58
0cf6 5ff8 2b88 5e50 5b40 2fdf 64d5 6b4a 1a0b 4f2e 7ac1 08a5 2517 55ee 573f 10d3 3b36 024c 01d4 3344 4ee2 2f6e 1720 271b 7564 7db2 2dab 316b 071f
4a26 4468 2c93 0439 7b32 4238 63aa 76a3 6841 7e17 66e2 01c4 0c2f 7091 6e53 210a 7d68 4281 032f 2494 5fbd 15d0 1439 4837 6dde 4d81 1091 51dc 0b39
3cf2 7cea 1bf6 73b2 7b3e 4b37 32c0 3e36 7e3d 1148 3da5 4d8b 34cd 26fb 1a2f 7e0e 41c2 5c09 52dc 7f92 2c92 2213 4f08 3127 03f5 63f7 360a 102b 6cdd
4543 6654 63c8 1f3f 10e4 53c2 6443 1974 2f11 3800 443b 21e3 069f 1493 39d0 6e76 358e 5e11 565b 5f79 2f69 253a 474c 0f0e 142f 34a7 5678 17a6 7915
332d 68a3 27a8 4737 6326 2888 59a2 418f 6bd0 14c8 39f9 1fef 62bd 614a 460a 3dcd 4a53 6b6c 6974 4f6c 5a71 2e43 3864 3482 720d 1969 3822 44bb 29f2
6131 5dc8 7ab2 53e9 4f94 3b80 3706 550c 710b 0a57 5baf 1cd3 14da 2bea 5236 34a3 57b9 1015 1a36 1706 58c7 40f0 5cf7 74a7 3671 17d1 7485 224f 7260
6ecd 0702 1e90 38fb 31b6 55ca 5cde 28b7 0289 40f5 336d 1d42 4e59 0770 4043 0847 6c88 5e4c 75b3 1267 6172 0b3f 2427 28a3 1524 294f 3591 285a 2eeb
300b 4803 411a 01f6 54fa 4105 70b2 0e7c 7a1b 1ac9 6138 352e 27c5 6443 5f09 63d5 7676 33ee 7f49 76d6 55f5 7690 2b90 6d33 2f52 0145 69ce 242e 0ef6
6c14 1c68 3dab 562e 7ed3 7216 003d 55d8 54e3 484e 6749 41ec 1de9 7ec2 7b8f 3139 0b96 15b4 27ea 1b46 4eb9 373d 4670 4bc3 22be 77d2 2fc9 5719 2130
6e15 39ce 1ba2 4c5a 1bca 7df9 29d3 0dfa 5be9 538d 0c3e 5407 61cb 1152 0036 5148 19fe 5b6c 0562 7ee4 1efa 7875 2cc8 3322 7142 6eca 4b13 0fe0 5527
682f 525b 62b3 77f8 5d19 7e76 7749 2006 38ae 42a6 665a 55a7 4a66 10bf 396d 143d 545d 065c 4dcb 705a 2dd5 09b8 743b 3770 2586 4996 7abe 10fc 5971
2a4b 2829 0971 06a4 0b87 7ade 351e 6fb1 1abe 0fe7 0077 19e7 62ec 2597 731f 6ecd 49f9 732d 25bd 103e 56c5 61a4 1816 7735 5e73 4094 21ef 150d 45de
0374 3d1e 6dae 53f4 0b24 198d 1624 0c7f 5de3 1f44 19f3 3c41 7974 07b3 352d 7964 7e27 4eb4 5cee 2d9f 49a4 5917 7379 6551 0270 187a 202c 223c 1047
5e0a 0196 3caa 7438 1470 399c 5a3e 5a32 75a4 6d83 5188 7146 15da 2440 3979 70f6 5eb3 3c65 1988 4bc0 36d7 3f67 2d54 3fe2 7ede 3c71 2e7a 7a52 426f
3b61 1371 3fc2 3e33 6281 2233 6f53 13ad 030b 760d 4ea2 5093 3991 543a 7b78 4cfe 5f12 2e6a 4489 7e15 476e 1baf 7944 6a5b 5a35 734a 4538 2aff 030c
05b2 18e2 4a25 0787 1e88 7001 7473 3f86 29b7 683a 26e7 1f02 0392 31be 3f1a 5e56 22ce 51db 376c 142b 61b7 3b3a 03e1 3ed7 5c12 5991 6ab7 4869 197c
042e 6930 2195 7ce9 7b2b 68d1 3fd2 5a5f 1890 2878 7cb3 74f5 32a2 061a 196c 3e0a 383b 69b7 28af 0f83 67dc 480e 4899 32de 768f 0b51 27e1 6618 1146
14c0 51af 2bce 48e0 7e9c 174d 24e8 48f6 39f4 7e41 3428 0919 1e59 25f4 25ba 0cb6 68f8 6075 1154 7180 2449 73d3 7bfe 2093 2ec4 4af4 1471 4671 1332
629e 4ca9 4d3c 6c58 02bb 3236 11a7 6ac2 31e1 65fb 3aa4 4dbc 0883 5895 642d 2672 6137 66d7 451f 38e9 25ef 2f32 3d1a 516d 2112 594c 5360 775e 0d99
6861 4b6b 38b8 792d 03c7 214b 78e4 1d66 0b4e 729d 3909 75c1 177e 0e2e 61a7 3b95 5b3a 7574 1209 5784 6131 7778 598d 2216 5930 4476 36b2 4b2a 3039
6221 2703 41a5 252c 4671 7ceb 27d4 79ba 7428 17f9 1337 3cbf 1b85 2d4d 6bd3 3497 4232 6320 494a 4206 0412 22d8 7cc0 655b 391f 5445 037c 084d 3f45
41c3 36ff 3d28 1979 7808 53ca 024d 14fa 299b 29ab 74f0 1f34 0d2c 3ad1 112a 731a 55b4 3608 6ced 4eee 41cc 48e5 0c14 402d 0d15 26fc 3ca6 5633 599c
6e36 7168 310c 7b82 0607 32bf 2d03 2eb3 1daf 5970 1018 2fb3 4622 62f9 3c8d 4bba 7d80 006d 752e 5cb9 1d3b 3683 3877 1170 467a 6ea3 4679 304e 1969
755a 6298 03b7 1642 2e24 11fb 1073 128b 6134 118e 7dbb 0c55 6a53 7819 3d51 0ed1 7fd0 7c22 1ead 14b1 4044 69ca 3128 71ba 7153 7d7f 24fa 4b86 41a0
118f 29f3 7405 61d5 6454 4355 26fd 407d 70f5 2c68 0e2d 194a 1168 486a 7e95 2705 170a 11fd 39e3 07e0 7cac 76bd 6788 529e 0932 4bac 5adf 432e 2556
38e2 6a2c 3e57 0b1c 5871 2e50 25b1 4034 4cd7 3152 09b4 0047 1898 7090 1eac 3e52 1bec 12b8 18e0 3ad6 0590 0573 4816 77ca 5d9a 0a6f 1316 778a 7fbf
5467 1679 03df 785b 214b 7258 245b 314c 2bc6 5e68 62b9 6a11 63d3 5e7e 1792 720e 6ce0 2a79 0e52 456a 75fa 4db9 1d0f 39f0 222b 2733 6f5a 360e 4ca8
5504 50c7 4ade 7f11 0c62 613f 3c03 1ab0 5516 1e03 7cb3 07cc 0840 5b1f 681d 7ab4 4352 2d85 0a94 31b4 0e17 33ef 69d1 3ea9 1ff4 0a00 5435 0222 46ed
5cc8 094b 4574 249f 3aa7 0752 0d3e 0702 1516 5e03 6047 5c16 13b4 2ddc 72ff 2efe 401e 7d65 3ca0 7001 26b5 2a84 0adc 39dd 5d0a 1000 25da 642d 1578
770d 43c0 4b39 4275 0b23 536c 50a1 068d 032b 2cbe 7e8f 4e88 523f 331b 2960 4ac7 73fd 2f14 4750 5b39 5c99 4cd6 11e7 5cd3 2395 27c4 18de 7df2 27ff
4011 3654 6727 7b40 735d 448e 7352 1bd9 5b2b 6593 1bb3 4338 0ed5 02e4 599e 135f 3c8c 090f 5a4f 48e6 3194 2660 5552 7a0c 30c8 6395 46db 733a 2793
7484 572c 1356 3a8b 616d 6275 5c08 7a0f 0aa2 7124 7f8f 4169 0e0b 5ffd 593e 0ee2 3199 276a 1deb 53b4 3c64 0ab1 0641 13ab 18b5 7915 7631 47b9 1fce
5d97 2da0 5472 6ca8 6073 287c 372c 2113 3ba8 7769 3400 6e5a 2b6b 0b1d 607f 3a2d 3535 500e 360a 795c 209c 7d5f 2b55 7865 56ed 5bbf 11a8 6435 5d63
0c58 2bad 234c 0774 364c 590f 2301 5639 7daf 5295 5506 3f0a 757a 01df 60d7 5f58 43af 0759 16fe 3d15 5245 7281 710f 5594 5238 3d42 72e7 5603 335f
647b 5c41 0fef 4413 39e3 0969 0481 7287 4486 46f0 7025 5d74 4ca2 7af4 7c45 369b 26e9 0eda 6e13 54ee 3a56 51ec 00fb 2b4a 6088 0647 6ad5 2f42 0d12
7c23 7512 3035 3238 3c29 5d34 341e 7054 750c 2b5f 5599 1e47 789e 7a23 72e8 6451 231e 78e9 76b0 705b 5002 7f03 27ab 412a 3e63 7f2a 28be 6159 6de3
0897 7f7a 2564 3f5e 2ac3 4fa9 79b6 4146 5942 6083 17b7 2c5b 4695 098a 5fe8 30bc 58e4 09da 47b6 5bb4 7119 5415 37f5 624d 5e94 07bd 1613 0468 5477
58cc 59be 0cd8 5c15 2683 584c 7308 1e70 3cce 46a3 1d78 323d 0d70 4a36 74db 300a 4ea0 7c1e 3801 3547 4a18 0b81 412e 1486 2194 2331 7613 4b62 5c31
002c 7f85 0a57 4a6c 7153 23df 5b18 4f07 7896 7ad9 50c9 5f10 15fc 504e 1c0a 5521 7fc8 69d8 4037 68e9 4516 2e7e 7a27 120f 5e5e 5966 26b8 1b62 2f6d
3e0e 2602 6b09 3b7c 0c7b 516a 4285 6a79 35ed 5ca2 6e5a 3d2b 4199 356c 0451 6652 5136 644d 63f8 081c 4c4f 21f1 6247 715c 6e1b 0d4b 03c2 36f0 083b
7b69 7b26 7eff 7e3e 5cb4 6ba9 03e5 27da 22e1 534a 3049 59ab 3ca6 2ac2 2351 631d 6d22 3938 3f45 15af 4f85 6589 3055 5681 2498 5a0e 510f 7615 18cf
0f1c 376c 42cf 0ec6 7b80 0574 618e 4585 422b 78ae 2a1e 06b3 106c 15ce 1a1c 54b3 0870 4184 55f2 25f4 3245 7a2d 1043 53b3 40bf 7a4b 328d 4c15 698f
0e63 2d88 07b7 0c5f 10e4 7e9d 7d13 7a74 2a54 5f4c 1cd1 7e5d 2a0f 2fad 36ef 520f 6fd9 67b2 70bc 2d9c 5cb1 22a7 4d2b 3412 5880 37d1 78b7 4f4f 7c30
57ca 6dbb 004f 604f 2402 32d9 7176 5821 38e1 5208 0ade 12b4 5099 588a 0b9f 7b32 4a20 38e0 4a35 0df7 4670 153b 7593 3268 6e36 556a 0b49 70be 49e7
7e47 46b1 4c6e 09ea 1d8d 78db 3ba1 4926 35ab 0367 493c 0eca 16e9 255c 7d58 5ab3 2895 731f 2ae2 5f9b 4953 4211 0d5e 497a 3a2a 32dc 53b9 7fd1 0772
7adf 0be6 7270 0668 02c7 342a 0fc6 2e20 36cb 1d34 20cb 27be 6070 1415 3315 42b8 1acb 7f17 118c 6079 5d6f 4937 2c9d 15b7 07c7 0429 2277 211a 7931
024e 49dc 2f96 54c2 6d97 2cfd 4bf8 5d95 5b39 1553 3cf8 2ecc 07c4 23a1 1188 0fd3 1ec2 547f 48bc 70f8 3b8f 7503 7f30 0c48 2df5 4b31 0a54 470b 39f1
6a51 1432 6a6c 5953 5254 20c9 2f46 2bc4 0364 62f0 09a8 3634 585e 1863 7609 2dbc 5ed6 0662 2e40 0614 4e22 6642 381c 5bdb 778f 2379 77f5 54c1 7fe9
6ff3 1e6d 5a92 5160 02c4 6ad5 5f03 0237 09e7 6b62 03af 113f 5a1f 4739 1011 3a23 2bec 699d 059d 54a5 498f 4d68 310f 0284 0fd5 56a5 490e 6a62 2919
47e5 1291 3a88 60df 2452 03cb 604a 4d99 43f2 1437 5a14 25ef 02c7 3211 399b 64c4 1611 34e6 2172 28da 12b6 1530 58a3 5fff 63e4 61b3 523e 0040 5cbc
127a 5247 54ab 0b51 0d31 19ba 743a 0c8b 57e7 688a 3c54 614e 784d 0601 26dd 3fd6 160a 7351 3f17 7abf 1935 3aa3 11be 75b2 589f 59d8 1d44 0ed2 12c4
2d06 5718 509a 1a6c 3d90 445e 4c8d 566d 0544 35cd 264b 0ca5 0983 06e8 63c6 0021 7005 36e3 3e0f 466a 0346 123e 5b96 55fc 6e08 150c 32eb 40f2 6b8d
0c89 1814 1eab 2f00 4408 6e0e 7321 6b5f 3efd 4bcb 3b6c 732d 6055 4ab0 6d0f 45d7 4210 7cf7 65de 0bf1 0cb5 552a 516c 433d 49c6 7804 076f 05a8 38d1
6152 79b4 2816 00a3 48d1 74bb 46bd 4bb3 2e50 6594 2efd 7f13 2491 22e0 288e 7d00 2474 7918 3360 60ef 6cbd 655e 3f18 30e7 2420 0950 3dda 0ccf 4fcb
01b9 5c70 30c2 4212 5ef8 03c2 5e3f 5251 6ab4 1f40 7865 421b 11b7 71af 6cc4 6e8d 1f14 1bf4 1fea 4035 0f40 69cb 147c 6d8a 106c 7adf 6a53 6245 2619
01c4 6f8b 64a8 3f8a 044d 603d 04d5 670f 7626 0b24 1cb6 53fd 774c 5f70 327b 1708 49e5 7628 5925 1c91 0f96 633a 0ab7 5f8f 5271 0545 6229 06aa 1bda
0430 7660 0588 096b 5f1a 11af 08b3 50f3 1828 38d8 1393 5e89 2d21 12f7 0182 2a84 3dff 776a 163b 3303 491c 5744 61c8 6f6f 695c 1324 09cb 7e98 3570
16f7 1603 6fb6 4780 473b 5cd4 64dd 4dc4 48a9 0572 3afa 4e28 2010 041c 4efa 33a9 0f6e 2b80 1f86 4806 2891 2c1a 1f96 3e64 71ca 10d5 0e4d 69cc 4562
6450 0ae6 4f07 2a2c 0432 485a 21fd 5c99 0317 5aac 3e40 1e3a 527c 0129 6c25 2831 0053 78bd 029b 556b 593d 238b 511f 2156 6387 58b6 01a9 7a00 0366
149b 26e8 0a96 5eeb 7c25 4330 7ae7 5f09 32a9 74fe 7c50 4496 46d5 222d 4edd 1f17 48ad 684e 5abe 3dff 6f3c 6f3c 11c3 5cd7 4e6a 0457 3c38 3089 392d
7152 2925 4383 17df 02d2 0efe 0440 6f8b 5007 691d 5c92 1f81 24ef 29b1 17ce 3700 3e47 6948 261a 2025 4e0f 5e80 7a1d 0acd 21fc 16d7 516f 2133 258c
3f78 0bbd 2c6c 78f8 33d3 707d 3afa 6119 0947 05fa 233b 5c27 07bd 5248 429b 6fdd 3500 5066 26cc 1f30 01da 2249 3750 5b90 6653 6e9d 292d 353d 7490
0c8a 3d47 25af 3eb3 5386 0c47 4c72 2abb 0081 7fb1 49f2 0fb3 0692 6721 3122 35db 721f 5d7a 30d7 482a 1d7d 5f77 049a 39fc 5888 78d2 771e 01b2 5253
0fdc 7004 4d32 020b 77eb 6923 49d5 5b66 7f72 163c 7c86 0942 2784 4ffa 1b71 1692 32c9 3e78 518b 29c0 138c 167f 224e 36fc 7e61 4d83 51e0 45d4 6858
102d 5994 1834 20cf 18d1 608a 7cd4 149f 0a51 0695 6973 2bef 4f12 1cc1 6870 379f 34c4 76e1 3733 047e 7dfa 2d7c 5454 425d 7449 2718 5b01 1fc1 7a95
4c31 4ce6 71a3 0f34 35c4 627d 0ce0 3013 6227 342c 3f42 6917 278d 7b88 2f35 0c59 0d22 46be 15ac 4795 3d1e 47fc 3d86 0a1b 7d8f 6334 43e7 24a4 3da8
4bcb 0b68 41ba 6ce8 1e8a 757d 0638 44f8 12df 624b 634d 250d 13f5 6b24 006f 20ae 1c58 3eb8 4c8a 6d81 0a17 3e69 3337 41e2 5407 55e6 27c4 30b1 0579
0ef7 7205 2153 7845 2006 6c4e 3142 079f 2614 5e14 6024 13cf 3d2c 71fa 1f3f 2784 3651 6ca9 2bd6 330c 7fde 078b 05a1 11ba 4ed3 74c0 77be 10fd 04f2
2423 62d4 7f9a 2387 17fa 6231 6545 680d 44bb 3753 2c56 5b6e 297e 2cc9 5208 49f7 262d 3bdb 48c7 7e6e 182d 4eb9 17c4 7818 10fb 1e9b 6b39 6d72 3504
35a3 0d1e 7ae2 21b8 0e61 7690 135c 7180 4e22 3219 344d 7613 1ea0 3e6a 65ea 63b2 46d8 6317 78fc 287f 262e 50ef 4863 2e9c 4c7e 0c08 620d 6e8d 67de
1c48 62c7 21d8 4675 7f0a 5060 2fca 705d 2bea 1ad8 5582 6ed6 7837 5e27 670a 72f4 1175 7af3 06d2 44d4 3d26 4f66 4b59 087f 685b 4047 7b05 46e6 088d
121c 181c 4e14 4cf8 0ee7 17e4 78e9 3cbb 21ed 3858 412e 61a2 5abe 3c66 7be6 3119 2b16 0978 101a 11a7 70bc 5d29 3e1b 42cd 565a 28e1 6128 3116 292f
7345 6273 6651 0014 6e86 3f51 6df7 51b1 5845 3035 1121 1659 64bc 1abb 3a4c 28ed 0cc1 6c0d 7573 76ae 0d72 1561 1259 5034 7953 70d4 3d4b 0585 56ac
1312 2a18 1e00 4502 127f 1c99 2857 237a 01db 26ea 6b57 7a23 6bad 6a77 5b52 460c 5f8f 178c 3355 6695 0c6f 2234 7d26 7854 2dc7 3872 0f4b 70c9 779f
64ad 40ec 7e7a 5b6b 22e5 61f5 5a54 2881 7ab8 6b04 6084 42ba 40eb 0c8b 676d 142f 56a1 4d9d 49bf 46f7 120f 091a 62b6 31d6 3fb7 2bfb 57e2 51df 7fe5
32f6 0aa5 0b04 704d 6c68 69ea 1729 682f 6b88 6598 6b67 4d28 0201 7cd1 2608 10fd 3064 4326 1037 4b78 4ced 473d 5f69 2f54 7ef1 2ccd 2d7e 7d73 2c17
3867 4ffd 705a 7199 44e8 357b 101a 7138 066f 7d2f 5e6d 5b08 40c7 298d 420c 18ca 235d 21a2 6fed 159f 1d5d 2c16 02bc 734a 4337 4c20 220d 329e 3fa1
3bb7 2b31 2584 7eac 260d 7cc1 3aff 6750 15cb 16a0 262e 730c 7d2d 0135 4917 018b 7dbb 51de 484e 183d 3d40 5ac9 4d43 434b 3cad 7539 2ac1 1c3b 63b6
68da 76cc 334e 380e 05e3 4253 288f 3bff 5595 489b 4f85 0b58 7a50 4758 40c9 1ff6 42a1 326d 133c 0b35 6526 0d12 04bc 5d47 2055 5012 5e05 642b 5a38
33e4 295b 0ba5 7633 50ef 64e8 2b6b 29be 54b4 614d 7078 1af5 2790 3c18 258e 21ff 0edd 0e18 1d41 7494 14d8 53ef 18f0 3985 39fd 7156 3882 6c1c 26b1
607b 1fbe 63e1 47fe 7762 36cf 2075 2c7d 3b94 3ba8 76d2 46f2 0ad6 2ece 0cdb 7b43 2e19 1d2e 478b 26da 6285 371b 6054 0ddd 2eee 0072 33c8 670c 2dc9
5c0a 73fe 78fc 4625 638e 0852 3e2a 639a 20fd 3bb2 10b1 37d9 407f 61d7 1d40 74a3 239f 237b 39e8 7748 7087 48ff 7a6e 0b34 0286 39ae 7df5 3d59 1eac
2330 7c61 0230 5831 6d42 721f 5f08 4f95 1f6c 559a 3615 1d87 4a0f 3410 3cac 055b 0b04 7acb 3ad3 67ff 2618 68b4 4fa0 26a0 02ff 50b9 09f3 2c21 3a9b
1c4a 458f 3607 5a10 379a 1a25 6b93 32a5 2af7 7b7e 70fc 589a 23a5 4268 390d 0b85 235e 7ed9 2bd0 1a23 720b 7628 126f 3338 16f0 23ee 7187 29ce 57a7
2243 51fb 761a 6160 4888 66b8 3e4c 78ed 3ddf 202f 4ec0 5479 6b5f 3f4a 7fbc 5c61 4fb1 0410 255d 4402 7baf 59cc 7bee 7cb9 2f45 6aac 57c0 1f15 25f8
143d 1a3a 43a3 402d 620f 14a4 0790 414e 4602 5659 2460 637c 6b66 03fa 0473 48b3 252a 63ba 3a4a 24c4 1ba1 1032 6a89 3577 675a 2f9a 56b2 3a79 79d8
563f 5188 057b 211a 2b16 00c2 713f 6eab 57ba 31d0 4bd5 4476 0455 4da3 145f 4cbe 3967 3463 6cdd 400f 1892 5844 73ed 1b69 607d 4d0d 3c38 5cdd 5b57
38af 7892 7b16 5d41 7c06 4ed5 5e99 43ae 35a9 518d 07dc 4228 7e49 73c6 10ae 539f 7401 50c5 2d82 2ad1 75c6 7024 475c 7dee 199e 6903 6239 6ae0 5ae1
393b 1e2d 737a 1e8f 75c7 1aad 4849 329f 0ad3 49a5 7a4e 172e 68a7 2dce 0214 3923 623a 1d2c 30ad 6e37 6b51 7d25 16ba 78e4 4f4e 019e 1b2d 7fe6 1ec8
2659 6723 71a5 55d9 0aac 6c9d 30e8 2009 2bf7 72a0 28de 2f0f 2c88 34f7 75d0 7efd 6498 4ec0 6bde 3f54 06d0 21af 270e 6266 3d6a 26e1 7f54 09b2 0bed
2855 34dc 4aa5 2cbd 34a6 3bf3 10a1 0d82 0c61 5c57 230c 499b 6a27 0192 044e 328e 38c4 3e17 6177 0821 5dcf 49bf 7cff 2e96 06e2 6a76 5af1 1ebb 5a0e
0594 2498 562c 7bc6 089d 54df 212b 042e 5755 31ef 6c10 3961 2956 5a13 231b 6236 09c3 515b 1762 0300 6f6e 20c6 2fc6 111d 1100 2d66 5e37 3383 0d4b
1b8c 3a1d 25c9 15d0 4a81 3585 1f3d 054c 6363 2f5a 5812 37a2 3ede 1b2f 701a 4279 1954 5c7c 66c5 41f6 5a1d 2381 338a 2931 4863 7dd5 3789 52de 6f07
7dc3 0e1f 5f77 174f 485f 46c4 2c8b 124a 47ed 2e3b 6a11 590e 6be3 49fe 066a 23cc 52f3 0909 2526 1b0c 29e5 2716 5e51 6a06 5670 27c4 1672 7beb 27e5
7347 0963 75a5 0432 6683 3a3b 05cc 744f 5c10 075d 7b9b 7b87 11e8 3948 3ac8 2e66 0e3f 3076 05b8 653b 530e 2456 3729 4640 306e 342f 432d 6a43 02a0
2a6e 3617 1eb9 106d 026b 6a27 46be 3e03 0513 0981 4374 2b9b 0d1a 279b 6e03 1a1e 6e5c 3ac1 6e50 6049 1123 18ae 1845 769f 7c8a 61d2 556a 262e 0e90
59fe 54ed 133f 4fea 4349 289b 394a 34cf 1a71 058c 2a01 6a3d 17e2 7391 0447 2aaf 0919 2876 39f3 1aee 08c2 792b 14d4 24fc 175f 5923 2b67 249f 0b2d
4694 6487 4c3a 7a97 0cf8 30f5 51a5 6c3a 59e8 4db5 3781 362d 3560 49d2 4ddf 792d 459c 1413 75ba 18b5 2617 4d5e 1889 2755 2eff 19d5 1f04 28dc 30cd
69b7 3900 0804 4f52 29b5 6339 5882 6efa 421c 3a86 3caf 705a 7b64 6ab7 0255 4805 170a 4572 1a2b 6bf5 7aa3 45a6 7f92 67a6 5cc7 2a8c 12ce 25d7 5620
12e8 0fe8 4d43 7bd1 63a3 5ff1 5761 7807 415c 6fcc 141a 6928 6186 4584 02ae 5af1 2a0d 3186 7fac 1434 20fa 0406 4fa1 583f 7524 36f2 0771 3837 594c
7151 1f59 771b 0f80 55e9 032e 4db4 638f 184a 71d5 4578 73a6 6738 6646 6086 28ab 49cc 0975 2873 7691 3ba8 0447 1526 6128 1cb1 70fd 07b9 4211 4396
1bfe 2e86 4269 3965 7c98 5128 39dd 7d49 4033 31b5 2b72 5c15 6b69 6a09 7d47 5df6 4183 506e 6053 29bd 6ef1 2f28 0a63 7b19 6dbd 3913 16c0 3388 0ae6
1adc 066d 3f59 5c18 34f5 6c82 7753 0e11 043b 0fbb 2706 52eb 6880 3df7 7d08 6080 3531 65a9 52fc 66ae 6bfe 5885 240f 1e9d 463a 20c5 29e0 7cca 0ee8
7a43 0b9c 6645 711e 6106 1859 7526 362a 4f0e 305d 2427 13ae 4804 29c6 4483 025e 31c0 2694 43e5 0656 2bfa 348d 16ed 6cf2 1689 552f 4ac1 6fdb 2433
63ce 74ec 743b 5443 2d8d 2651 0652 722e 37dd 3fe6 2e88 6b1d 4c50 4700 0162 0607 6e21 4a3f 6620 6968 5691 75d9 6dc5 7064 63fb 5b9a 2de6 5cde 7afd
3afb 6c90 610a 7655 738d 2221 5f8f 47e8 06b2 01cb 6054 6eed 44ff 04c7 3428 118c 58c9 6b71 41f5 69cf 3b0c 6f2a 56d6 6107 0528 1e32 59df 5e7d 3cda
0a10 4e20 7716 0caa 4cf4 4f5d 327a 6462 4156 0bd9 718d 1e9a 03e6 32b5 2f5f 620e 76cd 6b69 1ff7 7ccb 3218 3349 14db 4d7c 0ffd 1c6d 7c8c 4de2 2b99
376d 1ed2 79d2 155d 6e77 5ab1 1091 139c 0752 2d5e 08fb 0d4e 503a 40d0 1ca2 32bb 7406 7b4e 5120 606f 2c7c 3aa9 4537 0155 4f87 3ea3 312c 4a4b 74f8
776d 45ff 2463 75f2 1afa 3f33 0341 15a2 5c72 084c 6413 256c 1e65 789e 0960 19ab 73b0 6e71 6cfc 639a 06c5 221c 3101 2343 237b 019b 742f 272b 5720
2599 2da9 0d42 0d0c 67f8 62aa 7be9 194a 5d8e 4ff4 1601 27fc 3a92 0627 4ff0 75bb 20cd 690a 2bb0 4379 49b3 4d66 58c5 3b03 1bd7 29fb 68ae 4cf5 1f4f
34c4 72e4 2c70 1167 1b9a 1f8c 76b2 0c7d 2a15 3aeb 1638 3a11 5073 500f 78e3 080d 145f 2d32 55cf 7ac5 5e8d 67a8 6ba9 4fff 2316 6769 0955 62dc 6daa
65ab 1bd4 45f2 4a80 05bc 538a 4cb2 1891 5e8e 4ba3 26d7 4c22 6d15 6817 0c07 4ecf 3e8c 389a 7ae6 109b 7c73 2fdc 2cbd 4d51 1536 4473 453e 2ebb 7f3f
1e1c 6d36 3889 4c26 19e0 7e98 6e86 373d 6881 3e83 7e84 22c9 522c 7303 3e40 0d0f 4dec 133e 1cc1 3d23 1e6e 0649 55ff 4be6 38d9 7767 7d4f 2863 6604
2647 6a49 1a15 5149 6b4b 6e7a 01c6 5f86 0b19 0df8 7281 472b 329c 157e 524f 3b57 0ce1 0ef9 1d16 674d 089a 68f1 297b 444c 63e3 7a4c 65b2 577d 7faf
7e9e 36f1 51c0 745a 1926 4c3c 39c5 36e8 3545 341a 41ee 204c 31ed 1bed 2a54 5546 249a 5b67 2464 74b8 2809 52b4 0f78 5d30 5e46 40f9 6f93 363f 609a
376d 045c 3629 294b 3d91 209b 5288 2849 598c 7a17 4e86 79e4 41ba 17c6 19a2 6afe 54f1 7d4b 30e0 757f 3d7c 1377 386d 22c2 7b70 396c 50af 2a9c 3760
0e5b 28e0 6094 5973 7699 3637 519f 2faa 7895 52da 7206 3ce9 40ea 487e 58ac 63a0 1b27 3df5 693d 3851 0c66 45eb 4b04 1def 6ff6 74ae 777f 0689 1ed8
5ded 0b06 1d14 5301 5dcc 0366 75ec 22a8 4978 57c3 4894 16bf 0582 1d44 4e1d 0b78 0b67 6a34 2375 4e48 3b96 6ff1 23a0 3a4b 6434 4bad 3a6e 3e52 7f87
7693 0fa5 2040 10ca 0596 3e07 421e 1e8b 784d 08f1 19bd 49a1 3d27 2e2d 3afa 28ee 0d67 7ca4 028e 427c 2c86 1470 4cce 5405 1896 5563 47c8 1158 41c8
16ac 2801 1630 2b4e 6436 4db4 72fd 4961 3c31 0fbe 67c0 23ce 4701 47fc 52e5 3bb4 0c60 496f 79ae 0f73 0629 4fd0 0957 7874 073a 55f3 71e6 2375 1311
68ca 7a45 1d9c 2429 5a12 276d 7146 63ba 1f0e 0f2b 208e 14c2 6e76 2efc 4e02 1a22 3a30 3eae 4311 27f6 3ce7 206c 12cc 23e7 49b8 001d 028a 404e 0847
5f1b 05af 7f73 2602 096b 4e36 75ef 1e5a 166b 219b 1622 251a 536d 7b9b 7426 1640 281a 3bd1 01af 1c20 528b 7247 4a22 3daa 6367 107d 367d 783d 5f9f
787d 765c 4234 7977 4ef0 57cd 455c 2844 759a 4b53 2352 1959 15c6 67dd 1964 2138 5ef6 69a5 3b73 1032 3b16 5517 5da5 06d3 3f35 40db 5d0e 4475 531b
0911 3c85 10ba 26ba 5b25 0c4d 29aa 4142 2671 70ef 6c00 78a7 2738 64eb 7bad 0c45 7876 7220 417b 6cf3 5c7e 28ac 4df5 6c65 4f2d 31ae 1bbf 1c70 7af5
28af 0fd6 4221 3beb 3cca 612f 2cf8 06ab 05ea 02c6 4559 4245 496f 066b 7d76 30da 29ea 02cb 2ca0 03ed 730f 5ca0 7d00 45a6 67a2 2ef0 7cbf 7a08 6549
5573 15a8 678a 3482 0ca6 28f2 7688 2bac 688a 1db6 585d 0874 68c9 69bd 6f9d 600c 0d5b 0ff3 75a4 3191 2cd8 4b3a 0a04 3715 21b2 7e8b 42a2 6c66 21d9
2a5b 2b24 6e09 3ecd 65cf 6819 4261 47d3 4c7e 415e 219c 2c6d 2b56 28b0 702d 6b62 2252 1fcf 6877 0e86 0728 4cd4 3940 00fe 5be7 6aa9 7e50 7bc6 6b06
223b 254d 04a1 09c1 7cc4 2f92 394e 05e4 550c 7e94 22d6 1d89 2d99 483c 0fb1 22fc 407c 0fc6 32a2 3d78 59cc 0431 5a0f 6abc 53b8 7fc8 6695 4d19 1484
48a9 1f33 792b 0a74 1500 6a02 78c6 4a2f 78bf 39cd 6a5f 2c92 14da 43af 60e8 308a 2b64 196e 71cd 7b0e 3491 6726 2919 4c39 4836 080c 224e 3044 11af
4d72 7f81 4e7a 0fc0 16d0 6552 3feb 380c 6442 2e3a 4fc1 7630 6fd1 0bff 13e5 4564 4d2a 5372 58e9 7205 1315 0cf3 3609 55f7 2b16 7c0d 094c 5615 20e3
6481 101b 2bf5 6012 630d 36b9 1fbd 358a 0857 78ff 4421 71c2 6e31 2a04 5e25 5a4b 2c67 3b61 0271 56d8 016e 0ea8 3501 41c8 3e1a 0666 1b23 613f 0c12
5a1d 5c13 26fe 327b 0a21 71f6 16c3 4d73 5bc2 395b 799c 1976 459c 2fd8 5680 1c58 1973 5b91 1099 5433 5c40 308a 1071 707e 6bf5 588f 1dff 359b 51f4
08be 0c54 1df8 1d40 27ca 5ee0 2bb7 460a 017d 4595 6165 36e8 5e77 298a 09b9 6c53 5885 6687 0c3f 375c 2de2 0299 3f6e 3411 2708 6e83 68c8 4b1a 3a8b
0e6f 230d 28a9 4f17 241e 485b 39eb 396b 1692 5cd6 4226 1c75 28b0 38da 0a4f 7f00 3eeb 03b9 3e4e 216f 0088 6664 2241 06dd 0e08 3fcf 30c4 14de 1459
3fbe 5967 07c0 161b 3c5b 56f9 1807 660f 79c0 7bbd 6262 7238 1fbf 0a13 6adf 2bbd 130e 349a 5eea 3e50 6063 19d5 332f 6fff 75d5 224e 32bd 00cd 6ef7
4e3e 7d0d 55ba 2028 6d72 736a 42f9 7f86 7181 206d 56e7 44a2 57b9 3bc9 39a0 7c8b 6f84 5a62 0ec5 5850 4b02 2ada 2326 578f 1613 3a57 4b6d 6ab3 7c57
3dfb 57ee 3e63 2b0a 5202 424f 7ce7 3e46 5278 1d81 273e 43bb 2b86 1f62 57fc 1f21 1537 158a 3fa6 34b0 70cd 646e 6161 3fb4 2d7b 4182 20b8 1c7f 6670
76a5 3b75 5f5f 3e42 5cd3 2552 1616 6268 40f6 5d8b 141e 1ac9 5274 7795 4287 2cd4 7a6e 5bef 1260 2584 6670 2fee 6de4 1e42 4870 0325 000e 442f 6747
0225 4a13 1c07 360f 2c1f 1d3c 39e8 4eed 618f 65d5 6592 512b 4591 0a0f 0c4a 0c44 2e10 429b 1cff 53b0 34e3 45c6 3557 1fce 3383 4eea 0df1 53e1 30c2
741e 1e8f 4a3d 48ca 3227 2714 19f6 47c3 284f 088d 567d 65ee 6989 6a5a 67c8 2873 0512 75b7 504f 235e 45ae 2270 6a94 2d70 7bb3 30e9 421c 683e 6eda
36e2 0e4f 6130 3506 2ec9 0765 4a39 0083 32f7 127d 79f8 0bb3 15b6 66c2 5cca 5be6 0061 073a 1a8d 2f30 01f4 121a 2e86 073c 01c1 0f4c 5a4a 325a 16de
2d0f 4bdd 3fe1 5bd5 4eb6 680d 037c 4b41 5c71 690b 3920 0a7c 345e 3a8f 7a18 2c31 191e 22df 6b89 7097 53c9 6be1 7044 30b7 7a2f 4980 3153 701f 34ca
6fce 33a1 1a36 29d4 5d21 4de6 74cf 6a5e 7c12 61a8 64af 3d21 6883 0252 6efe 62f3 4eeb 270b 133d 6447 6cd3 71b1 6aea 5cda 0ea4 018f 01d4 4c4f 3931
3608 4bd9 77ca 4627 4d82 3662 5ae5 78fe 2214 455e 69b3 3816 1d22 0390 6d6d 5476 241a 0066 054a 1dc1 7654 5702 72e7 29ee 218a 1e82 2676 7bf3 67a0
5a9b 4386 7349 00bc 2d7a 3b34 6efd 2754 7406 2257 7081 72c4 581c 35f4 58a5 5970 6cad 6849 6c40 7d5e 13f1 4635 30cc 7f94 059d 2373 1148 04cb 3fb1
58e0 014b 2a64 071e 34a0 5041 2aeb 789e 45ce 7a06 4031 0f44 7cbc 6134 6e74 019b 6f83 3bfd 5360 008e 652c 3f55 206c 10e1 4b06 4df5 781f 7b57 13c5
61d6 7e21 47e3 42e1 032f 423a 1e34 4c42 4a64 3139 4bae 32be 0429 5318 4ba7 6d00 2564 505a 2a1b 6a54 1c82 34b2 3d02 3be4 3edd 0f38 7e74 0686 2c37
4c48 09b1 0e9d 032d 2112 0db5 43a7 0def 2618 64a6 3feb 48ee 4e94 0e13 27f3 6a86 3a8c 0416 5f45 28db 5c16 7524 015c 2b15 0c74 423f 15a9 70b6 4ca0
2149 7d38 35c2 36f1 5998 56d5 5d4f 2ccd 3dc2 4bc5 1e0e 1a0a 1edd 099e 6238 68b2 5ac6 16ca 5c0b 4fbe 3c86 4ed1 1961 25cb 60bc 494e 39eb 7839 7cc3
2fd3 43ee 6403 3c29 308c 34b7 612d 7d17 029e 6a21 2890 3137 5185 6b67 2e61 19d4 171b 353d 2b11 4fd4 0822 18fd 7539 761a 405b 78d6 4bab 3aa2 381a
1e6b 3779 7736 0bfc 70c3 34a9 561f 0216 253c 211f 7778 3dac 3648 4efa 62cf 0286 12c8 344c 761e 007d 15ba 2eb7 08db 11e6 04ed 0cf3 62d4 3cda 79ff
716e 281d 32eb 18b1 0499 3382 4623 337f 00c0 0728 3108 5ea8 03ca 21ef 06e8 1ca7 0a6f 1386 526c 6bc4 72d1 45dc 15ce 5942 50c7 4e95 0cc3 5944 34e9
52f6 6320 1acb 7500 421f 7e1c 2629 5da6 76e6 7d36 4715 5278 3ca8 691f 0817 5c28 78d6 2828 5455 4910 069b 6b6d 0803 789a 7086 1a9a 5865 23fd 34c0
5604 326b 177a 012f 388d 07d6 3ea7 578c 6638 3dfe 5789 1f26 4b8c 591f 0a1d 74ab 5197 0303 1259 1af6 2419 4eca 5965 2064 0aab 7e6d 53be 7104 1036
10ff 2e13 51a2 4079 2a60 6ab5 06f1 2137 67d0 581d 1559 7c15 4489 2b46 58bd 3657 6fd3 53f5 6cd3 29b3 13a0 2909 7a40 1290 7553 05a6 0e1d 1838 3eb6
499c 3b50 2418 30f3 613c 1533 576a 43cc 20c8 507d 3f8e 0446 169e 0b3c 4c59 48a4 4720 2918 017d 0575 36b9 3997 7347 567b 5d13 18b2 3898 477a 3049
1770 1163 1490 2c71 275b 7996 5980 15aa 5ae8 0520 3c15 2a83 2823 1ee3 3e46 47e1 6dc9 3bd4 4896 3bb3 0c37 40d1 72aa 456d 28e2 09cc 190c 2755 7df5
3fe8 72cf 0272 3fa7 77fd 2618 33f0 66c7 5110 7dac 24f8 0aaa 22bb 32d1 580c 0e72 0015 78e5 0f2d 215d 3c5e 165e 22b2 6619 63cb 2585 7dd6 03ae 35f3
3dba 5d47 083f 437f 6116 2a2b 498c 2b6e 2ea8 3b00 0d06 3be8 66d0 0c80 7270 4826 5eef 1fee 2386 5311 4075 5d9e 51a7 3a5b 651d 05ce 008e 3ef6 4f88
2095 71d6 424e 731e 7cdc 4e06 5388 356d 7c5c 71bb 1671 2caa 3418 0015 4e7a 1310 23ae 0744 217b 4adc 0567 406b 533b 7508 3978 566a 7f38 504a 5f9d
3bf2 54be 5894 3a4c 474e 3e56 474c 4b0a 768b 73c4 6f55 697f 60bc 7c52 6150 5d0a 7ca9 3e63 7080 42b0 5a85 5b0e 2b3e 324b 3d13 1895 2057 119e 4e9b
0dca 5caa 0e68 731f 0d3a 18e3 474d 349b 09b6 08b2 5164 498e 77bd 02bd 5576 61d7 6eb5 6900 57c4 6633 21c5 013c 2b96 40f5 0f7d 232f 5b88 0644 17f4
23ac 2d0f 4466 5344 0532 4056 5bf8 066a 5ce9 560b 5b17 4961 78af 147e 5dbb 75d1 7942 48f5 08b5 4d06 6290 76da 6261 48b8 6c93 1b77 785f 59a4 1912
1617 68c5 7df8 3c6f 3cec 5b79 02bb 01b7 67eb 360b 4f16 3a3c 3c58 707a 3503 5781 1cdf 236d 4699 082e 28f2 033e 2410 0836 528e 00c3 5abc 55b9 3d26
2331 7262 3f8d 086f 44d1 3bab 56ab 1c4b 3952 494e 30e2 133b 6b70 4945 78cb 1415 7bec 5215 2561 1ad3 7a4b 1c6d 3c0e 4093 02b3 2d3f 2bcf 7178 78de
0ece 5962 644d 72d4 485e 14f0 53d8 3261 7dbc 3e76 456f 4aaa 538b 6caf 5617 2951 2e2c 39ff 1b2e 23d1 28a0 325c 5c67 24c7 0906 09b4 2b77 6f87 50f8
1847 6e48 31df 61e2 0d07 0d96 7802 6673 2e5c 3c22 5fee 38c2 3c5f 6512 3c70 7563 4db6 7f33 4108 79db 4709 23d0 55c8 79f8 6c8d 6f98 15ac 7b4f 3820
48e1 71c2 5534 2cee 30c3 2e3f 7132 4f8c 7fd4 5f7b 4322 0ee9 5b99 44b9 472e 4473 7885 36de 6030 317c 2032 1274 733f 6fbf 0833 73bd 0e1a 232b 29f7
4bed 57f3 1e74 0ab1 2c6f 5771 6c34 1c6c 5954 72f9 1629 0707 70e3 115d 49ba 5f23 062d 0e53 628c 2665 3084 2310 3077 668a 3aef 2838 4f4e 00b2 5719
4443 3878 53be 7ec9 20da 6592 1c05 6070 060b 6be8 13c3 4e18 0b43 4c62 52cd 7693 4974 48a3 676c 02fd 5b2c 457a 0ca2 18ae 0b83 5350 21b6 011f 50ac
3cf6 179c 3719 7c39 39a5 59af 4d69 4ccc 6db7 5b0a 5b8f 66c8 5e65 0d81 2d73 7d94 58bc 50bf 03a5 4971 11ca 758b 2477 1c65 3779 6197 515e 7807 70ef
685e 5c9c 6c87 0ba0 43e8 5a5c 4149 2b13 530d 7ac7 7596 0698 41d5 05e0 5b98 562a 08e2 43c6 120d 6bb1 1b48 17e4 77d8 1a1b 7f99 1e31 47a4 2087 5cf2
79ab 5ad6 54d6 0414 6362 6ed5 73a5 209b 5c86 64f4 75d1 3275 4e3f 22f6 5537 60b9 754a 255c 43b9 0447 2f2e 197c 1060 5715 6e42 1d64 35c1 72a6 1036
2281 398b 7cc0 324a 3652 015d 04cc 5e85 501c 09e7 626c 5165 4fe4 4098 7e45 6279 1fc0 6a4d 5421 4ccb 7f8c 42f5 341f 34b8 648f 6c63 043c 416c 54b8
54fb 0e15 0309 626d 41b4 7d49 7ebf 766d 4641 2c22 2875 1fa2 1c50 5a33 3855 58dc 3a4f 2da2 68f6 7a4a 727f 033e 2ae5 61e6 7f7b 26ca 5a72 70db 2f47
66f9 1b74 5b52 2ffa 5440 0efb 38d9 3602 3cbb 1068 706a 69ec 0650 3440 1386 6a66 7c59 4ae0 031a 6431 7957 6eb0 25b6 49f5 4c37 163f 47ee 19c2 324d
0951 26a9 0e43 6259 2ac9 343c 6c7e 12a3 3301 631e 55f0 6497 769f 3b06 0b16 0c89 00ec 3621 7733 7dae 5d93 1c39 5d46 6d63 3855 272f 3692 5109 5800
02c5 6c34 0f78 35c3 7f14 7b92 3316 4555 13fe 0196 1389 4508 334d 752f 7663 1b08 3b53 4bbb 4191 257b 2357 5ffa 7fc6 1749 5a18 2aa1 271d 4a73 6ec3
0b8f 411b 65e3 0bca 3f5c 3e07 5dee 6b64 20b4 7f85 6373 4ae4 1c93 06d6 62a7 0a8d 58cb 4d83 6280 6e52 63d7 7933 5f43 1a26 202c 199d 1cf8 3d62 0461
3558 6434 62fd 0694 2705 211c 2381 6970 32c5 79a0 3656 2071 58ef 1bc5 2177 7e5f 6cf7 68bd 524b 11bf 1727 676a 0ad7 0fe7 41c9 50ba 22ad 122b 7760
5ea9 180f 2846 4ea5 7cd0 002f 74e5 62fe 791d 009e 6071 484b 2fbb 68de 617f 5596 07d2 3099 5205 26d5 6d65 4590 2750 70de 6f1a 18d1 0291 0fd5 40ea
422a 2e71 037a 7aa8 307d 2bf0 3164 1cd3 4ae7 5e2d 66cb 1e2a 24dd 11e9 3ba2 115a 44ba 054c 13b9 6421 736d 7892 377b 7ba8 75e5 519b 67fd 443d 065a
50ae 187e 5cbb 7b2a 43c3 0dd6 1493 4399 7744 0534 46f7 2fff 3173 4600 4c1d 7c16 490b 6f64 78fd 1a41 3c93 5669 4518 218b 23f2 5728 09e4 3942 22b7
0c81 04ac 1a61 1b23 7ec2 23a3 288a 5e2f 0f3c 5882 7b5a 21f9 141a 16f1 2f3b 45b5 3c87 6827 18c7 0b69 2962 5782 1fe9 197d 643e 1ba7 61e8 0aeb 4541
6fdf 22f7 6621 30a3 17ab 385c 7f31 6949 479f 2caa 00a7 2838 4d65 5450 7de4 3c52 22b6 4ddc 08b4 784e 0278 7baa 2721 6f2f 7730 701e 6fd9 6151 1507
75eb 506b 30d3 36f0 3a43 529a 3abf 088c 29b0 24a6 43a3 3a1c 2210 6218 5eb7 568c 45e0 6f1e 3ea8 7cee 4218 31fd 54c8 6621 6f7f 24b6 4ea5 0f2b 3da4
67dd 32b5 013b 1696 2f3d 0b5e 4a9a 7b23 45ab 3695 6f1f 59d1 7da8 488f 6788 5786 4cc3 2a06 2de7 5e17 37f6 54a6 5431 1922 0589 0e68 5345 5e23 702e
3840 7b62 1d5d 2461 31e6 5903 1fe2 0753 62e9 5bbe 66d8 5b59 4daa 5adb 1f9f 4d22 5683 4392 05b9 0745 48c2 0d79 0583 1389 70f4 017e 7dc9 6560 6746
0753 18b2 1334 6ff4 271e 5225 5839 237a 6e57 318c 1f5d 7bce 2b22 4399 697f 5b2b 29a3 4def 70a4 1d35 0f98 72a8 6563 5df7 5aae 7254 2008 3ef0 7898
5ff8 272d 46b8 0894 5969 6851 04df 4a8d 6590 5ee8 390a 06db 7fe5 0c69 03c3 5c93 55ea 50c6 50d8 552c 1326 2ae0 2b34 12e5 67c7 5c99 5d3e 62a4 71c4
55bc 539e 1a25 2b67 2747 566b 4553 2a77 37d8 5960 69af 1d74 059c 0908 54f7 288c 3ab3 008e 0439 49c5 67b6 330c 78d1 1d5c 69c5 6639 1f08 0dea 1621
3f7f 5ae0 7fd8 078a 041e 35ac 38de 3c0e 2516 1e73 4ccc 0119 4711 4eaf 2d11 0353 7dd3 3cfb 45c1 4248 21c1 6613 1ee9 1d83 3133 6872 6a7e 321f 043a
75e5 3029 3b5a 4efc 279b 0083 6f9b 5ee4 0843 1c86 79f7 2aa5 2e1d 2a56 4585 31a8 7e1b 472c 337b 1d25 2a63 565b 50e8 42a0 1895 248e 62a5 6627 47d8
1322 10af 0a67 5fbf 2e96 0bca 75fb 2edb 7731 79a2 0133 3818 7e3d 3641 0d54 0311 1418 7a84 305b 65fe 3b51 0d5b 5b03 3e51 6926 3205 69b5 7c15 0f34
16a5 7f24 196b 18b7 70c7 0439 2efa 063f 3903 6c15 63ba 0cdc 4977 2762 4034 6e83 41ae 15ea 1a56 4cda 6e8b 267b 6bd7 1007 2ede 18e1 28ae 2894 4a9d
23ac 267b 6896 35eb 4ace 6cc6 2f0c 316e 6833 5f87 623e 7c7e 3c88 55ff 64e9 1ac2 010a 3495 0484 101e 126e 23ca 0934 2045 7d4b 5721 57b6 410a 77e8
1d61 12c1 0b0f 22d6 02bd 2170 6684 3d1a 1f45 5eb8 095a 3feb 34bd 57da 2926 4369 453b 4ddb 6fdd 4e17 0387 6177 2b43 5614 78ec 5e48 42b7 0293 68ce
2f1c 1bc2 1458 2512 6273 3c55 486f 1063 746f 725e 554c 1064 5c95 3226 79a9 57f8 2951 6b63 598a 37fe 1792 5ab0 3c93 06bc 441e 0514 7005 75f3 210a
23e8 31f5 1799 768b 330a 1686 7dae 762c 1158 505a 2990 17a2 3434 7a0a 09d6 17ce 0131 5b9b 22b8 34d1 0c5c 63a8 1953 3abf 14ad 1504 5647 5a28 2aa9
5cca 69bb 77e2 1bd4 63b9 4db6 7535 2087 53a6 6ac8 2b70 4143 7cf0 083f 7adf 64c9 6de2 4213 7c31 1942 25bc 72dd 4663 7ae2 3af3 3dbe 71ec 4254 1377
2e11 5941 36da 7260 2f6d 3e6f 54c4 59ee 0778 7a45 7170 2865 07f4 01b6 30c0 4f45 43e0 1acb 0d0a 7af6 4fed 4478 3004 3454 4aa8 1c27 420a 2652 29a5
5555 690f 479b 5ff5 0cb6 0425 62bc 5267 1756 3238 6a85 3064 1cb7 6bc8 204e 2ba5 76ac 6ea4 51ef 59cd 3d6f 5e34 09c5 5fe4 6056 1de9 487e 015e 7278
3eab 6a91 6dcc 53db 64be 6eaa 5830 6ca1 658c 4e90 3a9b 2714 545a 3278 4c9f 745d 05d7 203d 41a2 0068 6d23 0461 698b 123e 158e 49d6 0f68 0216 2787
63d4 3ba0 0b02 533d 5941 5220 3305 742a 53aa 12f5 7757 5d17 455d 4ef0 6169 575d 6894 0a1a 101b 5583 6cbd 623f 1b6d 1695 653c 14ad 4748 38c3 288d
1c67 1836 6833 4052 381b 08ed 4518 720e 3765 37c3 2f62 104c 5706 12e6 13f6 0e07 30a6 5114 65f0 6581 0ca3 4823 1ead 5991 2191 0d8c 35b9 43c5 52b4
6126 01bc 2692 27b3 4860 6ab0 6b22 21eb 6c4c 105f 465b 2e92 6679 3f12 175d 592e 6643 4f4c 59ce 1922 12e1 3f50 5302 0c16 020b 1013 0a5e 5da0 4e25
4785 03ad 3690 2f2b 3022 2dc4 0a80 41a9 0c40 0bef 1baf 706c 5d81 6f55 741f 4acc 3a7a 373e 059c 01e3 645e 712f 5455 5ead 7bed 5c75 48c5 617a 751d
4a3d 6c8c 5008 6d87 300c 4255 2a54 60cf 6476 785d 04ac 017f 6357 54e3 1864 5ac4 1389 43a4 7221 6cd1 6cb1 3030 63d0 13f0 010f 7283 5d6c 0086 71f5
7a60 6edc 2b77 65e9 3ca8 730f 51d3 594c 7b00 38ae 62c1 30ad 1b71 6b6b 7fbc 5d40 3510 302b 0a11 20e7 74a9 5d1a 5a87 446a 78a8 09d1 156b 7397 39bf
447f 4b3e 26e3 6904 7682 3276 261a 7b98 66f8 0203 0e84 6b44 3adb 2026 6558 4df9 6b61 78f5 2572 64eb 6dca 4c07 7fdb 54af 12f6 0645 722e 365a 4a7f
00eb 3c7c 2438 25ab 71b3 63cc 7e59 406e 6353 677a 4ba0 3f52 2569 7c80 4b77 0a53 2b0f 6888 3a9b 112f 3cfe 3aa3 5f46 4e47 3e0f 57dc 35e1 2b19 7671
2778 3f87 6c4d 6c21 09fb 12f4 5dc4 3210 2adf 4a9d 2736 3597 429f 17cd 7fc2 76ad 1408 3559 3c09 4caf 26f6 1fd4 3043 2d6e 0bcb 20c9 659f 1d03 49e5
732f 14aa 028a 7e5a 6a94 2b71 5d76 5d6e 76fe 407e 37a0 7762 0d48 49be 4d52 3c70 76fd 07b2 3da0 51e2 4070 2ff6 6fc5 6c08 783e 7576 57fb 735a 7ca3
1dfe 42da 1d1b 1359 48c9 3e12 6163 4cdc 4b03 2c2f 6207 6aa0 0850 18e7 0a4d 476c 05be 692b 4a3d 7f57 2f80 0fb4 3038 69af 43ea 6a73 439e 7179 42b9
0e52 79f8 4159 301f 7df7 2df3 3350 1d6b 2ded 48c4 4436 3e05 57b1 0ac1 4a9f 5fa0 20ad 0e58 3853 3deb 4fad 4085 79bc 1c4b 4c3d 7fda 4a01 6be2 4e66
5648 08a8 766b 766d 145c 1f16 78d7 2a5a 219f 2026 0331 6734 5575 187d 1c95 4357 5681 744b 36ed 32e5 7026 3c2c 4d39 67fd 2597 278c 40e6 1551 5426
0a62 3ae2 6e22 527b 1656 3fe4 185a 6535 46c3 6461 4b8b 7792 1d02 4c3f 6076 5a23 7e7d 37b2 56c4 70b9 531e 2bb2 7869 4766 65a1 29f9 215a 06a6 0af3
391c 1d0c 4008 3019 008d 2bea 294d 6e7a 2c15 6d5b 021b 0af5 3ea9 61fa 077a 4671 3321 36ed 3bf3 33ca 4024 7d4e 3f40 2a1d 4abf 6c8e 04ff 2e0c 6357
13e0 161c 536a 5ad0 7a17 258f 7f42 6dd8 0697 2ccf 28db 2e2c 0287 0fb5 408a 1990 1df5 0e73 7921 6ad7 2f39 496e 66e8 66e9 1864 7d78 5ce6 4800 2a77
295f 13ef 5395 3b4c 080b 0120 04de 792d 5b3c 31d3 5bda 2b02 7906 1be2 726f 60c4 7a6d 23c6 125e 4caa 6744 160e 250b 588a 380a 1c0c 0b9c 252b 3e17
38f1 474f 7c1c 193b 6bed 3444 1489 23ef 07a0 62f2 7173 3acc 26e4 2c22 6a47 6fb3 3e45 18d2 1b34 7985 21ef 62ec 35a4 3b68 1233 7606 1def 018a 5ae1
6a05 326d 55d0 5245 5a65 0790 4218 26c2 545d 2c3d 05fd 6c93 513d 43e0 58d7 097b 02df 57f3 62df 3805 489f 78c3 668e 46ba 25f3 3931 0211 340d 69a9
76c2 7183 4582 1bca 39c3 6b30 7140 1ba3 17ee 5cd1 2883 756a 732a 5573 440f 77ae 2089 6e85 5aa2 36e2 5bb9 1f58 3064 262f 62f1 478d 3a94 0270 463f
014f 6784 6f2c 54ec 0b1b 0b6b 1aa8 4769 2bff 197c 31f8 4d2d 1f9f 4f5c 3b29 5c72 4148 03e7 4485 41ad 4f50 5d3f 30a8 4c99 0873 7d9d 1899 4d6f 0521
2529 4988 4082 1dff 212f 4e8c 7d0b 744a 0b7c 058b 7ccb 69f1 6a3b 54a9 1a03 1a93 2806 45bc 6d0d 6b7c 19dc 1ce5 4f2e 5bae 533e 0bb4 0312 39af 5960
4162 16f1 5115 43db 64ab 281b 30a1 15e3 1ef2 4985 4849 531d 1447 4aad 1e45 4383 0697 7b5c 54fa 4a74 3e6f 70d7 1813 6d2b 0b52 1eed 28c4 3b26 013a
0abd 1bf4 1b80 78f8 50e4 46a1 1a95 4a2e 1449 5d9f 7a53 475d 333f 7e23 56d7 624e 2b7b 2115 7b11 1579 343e 4608 7f52 4c73 3d62 2ac5 2a48 184f 693f
2260 6eb8 0b07 1054 758a 75b0 5265 3439 5c80 4b7e 5c83 1515 3c87 7970 3edc 5774 59a2 3081 768d 6bda 398d 2c25 55c3 3e75 0b3d 2d60 3d37 3c09 43fb
413a 543d 4972 1b50 7715 6e55 2f90 74b7 06ff 1633 4284 5891 50e2 3f63 610e 68e4 6fdb 2856 69f9 76ee 25ed 3fd9 2b84 041c 18f8 150c 0e9a 0698 61d6
7282 265b 2333 2709 5aea 51da 2afc 0140 59d8 554a 4883 67b2 0204 1cce 4c61 7358 62d5 3f30 2e1b 352b 1647 4fdb 1a69 64c2 65d8 3038 417a 31c6 62e3
0fa5 16e9 02b9 30a0 54e3 115e 19b8 2ca2 0b38 5f95 024e 5092 4be3 6480 4e1e 59e5 203b 1f53 4ba3 3297 2807 24b0 39a0 4f9e 6efd 1eb1 7b57 074f 03fb
6eb4 5e93 4df1 1af3 788a 4e29 0c42 02a5 5b40 0f52 1926 70ca 21d1 4ad3 3258 6721 460a 2731 69ea 64e7 2dfe 2c2c 389f 4d94 1adc 43bf 6ee5 45ad 70ff
004c 2208 7988 700f 2d2e 0aa1 79b6 358b 4110 46d3 7253 6ebf 7014 5b27 7668 1455 04a1 2195 658e 05bc 476d 1421 3be4 7819 55c4 1d9e 6a87 6581 7529
1319 4483 6170 62c8 4a62 0a15 0d04 07c0 266e 49aa 7faa 0126 05fd 173c 18c7 43c0 2000 06bb 5d4a 59ab 6f63 2b01 4162 763f 4f55 5d38 4ec1 7896 41d8
7a94 665a 1a0f 3ea2 2315 1a11 0024 3f8c 2e15 5059 0b99 0367 52ad 0d56 5798 4140 1ac3 12f7 4ac5 2b1c 5ca0 362f 135c 2906 1611 1864 02c3 7072 564e
1972 4b3b 5cc1 4d5c 74b4 4b55 65e2 7cb1 7447 1e9b 103f 041f 5b90 7f09 2c1f 3b57 3c0f 43b2 5436 45e0 6e18 54db 119e 6fa3 4025 7a7f 4b5d 7df9 2154
69df 6e6f 77a4 1e43 1974 12eb 7f6b 6413 0f6c 6085 1a72 18b9 0e11 3cdd 1453 30da 3aa2 5082 7801 4405 5ee1 198d 2c45 716b 6a4b 7244 53fe 726c 0a39
0ba3 636a 22f9 67d4 3d30 7d9d 1ad1 5628 123f 64bd 4bfa 6037 28dc 5231 30cb 782a 5951 46b3 086e 4cc2 0d3e 594b 2518 3cf3 029d 5e06 2a3a 4516 0494
47b0 52df 500f 2326 462d 71cd 7aca 2ce6 64cb 2e5c 6756 5286 2001 411d 0b74 07b6 7463 199c 2274 1da0 65c7 1598 63c4 1e30 7687 539e 1bfd 1134 6241
6041 2af7 57a0 6573 6e3e 7d59 1caf 56e9 1224 751f 439c 0fc2 2f5c 622a 661d 0f87 2fee 117e 5972 69eb 48cf 28e1 3fa6 6c1f 7798 7b47 6b25 04cd 6e33
5099 2690 7c0a 66b3 38b0 55b4 224a 53d0 5b68 2ff8 519a 68e9 2831 0df7 78be 508d 1c1d 6599 4250 1d25 1808 59e4 4ab8 5250 53f9 28f4 5071 0773 616e
2261 61ca 6278 742e 4fcb 5b28 428d 2029 4352 092e 7a2f 5010 137f 5424 3667 38d4 77cb 0e43 3c30 372a 4ebf 72e2 6271 3e80 514f 0c6e 67ac 5f74 0e94
1412 0d7e 5e16 3b67 1353 48b8 37cc 6958 5cbd 03c0 5bf2 27b7 6402 452f 5d30 62ab 5092 657d 78d4 2adb 2623 453e 27de 4a17 26e8 147e 2c82 4362 601e
470c 17c1 6674 0bef 015a 2a1a 3417 711f 7194 124e 060d 3241 4bae 300b 62c6 7619 614e 7f2c 3264 3d4a 4bbd 3b13 3810 74b6 5d77 7d40 672d 4030 2657
0306 4bbf 2d37 03fc 0bc1 711a 2419 1949 10c5 3711 1de1 2fff 790b 3549 5868 0af5 01ba 0557 60c1 68f6 7725 0ba9 5e30 4fce 5fba 6ce8 6dcf 21e4 59a4
34ca 78d0 4d38 0957 3918 5201 1f31 588e 0b8d 6308 0000 5079 46c9 5c41 0222 07a3 6c48 2f3d 584b 49ae 62b1 28e8 05bc 72e9 4e5c 3d5e 710b 5ec1 46b5
2b6d 6020 3e33 46ca 69d4 490d 6eb2 0a4c 42e0 6d62 6997 5e57 59f5 7387 63f9 2a80 3fba 3aea 2f99 782c 3478 1c16 5c38 4384 452a 0e1b 5298 6147 5d38
28e7 0879 79a1 6735 6113 6a10 6418 68e3 313d 6b78 4068 58d6 239f 364d 1697 713d 4f25 3339 03a0 00cb 7e8a 2b0a 0e75 62f8 0f72 2399 64e8 0f84 5071
45ae 5d50 23bf 5167 5882 3450 693b 65d2 2e19 2c65 6aed 57ee 298c 257b 3ac0 30e2 5e95 0559 123c 1d56 47dc 4832 2e03 3884 0e15 6c8a 7ca8 5223 1e69
0fad 2aeb 6a79 18f8 6d0a 1f55 7aaf 7252 4caa 5e66 0810 338f 3953 060c 3c2b 4fed 48de 50de 6f93 71a9 1843 3a8c 6137 4ff9 1e81 2f41 689d 1042 3cbc
7161 272d 5806 17f4 5234 284c 0102 641a 68c3 5102 452c 6c0e 370e 569e 00f6 5fcc 7c20 55a9 0e4d 5057 1633 6424 4298 1eb7 4efd 56eb 302a 6df3 52ce
5aaa 6071 21b8 5b87 0b38 277b 54a2 2b34 38cc 59c3 3361 4de4 0518 7231 7d2a 2268 6c5d 2df1 0401 5276 0690 461b 33b0 3712 3335 6689 2ec0 0626 038c
66f1 74d5 105c 44f8 0a1a 03b5 6ded 4b1e 3b84 5846 687f 38b8 7ee8 16e9 3658 0288 0919 7702 078e 32d6 0a9d 6234 5eac 6f26 285f 7e13 2151 5b71 0a1a
060c 4df8 1f99 10f2 2cc9 0dad 0cf5 2e24 731e 5121 72f8 15ae 08db 7319 3b9d 3592 6383 31a6 67ff 0502 641f 763d 2a46 6599 6432 16bd 4605 2041 15e8
112b 2ab9 6eae 7900 6639 33ff 3518 3446 388b 31aa 2833 7e2c 681f 03be 54ca 0b2c 6c92 162f 3604 7701 340d 1108 4071 54c4 3d10 7ae4 53e0 1eec 7913
616b 3e19 6edc 5638 537b 6302 22b3 6997 6383 076c 4337 4a3f 3f61 0048 4fcd 3a74 6ea2 5ee6 4ff1 485c 64ba 3abe 6242 1a69 6576 14a7 7eb2 45e0 74fa
5544 4115 69c1 5abe 10c7 4fa5 471c 3d43 2f1d 3bad 23a7 3af8 3c13 53ed 2c51 544c 2dee 3414 711a 71ee 21a0 6b09 1ea6 74af 56f7 650d 299c 79bc 638f
6891 35ab 53fb 1a5d 3fb2 3e36 2e41 5e21 605d 45ff 5542 1663 12c8 0e67 7f0c 7485 099d 719d 636a 53f8 5dbe 79c0 4fff 5cd0 4c38 51b2 2489 6a89 346d
280b 5156 0121 7e4b 715e 405e 3713 76b0 25b4 30f6 3271 7873 5c31 4c2c 1ce2 7cef 7615 41d5 6f76 598c 28ba 171d 41be 20a4 5dfe 1e19 324f 5af5 3a13
52eb 012e 7783 585a 5fcc 53a5 6738 7d94 29ca 7312 31c9 538a 7391 2aa5 5df0 495f 55a2 7466 06b7 0d54 021d 30c1 4dbc 5a33 4af8 484e 5a9d 4a20 0755
41dd 67f9 7dc8 5ee8 5781 533c 61bb 5450 643b 6eff 4696 2775 0dc7 5140 40bc 4f5b 383c 4436 6c6a 73f7 2a45 5268 4b92 4643 594a 6eef 29bf 0854 6fdd
3f38 3d70 0afb 25d6 4c33 492a 7561 117c 159f 70f1 5a13 2d09 425f 4bd7 2a27 4938 6b1f 39fe 1b75 2b88 2e3b 0433 0ecb 3ae6 5dcf 0df7 111c 48b4 1777
71fe 2d36 1b7f 7ff8 4e14 2196 213b 2cba 3504 14f1 0b93 49a9 36e9 7542 34e8 3d7a 05ed 2c97 54c6 656e 4d0b 12bf 4bc8 4359 2065 10ba 67b0 396b 1c2a
1b0f 6b67 1815 4d97 7566 43f1 014d 664f 3b24 4b71 174a 0ccc 5654 68e6 5751 06d4 679c 69d7 5659 6c7b 094b 2710 7eea 7f32 3658 3b9b 7457 7908 4506
3d01 442c 1e24 1616 03bc 5d42 17f5 21e1 3c6a 0d00 73d9 261c 5953 37ed 230f 2df4 728e 0424 2cf8 5043 3834 0ea6 4a77 6732 066b 1eeb 5a3f 216a 1d0b
4139 1afa 69aa 5a52 32c0 7728 1bb0 48c0 1a98 231d 6a59 5195 33ec 78df 4ca8 31f1 7e88 302a 7cee 7fa2 2faf 5733 3b2e 70fb 6a61 2477 661a 3b7a 2dc8
6d4c 406e 1fbc 4613 5a24 621f 2b94 3b00 7bb1 095e 5b70 5f20 5e57 3a3e 0e39 667d 4738 4b40 7e0f 1a2c 1422 7634 34f4 0b8e 0f32 6ed1 6074 6851 7551
2b4c 0e6b 3cfd 7e13 1916 2af1 3570 76c8 06f8 2f48 7769 49bd 5e36 2acd 3b70 1949 4ba7 622a 1c0b 22d7 40d6 3cdd 51be 57e0 01bb 2338 2604 213c 3827
4eef 1ab3 3b7c 0b48 21dc 651e 1542 4417 509d 615b 0e53 1917 3ca9 4d1a 5f42 0eb1 6ac3 460b 067f 3c44 6c7b 3761 18e0 358a 17f3 0eb8 2d94 510e 05e5
4b24 7cfe 47ef 3d5c 20ef 447f 1034 5347 4eab 3d0b 7e20 1d19 7f59 3c35 41b3 6ed0 4c68 71ab 78f1 5987 6d85 0b3c 69f3 5d90 7c56 363d 0d58 78b9 7f2b
4919 6115 70fa 529d 1d40 40be 437c 32c9 02e8 5d33 1275 1487 6126 44f6 53f7 1ccd 3ba0 09ac 7fd1 5122 269b 652d 7ed1 68e4 24f2 3478 4e3b 544f 1284
1f97 265f 2875 53e3 2d8c 5351 3336 39a8 4df1 7350 60ba 03d7 1b78 62a1 3e27 22bb 020a 11ac 429e 5030 4856 3467 515b 2d0b 110b 5032 3744 0e39 03ed
2640 624e 17d7 050c 211e 1613 2d66 7508 0f2d 266d 42d7 2ec8 55db 1da0 4ace 419f 2f39 7588 603a 3a96 1284 62e1 3cf5 135a 202e 7e35 5b45 19b1 3089
6cbf 26f4 50a3 7e85 2739 72fb 572b 65f8 434e 6eeb 6f9e 2e9d 6278 639a 653e 2abd 36c3 4de9 77f8 6137 0b73 5f8b 51e5 46ce 5cd9 6be8 4d34 4a29 4387
6540 077d 416d 1a42 11b2 0ab9 008f 6300 633a 176e 22e1 4e57 7b38 589c 2c72 6259 6cab 6544 08e9 67ff 2643 56bd 3e57 17a7 0c0e 27f3 6c20 692e 64ee
0a39 6962 4377 7913 69ad 0f3d 1ff0 5fb8 74ee 148b 57ae 79b5 3816 4c10 0d56 19dd 2a98 6b1c 5bd6 40bb 2d2c 69ee 2acc 762a 1343 1b16 6f95 612b 6d7f
52dc 3ec9 385b 50b3 3115 33f3 5b39 7b45 7260 3759 6f16 1eda 61a6 4191 6091 6669 5a0c 3bd6 28a3 4552 0c01 78da 7b02 04ed 31ae 25c8 4102 66ed 06b3
10bf 3afe 1600 59c5 3dbd 6595 2ccd 01d7 385e 6d5f 0fcf 048a 508c 3933 2e38 7025 4cb4 128e 36a3 226c 5751 13e3 7417 6769 7935 507d 4c98 4c61 21ee
32f7 5b9d 5e6d 4e2d 54d3 1a22 613d 4821 48ee 357f 3437 2aa5 18bc 64b6 0c77 1579 77bb 444e 7d75 0e4d 2f8f 1a27 2431 6e09 7ba6 438f 559f 54fe 45e0
36a9 140b 1c65 6be0 725e 4c75 7aac 4130 7225 4196 3193 5799 7026 1c84 3a9d 6d4c 0338 19b1 2e1a 38f1 1940 53a1 47d5 7395 77d7 1ae9 5d61 4729 59a2
2696 2f31 0c74 3fdf 0830 12b4 56a4 3f70 26e9 74a7 6f90 7bdd 47c1 0141 098c 17e9 6570 6274 019c 2f20 4940 3a49 448d 62fe 1d86 46e7 7006 4cc2 2e3b
1e41 4d74 7ade 766b 09c6 67e9 6963 0331 3b84 48f0 37e9 39d1 24ca 57a3 6ec4 3553 4956 6bdd 12f1 52f9 2cac 583a 36b1 6e53 298f 100a 36a3 4a0e 652d
16de 1a51 5d46 2554 2902 6566 73c6 4bdb 6160 7614 26f8 54eb 4aec 73e6 2170 0abd 3a42 7eb5 75c0 1e16 0f8a 749a 0672 66a5 7187 064d 0bfa 6fed 4ded
7bf5 60be 56b2 4b32 4709 4231 734e 6032 332e 0396 7db2 539e 739a 27f1 4874 7982 2936 6128 644d 10f5 49d6 5514 70cd 4a51 6256 3a79 18bb 2abb 49bd
49ce 5a02 6457 35b8 33cd 635b 5db0 3d21 5f32 3b90 00c4 2d0f 425f 17f2 4801 2f1d 4662 1e56 1bf3 0ecf 36d6 25bf 5478 736b 1e79 290a 4155 3c1d 16a6
7065 3975 061f 2b4b 5f99 67b8 6428 5bc4 7295 38db 66b6 3863 0aed 0f01 62bb 2463 2180 68c1 42d7 0273 07d5 16b6 52cf 69e6 5769 005f 05f3 4068 1393
36c4 6a59 041a 21c3 79ab 0382 1680 0aff 0666 5001 2ef4 4444 44b5 289e 5c21 5ab4 058c 420e 2171 0009 00db 236d 62c5 499c 59df 2e33 3d0a 08dc 052f
05bc 087b 7d31 59de 04bb 3ad3 07e3 7f7b 7ac9 5241 0134 1366 6c35 4950 19b3 309e 3d06 3b63 294e 016a 7f26 3f13 18ec 5903 3f04 750d 39fe 1080 769f
39ff 3570 020d 0f16 04ef 7f66 4c4d 42f9 4eb9 76f9 3cc4 44e4 0843 7e71 2956 55cd 5666 63d7 2d90 1829 0562 3b6b 780b 5d19 4fd1 1785 07c6 2f90 335c
1d07 74ad 3099 676c 3f01 0b69 310b 53b7 6480 1740 1e69 6750 3342 14fd 1420 7baa 70bb 43ba 10a1 2b4a 225a 36fd 0064 65d9 6733 1313 6acd 6733 42d7
1122 074e 4dbb 3b93 6631 6e1a 378c 44bf 47e0 0c1a 4d00 54f2 0082 5093 5840 4e10 34ec 433e 3b86 05bb 26b3 6adc 2e36 3e8e 624b 4dec 10ed 3d79 3d5b
63ce 4b96 126b 1ad7 2f3a 0196 0989 12f6 36a6 52af 184e 276d 690d 6abd 49b6 6492 3557 57b9 7362 1fa7 6218 77dd 0924 30d9 4efe 75f8 2e36 575c 7b80
13a2 2b50 7f8c 554e 42bc 6fa1 12ab 619f 4bac 10f1 1f67 5f88 4836 2fe3 6eda 18ec 4532 5462 6c17 19b0 1b7e 166e 74cd 663a 3f58 4c55 0cec 6602 32e1
5ee9 1acf 5063 21f3 7339 1edf 1928 77f2 4fd4 2ffc 3e1b 1b91 16aa 57dd 20d8 4231 3ba1 4f4e 02a3 0abf 3df9 760d 1baf 62a5 1e10 6b09 66ab 6990 6026
2101 1995 0342 4572 0c63 125d 4937 557b 50bd 317e 3eb1 2e1a 599d 72c8 49ba 6714 3c0b 28e4 2e36 25d4 73f5 02ad 3cbc 0d73 0ced 5536 2f97 538c 741a
798e 0d9c 7a57 2372 4198 1c73 2532 07f3 02b6 2083 7606 6f8a 2e44 63e1 7cf5 060c 5e1f 1791 2687 5f02 219f 23c5 477a 38a5 4f7c 5eba 6733 0b0f 2397
15d7 686a 7d12 0158 2a26 1181 4904 5dcf 2b9a 31c8 15b3 3229 47de 2396 4663 4676 72ad 4167 45e8 0b7d 4d76 7095 4533 3ca0 229b 32d0 5137 0057 0ea4
23e6 12e2 13db 30ee 1b66 423a 50a4 2fb8 460b 6484 53f9 5c5b 704c 5dd5 7001 2ed7 6759 59e8 253d 3c6f 58b4 613a 118e 14ed 4ab8 5c92 6593 0c48 0424
17f9 0a5c 794b 3da7 2caa 0cc6 2c48 1910 607d 69e7 6ca9 2197 7d60 501d 6d7a 212d 31f3 5298 7dc5 53b6 6cc1 5ed0 0406 03e3 4e43 4f65 528f 540c 2a3e
679e 1411 5329 635e 0adc 7cdd 0754 33ec 2a7c 64e3 583f 5018 6d26 621e 7101 3173 3115 3051 62d5 3076 4879 2ae6 5bac 3ae3 5b4e 62ad 6eb7 5303 6935
6c84 40b3 6471 604b 353c 7f73 630a 4692 2f6a 512c 1ad2 49e9 44e8 68be 6726 10d7 74a7 6b73 4073 2cab 55ae 2ca1 1f72 1895 7b65 72d0 0115 7afb 511a
065d 332a 766b 0cea 1432 76a6 04a9 52a2 4086 600a 3b3d 385a 181c 6c8a 371f 576e 4fc8 1dfb 53e6 1535 3a9c 188d 3dd5 2e0a 5807 3678 2893 544d 6acc
1571 2c55 0f70 51fb 00eb 096c 4aa0 0f40 5642 7485 0997 5108 3f3e 3047 4fb5 69dc 5ebb 1a32 044c 5ef4 0838 4a66 5884 78d0 6790 4d1e 6772 5b9f 2fb5
3064 5b22 145d 4aba 7ada 3043 4a94 26d7 6c54 0ca3 5401 01e3 5046 3ece 6ba5 4702 4bc4 568e 0330 2e82 03bd 2a05 6074 0a4e 7645 4c92 1736 0b69 541e
7f52 0af6 7038 7f4a 1aa6 377f 6373 5f11 54c4 4c4a 1630 010c 3605 3689 2610 3af6 7ae3 61cf 3932 244c 65e7 5c5d 45bc 6bfa 2ab5 64ae 38fd 5132 61c3
02d6 422b 3a2b 3da3 34a2 0ac3 6ce6 0169 6063 5fda 1c16 4613 129d 7031 50fc 3aed 3696 4232 76b2 4fc5 45f2 3d84 5ef3 5685 259e 5c15 0f04 7e93 23d8
5b55 3ce1 6d0f 4bfd 4843 677c 2729 1ed2 76bf 6ab6 4e9d 1b78 17b7 45e8 6126 1e9f 2f19 0b40 650e 48c2 7ef2 299b 7e4f 472e 753c 5914 3a14 7e39 6a3c
2f51 2822 2eb2 4c24 63a3 093e 11db 36e5 21d1 7084 139f 4802 68d6 1b83 3ed2 68d2 5b05 05b8 6603 3ab1 1d2f 655e 06ae 073c 550e 5308 5ed6 06b2 14f2
1c69 1956 2f7e 70f5 711a 7bf1 0992 1f29 24b5 2c12 009d 3288 072c 4293 2659 5924 63ac 61bd 19ab 1959 419f 498c 6275 4265 3af8 43b0 24f8 3712 28cc
3ced 3b1c 2360 33d4 33e6 059d 4d6d 658c 4cdb 28dd 698f 60c4 5852 463e 36f3 010a 7353 7c17 6154 1334 2d07 36cc 2abb 5622 1ad3 69db 3366 510d 7ebb
3719 1ffe 55b1 1f26 6821 3ecb 03a0 5f70 0897 54b8 12c0 32c5 7cf9 6589 3448 2221 1a3d 38a2 2b45 5ed5 1926 233a 10a1 07d9 4488 284e 20b5 1a1c 3fd1
341a 3fff
7ab8 0000
2ce3 0000
1bc4 3fff
4c22 3fff
27b0 3fff
40eb 3fff
7a8c 3fff
1fec 3fff
4b9e 0000
0b7f 3fff
615b 3fff
5eb6 0000
2f20 0000
6967 3fff
5ba3 3fff
2746 0000
45c1 3fff
6438 3fff
3bff 0000
4e5b 3fff
79c7 0000
4989 0000
3453 0000
4f66 3fff
1040 3fff
3ce7 3fff
66a7 0000
58e4 3fff
5150 3fff
77e3 3fff
0e2c 3fff
3928 0000
6a03 3fff
3ca1 0000
2702 0000
16f0 0000
6fb0 0000
6a5b 0000
2fc3 3fff
310d 0000
1d87 3fff
3d6f 3fff
0f22 3fff
4933 0000
6ad3 0000
142b 0000
2635 0000
5f26 3fff
3c26 0000
0080 3fff
09f2 3fff
7768 3fff
4326 3fff
514b 0000
02b0 3fff
045c 0000
7e73 3fff

