// dw_conv3x3_core test vectors (Thesis Sec 5.4.1.1)
// Format: 58 lines per case (one filter per line)
// Each line: d0..d8 w0..w8 bias expected  (20 x 4-hex values)
// n_cases=24
0000 0000 0000 0000 0000 0000 0000 0000 0000 0000 0000 0000 0000 0000 0000 0000 0000 0000 0000 0000
0000 0000 0000 0000 0000 0000 0000 0000 0000 0000 0000 0000 0000 0000 0000 0000 0000 0000 0000 0000
0000 0000 0000 0000 0000 0000 0000 0000 0000 0000 0000 0000 0000 0000 0000 0000 0000 0000 0000 0000
0000 0000 0000 0000 0000 0000 0000 0000 0000 0000 0000 0000 0000 0000 0000 0000 0000 0000 0000 0000
0000 0000 0000 0000 0000 0000 0000 0000 0000 0000 0000 0000 0000 0000 0000 0000 0000 0000 0000 0000
0000 0000 0000 0000 0000 0000 0000 0000 0000 0000 0000 0000 0000 0000 0000 0000 0000 0000 0000 0000
0000 0000 0000 0000 0000 0000 0000 0000 0000 0000 0000 0000 0000 0000 0000 0000 0000 0000 0000 0000
0000 0000 0000 0000 0000 0000 0000 0000 0000 0000 0000 0000 0000 0000 0000 0000 0000 0000 0000 0000
0000 0000 0000 0000 0000 0000 0000 0000 0000 0000 0000 0000 0000 0000 0000 0000 0000 0000 0000 0000
0000 0000 0000 0000 0000 0000 0000 0000 0000 0000 0000 0000 0000 0000 0000 0000 0000 0000 0000 0000
0000 0000 0000 0000 0000 0000 0000 0000 0000 0000 0000 0000 0000 0000 0000 0000 0000 0000 0000 0000
0000 0000 0000 0000 0000 0000 0000 0000 0000 0000 0000 0000 0000 0000 0000 0000 0000 0000 0000 0000
0000 0000 0000 0000 0000 0000 0000 0000 0000 0000 0000 0000 0000 0000 0000 0000 0000 0000 0000 0000
0000 0000 0000 0000 0000 0000 0000 0000 0000 0000 0000 0000 0000 0000 0000 0000 0000 0000 0000 0000
0000 0000 0000 0000 0000 0000 0000 0000 0000 0000 0000 0000 0000 0000 0000 0000 0000 0000 0000 0000
0000 0000 0000 0000 0000 0000 0000 0000 0000 0000 0000 0000 0000 0000 0000 0000 0000 0000 0000 0000
0000 0000 0000 0000 0000 0000 0000 0000 0000 0000 0000 0000 0000 0000 0000 0000 0000 0000 0000 0000
0000 0000 0000 0000 0000 0000 0000 0000 0000 0000 0000 0000 0000 0000 0000 0000 0000 0000 0000 0000
0000 0000 0000 0000 0000 0000 0000 0000 0000 0000 0000 0000 0000 0000 0000 0000 0000 0000 0000 0000
0000 0000 0000 0000 0000 0000 0000 0000 0000 0000 0000 0000 0000 0000 0000 0000 0000 0000 0000 0000
0000 0000 0000 0000 0000 0000 0000 0000 0000 0000 0000 0000 0000 0000 0000 0000 0000 0000 0000 0000
0000 0000 0000 0000 0000 0000 0000 0000 0000 0000 0000 0000 0000 0000 0000 0000 0000 0000 0000 0000
0000 0000 0000 0000 0000 0000 0000 0000 0000 0000 0000 0000 0000 0000 0000 0000 0000 0000 0000 0000
0000 0000 0000 0000 0000 0000 0000 0000 0000 0000 0000 0000 0000 0000 0000 0000 0000 0000 0000 0000
0000 0000 0000 0000 0000 0000 0000 0000 0000 0000 0000 0000 0000 0000 0000 0000 0000 0000 0000 0000
0000 0000 0000 0000 0000 0000 0000 0000 0000 0000 0000 0000 0000 0000 0000 0000 0000 0000 0000 0000
0000 0000 0000 0000 0000 0000 0000 0000 0000 0000 0000 0000 0000 0000 0000 0000 0000 0000 0000 0000
0000 0000 0000 0000 0000 0000 0000 0000 0000 0000 0000 0000 0000 0000 0000 0000 0000 0000 0000 0000
0000 0000 0000 0000 0000 0000 0000 0000 0000 0000 0000 0000 0000 0000 0000 0000 0000 0000 0000 0000
0000 0000 0000 0000 0000 0000 0000 0000 0000 0000 0000 0000 0000 0000 0000 0000 0000 0000 0000 0000
0000 0000 0000 0000 0000 0000 0000 0000 0000 0000 0000 0000 0000 0000 0000 0000 0000 0000 0000 0000
0000 0000 0000 0000 0000 0000 0000 0000 0000 0000 0000 0000 0000 0000 0000 0000 0000 0000 0000 0000
0000 0000 0000 0000 0000 0000 0000 0000 0000 0000 0000 0000 0000 0000 0000 0000 0000 0000 0000 0000
0000 0000 0000 0000 0000 0000 0000 0000 0000 0000 0000 0000 0000 0000 0000 0000 0000 0000 0000 0000
0000 0000 0000 0000 0000 0000 0000 0000 0000 0000 0000 0000 0000 0000 0000 0000 0000 0000 0000 0000
0000 0000 0000 0000 0000 0000 0000 0000 0000 0000 0000 0000 0000 0000 0000 0000 0000 0000 0000 0000
0000 0000 0000 0000 0000 0000 0000 0000 0000 0000 0000 0000 0000 0000 0000 0000 0000 0000 0000 0000
0000 0000 0000 0000 0000 0000 0000 0000 0000 0000 0000 0000 0000 0000 0000 0000 0000 0000 0000 0000
0000 0000 0000 0000 0000 0000 0000 0000 0000 0000 0000 0000 0000 0000 0000 0000 0000 0000 0000 0000
0000 0000 0000 0000 0000 0000 0000 0000 0000 0000 0000 0000 0000 0000 0000 0000 0000 0000 0000 0000
0000 0000 0000 0000 0000 0000 0000 0000 0000 0000 0000 0000 0000 0000 0000 0000 0000 0000 0000 0000
0000 0000 0000 0000 0000 0000 0000 0000 0000 0000 0000 0000 0000 0000 0000 0000 0000 0000 0000 0000
0000 0000 0000 0000 0000 0000 0000 0000 0000 0000 0000 0000 0000 0000 0000 0000 0000 0000 0000 0000
0000 0000 0000 0000 0000 0000 0000 0000 0000 0000 0000 0000 0000 0000 0000 0000 0000 0000 0000 0000
0000 0000 0000 0000 0000 0000 0000 0000 0000 0000 0000 0000 0000 0000 0000 0000 0000 0000 0000 0000
0000 0000 0000 0000 0000 0000 0000 0000 0000 0000 0000 0000 0000 0000 0000 0000 0000 0000 0000 0000
0000 0000 0000 0000 0000 0000 0000 0000 0000 0000 0000 0000 0000 0000 0000 0000 0000 0000 0000 0000
0000 0000 0000 0000 0000 0000 0000 0000 0000 0000 0000 0000 0000 0000 0000 0000 0000 0000 0000 0000
0000 0000 0000 0000 0000 0000 0000 0000 0000 0000 0000 0000 0000 0000 0000 0000 0000 0000 0000 0000
0000 0000 0000 0000 0000 0000 0000 0000 0000 0000 0000 0000 0000 0000 0000 0000 0000 0000 0000 0000
0000 0000 0000 0000 0000 0000 0000 0000 0000 0000 0000 0000 0000 0000 0000 0000 0000 0000 0000 0000
0000 0000 0000 0000 0000 0000 0000 0000 0000 0000 0000 0000 0000 0000 0000 0000 0000 0000 0000 0000
0000 0000 0000 0000 0000 0000 0000 0000 0000 0000 0000 0000 0000 0000 0000 0000 0000 0000 0000 0000
0000 0000 0000 0000 0000 0000 0000 0000 0000 0000 0000 0000 0000 0000 0000 0000 0000 0000 0000 0000
0000 0000 0000 0000 0000 0000 0000 0000 0000 0000 0000 0000 0000 0000 0000 0000 0000 0000 0000 0000
0000 0000 0000 0000 0000 0000 0000 0000 0000 0000 0000 0000 0000 0000 0000 0000 0000 0000 0000 0000
0000 0000 0000 0000 0000 0000 0000 0000 0000 0000 0000 0000 0000 0000 0000 0000 0000 0000 0000 0000
0000 0000 0000 0000 0000 0000 0000 0000 0000 0000 0000 0000 0000 0000 0000 0000 0000 0000 0000 0000

0001 0001 0001 0001 0001 0001 0001 0001 0001 0001 0001 0001 0001 0001 0001 0001 0001 0001 0000 0000
0001 0001 0001 0001 0001 0001 0001 0001 0001 0001 0001 0001 0001 0001 0001 0001 0001 0001 0000 0000
0001 0001 0001 0001 0001 0001 0001 0001 0001 0001 0001 0001 0001 0001 0001 0001 0001 0001 0000 0000
0001 0001 0001 0001 0001 0001 0001 0001 0001 0001 0001 0001 0001 0001 0001 0001 0001 0001 0000 0000
0001 0001 0001 0001 0001 0001 0001 0001 0001 0001 0001 0001 0001 0001 0001 0001 0001 0001 0000 0000
0001 0001 0001 0001 0001 0001 0001 0001 0001 0001 0001 0001 0001 0001 0001 0001 0001 0001 0000 0000
0001 0001 0001 0001 0001 0001 0001 0001 0001 0001 0001 0001 0001 0001 0001 0001 0001 0001 0000 0000
0001 0001 0001 0001 0001 0001 0001 0001 0001 0001 0001 0001 0001 0001 0001 0001 0001 0001 0000 0000
0001 0001 0001 0001 0001 0001 0001 0001 0001 0001 0001 0001 0001 0001 0001 0001 0001 0001 0000 0000
0001 0001 0001 0001 0001 0001 0001 0001 0001 0001 0001 0001 0001 0001 0001 0001 0001 0001 0000 0000
0001 0001 0001 0001 0001 0001 0001 0001 0001 0001 0001 0001 0001 0001 0001 0001 0001 0001 0000 0000
0001 0001 0001 0001 0001 0001 0001 0001 0001 0001 0001 0001 0001 0001 0001 0001 0001 0001 0000 0000
0001 0001 0001 0001 0001 0001 0001 0001 0001 0001 0001 0001 0001 0001 0001 0001 0001 0001 0000 0000
0001 0001 0001 0001 0001 0001 0001 0001 0001 0001 0001 0001 0001 0001 0001 0001 0001 0001 0000 0000
0001 0001 0001 0001 0001 0001 0001 0001 0001 0001 0001 0001 0001 0001 0001 0001 0001 0001 0000 0000
0001 0001 0001 0001 0001 0001 0001 0001 0001 0001 0001 0001 0001 0001 0001 0001 0001 0001 0000 0000
0001 0001 0001 0001 0001 0001 0001 0001 0001 0001 0001 0001 0001 0001 0001 0001 0001 0001 0000 0000
0001 0001 0001 0001 0001 0001 0001 0001 0001 0001 0001 0001 0001 0001 0001 0001 0001 0001 0000 0000
0001 0001 0001 0001 0001 0001 0001 0001 0001 0001 0001 0001 0001 0001 0001 0001 0001 0001 0000 0000
0001 0001 0001 0001 0001 0001 0001 0001 0001 0001 0001 0001 0001 0001 0001 0001 0001 0001 0000 0000
0001 0001 0001 0001 0001 0001 0001 0001 0001 0001 0001 0001 0001 0001 0001 0001 0001 0001 0000 0000
0001 0001 0001 0001 0001 0001 0001 0001 0001 0001 0001 0001 0001 0001 0001 0001 0001 0001 0000 0000
0001 0001 0001 0001 0001 0001 0001 0001 0001 0001 0001 0001 0001 0001 0001 0001 0001 0001 0000 0000
0001 0001 0001 0001 0001 0001 0001 0001 0001 0001 0001 0001 0001 0001 0001 0001 0001 0001 0000 0000
0001 0001 0001 0001 0001 0001 0001 0001 0001 0001 0001 0001 0001 0001 0001 0001 0001 0001 0000 0000
0001 0001 0001 0001 0001 0001 0001 0001 0001 0001 0001 0001 0001 0001 0001 0001 0001 0001 0000 0000
0001 0001 0001 0001 0001 0001 0001 0001 0001 0001 0001 0001 0001 0001 0001 0001 0001 0001 0000 0000
0001 0001 0001 0001 0001 0001 0001 0001 0001 0001 0001 0001 0001 0001 0001 0001 0001 0001 0000 0000
0001 0001 0001 0001 0001 0001 0001 0001 0001 0001 0001 0001 0001 0001 0001 0001 0001 0001 0000 0000
0001 0001 0001 0001 0001 0001 0001 0001 0001 0001 0001 0001 0001 0001 0001 0001 0001 0001 0000 0000
0001 0001 0001 0001 0001 0001 0001 0001 0001 0001 0001 0001 0001 0001 0001 0001 0001 0001 0000 0000
0001 0001 0001 0001 0001 0001 0001 0001 0001 0001 0001 0001 0001 0001 0001 0001 0001 0001 0000 0000
0001 0001 0001 0001 0001 0001 0001 0001 0001 0001 0001 0001 0001 0001 0001 0001 0001 0001 0000 0000
0001 0001 0001 0001 0001 0001 0001 0001 0001 0001 0001 0001 0001 0001 0001 0001 0001 0001 0000 0000
0001 0001 0001 0001 0001 0001 0001 0001 0001 0001 0001 0001 0001 0001 0001 0001 0001 0001 0000 0000
0001 0001 0001 0001 0001 0001 0001 0001 0001 0001 0001 0001 0001 0001 0001 0001 0001 0001 0000 0000
0001 0001 0001 0001 0001 0001 0001 0001 0001 0001 0001 0001 0001 0001 0001 0001 0001 0001 0000 0000
0001 0001 0001 0001 0001 0001 0001 0001 0001 0001 0001 0001 0001 0001 0001 0001 0001 0001 0000 0000
0001 0001 0001 0001 0001 0001 0001 0001 0001 0001 0001 0001 0001 0001 0001 0001 0001 0001 0000 0000
0001 0001 0001 0001 0001 0001 0001 0001 0001 0001 0001 0001 0001 0001 0001 0001 0001 0001 0000 0000
0001 0001 0001 0001 0001 0001 0001 0001 0001 0001 0001 0001 0001 0001 0001 0001 0001 0001 0000 0000
0001 0001 0001 0001 0001 0001 0001 0001 0001 0001 0001 0001 0001 0001 0001 0001 0001 0001 0000 0000
0001 0001 0001 0001 0001 0001 0001 0001 0001 0001 0001 0001 0001 0001 0001 0001 0001 0001 0000 0000
0001 0001 0001 0001 0001 0001 0001 0001 0001 0001 0001 0001 0001 0001 0001 0001 0001 0001 0000 0000
0001 0001 0001 0001 0001 0001 0001 0001 0001 0001 0001 0001 0001 0001 0001 0001 0001 0001 0000 0000
0001 0001 0001 0001 0001 0001 0001 0001 0001 0001 0001 0001 0001 0001 0001 0001 0001 0001 0000 0000
0001 0001 0001 0001 0001 0001 0001 0001 0001 0001 0001 0001 0001 0001 0001 0001 0001 0001 0000 0000
0001 0001 0001 0001 0001 0001 0001 0001 0001 0001 0001 0001 0001 0001 0001 0001 0001 0001 0000 0000
0001 0001 0001 0001 0001 0001 0001 0001 0001 0001 0001 0001 0001 0001 0001 0001 0001 0001 0000 0000
0001 0001 0001 0001 0001 0001 0001 0001 0001 0001 0001 0001 0001 0001 0001 0001 0001 0001 0000 0000
0001 0001 0001 0001 0001 0001 0001 0001 0001 0001 0001 0001 0001 0001 0001 0001 0001 0001 0000 0000
0001 0001 0001 0001 0001 0001 0001 0001 0001 0001 0001 0001 0001 0001 0001 0001 0001 0001 0000 0000
0001 0001 0001 0001 0001 0001 0001 0001 0001 0001 0001 0001 0001 0001 0001 0001 0001 0001 0000 0000
0001 0001 0001 0001 0001 0001 0001 0001 0001 0001 0001 0001 0001 0001 0001 0001 0001 0001 0000 0000
0001 0001 0001 0001 0001 0001 0001 0001 0001 0001 0001 0001 0001 0001 0001 0001 0001 0001 0000 0000
0001 0001 0001 0001 0001 0001 0001 0001 0001 0001 0001 0001 0001 0001 0001 0001 0001 0001 0000 0000
0001 0001 0001 0001 0001 0001 0001 0001 0001 0001 0001 0001 0001 0001 0001 0001 0001 0001 0000 0000
0001 0001 0001 0001 0001 0001 0001 0001 0001 0001 0001 0001 0001 0001 0001 0001 0001 0001 0000 0000

3fff 3fff 3fff 3fff 3fff 3fff 3fff 3fff 3fff 3fff 3fff 3fff 3fff 3fff 3fff 3fff 3fff 3fff 3fff 3fff
3fff 3fff 3fff 3fff 3fff 3fff 3fff 3fff 3fff 3fff 3fff 3fff 3fff 3fff 3fff 3fff 3fff 3fff 3fff 3fff
3fff 3fff 3fff 3fff 3fff 3fff 3fff 3fff 3fff 3fff 3fff 3fff 3fff 3fff 3fff 3fff 3fff 3fff 3fff 3fff
3fff 3fff 3fff 3fff 3fff 3fff 3fff 3fff 3fff 3fff 3fff 3fff 3fff 3fff 3fff 3fff 3fff 3fff 3fff 3fff
3fff 3fff 3fff 3fff 3fff 3fff 3fff 3fff 3fff 3fff 3fff 3fff 3fff 3fff 3fff 3fff 3fff 3fff 3fff 3fff
3fff 3fff 3fff 3fff 3fff 3fff 3fff 3fff 3fff 3fff 3fff 3fff 3fff 3fff 3fff 3fff 3fff 3fff 3fff 3fff
3fff 3fff 3fff 3fff 3fff 3fff 3fff 3fff 3fff 3fff 3fff 3fff 3fff 3fff 3fff 3fff 3fff 3fff 3fff 3fff
3fff 3fff 3fff 3fff 3fff 3fff 3fff 3fff 3fff 3fff 3fff 3fff 3fff 3fff 3fff 3fff 3fff 3fff 3fff 3fff
3fff 3fff 3fff 3fff 3fff 3fff 3fff 3fff 3fff 3fff 3fff 3fff 3fff 3fff 3fff 3fff 3fff 3fff 3fff 3fff
3fff 3fff 3fff 3fff 3fff 3fff 3fff 3fff 3fff 3fff 3fff 3fff 3fff 3fff 3fff 3fff 3fff 3fff 3fff 3fff
3fff 3fff 3fff 3fff 3fff 3fff 3fff 3fff 3fff 3fff 3fff 3fff 3fff 3fff 3fff 3fff 3fff 3fff 3fff 3fff
3fff 3fff 3fff 3fff 3fff 3fff 3fff 3fff 3fff 3fff 3fff 3fff 3fff 3fff 3fff 3fff 3fff 3fff 3fff 3fff
3fff 3fff 3fff 3fff 3fff 3fff 3fff 3fff 3fff 3fff 3fff 3fff 3fff 3fff 3fff 3fff 3fff 3fff 3fff 3fff
3fff 3fff 3fff 3fff 3fff 3fff 3fff 3fff 3fff 3fff 3fff 3fff 3fff 3fff 3fff 3fff 3fff 3fff 3fff 3fff
3fff 3fff 3fff 3fff 3fff 3fff 3fff 3fff 3fff 3fff 3fff 3fff 3fff 3fff 3fff 3fff 3fff 3fff 3fff 3fff
3fff 3fff 3fff 3fff 3fff 3fff 3fff 3fff 3fff 3fff 3fff 3fff 3fff 3fff 3fff 3fff 3fff 3fff 3fff 3fff
3fff 3fff 3fff 3fff 3fff 3fff 3fff 3fff 3fff 3fff 3fff 3fff 3fff 3fff 3fff 3fff 3fff 3fff 3fff 3fff
3fff 3fff 3fff 3fff 3fff 3fff 3fff 3fff 3fff 3fff 3fff 3fff 3fff 3fff 3fff 3fff 3fff 3fff 3fff 3fff
3fff 3fff 3fff 3fff 3fff 3fff 3fff 3fff 3fff 3fff 3fff 3fff 3fff 3fff 3fff 3fff 3fff 3fff 3fff 3fff
3fff 3fff 3fff 3fff 3fff 3fff 3fff 3fff 3fff 3fff 3fff 3fff 3fff 3fff 3fff 3fff 3fff 3fff 3fff 3fff
3fff 3fff 3fff 3fff 3fff 3fff 3fff 3fff 3fff 3fff 3fff 3fff 3fff 3fff 3fff 3fff 3fff 3fff 3fff 3fff
3fff 3fff 3fff 3fff 3fff 3fff 3fff 3fff 3fff 3fff 3fff 3fff 3fff 3fff 3fff 3fff 3fff 3fff 3fff 3fff
3fff 3fff 3fff 3fff 3fff 3fff 3fff 3fff 3fff 3fff 3fff 3fff 3fff 3fff 3fff 3fff 3fff 3fff 3fff 3fff
3fff 3fff 3fff 3fff 3fff 3fff 3fff 3fff 3fff 3fff 3fff 3fff 3fff 3fff 3fff 3fff 3fff 3fff 3fff 3fff
3fff 3fff 3fff 3fff 3fff 3fff 3fff 3fff 3fff 3fff 3fff 3fff 3fff 3fff 3fff 3fff 3fff 3fff 3fff 3fff
3fff 3fff 3fff 3fff 3fff 3fff 3fff 3fff 3fff 3fff 3fff 3fff 3fff 3fff 3fff 3fff 3fff 3fff 3fff 3fff
3fff 3fff 3fff 3fff 3fff 3fff 3fff 3fff 3fff 3fff 3fff 3fff 3fff 3fff 3fff 3fff 3fff 3fff 3fff 3fff
3fff 3fff 3fff 3fff 3fff 3fff 3fff 3fff 3fff 3fff 3fff 3fff 3fff 3fff 3fff 3fff 3fff 3fff 3fff 3fff
3fff 3fff 3fff 3fff 3fff 3fff 3fff 3fff 3fff 3fff 3fff 3fff 3fff 3fff 3fff 3fff 3fff 3fff 3fff 3fff
3fff 3fff 3fff 3fff 3fff 3fff 3fff 3fff 3fff 3fff 3fff 3fff 3fff 3fff 3fff 3fff 3fff 3fff 3fff 3fff
3fff 3fff 3fff 3fff 3fff 3fff 3fff 3fff 3fff 3fff 3fff 3fff 3fff 3fff 3fff 3fff 3fff 3fff 3fff 3fff
3fff 3fff 3fff 3fff 3fff 3fff 3fff 3fff 3fff 3fff 3fff 3fff 3fff 3fff 3fff 3fff 3fff 3fff 3fff 3fff
3fff 3fff 3fff 3fff 3fff 3fff 3fff 3fff 3fff 3fff 3fff 3fff 3fff 3fff 3fff 3fff 3fff 3fff 3fff 3fff
3fff 3fff 3fff 3fff 3fff 3fff 3fff 3fff 3fff 3fff 3fff 3fff 3fff 3fff 3fff 3fff 3fff 3fff 3fff 3fff
3fff 3fff 3fff 3fff 3fff 3fff 3fff 3fff 3fff 3fff 3fff 3fff 3fff 3fff 3fff 3fff 3fff 3fff 3fff 3fff
3fff 3fff 3fff 3fff 3fff 3fff 3fff 3fff 3fff 3fff 3fff 3fff 3fff 3fff 3fff 3fff 3fff 3fff 3fff 3fff
3fff 3fff 3fff 3fff 3fff 3fff 3fff 3fff 3fff 3fff 3fff 3fff 3fff 3fff 3fff 3fff 3fff 3fff 3fff 3fff
3fff 3fff 3fff 3fff 3fff 3fff 3fff 3fff 3fff 3fff 3fff 3fff 3fff 3fff 3fff 3fff 3fff 3fff 3fff 3fff
3fff 3fff 3fff 3fff 3fff 3fff 3fff 3fff 3fff 3fff 3fff 3fff 3fff 3fff 3fff 3fff 3fff 3fff 3fff 3fff
3fff 3fff 3fff 3fff 3fff 3fff 3fff 3fff 3fff 3fff 3fff 3fff 3fff 3fff 3fff 3fff 3fff 3fff 3fff 3fff
3fff 3fff 3fff 3fff 3fff 3fff 3fff 3fff 3fff 3fff 3fff 3fff 3fff 3fff 3fff 3fff 3fff 3fff 3fff 3fff
3fff 3fff 3fff 3fff 3fff 3fff 3fff 3fff 3fff 3fff 3fff 3fff 3fff 3fff 3fff 3fff 3fff 3fff 3fff 3fff
3fff 3fff 3fff 3fff 3fff 3fff 3fff 3fff 3fff 3fff 3fff 3fff 3fff 3fff 3fff 3fff 3fff 3fff 3fff 3fff
3fff 3fff 3fff 3fff 3fff 3fff 3fff 3fff 3fff 3fff 3fff 3fff 3fff 3fff 3fff 3fff 3fff 3fff 3fff 3fff
3fff 3fff 3fff 3fff 3fff 3fff 3fff 3fff 3fff 3fff 3fff 3fff 3fff 3fff 3fff 3fff 3fff 3fff 3fff 3fff
3fff 3fff 3fff 3fff 3fff 3fff 3fff 3fff 3fff 3fff 3fff 3fff 3fff 3fff 3fff 3fff 3fff 3fff 3fff 3fff
3fff 3fff 3fff 3fff 3fff 3fff 3fff 3fff 3fff 3fff 3fff 3fff 3fff 3fff 3fff 3fff 3fff 3fff 3fff 3fff
3fff 3fff 3fff 3fff 3fff 3fff 3fff 3fff 3fff 3fff 3fff 3fff 3fff 3fff 3fff 3fff 3fff 3fff 3fff 3fff
3fff 3fff 3fff 3fff 3fff 3fff 3fff 3fff 3fff 3fff 3fff 3fff 3fff 3fff 3fff 3fff 3fff 3fff 3fff 3fff
3fff 3fff 3fff 3fff 3fff 3fff 3fff 3fff 3fff 3fff 3fff 3fff 3fff 3fff 3fff 3fff 3fff 3fff 3fff 3fff
3fff 3fff 3fff 3fff 3fff 3fff 3fff 3fff 3fff 3fff 3fff 3fff 3fff 3fff 3fff 3fff 3fff 3fff 3fff 3fff
3fff 3fff 3fff 3fff 3fff 3fff 3fff 3fff 3fff 3fff 3fff 3fff 3fff 3fff 3fff 3fff 3fff 3fff 3fff 3fff
3fff 3fff 3fff 3fff 3fff 3fff 3fff 3fff 3fff 3fff 3fff 3fff 3fff 3fff 3fff 3fff 3fff 3fff 3fff 3fff
3fff 3fff 3fff 3fff 3fff 3fff 3fff 3fff 3fff 3fff 3fff 3fff 3fff 3fff 3fff 3fff 3fff 3fff 3fff 3fff
3fff 3fff 3fff 3fff 3fff 3fff 3fff 3fff 3fff 3fff 3fff 3fff 3fff 3fff 3fff 3fff 3fff 3fff 3fff 3fff
3fff 3fff 3fff 3fff 3fff 3fff 3fff 3fff 3fff 3fff 3fff 3fff 3fff 3fff 3fff 3fff 3fff 3fff 3fff 3fff
3fff 3fff 3fff 3fff 3fff 3fff 3fff 3fff 3fff 3fff 3fff 3fff 3fff 3fff 3fff 3fff 3fff 3fff 3fff 3fff
3fff 3fff 3fff 3fff 3fff 3fff 3fff 3fff 3fff 3fff 3fff 3fff 3fff 3fff 3fff 3fff 3fff 3fff 3fff 3fff

4000 4000 4000 4000 4000 4000 4000 4000 4000 4000 4000 4000 4000 4000 4000 4000 4000 4000 0000 3fff
4000 4000 4000 4000 4000 4000 4000 4000 4000 4000 4000 4000 4000 4000 4000 4000 4000 4000 0000 3fff
4000 4000 4000 4000 4000 4000 4000 4000 4000 4000 4000 4000 4000 4000 4000 4000 4000 4000 0000 3fff
4000 4000 4000 4000 4000 4000 4000 4000 4000 4000 4000 4000 4000 4000 4000 4000 4000 4000 0000 3fff
4000 4000 4000 4000 4000 4000 4000 4000 4000 4000 4000 4000 4000 4000 4000 4000 4000 4000 0000 3fff
4000 4000 4000 4000 4000 4000 4000 4000 4000 4000 4000 4000 4000 4000 4000 4000 4000 4000 0000 3fff
4000 4000 4000 4000 4000 4000 4000 4000 4000 4000 4000 4000 4000 4000 4000 4000 4000 4000 0000 3fff
4000 4000 4000 4000 4000 4000 4000 4000 4000 4000 4000 4000 4000 4000 4000 4000 4000 4000 0000 3fff
4000 4000 4000 4000 4000 4000 4000 4000 4000 4000 4000 4000 4000 4000 4000 4000 4000 4000 0000 3fff
4000 4000 4000 4000 4000 4000 4000 4000 4000 4000 4000 4000 4000 4000 4000 4000 4000 4000 0000 3fff
4000 4000 4000 4000 4000 4000 4000 4000 4000 4000 4000 4000 4000 4000 4000 4000 4000 4000 0000 3fff
4000 4000 4000 4000 4000 4000 4000 4000 4000 4000 4000 4000 4000 4000 4000 4000 4000 4000 0000 3fff
4000 4000 4000 4000 4000 4000 4000 4000 4000 4000 4000 4000 4000 4000 4000 4000 4000 4000 0000 3fff
4000 4000 4000 4000 4000 4000 4000 4000 4000 4000 4000 4000 4000 4000 4000 4000 4000 4000 0000 3fff
4000 4000 4000 4000 4000 4000 4000 4000 4000 4000 4000 4000 4000 4000 4000 4000 4000 4000 0000 3fff
4000 4000 4000 4000 4000 4000 4000 4000 4000 4000 4000 4000 4000 4000 4000 4000 4000 4000 0000 3fff
4000 4000 4000 4000 4000 4000 4000 4000 4000 4000 4000 4000 4000 4000 4000 4000 4000 4000 0000 3fff
4000 4000 4000 4000 4000 4000 4000 4000 4000 4000 4000 4000 4000 4000 4000 4000 4000 4000 0000 3fff
4000 4000 4000 4000 4000 4000 4000 4000 4000 4000 4000 4000 4000 4000 4000 4000 4000 4000 0000 3fff
4000 4000 4000 4000 4000 4000 4000 4000 4000 4000 4000 4000 4000 4000 4000 4000 4000 4000 0000 3fff
4000 4000 4000 4000 4000 4000 4000 4000 4000 4000 4000 4000 4000 4000 4000 4000 4000 4000 0000 3fff
4000 4000 4000 4000 4000 4000 4000 4000 4000 4000 4000 4000 4000 4000 4000 4000 4000 4000 0000 3fff
4000 4000 4000 4000 4000 4000 4000 4000 4000 4000 4000 4000 4000 4000 4000 4000 4000 4000 0000 3fff
4000 4000 4000 4000 4000 4000 4000 4000 4000 4000 4000 4000 4000 4000 4000 4000 4000 4000 0000 3fff
4000 4000 4000 4000 4000 4000 4000 4000 4000 4000 4000 4000 4000 4000 4000 4000 4000 4000 0000 3fff
4000 4000 4000 4000 4000 4000 4000 4000 4000 4000 4000 4000 4000 4000 4000 4000 4000 4000 0000 3fff
4000 4000 4000 4000 4000 4000 4000 4000 4000 4000 4000 4000 4000 4000 4000 4000 4000 4000 0000 3fff
4000 4000 4000 4000 4000 4000 4000 4000 4000 4000 4000 4000 4000 4000 4000 4000 4000 4000 0000 3fff
4000 4000 4000 4000 4000 4000 4000 4000 4000 4000 4000 4000 4000 4000 4000 4000 4000 4000 0000 3fff
4000 4000 4000 4000 4000 4000 4000 4000 4000 4000 4000 4000 4000 4000 4000 4000 4000 4000 0000 3fff
4000 4000 4000 4000 4000 4000 4000 4000 4000 4000 4000 4000 4000 4000 4000 4000 4000 4000 0000 3fff
4000 4000 4000 4000 4000 4000 4000 4000 4000 4000 4000 4000 4000 4000 4000 4000 4000 4000 0000 3fff
4000 4000 4000 4000 4000 4000 4000 4000 4000 4000 4000 4000 4000 4000 4000 4000 4000 4000 0000 3fff
4000 4000 4000 4000 4000 4000 4000 4000 4000 4000 4000 4000 4000 4000 4000 4000 4000 4000 0000 3fff
4000 4000 4000 4000 4000 4000 4000 4000 4000 4000 4000 4000 4000 4000 4000 4000 4000 4000 0000 3fff
4000 4000 4000 4000 4000 4000 4000 4000 4000 4000 4000 4000 4000 4000 4000 4000 4000 4000 0000 3fff
4000 4000 4000 4000 4000 4000 4000 4000 4000 4000 4000 4000 4000 4000 4000 4000 4000 4000 0000 3fff
4000 4000 4000 4000 4000 4000 4000 4000 4000 4000 4000 4000 4000 4000 4000 4000 4000 4000 0000 3fff
4000 4000 4000 4000 4000 4000 4000 4000 4000 4000 4000 4000 4000 4000 4000 4000 4000 4000 0000 3fff
4000 4000 4000 4000 4000 4000 4000 4000 4000 4000 4000 4000 4000 4000 4000 4000 4000 4000 0000 3fff
4000 4000 4000 4000 4000 4000 4000 4000 4000 4000 4000 4000 4000 4000 4000 4000 4000 4000 0000 3fff
4000 4000 4000 4000 4000 4000 4000 4000 4000 4000 4000 4000 4000 4000 4000 4000 4000 4000 0000 3fff
4000 4000 4000 4000 4000 4000 4000 4000 4000 4000 4000 4000 4000 4000 4000 4000 4000 4000 0000 3fff
4000 4000 4000 4000 4000 4000 4000 4000 4000 4000 4000 4000 4000 4000 4000 4000 4000 4000 0000 3fff
4000 4000 4000 4000 4000 4000 4000 4000 4000 4000 4000 4000 4000 4000 4000 4000 4000 4000 0000 3fff
4000 4000 4000 4000 4000 4000 4000 4000 4000 4000 4000 4000 4000 4000 4000 4000 4000 4000 0000 3fff
4000 4000 4000 4000 4000 4000 4000 4000 4000 4000 4000 4000 4000 4000 4000 4000 4000 4000 0000 3fff
4000 4000 4000 4000 4000 4000 4000 4000 4000 4000 4000 4000 4000 4000 4000 4000 4000 4000 0000 3fff
4000 4000 4000 4000 4000 4000 4000 4000 4000 4000 4000 4000 4000 4000 4000 4000 4000 4000 0000 3fff
4000 4000 4000 4000 4000 4000 4000 4000 4000 4000 4000 4000 4000 4000 4000 4000 4000 4000 0000 3fff
4000 4000 4000 4000 4000 4000 4000 4000 4000 4000 4000 4000 4000 4000 4000 4000 4000 4000 0000 3fff
4000 4000 4000 4000 4000 4000 4000 4000 4000 4000 4000 4000 4000 4000 4000 4000 4000 4000 0000 3fff
4000 4000 4000 4000 4000 4000 4000 4000 4000 4000 4000 4000 4000 4000 4000 4000 4000 4000 0000 3fff
4000 4000 4000 4000 4000 4000 4000 4000 4000 4000 4000 4000 4000 4000 4000 4000 4000 4000 0000 3fff
4000 4000 4000 4000 4000 4000 4000 4000 4000 4000 4000 4000 4000 4000 4000 4000 4000 4000 0000 3fff
4000 4000 4000 4000 4000 4000 4000 4000 4000 4000 4000 4000 4000 4000 4000 4000 4000 4000 0000 3fff
4000 4000 4000 4000 4000 4000 4000 4000 4000 4000 4000 4000 4000 4000 4000 4000 4000 4000 0000 3fff
4000 4000 4000 4000 4000 4000 4000 4000 4000 4000 4000 4000 4000 4000 4000 4000 4000 4000 0000 3fff

2192 0f03 44c0 0ff2 519e 38bf 1323 6031 5c9f 6077 1f64 01af 0af3 4734 4477 2b2e 57c7 6084 4195 3fff
05c3 046d 0cc7 5253 4d54 1757 1554 4d23 2113 672a 30aa 67b6 46e2 549f 23d1 4ea0 1a3e 432e 24a5 3fff
5c52 1b62 190c 2511 4494 4d57 731b 5be9 34af 0fb6 52a6 789d 1314 289e 4184 2b53 236f 7834 2a18 4000
3d39 7e20 20b9 52a6 020f 626c 361d 0133 0f87 7e46 6c15 11cc 7e8b 773e 09ad 5516 2170 33b7 13ec 4000
1e54 0e3c 6bee 688f 7e05 3006 6951 7188 0d7e 1b20 4cd7 0e45 092b 6d8f 12c5 6b5e 4215 1e5e 1eb7 3fff
55c8 43ff 46a9 0526 1d14 7a13 5df3 222a 51f2 0e3a 0127 1ce6 71c0 0237 214d 519f 05d3 5ed3 6d16 3fff
3448 1f96 2550 25b8 7c59 3644 625a 6c74 1344 3997 4cc1 6a3b 651d 3039 55f6 047c 08a4 754e 276d 4000
02b9 5e24 4123 5930 586f 3b3e 3a5e 4341 55c5 2720 034d 3977 7e66 0280 42b0 1bbf 33e0 1e37 1e71 4000
4329 6574 093d 7506 6db9 30b5 671b 2f4f 3575 6f78 1286 2b93 2c6e 556f 69ae 2d2b 4ff3 094d 74f2 4000
58ea 14c9 136d 1a08 41fa 740f 783c 0614 7554 23ef 26d6 0848 2601 0ac0 3270 7591 27d5 118d 5b71 4000
723c 1c74 25e7 0454 5901 6d18 02d0 2611 76d4 7182 29cc 6bcd 5151 7f55 3140 0ccb 5c1b 5a87 1773 4000
7b81 38aa 4130 575a 4799 0e63 0879 7eee 68e7 7bf8 333e 2237 31b9 7461 4d36 062c 2024 56a9 0ab9 4000
4702 3d05 6ea3 06e8 48a3 1589 2f05 14c4 61b7 2781 79d1 649d 0912 69ed 4155 4309 26f8 4e80 122c 4000
1fb4 2f37 6e5e 25fe 7a09 1924 40f2 190f 7f32 16fd 1c51 60e0 4fd4 2871 542e 56d6 2cb8 69a1 4820 3fff
43b5 4803 2fbb 22a9 7f2c 72e1 570d 0178 3a44 2084 66db 000c 7c8b 7fd4 2ada 4b33 5036 008d 26ce 3fff
0517 7e33 19c8 5576 41b6 39ae 4ef1 6bb2 0457 0364 46d6 6e71 3293 0e81 1124 4895 730b 1c2c 7b34 3fff
4076 6914 5679 5823 5e90 3324 33c0 4222 2a8b 0177 4b6c 4c14 56c3 5d6a 0f3c 0185 45ff 6b3d 1100 3fff
045a 0767 7264 2cc4 271d 6f5e 3fcf 144e 52ff 4975 4828 4124 3d2d 4c48 6949 04a3 00d1 61e8 7d01 3fff
17a9 4d89 7f71 37e3 2b46 1d98 5444 76c9 119b 0def 7608 26af 6ef3 0954 3cf7 545d 3982 3a7b 322b 3fff
74e1 681b 6b83 4452 11b8 6b68 44d8 0c2a 15c6 2e6b 0866 0e0a 39f8 0d74 3097 212a 01ea 5866 3d2a 4000
0158 4123 5f18 3051 712c 0f55 6bce 093a 0f19 48d4 4764 6d5f 1c7c 54b3 12f7 44a3 7bb8 5c0a 5ae2 3fff
6bd3 659e 505d 4e83 5346 067e 688a 7afd 157e 2730 0bb1 41d3 114a 35ab 39ed 430c 45b5 66ff 36a3 3fff
16dd 4fec 5450 0765 5ab7 663b 56a0 723f 35d5 5e80 4291 15cd 7f44 2970 0d3a 7c58 6338 7bb4 1fa5 4000
3ee3 15e1 3190 065e 4ff9 03e9 4b26 6d5f 1d10 370a 0367 25be 45db 5f56 0215 4bc2 721c 7814 4c44 3fff
36f9 6f1a 16a8 5f31 6237 4828 6f6b 6ba9 323b 6849 6a58 7fd6 39c9 0212 0ea2 5fa8 787d 2c21 6612 4000
14e1 76d8 5ea3 0e88 5d63 2da6 27cf 21d5 5e77 00fb 2881 4a88 499c 6115 0a50 25a0 0e75 3761 1a96 3fff
570e 6296 6531 761b 6b77 20b7 7a66 0f10 7a51 02c5 673b 1a0a 57c8 4c5d 77a0 3794 1581 512a 4bad 3fff
2f37 6801 31da 17dc 2687 6b2a 5ce0 4085 666b 18ed 56c4 6a29 22df 2a5e 2445 52b4 63f5 58b9 7656 3fff
5937 65d5 3081 4d93 7a00 63d1 4c96 079c 0a9b 25b1 0f45 27b5 3fd6 6bf9 7eee 41c2 40c7 7181 00f4 4000
4b76 5217 27d4 727a 0222 3cba 3a8e 407c 4449 733a 398c 38fb 2b61 4eca 7227 3110 6b10 7baa 2a14 3fff
6313 0bc5 400d 74fc 2364 6a4c 1c2d 12c1 1970 5017 58b1 2a7e 25ff 3776 2875 0014 6078 4eb3 06b2 4000
7754 0b6c 12d2 1b70 632d 6c15 1205 0609 636e 6fe1 0bda 34e6 3ed7 1d15 32da 356b 4731 2f80 647d 3fff
357f 3556 2865 5db1 4198 38eb 54eb 6b35 0cef 72f1 0f1c 41bc 562c 424b 6700 3030 07ee 39ce 3942 6cee
6db9 52e1 2fac 75b5 75f8 2370 382b 3124 3fb6 4bb7 4ca2 38b0 0f0e 0413 61d9 1b79 1e8b 75e0 4746 3fff
78d9 0b4f 6c7b 4eaa 3bb9 498c 2978 7879 6f04 779a 4409 62e0 2f89 7637 0d53 48ef 3eb0 0664 386b 4000
6c86 1a26 3f33 1dbe 75e1 4f78 610f 0244 728d 0043 4f2d 4a0f 427c 6f65 0598 31fb 4276 6bb3 1147 4000
1be7 603e 561f 40b3 2469 2d84 1000 301c 1d84 116a 1050 0b87 18cc 4cfd 51b9 1463 09bd 5f65 1d2c 4000
189d 1afb 00f8 7451 059c 3c1a 653a 35eb 3fb2 6053 1e21 0676 2ae8 64ab 0d2a 7e8c 4529 2a31 010e 4000
4b3f 4759 765a 4b62 528a 29b8 2eda 2598 7eb9 653c 6b1d 0c14 4118 116d 48c0 1280 61e5 55e9 2d03 3fff
2179 290b 2d0c 70d6 0d39 2fbc 5393 6b2c 2d3b 6ab4 4438 3496 196c 3139 264e 7fe8 45f6 466a 6762 4000
4e63 53f1 059c 1765 59cf 309f 1a19 38b3 137b 351d 608e 2641 2737 61c3 54fe 4cff 0db1 5eac 4685 4000
4a73 6c8f 6f26 7e4f 0bd2 393d 009d 6c73 3fcc 335d 3d48 726d 64c3 04a5 568f 3b49 0b50 36b7 72a4 4000
7679 61d1 6de5 1abd 198c 45fc 01ed 0bca 23d8 5adc 39c8 76f8 7414 53fb 25ac 44cd 5de5 0b58 541f 4000
03c3 719e 4f7d 3ba0 3e88 5273 6a97 1343 760e 244c 5979 64d4 5c48 6906 3fc1 0e32 2c99 7b55 76ff 4000
3e47 71d3 694a 1483 26de 5b41 0206 4820 3f56 5f9f 202b 5698 7a79 59b0 6891 5533 64b1 6147 3896 4000
1c28 1cb2 7c2b 2679 6c83 29e5 56c5 55df 3b36 703b 08b1 387f 2c5d 6c49 29ce 22a3 7af4 6ef3 03be 3fff
235c 7de0 205a 0b08 174a 1613 4969 5400 3b69 4b7c 3445 54d5 7220 5a78 1435 227a 5198 2f12 4649 4000
44e3 0370 44c5 3168 760d 5d4c 61e6 5759 4d0e 11e0 6d7e 79e3 63f5 6263 42b6 57dc 69e9 2bea 4a5e 3fff
36c1 4b43 190d 0604 65a8 605a 64de 0b6c 409c 1c25 40cf 7dc5 1271 67a6 3be2 7da4 7cac 7bbd 098b 3fff
3270 508e 349c 717d 00e6 359c 2d97 3dc9 0d2c 63dd 60b0 2ee1 7b14 07ee 15f7 393d 09c2 2b35 10ec 3fff
3989 7a63 0eb6 68ab 2bbc 0ace 1e90 5f51 43be 44b7 57ab 4cc0 2440 2cc5 64ac 2cca 3be4 599e 2cad 4000
0408 0eff 649b 4640 2ebc 5ce2 044e 7999 0f76 1395 5165 44eb 765f 1a54 3f43 161f 4686 0c78 0748 3fff
06cf 3bf0 6487 520d 75f7 449d 4389 6907 4a45 7250 38b3 1a07 13be 0c03 78d1 7da5 421e 0f20 3d54 3fff
6f3a 24e8 770a 3632 2437 6d4c 400c 3a73 15a9 601c 741f 316c 0175 1ed5 19c7 208c 276f 6981 706a 3fff
0395 09e2 6f1e 27ed 455a 02d6 692b 53fe 6190 0837 7203 3ffd 670e 7e48 365a 1a5a 02b6 38fa 218d 4000
0985 7588 5739 43ac 3326 6b25 6c27 5b09 75e1 3bc7 261c 7931 1269 147c 38c4 7ac5 5c03 2682 76de 3fff
08c1 6ab1 0720 590c 363b 493c 662d 28f5 3d63 3b96 690b 3521 5899 1659 0329 72a9 317f 7f0c 53f4 3fff
14fc 5333 753f 3f74 7a48 394a 3b84 4e17 7a4f 6887 2fd1 7d04 042a 4032 5385 26c2 344b 3846 27b8 4000

1e6f 0b44 224a 2b5b 6fd8 7c7f 38c4 5e62 697e 42ad 0e6f 6361 3518 36fa 4bbc 6a4d 27d4 6334 27c9 4000
2688 4b2b 0736 1c86 3674 5f9d 3738 6bec 0597 5550 6236 28c1 4ace 7ffd 3fc7 4e8d 34fd 262a 4c24 4000
2247 23c1 7ebc 2789 4afd 26b4 58f0 42fd 279a 2a1d 0220 269d 31d9 2154 62d2 01ba 3fa9 2244 3888 4000
2f34 3a6d 5268 2e22 61ea 5396 0fb5 431b 7dd4 3aa4 63aa 535c 1004 039e 766b 3fcf 6737 6607 4f7c 3fff
2e8a 4bd9 68df 3c7c 041f 4c6d 61fa 5264 37a8 1a8b 664a 4d08 3b4e 1f05 5532 5f0f 3683 30b2 015a 3fff
369c 5f14 3f62 6dce 6a9f 781e 629e 154b 15c4 2c0c 275b 7a47 1a9e 16c6 6118 4d3d 2230 2551 5fc8 3fff
6009 0071 071b 7827 6fa9 1da5 5aa5 4668 6069 02e3 18c9 44c0 1f07 1d9a 4ee7 0481 1c32 3e14 4c27 4000
12a7 47b6 6826 155d 71c6 0cc0 21e1 316e 4f3d 25d4 4bb9 50bb 0691 32f3 6abe 589c 1bb7 5758 4a3c 3fff
0267 5910 3aee 77ac 39b7 67c6 7ad4 7d9a 1c84 3a5e 0089 4af7 00fd 22e4 033f 5f9d 025a 53e3 77e1 4000
7c97 3f84 13f3 139d 1481 5f5a 4e53 328c 7c1e 51c3 66a3 4e15 352f 6c1e 79c3 444d 3803 59c6 4bab 3fff
027a 7894 7855 7945 28c1 017d 7234 3e8e 6659 0933 273e 2071 30da 0526 1702 7efd 67b4 0f16 05e5 4000
4749 125f 58d0 514b 23cd 508c 7d78 1ddc 3da0 1e91 1b9a 6305 1373 06ae 2a18 2d76 1f11 341b 16d7 3fff
2e62 123f 1994 7e05 2423 2ce9 6382 3823 1868 5852 654f 5379 7f50 42cb 2faf 4400 59a5 3917 4430 4000
613e 3875 7181 6ca3 51b1 013d 5cba 1779 2cc0 6fa4 65a9 58b9 5067 462e 4baf 0f5c 0953 6ebb 2010 3fff
375a 3155 476c 78cf 7666 2dec 694c 5e6f 1426 0a06 4c8c 1abe 3f9c 0154 45c2 5c8f 207d 725f 7562 4000
2f0e 5f64 61d6 0346 33f8 3419 2c07 6ea5 1993 2c82 31ce 5ea6 5d81 6959 3502 362e 0f2a 6e3f 7075 3fff
739f 713f 4dff 1f9d 0782 7c4b 4140 43f4 44d1 649d 0962 6213 4303 550e 1118 5ec6 711a 72e6 76cd 3fff
0e1c 3f81 67dd 5579 45bf 0df2 4985 1476 77e0 3507 5264 6b94 218d 7242 53cb 66a1 52d3 228f 6b88 4000
3af7 49a8 1dcf 4a37 1831 5424 1837 2907 5d02 0bc6 1788 7fc1 0c30 2b8b 6e25 1a36 679b 2a6a 5968 4000
5b37 3e07 3c17 6d3d 5cc9 34a4 64da 49dc 3f15 7f26 789c 4201 79e7 310f 79e4 38d3 22a4 01ed 0f80 4000
54be 21eb 4d8b 7d55 4bf1 4101 3cd0 27be 40f6 72c1 37e0 1b08 5511 7232 462b 019b 4546 1184 4762 3fff
7d8e 1b8c 11b2 0935 24ff 3b72 5cc2 73bb 0394 7992 692a 3632 5daf 01b6 525f 106a 60ed 6c1b 0bad 4000
1384 4a24 3932 3d72 40de 0f22 7cf9 4809 432e 1d4d 78a4 0a77 27e0 685e 37cd 18f0 7e78 3b11 62ee 3fff
61dc 1a68 6960 43d9 4d17 1b40 226d 2c53 7726 62a5 374a 7e14 5827 635c 5b26 2b7b 1308 5994 57e2 3fff
706d 72cb 5798 34dc 2cc3 3255 2645 7989 2971 00e2 022e 246b 49ca 37af 24d6 2736 13f5 067a 54d4 3fff
2553 5041 3e96 7971 6ef4 7b79 76e1 22fd 0ec3 07b0 0c7f 5b72 0572 170a 2127 6f8f 31e2 438b 76fb 4000
0165 0878 6420 5445 6595 1b76 65c4 746f 35c4 7d5e 318c 75db 34a0 33fd 777c 4537 429f 34bc 50a7 3fff
476f 42a1 6330 2f3c 0d96 0973 5337 069a 13c6 54fc 4b4b 126b 1147 2eee 1c15 11d3 0864 6666 4dc3 3fff
1036 4c86 6a1b 209c 5489 55af 45b0 7758 6ade 1cc5 10e7 656f 11e3 1e0e 1151 7dc0 359b 00b2 7906 4000
5886 1483 4163 68bc 6c98 46db 0a22 4987 30e4 7dce 21ad 5570 2ae4 1403 2fc8 1c1f 44a6 56e2 0178 3fff
7e77 03c9 141d 39ca 48cd 7222 0d92 412b 596b 233d 4f55 533c 0b51 71df 53a1 17ba 219f 2779 3e6c 4000
7363 7322 1276 1b46 6c72 5027 2cdb 5b33 767b 440d 5169 47f9 650d 70f6 2391 20f0 5536 65b7 5442 3fff
791f 060b 3ce6 4cb6 4cd9 1556 0d10 220c 477d 18ae 2853 0702 5bec 45a8 3b31 04c4 182b 1051 53f2 3fff
4b8f 1f16 1491 4ff7 1296 66ea 1d95 40d6 4488 60ec 6361 0f45 2eaa 18b7 75aa 1d6a 33eb 316e 5991 4000
20af 026b 7b4b 3ee5 70db 1459 0594 2952 1674 7d88 6dbe 4220 1008 3a5a 3fe6 1e3d 54a0 42d4 001b 4000
07b5 2db6 185f 545b 5a22 2a1d 4951 0cd7 2157 0ab6 399e 7d4d 35dc 2e37 71d5 42bd 1cd3 05af 5660 3fff
2441 6bf2 7673 1470 726e 4805 212e 66f1 46cf 0f2c 5f29 791b 53c0 5d7a 660e 5a45 6544 4dc5 0172 3fff
786f 6f25 63ca 6c9a 7a83 015a 06d9 5241 0087 1135 1864 6164 7faa 1a8f 7519 1609 0fdf 594e 32d1 4000
03f7 07c2 4ece 04f9 1f54 4b75 76dd 2ba7 72d1 3b81 35b7 171b 4da8 04e7 4c7d 382e 252c 6615 409a 3fff
5d01 1bb0 431a 1922 0304 69f6 3a4e 49e2 689a 3587 2ee7 6d83 643e 18b7 1bb0 4b6b 7482 7feb 2cca 4000
31c2 5f8c 373e 59a8 03f1 3c9e 0d50 1aec 29ff 0e0d 026f 1e7c 483b 00d7 47e4 6e86 7247 361c 69b6 3fff
69d2 5274 7f19 0e17 5468 1fcb 7c30 16d1 5945 3319 57de 6f94 79c0 5fc4 4008 38be 55ca 7641 3737 4000
61eb 5ea7 260b 2bba 3766 0bce 6b74 1d95 212e 5cc7 2ba5 01e8 52ef 33b0 1108 7f5b 57f9 4287 0518 4000
312e 057f 1dd6 4c17 2ded 3021 203d 7020 6f04 3dd4 2f06 2da8 4a75 1a42 3954 5283 1837 0ee6 775c 3fff
4d25 69ee 4e0d 5205 47cd 1042 4db8 1e8a 679c 6c47 7cd6 03cd 4493 002d 5425 1f26 3fbc 1825 35f4 3fff
7684 471f 5150 36d3 05ca 2730 63d9 09f9 05f5 09a4 4d63 0ce8 5cac 1c5c 6d30 453c 5f70 1da5 2674 3fff
599e 7bb4 1fab 6b02 271f 3c39 7fb4 7316 5e63 2404 74aa 435a 1c9a 3b8a 4230 510d 19ca 1b12 1e02 4000
2776 35cb 49f2 55a4 6c62 37fd 5fe1 3a86 3b97 5e96 36f7 515e 1d64 02f5 6842 7dcb 4639 2f46 139b 3fff
3949 2f9b 36b1 0df0 678a 3e1f 02ff 2ed5 4c01 1a7e 46fe 3d4f 485d 7ab5 2b3f 7e5b 7fc9 7691 274a 3fff
28bd 798a 107d 5c63 274c 44ee 2eda 41d1 355c 0a9f 37a9 4452 5585 408c 1a08 5730 1084 5d92 445f 4000
3cfd 261d 261a 3bea 144b 742f 71dd 4e2d 5e52 2eb2 6fb4 6211 025d 01e8 00c8 2fb3 0260 189b 2677 4000
1c0f 69be 56f3 0837 0c7e 0a19 20f5 0743 46ad 47b3 675a 1b4c 2127 6ce3 0e3b 63b7 3d0c 7ac2 2166 4000
25bb 6ffb 0721 4789 57d1 4c22 5b05 35a0 5182 3e8c 2177 76a7 53b6 02a0 7f37 6cad 3723 3a46 6f12 3fff
6a6a 25f4 6db6 1736 7d2f 1dfe 2643 0d3d 7d56 1c51 613e 5017 0163 346f 2577 0167 0442 1332 4ff6 3fff
1376 7c5e 18b4 7005 67a6 7171 44eb 3b36 72db 0119 385e 7c64 3a20 5f7e 386a 4846 42e0 78a7 63be 4000
4827 72ef 1215 4225 4f0b 27cd 2e6d 0afe 3037 77e5 29bf 4bb5 03a4 5123 5ccd 0c57 1258 2f45 1f16 3fff
3f0b 4821 1eef 7fa6 155d 4a02 7b63 4e77 6737 6535 243d 0026 046b 2d38 61cb 06e4 40c9 0fec 3f60 3fff
2519 0d8a 7461 79c9 60df 5a9e 599a 1845 788c 5790 6adb 152b 65e3 3973 22d0 7912 1237 00b9 79e4 4000

1670 6c02 6a35 7802 5523 3768 5b79 5d68 1e25 4bca 3125 08d8 20b9 2379 1634 6d88 18c2 5045 3d6a 4000
0ab7 3b8b 7d9b 0b75 7f2e 2f1b 7bd2 7b40 5885 07fe 54e7 16e1 70aa 538d 47a7 3599 30cc 4541 6ea1 4000
27d4 7083 7e1f 06f0 5381 5918 59ba 615b 3bb9 6ca4 0329 07c6 33b4 304a 149c 4dcf 6346 6660 45f8 4000
271e 527c 324a 36b9 28ab 4500 77a4 6b12 1e17 2c14 3a5f 7303 4f8b 3396 1da2 5a9a 67de 4e8b 26dd 4000
2ecd 0af1 7aec 26d7 0dd7 40e4 3ec6 0030 41c5 2c8f 4d06 2095 4d88 009e 7502 59b7 554a 29c1 5e93 4000
47ee 5d41 4a65 329b 36a8 5c8d 06ec 284d 52d6 7263 354f 4304 4576 3e08 510b 672c 6656 08f9 1417 3fff
5314 2f6b 79d7 0a9d 3c76 41ab 5ac7 1d3c 390a 0693 5cff 5bee 4c91 4f8c 3863 105f 0d39 25a1 5469 4000
3102 2840 5e88 7f9b 27df 09b5 1140 7fcb 6103 19af 6470 7aba 6299 4c39 15a4 6430 0d0e 531b 2a07 4000
0a10 20f8 5d48 6056 3267 0704 451c 154d 0f08 4035 3124 4c92 7d17 61d1 573c 62df 6d9b 0805 64ac 3fff
0a04 59aa 7924 2300 4375 7d17 3fbe 651c 08f1 356d 7d82 63c1 2bda 1f39 0407 3818 787e 20bd 7e00 3fff
6fd3 4c06 0084 54b7 72cd 023c 254d 7977 2151 75ac 276b 3426 0fcd 60ad 239c 2759 5a53 65a2 360f 4000
0bf5 2c9f 29bf 062a 5f27 0691 23d6 7a19 2d2e 4c98 1078 049a 2824 6c58 4f1e 2789 1534 42b3 08cb 4000
4e45 13bd 0f2e 596a 0401 42c7 0c83 5fd8 3e0f 54cd 66ab 4e6b 27d1 323a 4aff 4c80 596c 6de0 0892 3fff
7f63 46fe 53d7 043e 522c 07f3 32e5 4aef 44a3 6d51 1005 002a 3dc8 1d12 7f44 1336 52af 6084 2592 3fff
0dfb 00c4 3233 2ef2 3b30 2bdd 54a0 2809 0405 3451 6774 5527 510c 5179 31a5 57d2 54cb 3b9a 742a 4000
714a 494d 40da 0428 371d 2a81 0d52 440c 7fb0 3766 57a3 1ae1 45d6 7334 02fa 2355 36ca 7cdc 1b83 4000
603a 7184 6a1b 75d2 45d4 0090 48cc 0ec4 792b 4422 6178 44a9 03d4 14ed 0ed0 5353 2dcd 77d8 2ec3 3fff
7ecc 4a41 6342 4185 3208 17e8 2285 46e7 3c74 446f 7ab6 1588 3cff 4c18 0d07 30a3 0c46 1bbd 28fb 4000
58d5 1952 13e4 0a25 345c 0828 2465 4329 1041 7ff2 71c8 54f3 46bc 0e55 27e9 0efc 6250 3868 51ca 3fff
69a7 0dbb 3051 4c95 4ff7 7535 142b 3754 6fad 0ada 24d0 5471 6fa4 268b 105b 5532 4534 5eaa 56a9 4000
58a9 4864 4aac 0d80 5f72 6712 62a0 31d3 65c7 2027 5414 25c9 2013 5618 6604 3660 6270 57f7 4a7b 4000
4871 6420 7496 39ef 5244 4e8c 7741 093c 6f0c 09d5 47b8 02c1 032a 7c66 0a8c 1530 4c1b 647d 2364 3fff
691f 6d50 7524 495a 4bfb 46cb 78b3 7167 7edd 4a97 6730 03bc 3edf 0c61 6693 3310 0744 770c 3c5a 4000
0f48 61a3 407b 362a 3c47 17cb 4b39 2722 5285 7c14 6512 2eca 0475 1ab8 325b 1e51 5c2a 7c4d 3974 4000
1f42 7941 7f57 7978 3625 0b4c 1cd9 5e55 1c12 347b 4e58 303e 2183 5e83 1b4f 1a26 4776 5e2f 2cdf 3fff
195c 499c 051f 662e 165f 2cab 7c82 6f04 7ae9 0367 753d 0b2d 7ce6 4408 389e 100f 4e4d 7a93 6c80 3fff
37cb 0214 3089 777b 45e3 5872 6e28 4b1e 6e41 5666 6fe8 4211 0511 2d9d 5394 1f30 4a53 39f4 3348 4000
124b 7c1a 47e4 5125 1c48 735d 7403 4c64 74e0 48c9 27b2 7df7 0be7 0e38 10a7 55da 2267 3422 1182 4000
2fb3 0020 748c 4e40 321c 5ff5 50bd 63df 7527 4790 2c99 57cc 1f61 7aac 7013 0efc 2039 5101 7c0e 4000
42a3 0699 4e28 55f4 3a80 0671 193a 6baa 58a5 2879 0fc9 33fd 4651 3460 2381 5e4e 7264 28fb 07e3 4000
00c6 05a2 280d 7b34 5b13 42c0 3ea5 1506 6167 462b 0db7 301b 603e 76f7 41ae 3c5e 4f6e 733b 6a96 3fff
7ecb 1240 3ecd 0f99 1262 60dc 726c 72d1 1faf 4075 7e06 09fd 51a5 0195 2610 2e80 502c 79d0 6e4b 4000
5432 3992 3116 30a4 7cd8 0db6 64f0 1359 5be7 6949 65e6 3671 3db5 7a5d 6985 0c2a 73f3 62a0 426a 3fff
33ba 40bc 5a71 565e 5f2f 0614 0d9e 5631 2fe6 41d5 4693 2219 1567 55c2 0f65 094c 5da9 292d 55b2 3fff
5cfe 1858 7835 65e1 611d 2245 7c59 6a9c 1c96 3221 1b96 191f 65eb 07ab 61fd 226c 5cd4 55f7 2f18 4000
0e7c 15bf 22e5 43d8 7183 7dd2 14a6 3107 3337 6084 1042 382f 71ee 55e4 4b0b 3e7e 6d22 0cd6 78f9 3fff
3e65 0b44 62e1 2cf9 3733 255b 0ac5 735b 6d2c 25b4 0b15 53fd 38a2 61bf 4c82 4006 1d45 3e6d 3f29 3fff
6ff1 2c9b 7847 04fc 4c72 6467 73b3 1e7a 3ede 354d 0e7e 5b6e 0bff 24bd 23ba 1dc4 2db8 249f 45cd 3fff
07ad 7f51 5cde 269f 4848 3c30 67be 1539 10c1 1519 2b87 6dc8 05ec 6058 141d 2994 6f08 0a88 64b9 3fff
6891 361f 4e68 7a3f 6178 0c8c 0032 549b 23e9 5d56 7592 2dc3 6c78 2c48 06a7 469a 1951 2c6a 65ad 4000
18e1 4147 4ca2 29a9 7e8f 7d55 3a83 3e4b 419b 3fd6 0e15 3bb7 3368 4e93 5dcd 5d5a 51a8 6e57 3fa8 4000
6809 022e 3cfa 2722 453a 7b92 7a38 0d6e 5672 53d2 3c13 2a1f 069b 4cac 4fb7 6ae7 46b1 38bc 0f19 3fff
0fba 6677 7f65 3056 1791 2960 7ce4 4418 4044 69c9 2a96 1c48 467c 454c 3bac 2bfe 5a97 4b5b 4395 3fff
6930 1856 054e 37ca 0bbf 76b4 1fa0 02ae 15ee 4a29 1365 58ae 5bee 7be7 5f5f 6299 741a 31a8 0eb2 4000
3d1a 737f 75ad 1158 1b57 358c 360a 6674 611e 7f95 3bea 0ece 49a2 2bdf 4a0b 229e 2a64 2d62 107c 4000
5c20 7b8e 7b4d 23fc 4ca4 7d29 3d52 4a4f 0bfc 0480 5729 47c2 6dd4 3e6f 75cb 4f0f 5604 6c47 1166 4000
450f 7dfc 3152 2485 23cc 2709 463b 00a6 7429 5689 0186 581b 4b39 1972 3c15 4bcb 00f2 15ec 3e08 3fff
5506 4987 582d 5267 20af 5ec7 118a 787b 1f48 0ac2 6070 47ae 0b2e 0fc2 005f 5832 02f1 2f3f 68a5 3fff
4a27 29fe 6c1a 2e67 5bef 4c58 4959 7c2b 4257 5aa6 428c 7b3c 6b4b 6982 6456 25d8 7f6c 15a4 0c97 4000
3fc3 209d 25f2 75d2 395d 1545 610e 7c7d 2c9a 2c18 0063 4dcc 0c9a 1564 2cc2 4305 0c58 0a47 480f 3fff
023b 65bf 7430 106e 192b 6405 574a 76fb 2b6a 33a4 34a5 3e35 329e 0192 6462 20ae 7315 3f9a 1481 3fff
453f 5410 4e8c 6845 05c7 69b7 650c 4078 4ba4 7073 39f8 4af1 6c36 6482 6501 22dc 4771 7266 3541 3fff
7951 55a5 4398 291c 4b8c 0209 1662 29b1 346a 001f 0220 5362 4822 428e 6f29 6ed6 68a6 106a 03b7 3fff
2255 09be 1d6e 3f77 4cd1 4673 6460 2b3e 35a7 2a78 273d 773e 3ae0 2dc0 532d 3361 587e 005a 63bf 3fff
354b 4fe7 518a 5a1e 3067 0fdb 78c4 53fe 2e35 2bd9 5629 7803 57c5 49ea 0143 3211 14d1 489b 4d14 4000
1b92 344c 7089 170b 1b10 2996 32ef 632e 5a3a 6b9e 638e 2aaa 7ec9 38f5 6191 2b48 32e4 1593 4abb 4000
5702 24ed 0f74 38a9 437a 6c8f 1549 7d92 19bd 16f8 4482 6dcb 7419 22a9 7690 16d4 1f01 0fd8 3f09 4000
3960 7916 7802 63ec 662c 4b12 7d68 40d9 5832 4b02 2c71 61cf 3c54 1e17 3373 06ed 7974 28a9 2fdb 4000

054e 7cf7 480f 2ebf 28bf 7633 5a89 19e5 6f52 11b5 4405 57e9 33e7 7855 2326 1d85 6108 4f80 3b3d 3fff
5e1d 3ffa 0225 54f9 7812 6fc1 306f 79c0 596f 4b06 4b24 41f4 37c3 4ce6 2c21 13e6 7170 67ea 5bdc 4000
42d2 3aaa 5509 6026 443c 4faf 376c 1a9a 35ec 4eb4 05f6 5578 2f06 2113 7150 1c7f 5422 7dee 67cf 3fff
3a68 1883 7380 3aa1 46a9 4be9 3839 37d8 640c 2966 6023 71fb 38e6 4cd3 7224 7765 509a 6c94 38ac 3fff
0244 05f3 5b54 7261 7531 63b9 3d2f 42fe 1d94 2aff 6716 36be 3019 5bb9 6d65 4e94 0367 2853 6252 4000
486c 76ef 25da 24e8 7ce1 7b8e 64d0 20be 02f7 1502 260c 5fcf 4b3b 10d3 51de 047e 09e3 2b29 3c06 4000
5791 3c7a 0f0e 0207 0c85 78f4 2c3d 1634 3b1f 3f31 5e2b 5f92 2f54 1d3b 5052 46bd 5961 07d1 3483 4000
18b3 398f 2190 5dde 0536 0546 5775 1447 15bc 359f 4edc 340b 30b9 1134 2cd5 6740 05c4 384f 7821 3fff
49af 1671 6dea 6d23 7069 300b 5523 228f 4014 5ec1 065c 682e 0c9c 2acd 1431 6202 10ae 12f5 0a6d 3fff
68de 6450 7b4f 1be7 1305 3db3 00ed 03d2 0479 4370 00e7 6e5d 62e0 4760 3762 0cd4 0006 048e 55a8 3fff
760b 35d1 0060 11e3 2daa 16e2 08b2 19ea 2016 010f 2b18 5547 0978 4f21 6026 3aa4 79ea 2b7c 03eb 3fff
5612 40a1 56b4 0e5d 0944 001c 2adb 5906 34f6 0a62 24e4 66f7 1517 4350 218d 7eb7 1015 127d 7ab3 4000
6f83 4ddf 308c 723c 040e 577c 5432 7d80 26f3 3747 322c 3492 36b4 056a 6b3a 5544 514e 6fbf 1d0a 3fff
16ec 1876 2c30 7e1f 1307 70e0 6468 4959 54f7 1e36 7d1d 2ebe 2af3 4387 2f06 5a7d 42f0 5e42 2a57 3fff
4fdc 2324 06b3 0882 03f1 7160 6c4b 4c0f 1774 4300 2eca 5206 7c13 6147 1f65 3417 1e62 51ce 0540 4b53
13db 71ae 337d 17ab 5f40 3f7c 2bc3 7e75 1ce8 3117 4a1f 5be3 30ee 3b7b 2897 0510 7169 043d 4b42 3fff
46d6 1573 664b 6608 718f 338b 38ec 2a6a 3e72 6dbe 3571 2241 6cd8 48a9 2340 0388 6bbe 6aff 3112 3fff
566f 68d7 4fdc 3b6c 1555 7398 04ca 3d62 2792 6aad 53fe 5cda 0ce3 7117 675a 3a8e 4386 5c81 42b5 4000
1348 0fd6 36dd 5fcb 57b0 680f 43fa 19fa 39ee 0316 3fcd 2d37 7cd7 5d7e 2f0d 0368 71d8 6825 00cb 3fff
2b46 1229 2e4e 209c 45ba 4cc2 085c 4121 2c62 7b20 374a 662b 0834 582c 7e68 0b37 135d 4a2a 5bf8 4000
384a 2788 5a4f 3d94 34ae 0903 3fbb 5f7b 49fc 5321 46eb 74a9 03da 661a 3b3c 065a 0224 0480 0a51 4000
24ac 1b20 2c71 7dcd 4714 5dd3 50e6 6f23 46c0 4757 4ddb 6b0f 1591 7245 5881 26b5 5951 0db6 57c2 4000
5c7e 0613 1a9d 7907 2ae1 10ad 2a72 0c71 30e5 0db4 30ff 4280 6174 7ef2 3c6b 0d46 727d 7898 0521 4000
30e6 0e54 1f6c 388d 213a 69c0 4895 2280 0562 6f99 5267 57b0 507d 5f46 6da5 7262 2351 29d9 2adb 4000
70c6 75f7 55bd 65a9 6187 6b6d 3fc0 087b 5c0e 3d3a 07f5 5f05 5586 50cb 2c33 2b0f 22c9 0f12 1e63 3fff
584f 45cb 401a 6265 53fa 702f 087b 12be 5ea8 09fc 5b88 28ef 7e51 4997 27dc 7a40 2d59 7a34 7252 3fff
7fc5 3255 1e7a 2487 0cfd 39fb 2737 6ae5 6aaf 73b3 1ff9 149a 1142 3278 2a3c 1934 1494 0254 120e 3fff
5162 581a 28ba 559a 77d2 5e60 2ca5 7404 410a 30f2 05b8 6412 68dc 2cbf 4ea3 1399 7c79 65c2 7a95 3fff
77cc 2333 0e2d 7026 2723 6dae 10e9 34d6 31d5 005f 158c 00eb 0f59 3eed 3d63 7b64 5adf 47bf 3edc 4000
34e7 7d6f 573c 393a 67e8 5111 55ef 42fd 1e85 4a2f 7f46 1473 70f7 1ef4 73e3 7220 0872 5fca 5098 4000
2911 710e 1879 5b56 4623 406c 08ff 3e93 7e9b 3879 6835 2539 2035 2928 78fa 26f6 3fc7 3681 1c5e 3fff
05a5 44f2 413a 332d 5df9 33ec 7c90 2885 7a69 0e6a 2b23 52e5 4d1b 7a41 6a84 091d 6f9b 3bf3 5507 4000
22cb 39fe 3e43 5dc0 339f 7be6 775f 7472 0ac0 0b2e 2d83 2311 659c 16b3 4b39 08c7 13a0 4dd9 0fed 3fff
3c21 280c 78cf 552c 74f1 0b1f 5484 7ac4 5f99 184a 2935 5231 3b79 2efc 7120 7373 1ad1 7a73 1e9c 3fff
1f1b 3f9d 3f98 6b36 332d 2071 48db 3e2a 4912 020d 6a73 33f3 0972 4a0c 33bb 0d3d 680c 5540 5231 3fff
6ccc 1577 6a4a 7f85 1647 38cd 36ce 29d7 2545 3107 29ae 33e2 7199 4f97 0712 4639 4325 3d7f 6f85 4000
49e8 5038 1cc7 4099 1331 669d 4ce5 68d5 2d54 4623 3f49 4b4a 1d79 1151 26e5 6507 24f5 55f5 706a 4000
4a6c 7207 4cdc 3250 3d1e 7c18 2fc1 775f 43a9 2573 3d09 2ae5 394e 1f41 0f6d 2f4f 7a9c 33aa 643c 4000
23cf 4306 137c 02ce 398d 56c5 4a9e 5e77 2c0f 6c31 2806 67d2 0578 19ad 3369 1903 0c2b 303a 3f1e 4000
2cab 1cab 3b49 1a57 7af4 120c 751d 475e 3b2d 0552 51ad 3f4f 5b85 06ba 6011 23cd 47cb 5a8d 10c5 3fff
06b6 6b1a 2087 4d75 1cf8 1f74 3beb 103f 6550 53b8 0453 51b2 6872 3f6a 135c 4e04 3d02 6753 1561 3fff
37b4 4dba 42e9 50ff 4ee5 3ad0 4514 4729 6ae8 7475 44ab 59b3 47ab 50e2 3760 1dea 7adf 4d73 2082 3fff
25fa 233c 1f3f 3225 32a4 5854 702e 18a1 09e2 5da6 7888 6fd4 6e45 1bb1 55f9 537e 3b3f 3006 7055 3fff
2f95 140e 068e 60aa 6797 6ae0 36a5 17f2 2026 4844 38f4 785b 292c 21b4 5f9a 0c11 2038 1bd2 3bbd 4000
6c82 60e0 7568 2ce1 7384 68e4 6040 64eb 1baa 1de8 3080 6d8f 75d5 5ae5 7187 7de6 02e7 5220 7868 4000
4cdf 69cb 3427 6950 497a 1a8a 1570 5017 63cf 6342 0765 3ac8 0aba 61f4 00df 1bbb 1cdb 4aec 00f1 3fff
642b 3f6a 1856 3817 28e2 2931 6020 3872 63a5 062b 366e 50a7 4307 5407 6b21 4008 4bf2 45d1 049c 4000
2df7 2a41 0417 5ae4 40e2 5934 1279 6a46 621a 783e 25ee 4fda 68c3 5d64 0ea4 0799 6228 62ec 5fea 3fff
0b51 272b 3151 3ae7 434d 2c44 5077 4e03 00df 2233 6479 093f 7cc9 5cab 7fb2 3dfa 59d4 14a4 6d5c 3fff
5718 3d28 3e41 6c81 180e 6d46 0965 5f4d 694a 1ef6 013a 22df 1dff 07c9 3d8c 3cdb 39ef 623e 130e 4000
7420 6824 10ac 1310 3309 370b 6bf3 5b25 1dea 5ec4 5a8d 70c9 319d 796b 7d54 59cc 23f8 2ca2 4f1f 3fff
283d 3c74 4146 3145 62c4 727b 3b86 3174 6e16 2c45 43c3 7cad 12ba 6a97 3153 6fbf 4712 5733 2e95 4000
4843 2c43 3fe1 6af9 08f5 4dd7 646b 3185 274c 1cf2 2815 0d9b 0f25 30d9 7b90 30f4 5413 63a8 6ee6 4000
79a2 2f3d 4ea8 5667 786e 065e 2813 0374 1445 2d97 3c5c 30d1 2677 284f 3c10 36a7 2628 0d13 10df 3fff
13d7 67fd 6ce3 5096 01aa 0674 6f0c 1491 5d0a 1e30 1ab9 257f 751b 6136 60a8 6b55 3f8e 7b32 38db 3fff
54e0 6f29 4372 441b 529a 2a37 0536 7342 642f 3bb6 07ba 31b1 6776 6fa7 3c21 3f91 1803 1318 0a76 4000
1539 3501 2ccf 73a8 6cee 7ddd 1828 5a3c 6c2c 547d 7bec 41df 50a5 6a4e 0485 1ad2 019a 0ca2 72cf 4000
4ca4 54ba 3ce1 6d06 156c 505e 4b85 527e 2fe0 4a9c 7ab4 39e9 0232 733b 418c 6df1 7800 7c98 3daa 3fff

6cee 3104 64f0 23cc 5d3e 10f7 3831 15ef 2ee0 5670 7544 21d6 638d 0c53 578b 3a2d 2ee4 0995 1f85 3fff
73f0 3813 52c1 18a8 1181 0638 1a52 2af0 5c78 4d65 36f0 3585 518e 6318 1c3a 76ca 6121 3fe4 6734 4000
7baf 48d6 498b 0a1b 70a3 3226 413d 380c 6c9e 3f69 7499 30cd 300c 0a11 70d6 7dc1 7a72 4312 5b9a 4000
59ea 1bd8 5aa6 6cbc 370e 18d1 5886 1862 7657 7354 7a97 2688 3aa4 0be3 68c2 4d3f 4105 1527 101e 4000
25fd 31bd 02f0 19e1 7489 79ba 054e 351f 17ae 0d6b 6694 073e 0d86 0ee4 14cb 05c7 0029 07ba 365d 4000
1d6c 000f 12ca 2df9 5377 593e 5f43 5322 2545 7882 6835 3e73 7691 0a62 1f4a 0f32 2904 5146 660e 4000
5918 13ad 7c98 3553 4764 32f6 2b77 5e12 1453 1a92 01e7 17bb 0270 0880 5156 7ba7 1d32 4da7 2be5 4000
59c6 6000 3233 59c9 262c 40d5 76ef 10ee 7daa 7e98 6a64 4430 494e 6f1a 5bbd 0227 5a16 73d5 781b 3fff
15f2 1b2c 132f 31de 5776 4d04 03f6 6b0a 245e 2d78 5224 6fbe 0faa 6384 4fbe 4fec 24a0 23c5 59ba 3fff
5d33 594b 4d12 51d5 1607 613c 56b4 6dcd 2f12 4f55 4abc 3223 7dd1 16f1 736c 5937 06c5 6f1b 5c23 3fff
480e 7374 155f 75be 1ca4 5e48 3a69 294b 12a2 2c4c 16b5 5ab4 4518 7155 1c6b 077c 2a5a 3ac6 77d3 4000
15d1 3d7c 02c6 2cf1 677c 3e72 203e 3727 2616 2990 5c06 1746 60fb 502a 4e10 0f9a 5b09 41ba 429f 4000
23be 6eec 4bdb 5a38 2c33 0aaf 7cec 1be7 0f65 3bf0 6818 646c 7001 56a5 0ab2 4160 4d32 1d3d 50c3 3fff
6da0 033d 0807 6349 1aa5 7d16 55d2 4281 70f5 6371 1274 6b6a 3e13 575c 1829 659e 0ebd 6744 6b2c 4000
081a 584e 5cf4 40cf 12d1 136f 2d67 041d 1771 3567 63b8 5848 52d4 4260 4b72 5911 7951 2d96 7ecd 3fff
7ba2 11ba 33b5 23af 65b6 0850 45b2 09a3 2263 6bd3 54a1 55a0 6a97 712d 7cfc 5f0f 60bd 21ac 5951 4000
2e3b 16ca 63fb 3dd2 25f0 00f9 083b 09f4 05f2 603d 7db1 722c 4c9b 4035 4223 7e20 121a 06f8 461d 4000
3d9a 622c 4436 50ff 15e7 53e8 7be8 53da 5a94 060e 5d12 2351 74e9 75c2 1588 5897 7cd8 5285 3ee6 3fff
3fe6 53bf 66e8 0a38 1d12 53f5 02e2 558f 21b3 64fe 1527 15b7 2103 246e 111c 7cdd 0984 50b3 187f 4000
1547 63ab 5129 55f0 364c 2af2 5764 4b02 2d16 11b6 01cf 7e2e 1ba3 6201 6327 1e7a 62a9 36d7 11db 4000
5a17 0cf3 5484 04e8 56f0 354d 7718 2787 659b 2de8 666a 404e 7c55 6477 59d3 1d43 1a29 5b05 2c97 3fff
0d52 54f8 552e 6a01 4270 7b0f 490f 3fb3 41d0 4607 07a2 2b3e 5ebe 2046 2418 2299 65d4 3124 5115 4000
6419 2e7e 7960 3e75 4381 7403 31bb 7651 5617 6259 1cdd 2430 27de 6e4c 2596 6b37 3254 19ba 6289 3fff
4095 4af3 42fb 7e08 1328 7a12 6f33 0968 5727 342d 3fdd 0602 6909 60c3 4b4f 6c95 5693 4d74 39fe 4000
7118 45ca 4444 2106 5670 72f8 78e2 069c 2220 03a9 5557 312a 0312 4eb4 3997 51d2 1529 3b61 4d5a 3fff
3604 7ae3 2f01 5206 7d0d 4cc5 48e3 6592 0ad6 3ceb 1b93 06ec 47b5 6515 6ab7 6d4c 0d5b 74a6 3da6 3fff
479f 2772 3d99 7b1b 21a7 78a5 6701 7d8b 0a2b 1d19 6075 348b 3de5 5b80 211c 1b3f 6dc0 1bbd 4a68 4000
6484 56fb 7120 06bc 7b3e 51a1 4c3c 42b9 4d09 0f6f 0d2d 4605 1068 3742 22bd 1757 6dae 06f8 7f46 4000
2f61 034d 6d01 1ca8 7396 25bf 05e6 31b0 6652 108a 3254 2e7d 6c0e 4358 5ae5 3ef8 376e 523f 1c27 3fff
19ab 4480 5345 7cb0 39ab 1c31 69da 6222 55c1 1dcb 3c02 0a67 4273 34f5 0ae1 2fc0 7a2d 39c2 2828 4000
73a9 6a55 5b0b 0ac1 58de 2601 72f4 7d81 7226 4cce 1d11 26d2 37a5 1085 183d 5652 5815 3579 668d 4000
3737 4ea5 09be 125a 0576 315d 4be5 67f9 3ec2 4fb7 1d1f 7e44 723a 49f8 063f 73db 377e 160e 7f23 4000
2a7b 117f 04fc 73ed 16be 3c7c 0756 3bb9 61a9 6fbe 6ba7 64f4 3dcb 52a4 13b4 4afb 568f 5c72 32c9 4000
457c 310e 5e5c 567d 0f8d 1a5f 0b6d 3f0c 43ca 0675 2281 4a53 1f56 324d 37bd 37f8 4ed6 0ec9 3e91 3fff
0bfb 4e43 56d7 4bc9 2ffd 71e1 2bb3 7a63 1caf 3084 77df 39a2 4e7e 068d 7458 203a 309e 7a51 340a 3fff
7a6f 74c3 2749 2271 62be 72d9 3b35 4936 538a 1a53 7361 281b 5e16 2eaa 2bb5 36b9 361f 3807 2503 4000
4156 645e 19b4 4f7a 54f3 1791 205e 4a81 1725 3962 2db0 34fe 1ec3 0f44 4c45 1af6 7b6c 3c89 3c0c 4000
028b 1599 2882 0654 1ec8 50f7 6cf1 0b5b 6eb0 765d 2047 1653 0b07 3417 7475 187d 17e6 6687 5c2c 3fff
32be 1d2f 5930 342f 17a9 7a69 1df6 4a9e 3c3d 61d6 7d44 51be 1671 4b39 4454 1f79 3fea 2106 2a9d 5d05
76ce 4b25 145b 1bd3 7a5c 03b1 48eb 6795 04ab 471d 17b8 56a0 3f97 02f2 3b9d 0e20 6b66 01d5 0e2c 3fff
46fc 31ea 6f60 149c 3609 54b9 1969 5787 26fe 417e 54bf 21a0 2168 4f15 7aa5 2144 56ea 3e16 2d35 3fff
5ed5 3b58 5361 3971 6768 230c 15af 295a 223c 5e68 7c7f 0edc 01bd 0904 17e7 578c 7eb9 5d6c 697e 4000
1781 5171 638f 4e5d 08df 28e4 2f33 4c11 07d0 5c72 2175 4ed2 5d6e 727d 7ef6 0593 0e08 407b 721b 4000
1d07 5ce9 0858 06a2 69c5 3acf 4e2e 5a19 29ab 4dc6 1c77 2571 3afe 3c6c 00c3 1d2d 7588 4c71 6e1c 4000
7511 78f2 7701 49de 33fb 119c 6636 0f16 7c41 076c 40c0 3fcd 7d19 0570 46c6 7113 1a54 3c4c 422d 4000
2e6f 4149 474e 0ece 470a 3cb7 7430 6694 16dd 764d 2e7b 75e7 4f94 7f36 4679 2435 232e 122b 6dba 4000
6d6e 58fa 037f 54b9 04f3 2fa6 7f6b 7e72 51c8 7565 2f03 713f 57da 3465 0670 0c77 16e6 4f62 08f0 3fff
48bc 6240 07ba 7916 4ffe 2767 71e0 4864 5b8a 5d2d 5ef3 3815 1219 166e 099f 47e7 15e3 2782 6771 3fff
25f8 0787 1acf 5194 4a03 0fe3 6395 0370 2376 0408 18de 4372 2064 4519 2abb 17f5 0c79 3463 0b31 3fff
2bc6 4ea2 1d89 1024 428b 0755 46cb 388b 5597 2f37 2c19 3563 02e5 1484 37da 5cff 4712 3d31 5ca2 4000
3b59 71a8 4426 144e 690d 6e95 3ad7 148f 4886 6b3c 477e 1c9d 38e1 02ed 1456 0145 0cbb 46bf 7b73 3fff
7674 06e4 1714 5b23 6180 0861 7261 5971 4e0a 589d 7e12 6c50 4984 7502 46a2 6fff 08ba 75ad 6b86 3fff
351b 20f0 620a 6184 34ed 402d 5a76 77bb 7fca 5533 0643 5806 4efa 4209 7a10 5ca9 65cc 110e 6d52 4000
7a40 0dc8 21cc 0dd8 620d 1e4b 36fb 3eda 4cb6 0a21 5842 3644 1d7b 7280 7390 4186 7c6c 58b1 48e8 70cd
5337 5310 30e5 0bc4 064f 1876 7d9e 0847 6ece 1a8d 71fd 5cf2 4b76 19ce 2cb8 5621 49da 4136 7d17 4000
07a4 5039 7d46 0909 7de7 52ad 128d 6f35 65b9 70dd 63a9 0eb6 05b7 107b 1d56 1029 03d1 294a 3648 4000
15c9 6692 2d38 541b 34e8 16e9 1c51 372e 737d 6c12 3d82 4bb1 131e 328c 6f39 04af 623e 2d01 3769 4000
347f 5594 6b88 3568 6206 2130 7fa8 715a 43ce 5029 1433 1fdc 17dd 1f85 2fb8 618a 3f42 15a5 065f 4000

0a63 6bd2 6414 0df0 4ad2 3288 5fea 60de 199d 1674 55b2 33bd 48a8 4ab4 5440 2269 7c76 02a0 4961 4000
419a 5d4c 1893 7d0e 7646 611a 6c22 5bed 1f79 4f85 6062 218a 6221 7f4e 5993 6396 77d5 2163 0a51 3fff
05cd 0dab 2c93 33a7 0a1a 561b 7413 0348 5b26 336d 0230 5641 204b 27a9 59f8 59c7 1589 0c05 6fa0 3fff
681c 5cf0 7439 515b 7918 4a63 2806 0e8a 0d5d 1092 7db9 3327 779e 24eb 7b04 32e7 0c4c 3d1a 6315 3fff
603b 45a8 4fe6 1b78 121e 2b46 0888 63a6 767c 4284 26cf 6689 2b04 6ebb 209e 36d7 72fb 4f19 5f36 3fff
40ff 7ac0 4741 7835 65ab 5c64 58bc 4806 2ded 0201 705d 31de 3429 31e5 6541 1381 0986 7c7c 21ed 4000
0dfc 4020 1406 2caa 019f 492b 4d3b 6a77 5551 16e0 3e81 40cc 49e8 2169 0019 28a1 46e7 6e66 25c3 4000
5e1a 68b4 34b0 7318 49d0 1d5b 7a0b 0694 4461 7f40 0782 72dc 651f 7c70 44ca 162f 22c8 3b9c 7e05 4000
4e01 5214 79cb 4b04 3b6f 0594 192a 1ee7 6777 703e 1afd 2723 7c3d 4d98 2504 30b8 39e0 6661 134f 3fff
5752 1cad 4e5f 5909 15da 0c05 2ff1 770d 40ee 7405 46cf 71ea 717f 0c01 26ff 31b1 3fad 5ec3 52dd 3fff
08c3 49d4 3f49 0fe5 0ab0 3950 71bd 0d7e 0a2b 2a53 3787 63e7 590f 72aa 7d0a 73b1 477e 60f2 0bee 4000
7213 317d 3619 7335 4d40 1071 1343 02bb 412f 4143 0416 2fa7 4f71 319e 5f95 1f88 7a90 2680 54ac 4000
7e46 047e 7738 2326 3fb8 17d4 59a7 5133 2ea3 1bc1 178f 2057 19e7 1338 6be7 2fa2 6dd0 2605 63b6 3fff
4c9e 086c 65d7 4689 7538 151b 7a58 2ab9 0d92 102c 0f6c 4b42 4d95 38bd 0958 1364 5f6c 4b37 0899 3fff
3ff0 0fc3 7074 09fa 6762 4a01 55e8 41d8 406f 680d 0e10 2241 2bc7 368f 4d08 0cdf 6105 6f20 5fd7 3fff
55c5 3cbf 7782 13f0 6bda 60c6 17e2 1662 1504 379f 43c7 7747 60d3 6bd1 6db0 68b5 4a59 4dda 1a6c 4000
0297 78f5 5e42 4f55 6a39 656a 2382 54cb 4ff0 44b6 2b05 28dd 7a27 0520 247a 4c80 4372 12f6 7b38 4000
526d 370b 23b0 37e8 5212 0649 658b 6119 6b32 73ce 21e6 5f84 31fc 3ca6 76c1 4fce 6ec7 1118 43ee 3fff
7cbb 22b5 5339 0231 1d8f 2864 0256 6446 49fa 6905 00f8 060c 0655 6bb9 0091 7b50 6af1 1dd7 19bb 4000
2137 2ce8 753d 16fe 6588 5b0b 7886 2b39 3de1 1b63 227a 0d35 065f 4f8f 657f 5a96 6d50 7fb7 6d66 3fff
08eb 7d70 13fb 14c2 1821 6e6f 0624 2ff7 2eed 7ebf 4eb3 420c 431c 3195 2384 18ed 39dc 20d7 43f8 3fff
498b 6bcc 06c0 4c98 320a 13e0 709d 6a80 03d6 41bc 65a2 1b9c 2823 61c5 6449 1eeb 1ca0 1088 3137 4000
10af 79b4 0073 644f 2b66 1e80 615d 1582 5f19 04a8 2c6a 4fcc 3984 159d 0786 7102 1eef 3521 6824 4000
00ec 1584 644d 30cf 54f9 352c 44d4 4657 1cbd 1fce 7fe2 6bcf 3c9b 568a 6694 7adf 5aa6 3f24 4c2c 3fff
5639 0a1d 02e1 3009 6331 6a25 00f8 2bfd 47ce 4c85 1ef4 1c47 6b99 22bc 7323 043c 6776 572e 01b2 3fff
7dd6 062c 5ee2 213f 4d3d 7922 2fdb 5441 1db0 5643 25ed 4ebb 3728 4553 7701 5470 0662 4e3f 02e4 3fff
0856 15ca 6ba2 365d 4142 254e 08ae 1521 2e33 5338 60da 0feb 44d1 451a 6019 194f 6caf 0009 5a58 4000
659f 58fd 1f57 7831 56a6 5bd5 0dbe 23ec 7725 06e6 47d3 7675 161f 4249 7aed 73fb 132d 3821 31d2 3fff
5c61 2f59 7a68 1e5d 3627 397d 27ae 0941 7598 73d9 0955 7132 7cf7 31a2 23b0 57cc 451a 39d7 53ca 3fff
6a4f 4be2 02ac 0f0f 0b36 0eb5 0c77 6c65 5709 45da 3359 2979 5ba9 49ea 3dcb 21ff 7eb2 3eb8 5124 4000
03ee 73bf 0e00 1ab4 5056 255c 27b3 7185 1765 62b2 3853 5974 5c7f 264e 7dcf 5489 34a3 39d7 5f0c 4000
3af6 0011 3e18 5aae 7a17 25ef 7b05 464f 53b9 651f 084b 1a94 67be 485e 49fc 429e 28e5 7564 60dd 4000
4156 24d2 4186 0c61 127c 38f9 67c8 5fdc 0f25 72f2 1bfb 4f7b 131b 2917 7131 58bd 6a4b 3bce 0ac8 3fff
1927 4506 2c25 4e1a 6ed1 681f 158f 7f89 2875 5c86 1d49 6339 0d6a 5630 23d3 6cc0 7d69 6a5c 13b0 4000
6934 03b0 21f2 0eac 2009 1a34 2965 29ee 6b1d 7501 3eb8 438e 5208 4379 3c41 1caf 775a 0af0 47a1 4000
52fd 3127 7475 73d1 5fba 34c2 7264 285d 2907 063f 0a40 753d 2437 688f 76a8 023c 375a 129c 58ba 3fff
6264 06c3 48ec 5277 5225 080d 7f94 3f29 6c9b 3164 4b10 4791 5542 1fe4 2a6b 267b 21a3 2bd6 1ff4 3fff
11f8 6010 68c7 2fe9 2a78 65a2 0466 4731 45ea 190e 2357 02a5 167f 12f9 2eb3 3a56 0fb0 4436 4fba 3fff
1675 2e12 2738 7479 2877 2b20 2665 0641 09f2 4d66 76ab 164e 442a 26dd 061f 6d80 7596 3841 2dff 3fff
718b 2389 2624 738e 38cf 30b3 5320 0ccb 21ab 240c 37c0 7c68 5ebd 489d 6092 7c9c 3379 4d93 77fc 4000
2d69 6499 548c 351f 11ce 4a1a 7532 3065 3b14 2e0a 7925 1f21 7d0c 3c76 7a96 63fa 0ce5 66b8 69ec 3fff
5376 45d2 0009 26ff 752b 10e6 4a6b 2af5 71e5 54ce 0d99 0ce4 5f6f 39af 25b0 52b6 34fd 7a83 0ea8 3fff
55ec 0586 297f 63cb 04aa 2a29 6585 3f6f 21f4 72d8 4196 382d 043b 1149 1814 3885 715b 245a 0968 3fff
63dc 2eb8 6fc4 3d3a 5c36 1ed9 0dfe 5a42 388f 1da2 0a31 0dd5 6e23 60bd 0255 1057 6303 77ab 1ab4 3fff
77f8 1ed1 1df4 0b10 757f 065e 1f61 0c91 7376 4a49 7295 4aa0 68e7 5d7b 2503 594b 36a1 1ac0 4d01 4000
3cf1 03cd 4e01 0a97 3a63 7ebc 6834 50c6 0416 667c 238c 5080 4213 774e 66c4 2961 5063 3436 46cb 3fff
785b 478b 3f29 74fa 715f 71f0 7816 6c0f 3f84 0d04 0cce 0426 3752 124a 2d77 6b95 0d87 4325 1dd8 4000
24fb 046b 227d 48ee 084f 1d42 41d4 05fa 40da 1c92 5bbe 4a1a 465b 107c 1a2a 53e6 33e5 3c85 4ab4 3fff
601d 38df 735e 75f8 3d2f 52a6 273b 2599 031c 0cce 0c36 1e58 2de3 1c4b 1f9c 4b64 55b1 484e 680f 4000
4d1e 0539 0f1e 75aa 3be7 1c5f 3f68 6ab9 04e7 2372 69a1 207a 2e2f 4ad9 15ad 4d14 61d4 102f 3200 4000
2a9c 2a89 2b73 6787 74c2 2829 7bc2 7846 07c0 4000 7345 61c5 62bb 3d73 7332 6b6c 3695 1e05 7a2b 4000
0da1 0a20 5d17 4f0e 7c36 041a 415d 1502 26d4 6a41 167c 0707 0932 57fa 0f6b 5203 7568 5a5c 759e 3fff
39ed 6bf9 072f 415a 6c60 1d13 6ec8 0b87 07c8 3468 0a59 2f89 05bd 7d4a 0beb 6ce6 2caa 3d7e 1bb3 3fff
6275 1073 0eeb 7d7e 3bfa 6484 40d0 591c 1f73 1725 6cd8 246e 0970 641f 0f8f 105d 6581 32a1 76df 4000
410b 165e 2904 7d3f 2e35 1bf1 7c8f 3b5a 23b8 37b8 3d23 4aee 0333 1e8f 77ed 60b1 589e 5cfc 1510 4000
5160 6ea0 292a 23de 2ff9 3f94 529b 0391 4b8a 5af1 68fa 4cc4 3144 04b0 2db9 75b8 4089 1589 780e 3fff
7212 3a79 5deb 14e4 4696 4daf 3ef7 6439 59d6 2f1a 2660 26d0 04ae 2d7c 434f 111b 0189 3ae7 2378 4000
0a29 0c72 417f 135f 3784 6ce9 242e 4d59 2355 7596 5664 5c85 23c6 71cd 71b2 020b 4c6c 640d 6076 3fff

643a 1455 16ce 3037 0dc4 3e43 55c7 35cb 3fd7 2fad 14cc 3872 14d4 3e8e 68da 5bb0 7c6b 36b0 770d 3fff
1fb8 026e 6534 4e4c 4b8c 1f08 27f6 176f 5119 1f4e 4be8 7229 6418 3a04 170f 6b33 4682 30a6 2d91 4000
18af 169d 6fa9 6f96 5572 0e33 2496 733a 05d6 536a 7b3b 5dc7 3027 7761 06b8 20a3 1ab5 400c 03c7 4000
6711 2c90 0465 113f 0fec 7e4a 48ac 1d5d 4a3e 7e17 4f17 6376 01cd 7aaf 3e49 042d 0db1 001b 33b9 4000
099c 3843 6f35 32b6 3cd6 7efe 4495 28e4 6d61 097a 54d2 2512 4e6e 2ac5 009f 78fa 16ab 6284 4fc2 4000
0495 73ed 333c 4f0a 4eaa 0ce3 6b9d 3190 2219 7d73 09af 652f 550e 5cbe 49d3 737f 5743 55e4 7a35 4000
4445 3b47 4206 5454 0944 3a61 5732 6267 0e5f 79fc 365c 671a 05da 55df 276f 3fea 72f9 7b60 2f60 3fff
1347 35e1 692d 46bf 7680 32d0 5271 3723 08cc 51c8 433a 6a24 1165 627e 6b3e 78f4 1e0b 7fcd 4a8d 4000
51d4 1596 011a 1194 63d8 4224 347a 4866 66bd 053a 391f 248e 0e4e 66e9 7b6c 07ce 6c07 256d 10ab 3fff
1583 537e 242f 6c0d 2810 034d 3f65 5335 6f2d 6dbd 7dbd 16b0 2dde 1edb 75df 469b 45ed 22bd 6a44 4000
39f7 0629 4bc7 4896 5ae2 11cb 384e 312d 5ee1 0e2d 311a 63ac 619f 7e85 5fc8 65c9 2f6c 221b 60a8 3fff
1362 6375 0a8e 6f6d 70a9 2398 6143 0460 070c 54c3 1855 6d08 61b8 440c 0717 49df 429c 0697 0875 3fff
12fa 2c37 13ec 6972 121f 3c07 6948 4ec5 689c 15e6 0c58 12c4 49fb 6158 0eb1 3715 20da 5175 477c 3fff
60d0 3ea9 0f77 4620 6f93 185c 095d 3df0 5b44 15c1 487f 24bd 6449 59e5 2a67 3ce7 5ad8 45ee 23c4 3fff
028f 62f1 4312 264b 4753 4452 7e88 6948 399a 7f77 4a64 5863 67ea 4f49 51e0 5084 3fa1 614b 1d9a 3fff
7b37 41b8 148a 0059 4b74 5edb 0c2b 1980 5682 76d5 1c1d 7f90 457e 2749 1c54 2335 0e8c 0a47 5fce 4000
569b 1e2a 37ab 2beb 09ef 7631 488a 7261 1cd0 57d6 701d 0f24 248f 57e2 2af1 2826 4322 77e7 75d8 3fff
2044 3337 3252 7fd3 5b0f 59fe 7b99 7066 4cfe 4062 4e2b 3667 2d07 7ec8 2c2d 6021 7d91 6865 3cc9 4000
4a42 3638 2f18 79d7 2d0a 5cf0 6583 55da 1323 57f8 0979 0e6f 226a 36f9 0f0c 1a1d 5088 12e3 56d9 3fff
2676 36ac 0f22 18da 103b 7a12 20d6 7cd1 146a 44c6 00ea 6be8 23c7 7e65 0c61 7bd0 16d6 5526 40b1 4000
1405 0488 1a81 726c 0c3b 53be 6beb 3832 5fcd 2cae 6c9d 6b05 3e5a 735d 6d07 1345 0d4c 3f3e 6a2d 4000
701b 3d95 021a 1b31 04d6 5d74 47fd 379d 4066 5209 517e 214b 0ac9 2985 1ad1 1dea 62f8 4e9c 6bde 4000
7f52 6a44 7cce 0341 0377 7a0c 3d83 594d 6490 5159 7546 1e46 03a0 37ef 1157 5d1f 08e0 4af3 1a0e 4000
4831 34fe 523b 51f3 0b83 322f 51c6 1350 7d0f 3c90 53c5 0af0 7655 066b 7fe3 1aa6 72d1 67b4 451a 4000
5ebd 49cc 28f0 63e4 1d24 7953 55e3 0703 06f2 0003 7c7f 5585 0f9a 5403 12e4 3c03 6780 21cf 37f8 4000
7993 2d25 04cc 1bab 6356 7e99 5ada 52ae 0f37 7c8d 6f2b 476c 73dd 085b 0710 31db 2cba 1f26 1da9 4000
070c 3cd5 4403 73c5 602f 3250 64fe 0dbe 1729 5cb5 3f2c 43a7 0156 4dac 380a 366b 2456 241d 5c21 3fff
0ff1 1e39 462f 2eb5 3e18 237d 0537 7473 541d 3256 6ac6 2777 18bf 1c41 2f98 552f 70b7 787a 1e23 3fff
7a45 5d28 2eaa 2921 01be 0995 0acd 0b6f 2b46 243c 0e00 452e 7fbe 3940 6dcf 13bb 02aa 50fc 723d 4000
705e 6d78 3666 0cf5 7d46 5f5c 3aaf 5ad8 6dd8 5e1a 47e1 1191 64f5 5ca7 44fc 62cf 56d5 2371 3f36 3fff
2c14 3a46 072e 2660 6d2f 5fc0 7097 5a04 3c26 0a06 1ea9 5034 0039 359a 0965 5517 7813 0001 154a 3fff
064e 57b7 6cb3 378f 7708 1655 5a86 0b72 4f4d 3ff6 356e 6a50 2b4a 7665 19c7 7df3 743d 4f35 7404 3fff
0f9c 6d62 541b 71b3 1d1b 4a56 74cd 1d7a 636c 1966 3341 0950 690f 2d6a 3407 44d6 570b 61dc 04e3 4000
6565 019f 6f36 1fca 3684 72db 3fe0 23cf 3817 6417 54e1 774b 4579 6357 7b93 4ac7 6d7f 3987 3bdf 4000
3bef 1a88 3b26 4de5 2fa3 0381 283a 236b 6f40 7435 7ec1 31b6 5c4e 4c81 723d 79c4 1775 05c6 0b1c 3fff
616f 3288 2588 6ff7 1a30 31cb 1443 4529 5b64 09ee 15a7 5104 726b 5145 6e27 738f 56f0 114e 383d 4000
0c20 77a8 32d4 6626 4caa 3786 72db 0fbc 690f 6fcd 7295 3040 011c 4b35 179e 4f78 23e3 2ea3 24af 3fff
239d 65fa 35f6 1e80 0124 7cfe 27f8 12c3 6561 322d 2d6b 5429 7531 485c 2faf 7a16 29bb 4887 7db5 4000
0554 60d2 5a47 325c 6eca 40d5 0da5 1714 19f7 6eab 35b2 6b9a 057f 41f8 0b12 3d7d 1cac 0621 2139 3fff
2624 25b7 30ed 6f8b 3557 0330 0fe0 4d59 1f3b 084a 2639 15af 2d61 285d 3498 02df 1880 2102 0dd0 3fff
4a57 0c16 5392 77d8 7395 6860 4f84 01e6 7692 4e99 7e54 71bd 2d0b 4aa7 3232 224c 32f7 424f 0a71 3fff
59df 7c46 5031 5212 1ae8 14c6 30a9 1ed8 42db 2747 1e23 5944 70cf 07e9 6d24 42dc 30ae 6081 35b6 3fff
6545 1759 58f7 4f83 2fac 6ed7 4421 2052 0f87 0095 3aee 388a 5d5f 0959 0a08 79bd 6779 2e32 186b 3fff
105b 28ca 5476 6bb8 7d65 7e28 7cfa 3e0b 55de 2d7c 494e 5a51 5574 602d 0159 59ae 5084 123f 59ab 4000
7bfe 13ce 46df 33eb 0db0 5145 57aa 3eb1 2a79 0f0b 2423 2a48 7a02 1ae5 59f9 5aae 06e8 0a70 01c8 3fff
21ab 035c 72f6 6293 367a 70e9 2a76 3027 6b72 6f9d 66f2 0d84 6a23 0285 0703 2bcb 1c7f 75ed 357c 3fff
604e 4120 5920 4f5f 66d6 1bd5 096e 4b5d 148d 4ae2 7ed1 4d0f 018d 31b5 6443 6f8b 280e 4fa7 131d 4000
7c91 7ffd 0024 66d5 72a8 6921 42e9 18c0 6ad8 3d9a 3784 5b9f 027b 590c 6fcd 70b9 5c01 5c20 2e98 3fff
790a 5de0 206f 7c16 5cd6 4b00 40ac 0611 117f 5923 582f 1d4b 24f0 254a 2f90 7dfe 13f7 7424 07bd 4000
18d5 4ea3 509f 4e6c 0f82 5040 04ab 3bf5 6df1 16d2 2ab9 1860 5c26 6027 558b 0372 6905 7b99 226b 4000
6905 3664 7d30 50cd 672d 602d 7001 0f3a 078e 36d0 13bf 5dfb 2616 7fc9 6a8f 454f 5a12 471b 36ad 4000
6382 3e60 3dcf 3f8d 7d5f 309f 208c 5bd6 34a8 2949 07a7 6f80 0b58 0d10 5fb9 65d5 35bd 7276 57f5 4000
5a04 2186 6fde 7e6b 3b1c 78f5 602d 1924 6b86 1328 2ce5 1c93 3824 43bd 5fd9 7eb4 0c11 6817 4183 4000
556c 7a7f 7a05 6167 32f1 0ffd 0b74 3e18 3af0 6184 19b3 41dc 3e64 5232 1f33 13eb 5ba1 17a7 57d7 4000
3bdf 2f6c 0ee9 62f1 4d2c 16ff 6633 4a13 47c9 67cd 7c01 2f76 1fe7 1272 5365 42c8 5420 6494 4c77 3fff
624e 1b58 7140 740a 068e 1c5b 1e9a 5246 2903 2bb7 0ced 236e 102c 6c0d 09c5 11fe 69d2 1e0a 403c 3fff
00c8 6eaf 2a1e 5526 7d48 0006 2470 1975 6fd2 7002 7617 7462 1b8c 3584 1623 2b0d 38e6 41e7 1c2f 3fff
080e 6b6f 12f1 7285 083d 224c 41d5 612e 037b 309f 5b32 0bd6 11d2 7fd5 647b 0ef0 6c69 6d9b 79cf 4000

1945 1032 3b4c 00f6 7ae5 6379 2687 4028 26cf 6cde 38cb 7cf4 0273 3290 1f98 6f24 6756 0f15 0396 3fff
24c2 1322 3413 7a10 1540 06c9 7586 09df 5e4e 0214 403f 0c26 71f8 5e00 2cf3 169c 0a5e 7ac7 1ad0 4000
1fe1 35ac 24fc 6eb6 2079 77f4 1005 5c28 4e58 59a9 2dc1 2d6c 1a9f 6caa 19ca 251d 2eeb 70aa 3eb0 3fff
50d2 2873 77e0 6a5d 7b0f 7721 616c 6424 70a8 6778 20a6 35c7 1c1b 152e 23e8 0c1e 70ba 781b 2f61 3fff
4643 7b92 1dab 7506 7eb1 618d 365c 599c 1d3e 3737 16c3 00a7 5ebf 16f6 178e 092a 17e9 1bb8 4e3c 4000
41ad 1899 6b42 1870 539c 154e 30dc 4f61 68b7 7c57 2766 55c7 3388 0e84 6b1e 281d 479b 5b7b 3f13 3fff
4cca 2b61 3987 3d07 4601 52ef 1bfe 0c9c 73fc 35b0 281d 7cf9 1994 1540 502d 403a 35dd 6412 5827 3fff
23c9 57d1 76e1 31bb 2b0a 37f2 5b24 30b1 2c77 4daf 3f88 7aa3 3642 0b9c 24e4 0bc6 5d0a 4a58 03da 4000
09eb 435c 60fb 61c1 51ff 0646 0026 4cd5 7f57 563d 18ff 693d 7cbe 0376 4349 03d5 66ef 2042 2a14 4000
0224 4301 0ea6 3889 290d 7816 5167 6f72 3942 4a62 3d3b 294e 6af1 4881 287b 2cc8 0873 123f 48a0 4000
5495 4860 56a4 5686 02fd 0d5d 5aab 55b0 1fd3 5ca3 4a62 0da8 47d1 038c 31a3 22da 4693 1a46 0fbe 3fff
135d 0f88 27b5 75cc 05d7 42f1 78a8 63ef 1dcb 4fb8 1a1d 6c0f 35ed 09ab 4051 6e7e 1759 250e 41f2 3fff
6e31 275b 0619 4fe2 6695 6fb9 0b72 41c6 69c6 0124 5446 12db 3fae 1948 13b0 0b60 1539 38c6 0219 4000
2593 1d0e 0180 7280 20ad 12db 15ce 7756 18ed 5007 6fac 643f 3887 33ca 62a3 23d2 1dd2 0f4c 6960 4000
1651 08c1 5e54 05ad 7549 346d 2231 565a 4a6a 216b 06f8 2fa2 1e34 1a7b 7b0e 0491 5621 3650 72fa 4000
7354 68f1 69b5 7791 3b57 6de6 2d24 0edd 48b4 4b4f 6a65 6231 39a8 277b 36d0 2e2e 2caf 1f4a 4f1a 3fff
0ae9 65cf 57d8 1101 2a77 0ea5 3349 6329 6414 7157 277a 1a4b 7b4f 2ece 6d7c 0669 0c2a 0205 462f 4000
5c59 1614 5686 038c 54a9 338f 44b9 4240 6146 03a7 5a2e 13ce 3fd2 3daf 005f 2ad3 147c 7701 6c46 4000
1603 3e68 70c7 6857 32e3 07f0 74f4 6423 40c3 6822 01b2 36ca 1815 27f6 52e8 2e00 03e8 2704 2d03 4000
310b 7c2e 4d20 63f3 54a7 43f2 0ee3 4e83 6ca3 647b 4486 4b31 4c31 6ef2 1626 7ac0 1068 3e3f 20c5 3fff
0c12 48bc 7db3 630f 0c27 3460 724d 1411 2812 5f14 067a 7f8c 3d15 35f2 759a 0dcc 336a 78e6 5c5c 4000
4d65 52b9 7dee 313f 4759 1515 017c 14f4 2b38 1569 7dbe 698d 4dab 0610 43db 483a 230b 78ae 5c08 4000
16f2 7dde 6086 065f 2906 3ddd 09e8 6fc9 66da 655b 3d48 134d 0619 42cc 17b6 0ecc 44e3 6e80 6244 4000
0fe7 1a35 5d98 5973 2535 4f64 0879 2d79 1caf 1e29 4d5e 6580 452b 0d37 6e85 5103 2632 3663 7587 3fff
310c 27fb 1a9a 38fc 2443 6f8c 49a4 45f2 6c5b 4f3b 1a82 65e4 5442 6eb3 0484 5887 7dd0 79d9 1ac1 4000
5f3a 584e 34ef 28ce 6c5e 6933 1878 5397 4ef9 6b17 1846 4bd7 512b 2408 01ef 27de 162b 7340 7403 4000
059a 46d6 78c4 63f5 7308 19ec 1b45 7c49 0529 3ace 2331 0b95 214f 47ea 66ad 1425 3949 1e90 7fec 4000
2410 5be0 2aa7 710a 55c3 23d5 64ee 1e24 1ad1 109a 4633 7556 23c8 4708 6c8f 16e8 63dd 6b2e 76e4 3fff
44de 5140 38e2 440a 1766 1daa 4540 1fef 15a9 7e18 04e7 6360 79d1 08fd 3365 6916 383e 3e44 7f98 3fff
7328 64a0 5e09 497c 650b 7570 412f 46ac 627e 3947 54e1 372c 5606 71dd 7f8c 47de 1988 4845 5d49 3fff
2f75 14a7 6402 127b 7255 2af1 5d99 57f3 56b5 125f 0f59 1880 62fb 6ca7 6ba2 7725 647c 42af 3fad 3fff
0030 2d85 4bfe 28d9 3f0d 7545 595c 1a59 5558 4103 67bb 093d 5268 6ea5 5d99 3a15 651f 244b 1825 4000
1aba 5489 0a9c 7bdb 41a3 7602 0935 1897 77fe 5d40 7611 4642 729d 60aa 0199 0495 24ac 4f15 468c 3fff
651b 1b82 0b6e 3ec0 3712 73f8 7fee 0763 3301 35f8 2a05 0ea0 6631 5ce0 0eb2 0635 14ca 09dd 5fda 4000
6bc2 6753 302e 482a 6f6b 732d 4579 0955 2525 7b78 6ccd 6b87 38b9 57e0 348a 0640 63f0 2a3f 1191 4000
71aa 2d14 0a5f 3134 7d02 3d04 1b86 0bee 36fd 65b2 686a 7ed1 443e 42be 54cd 4aa3 4e20 0f07 3ee1 4000
54b6 765e 5a2a 73a0 6b43 6b3e 4556 282b 100a 481c 60be 7bef 41c3 6551 0368 2295 2ac8 63af 2553 3fff
50a8 1c17 11d3 2177 02d2 0c6a 4f9b 5eb0 61e5 315a 243c 197a 55d8 729e 29fc 1328 75e8 32fe 0950 4000
2914 0cf5 0fe0 53b7 4ee4 148a 26d8 1526 221d 0966 5fc6 6445 3614 7d5e 06a9 7c44 0e4d 172b 7fea 4000
3164 42fe 7eb8 5813 215d 5b0b 2ffb 61c0 2757 47d1 78fe 39b3 43fd 6440 6690 4623 1401 5196 2404 4000
74fa 5ab2 33af 5d96 1a8f 65a7 1bbd 7271 6d05 4ca9 33d5 4f08 29c7 6e3d 4161 0df9 2024 7d3b 55a2 4000
4416 6bd8 7ab5 29b0 1964 37d8 6487 4f32 05a5 220b 2a0a 29c2 1ce5 0094 24da 673d 49bc 3780 430d 3fff
391a 3010 64e6 25cc 3158 1746 31ac 42f4 1aa0 7266 25bd 00ab 1074 47b7 07bf 405d 2ada 3b55 521a 4000
163e 7552 4269 45aa 3d22 2958 5670 6b56 5684 3917 0234 633f 2a34 6a8a 65db 13b9 1535 73d4 7d19 4000
50b9 6d5f 3fa7 3452 17d1 2d35 255a 2ce4 0c52 4d71 4ad4 0ce1 5a23 78e4 0f4d 7d71 0c16 3595 4d65 3fff
132a 5336 1a20 7cca 2352 6944 01ce 424b 4683 5eb1 4e45 3e99 4cac 347b 7828 5936 249d 64e9 0968 3fff
1cb3 1f33 7911 6663 69d0 3686 56d5 1bab 2a90 4bbd 4077 0a61 212e 4ace 7e9d 1c83 086e 300f 0165 4000
69a8 2407 50a0 3b95 2659 0bf1 7e2e 47b2 20d0 7149 1551 3cb1 4020 3bde 2cb0 0621 78fc 2ba3 034a 4000
38fe 61b9 269d 42dd 7c99 030c 1c17 04e8 4979 5b22 5381 20df 07d0 34c7 0316 568f 5ca1 18f7 437d 4000
2284 3aae 4b55 2f88 498c 581d 79da 2b0e 5346 3635 5873 59f1 46b0 3433 72a0 3121 035d 6010 4151 4000
2b8f 3ace 7080 5a27 4b6b 4601 76bb 4572 550a 14dd 7591 06e9 68b9 239c 7c67 4aeb 4a52 4436 5a70 3fff
1644 07d3 313d 52ef 51ef 5bed 6784 3ceb 6244 4e92 662d 78f2 385d 290c 3fb3 544f 3081 6e18 6983 4000
3563 03fe 6e96 3812 5299 12b5 4808 31b1 4a90 52cc 404b 4efc 59e3 1971 0a51 2b19 3338 48f1 1658 4000
7854 4bb6 552e 559c 5d8e 15bf 1e09 45ff 7ea3 7d83 6dd9 640c 52cb 5d5e 6bd4 4996 3a0e 2750 551b 4000
6755 661d 065c 5921 1b0d 4047 58f9 2698 09f4 52b7 29e9 1803 68c0 0a33 2344 7e03 1662 06ff 6d60 3fff
4852 7b43 1619 49a6 7ab1 2c42 73fe 1ad9 0e01 086e 3f0d 7ff8 0859 45a8 3559 1211 4646 25ea 5c17 3fff
6685 0686 43af 3219 23f5 2fc0 6a10 15cc 7c13 5c56 7fc2 380a 635a 3993 0778 24e4 0a3b 4aab 7523 4000
5193 5a85 5838 7954 6f85 2167 58f5 7b11 7866 5813 0a96 01f1 455c 3a7d 41a0 3f85 721a 18a2 0766 4000

08bd 687a 0150 6706 5dd7 5946 717d 23f2 04a9 117b 2609 1a46 743c 43c4 7d54 7a4d 08f6 5f74 046c 3fff
5451 2c67 4ada 6587 7a2b 71d9 0f09 6df9 227f 568a 231d 3bdd 1864 7a62 5cb0 41d1 6660 7b71 640d 4000
4f98 225d 1dab 50c0 34c4 248d 3534 5b8c 5766 4b73 5337 0dcd 2b71 6649 746e 65c4 0edd 0ef0 1802 4000
05bd 3608 2ebd 0ef0 0eb5 1fe5 1741 59fb 78a5 17f8 074e 2bc2 1916 1e60 5969 2efd 1ccf 1666 3eb2 3fff
0286 6745 7a9d 7b49 2bb6 500f 21c6 5d41 073b 7770 30a8 54ce 5e52 396b 160f 162f 347c 1a78 26be 4000
7bd4 230d 324c 6f10 56be 6b1c 7432 069d 1f00 3b3c 43d9 2d32 6a8e 7b68 1c1c 7621 3fa4 1681 6759 3fff
451d 685f 1ac2 436e 14d2 5977 43e7 6819 2142 4111 4433 4efd 3358 4821 1b25 0d2a 6e1d 22da 0f1f 4000
4b82 364f 3028 2525 09a8 4251 716e 70c6 73b7 5e8d 250d 1d88 3c9d 6df8 16d0 28f7 5b01 6e37 737b 3fff
5666 309c 473e 69b0 241c 7efb 3bfc 37c9 1a51 385e 1abf 049c 52ae 1b40 140c 2cab 2d2b 35f5 7158 3fff
0690 1d9d 4068 3105 0e98 583c 146c 70d9 3f6a 3330 1464 417e 5b1d 1097 61c0 3ace 627d 0ad2 743b 3fff
22f5 5ca7 50f8 7261 689f 5010 099e 78a9 2a2d 1510 216e 6bb8 424e 15ea 58ba 1062 786c 59b4 5743 3fff
7c2b 024b 6ce3 7c5f 3729 09e2 155f 38ff 7ff9 296d 16db 440d 4554 0a8d 2903 79e2 6f7e 5310 367a 3fff
37e0 4054 299e 62ec 6cb2 111a 5a4b 7ad1 4b4e 02ef 73c7 5a25 49fd 1d41 793a 7e81 3d5c 029b 5f68 4000
030c 1a21 6193 4cf5 2c10 7453 45dc 5e66 55cb 7fe2 59f0 59e6 143f 4d28 7ac2 6701 5956 4405 3b4d 3fff
7513 283b 464a 220c 2732 392d 396a 558d 1fac 0e0f 53ac 0db0 1c63 6933 32f6 3f1b 35be 6a3a 0693 3fff
06ac 2eec 1482 1557 2511 7e71 4201 7407 7bbd 2b62 3de5 444b 09d2 78d1 7d73 2b96 4c03 4b77 2d44 3fff
5aa6 5894 3fef 329b 1c42 5d23 4946 32a2 1813 0dc2 1d67 7a99 3db5 76e6 2ea1 0206 5178 7d1b 134e 4000
75af 3e2c 31ab 17be 7bbc 4dda 1791 58c7 176a 75e2 03ac 33de 5b55 4822 3599 436b 5056 1241 4222 3fff
0675 21d9 1d10 02c4 3f20 3b49 5aea 68a2 24f3 4fb2 5979 0acf 67cc 029e 0549 3031 2aeb 5b02 0d45 4000
7044 7e87 4190 4a9a 65b4 1638 355c 6cda 59ac 78a0 737d 6951 2cb0 1f5d 2877 3723 42c3 14bb 2312 3fff
4089 0150 7530 10ad 4747 505e 605c 780d 1216 3a41 76ca 1ef6 3640 2791 7438 10fc 51e2 16fb 47e8 4000
22f2 4911 73f3 2195 5415 588c 3dd0 1c9d 110b 53be 411a 4d3c 2734 5340 5975 2ebf 71da 7505 1def 3fff
1283 5783 0202 4825 129c 3e71 275c 5e00 2d55 278c 5264 43a4 5001 3a6a 0c13 487e 1083 5fa2 6a74 3fff
7b23 13b6 02de 67ce 48a0 6c3b 47da 08d3 2c8b 2db5 7df5 6804 78ae 6eb6 344b 5119 08cd 5b84 7d64 3fff
2649 3f2b 0db6 7be0 796e 4fed 35eb 4631 7f87 1ab3 1005 6c0f 1f95 3ac9 3868 120e 6c62 2584 61eb 3fff
0d03 5d8a 3093 5036 5e9c 6a28 0ad8 7aeb 15cf 2822 30bf 5073 1468 5093 7b2c 5813 47c9 252f 165b 4000
5a0a 5973 0eaa 14b2 2f13 29c6 7223 26ce 6389 39fc 3df2 02cd 0ffa 249b 3f04 1694 0ba9 2959 30cc 4000
1d69 685b 5e5c 3253 3e37 5b08 5c40 0495 6b0c 7918 69be 52d4 1595 3d20 22b1 66f6 22e9 344c 2ddb 3fff
6712 65f4 3e36 536f 310e 2bd6 32b8 12ee 5e65 1db9 2521 051b 3a84 67cd 26fe 1131 5e50 71eb 160f 4000
5e24 1f32 3567 697d 7f19 1e98 26a1 559a 0e1d 737c 1484 0985 10ea 67c5 503a 4c84 1a61 6835 1f1f 4000
5e13 09f2 677f 085e 4c65 4b18 01eb 2828 64bd 39e8 29bd 034e 5c69 6e39 4e51 56d9 7753 610c 26ac 3fff
5f40 0bc0 7134 113a 3396 7070 5a49 46d8 6f94 231d 0b91 05de 25b5 1621 2100 1f38 66a5 021d 5268 3fff
183c 686c 4c70 4fd9 5037 543f 283b 562b 16a5 0838 5367 232c 2493 1927 49a3 6e65 5f18 771f 279f 4000
025b 1406 32ac 323c 7109 51e6 157f 78ea 3e16 5031 74b9 6850 73e4 2d62 4259 0b48 0560 4ec5 655a 4000
15ac 711d 39f8 54b1 0651 0773 74f8 2c79 4901 32eb 7ae0 229c 3a42 0c4d 2b24 5ebc 32f1 45ca 192a 3fff
5571 3acc 0314 55c5 7ccb 2933 6c84 097a 5a90 0e2b 2859 35c6 4c41 3d17 031c 1980 7195 06a8 5d14 3fff
67ed 7e70 04e5 0cf9 495b 767a 4e27 2d08 1e92 1109 2a6d 2924 7268 6881 5314 6cab 0c02 488d 4959 3fff
186c 39b7 60d0 7f94 3722 0631 6d8f 265d 6f44 42ad 56de 2f10 0665 3ccb 5335 6ba4 6107 1510 0f31 4000
1ba7 4088 360c 450b 1fdc 505b 117b 1486 3900 213d 02a6 00c6 1c71 5746 76b1 3f9e 13ce 6f9b 4fdc 4000
4c77 1f6d 2d64 4158 2efe 1dc2 3c0c 7320 464c 716c 4f1a 611d 2010 410c 28a6 1c33 2c11 50b6 7124 4000
2f19 1b02 3a82 4506 5aab 095a 6e53 091c 1bfc 3a29 6803 7c69 5415 0e6e 645b 010b 466c 4d29 113e 3fff
4b5b 1ed3 3c1f 3fbc 69f2 499f 3854 43bb 0066 7220 28f4 313d 1eac 5a17 3358 271d 65be 1316 7ccc 3fff
068a 00f4 5bae 3fa7 3789 6b26 0e93 2cea 4624 77ee 1227 03b1 5be1 1aed 6ba6 5758 5afd 3522 6e99 4000
5069 336d 19e0 0ebe 1c20 61f9 44e5 5e4d 7972 5367 2951 42a9 5d2a 0124 6658 59d9 1949 6201 4e84 3fff
3985 4beb 01fc 4d31 7741 4402 6042 5c5a 46f1 0453 0d87 5faf 23fe 4c00 6e97 1a04 305b 2e20 3820 4000
03c3 27a5 0eae 25ff 6a9f 6c92 656a 0d42 3d51 604d 0c46 7f85 1812 2341 40aa 77cd 34b4 6aa5 101a 3fff
5b92 5064 7611 111c 2bb0 0f01 657b 7e52 1959 74f4 3269 63e9 128a 3778 2ca9 22a4 58cf 4b04 4a0c 4000
702c 338f 1f6b 1a7c 4c88 46e5 411f 6070 51e8 7273 4667 1de1 1167 0ade 74df 2e8b 64f2 62fb 3c5e 4000
0964 0c37 576c 0df9 3b0c 4801 105b 6f03 4a8f 2051 6d3a 232b 614e 1f68 5cf7 5fcf 1efd 6981 5573 3fff
28b2 3976 6dee 1a30 10fb 1f6e 2937 7316 4c10 2527 240d 5f24 7376 6f08 4f51 198c 6ae2 19e7 3794 3fff
6c5b 3641 4d03 2df0 60f6 69b4 00cc 41b1 44d2 29a9 53b5 7613 1129 777f 7475 0018 1163 393c 4bb6 4000
4343 19a4 6deb 77ff 783e 6127 0de1 0e96 004e 136a 1ffe 6dae 2c6d 1b96 5927 2b85 1b99 4bd9 4079 3fff
59e8 7733 66ee 3695 6889 3f66 2f85 22f2 65e1 7869 6a6f 41ba 2456 7f43 2dad 23ac 4b2b 1f25 4cc5 3fff
4adf 3cf4 4caf 5002 770e 3f2b 6f82 540a 6312 4950 07ba 5c29 1dcc 52d3 6347 57c5 1414 2c06 367d 3fff
1393 3188 4907 6646 508c 135e 1b2c 1b4e 0e2c 4474 5a54 0eac 5c05 7aa7 2a81 6419 3cc3 7873 1beb 4000
1a13 1840 3df7 5913 357c 0b52 22c2 7dd9 4459 1a63 644a 52b5 4657 03ce 0a26 443f 7720 188b 7439 4000
4280 5344 62dd 21bf 63fc 2fb1 7874 0e97 054f 7fb4 3ef3 25b8 30dd 6f59 4331 4e42 6434 1443 1be5 4000
3a6a 5473 555e 1e2c 70b2 5313 7c3e 0713 713e 4759 2d81 2db2 44df 0772 3e35 5080 0527 6475 023f 4000

65c7 273a 1d78 691c 7a6e 1b6a 2b7a 40c5 145c 3aa9 4ac2 1fe5 2057 170c 27a2 1e55 1edb 319b 29b9 4000
6983 27ed 67b6 2b6a 0ca7 7bba 01ae 78e0 0b7c 1ca2 004e 2c8c 171c 58d1 4491 77d8 1f73 1d63 1d80 4000
1c05 5568 7f01 3442 6629 46ef 7cf4 062d 6247 786f 10e1 3b56 73bf 178f 6633 3088 2267 5c3f 72b0 3fff
2b33 3711 79d7 008c 468b 3058 02d7 7c5a 08a7 3dfd 6b6b 5576 571d 0521 70f7 6495 1ac2 1ecd 29be 3fff
352e 761e 5419 3d06 64e0 2e1e 00b2 16d2 32b4 36a9 4175 65e0 0acf 3988 7d15 166d 2728 0287 5ad6 3fff
23a6 56c2 7f0a 31b8 21ba 7b44 03f5 60a6 5351 4373 2139 0409 480f 3f39 658d 7f96 2400 1c66 3ebe 4000
1d93 0d50 3e76 788b 7e60 2dc4 70b0 572b 2d6e 3d39 4f0a 3c87 5703 7c8c 2cd3 4e91 0c6d 5e4b 3197 3fff
3d20 6463 372d 25cd 7e49 758f 52d0 6b66 7a41 1ca2 13fa 0bf2 1321 2059 2502 748f 64cb 3bd6 4e9d 3fff
09ca 0ef7 5b4d 4056 0148 592e 0c40 77d5 57c9 6398 2268 6695 3a64 6e5e 2cc1 5c94 46b8 05f9 7735 4000
0ce4 50f4 57d0 30c0 234f 25c4 75a2 64c9 04e9 3d25 6bcd 1679 5d55 3196 6584 19a5 3d39 3e51 2466 4000
1ca0 1f32 75ba 3926 667a 7bc8 4e1f 10cf 708d 460f 42aa 3adf 262f 5b72 35c2 4aac 6092 0d4e 59a1 3fff
49db 5534 4323 3f42 3d0c 25a6 5f6c 2c3a 25b2 4cf8 4f46 4d40 020b 2950 6ab3 44a7 6197 3ed8 6e36 3fff
6cd6 30a6 63d3 1894 5cac 0285 6d86 53ab 3c01 1566 2d68 7a03 218d 17cd 666e 188a 7ffe 6593 2f60 4000
07c7 76a3 0275 0f1e 55af 4d18 1f23 392f 6be7 2080 3521 5205 0148 7f81 1195 3695 786d 3ae7 0ab8 4000
2db0 0c44 2a00 13ad 69a6 6410 54af 76cd 0dc5 2997 0606 3b80 00f9 56f5 15b7 72bf 3c83 03c3 294c 3fff
3a71 1731 476d 0e44 7a26 2db1 3ce4 5b67 7d0d 186d 113a 7459 6971 68a7 7b19 5776 475a 05cf 1b9b 3fff
6add 5956 03b5 359f 1196 76e1 4e93 4d60 7a20 767b 5ee4 7a77 79c9 55aa 111e 6a82 5a49 1b82 1367 3fff
0da6 0aea 7f3d 11b5 4d3b 004c 45fe 7c81 03db 4223 5e6d 4f06 4fa7 68e2 001f 29ff 0722 7537 4d55 4000
7c7f 1f9a 344e 4275 42e7 2cde 1ae0 774b 2e29 0b2e 45f6 0052 3ecb 7f62 59e4 0d58 02c4 44c1 4010 4000
382d 44f7 53f3 022f 7fbb 6016 5b80 503d 7ba0 5310 6c9b 5838 572c 49ad 4d5e 6d6e 1d69 6ad5 5244 3fff
2356 46d5 64b6 32ba 24de 378b 5320 5021 1daa 699e 1ae8 5553 6cd5 0e4e 5de1 633c 505d 26cf 4020 3fff
123e 09dc 0a9a 5581 487e 2da6 2639 0ddd 69ba 09e9 25f8 07c7 073a 236c 590e 5325 5537 3c71 2b88 4000
7e16 7fbf 60b9 0c42 63c8 00ee 6391 62dc 0c4f 0588 205b 3cc6 2509 4961 5949 6a3f 0250 6357 6b3c 3fff
2e6b 2968 5f43 1f23 7abb 5b37 2f03 76ed 404d 77cb 0441 15bb 3c8c 3173 58e9 24e2 3013 4fab 6564 3fff
3939 6149 0459 1ca9 1fff 27c3 19b1 61f2 4349 1972 3dd4 7619 2216 043f 2770 4017 4b3d 69de 016c 3fff
45f3 1d70 0410 6160 3aa5 60d8 4855 20cf 704e 3176 7ba5 2edc 0aba 3d53 3f00 1a5f 58c7 32c9 30fc 4000
2c1b 1f79 5677 7844 46da 6528 2596 54ff 581f 6a76 59f1 39ee 5adf 4502 3a8c 6ceb 235e 10a7 3d7f 4000
5871 12c7 3fb8 6496 3d20 7c77 58c0 36b9 440f 3e96 2c4a 6156 1380 17b2 20c5 65be 391a 24bd 4ef4 4000
1e4a 4e47 3506 7664 3a07 0862 1852 3021 5907 1d69 67c8 60f8 3e03 7210 6d50 34fe 12aa 42b9 1198 3fff
666d 3ce2 78f7 10c7 57bf 3578 3c06 128f 54c0 6950 54a8 3763 269c 30ab 79db 17c7 29e4 3599 63a0 4000
5165 1b81 18f8 54e8 7332 7c7b 10d2 44c1 7403 7559 1840 15c4 3693 732b 5df8 07c2 4f21 1f02 4c02 3fff
2702 06c3 4349 692d 358a 61cd 3eaa 2ffe 46d8 41b2 31b2 6b5f 2f7b 561a 72d9 6e04 79a6 4392 3cc5 4000
3807 7982 600a 69de 6555 0d50 1236 49e5 3027 5276 58fa 62fc 5778 27e0 5129 58a6 44a7 0344 4b1d 3fff
48d3 3f9b 7471 51a1 73a2 2935 5890 56ae 04f7 3e52 25f3 3e0b 2db7 30de 4c30 28bd 2513 0a47 1d72 4000
1631 19b8 6315 0380 1f2d 0e56 3c61 5b06 42a7 2cb7 767d 318f 0d4a 0f21 7d1e 1a8f 7aa0 1f00 01af 4000
458b 19a8 6591 4241 64bf 6c79 2c54 4e22 47fd 5ff7 0ab5 3596 34ff 5819 03e7 0e1d 6660 6131 0a84 3fff
4c84 1ef4 419e 775c 408c 4fde 6c17 231b 0935 33b7 49f7 69f2 2aa3 7ae8 4706 0614 2291 64e0 0d5b 3fff
5a10 01f0 4ace 44b1 2aba 2a98 6f8f 79c2 1909 652d 1dfe 1002 2397 1e5f 6b77 590d 45c7 780f 092d 4000
5343 7d36 495b 24a9 04cc 6d84 0b51 2464 39c2 6b99 6ff0 0b32 29ed 5874 05be 2f31 71c4 1f8f 2592 3fff
4455 06bd 2812 5574 39bb 33ed 60ca 4a46 7e68 27b1 5b15 5224 1496 43db 4d59 472c 12d0 0f45 6e99 4000
258b 4016 1525 67eb 0304 2df1 5999 43fa 2ef1 4de7 21ec 2766 2094 0815 0687 2ec4 6336 1e7e 7306 4000
5845 40b4 00fd 35a0 2a76 7bad 6b71 0898 4eb9 7bd7 0f80 0872 4f83 3bda 4ce5 4bcf 5c9a 0897 4723 4000
07e3 20a3 6f60 068f 72d9 2291 6164 5d5b 073d 4996 73ae 3e53 5eeb 73f4 4b2b 237e 28ae 739c 653b 4000
36ef 640a 1488 4ea9 24d8 4237 3447 2305 03dc 34d3 5144 0f27 2b4e 6444 2d73 34df 2160 6365 20d5 3fff
1e19 433b 5ed8 7218 3106 1c77 7f4f 6a7e 350c 1bee 136a 65ff 6f0b 4c02 18b8 10a4 4b71 23ba 3f06 3fff
5fc1 1b0c 4c9e 2df3 64f1 17ec 2bbf 1ed8 4ce1 2181 767b 3834 1b4f 413c 0025 57b4 0e98 4733 26b9 3fff
20cf 2daf 1cbb 70d1 0005 0030 7384 11e8 7c65 1f7e 0c8a 34eb 0735 4dd1 67fa 2952 4d91 670f 3749 3fff
0066 4339 2339 53ac 4a8e 7868 1e9b 4b2e 1b69 2702 2fc4 09f8 1690 31a1 34ed 0f98 0fde 19cc 3aae 4000
7ace 3eb8 3317 3a08 09f1 6a8b 2f8d 70eb 6f80 58c3 3041 0fcc 6319 3d35 6b9a 5a22 0eb9 4605 57d2 3fff
1f70 4e87 0d92 130b 1e01 7eb5 3cfa 3b64 0d94 541d 1548 7079 5c41 18d7 3561 1b91 382f 7bcd 19c4 3fff
713c 2034 16e9 4dcc 64b2 042a 0cc1 69cb 1c5b 6d9d 04d7 0acd 3316 1860 69ce 3dc5 7a51 50e1 200d 4000
643a 2f0e 40ea 6738 451a 5251 1562 3036 76ac 5443 6082 6410 597b 1739 011e 5917 2bb8 7afe 3c7f 3fff
3574 26e3 38fa 48c8 0332 485c 18de 1aba 4070 7806 206c 118f 3274 1b94 15e9 4b79 2604 42de 1ac2 3fff
6b25 4f59 53ca 2c4a 2d9d 2ea7 26ee 794b 4460 3350 5756 21ec 72b4 2cfa 721c 6439 379a 4487 36c3 3fff
57ab 316f 4e11 0193 7c77 257f 5ed3 1c5e 4e25 250c 3605 618c 3e05 5fb5 7e29 7d97 5e41 531f 7892 3fff
41e3 28c4 11d5 62c8 53e7 6ad1 677e 6f63 773c 3754 221e 09c4 6b36 7c60 7ca5 2fd5 6385 51f9 5cd9 4000
4b58 5f22 42cc 1643 1899 259a 6379 6853 7e8b 433c 67ec 7f35 5d45 6b64 6ac1 315d 54ee 2a9c 0355 3fff
217c 6afb 7c4a 3486 7a80 33ca 3f0a 32ac 569a 531b 3b92 34b5 4dc7 3584 1fdf 6637 74d4 0778 5807 4000

6b82 0c8e 1a6d 470b 1147 65af 7f7a 75db 6550 161d 74b8 1850 4255 0ac9 1333 3e16 1644 34fa 0a5b 3fff
6b18 45fa 206b 6f9a 4b77 61c0 3aad 742b 7cc9 13bd 7029 2fc1 7542 385f 3e05 4d3c 2b61 7327 4108 4000
1a70 7091 2583 75a0 2723 2cf1 622a 6e9a 0d76 4cad 46b4 18e9 4e80 5c3d 27d8 12e5 2190 7fea 16f4 3fff
6b0e 3887 676c 409c 468d 2f26 454c 0f3d 342d 6498 02ad 2bac 341e 0d18 75b6 7310 0a04 47d7 213c 4000
7933 74fb 72d6 2d7f 6e7e 4686 6230 1d1d 73f2 6c69 6836 0180 2883 08c8 3ab1 13eb 1e1d 78d1 0372 4000
1ec9 2819 0423 15c8 12fd 2813 65d1 36b6 1be8 4ad4 00e5 7570 2ffc 13ab 2271 55a8 3445 3584 3f42 3fff
767e 5335 091c 23b1 012e 0145 0555 4458 2dcd 2dc4 0e8b 4a92 212d 7c15 2463 7e2b 3d0a 05b4 6f80 4000
7df7 00fa 358e 7a32 4fe4 1cd3 4a7b 53f4 22c2 697b 31d7 2606 02b7 66fb 2a5b 2570 2ad5 589d 4d50 4000
0a6d 09bb 26f3 7914 4eea 5e0f 67b8 2ba4 39f7 6254 7eb0 49e3 14cc 7fd0 15f2 47e6 4c6e 194d 371f 4000
4876 089a 58d3 7fe2 0bb7 137a 4e40 5f55 15c0 4f23 5dc8 0c73 1e51 4edc 6833 16e0 70b3 6c12 6710 4000
2f48 1354 019e 3c64 6687 6ffa 695c 62e4 0803 7740 01ed 2b7a 0c60 4654 566c 14df 3e3f 02ee 5f4d 3fff
7b10 37af 1ed6 62ae 24a9 1516 2323 703b 1af0 33b5 75b5 2601 019f 0381 6057 2225 4e30 79d2 4a89 3fff
1392 0c1e 1539 5c20 1855 1be1 3be0 1535 537f 729c 2efa 4c59 7b91 6905 6a84 022b 7970 4197 2a2a 3fff
73f9 4d3e 73f7 4753 6a1b 3672 331a 51a8 032f 671f 6ea5 5a30 0378 52ae 41ad 1f6a 1fbd 13a0 2b73 4000
4d0e 1694 5f19 3960 4dcc 0622 263b 21f8 4b70 4961 3568 3e7b 2ffb 2a91 7d97 5e59 503d 53f4 5e66 3fff
2262 04d2 6cac 575e 43f4 538d 6282 2807 6672 5a7f 57a7 06ad 6553 4a84 12b1 19ca 09ff 1ba8 3099 3fff
4ed8 5500 3e20 2373 14b5 2630 5f2d 0cf8 7232 567b 28bb 0277 4ffe 49f7 6f2b 7201 3a77 32ac 65c5 4000
02b7 1eb8 3315 4f89 5579 6571 5460 423b 61ab 6fbc 2bc9 3d36 3fb0 1f40 7a29 27d0 0b3d 338e 6498 4000
4c55 49e8 263c 49ba 4820 5b91 2d36 6d09 71c4 4636 4ef0 3b8c 3fb5 2f09 4b1e 1d08 4988 14ee 5474 3fff
2331 6108 421c 6f0e 11a2 5dd7 38b3 65e3 4fa6 6d4d 3fd1 76fe 7609 1e1b 4fae 3454 6bf3 54b1 4c65 3fff
3ce2 0d3e 3b14 64ba 668b 10b7 71db 4946 66dc 5a20 27c6 408d 2a26 4590 2234 678d 1f6c 3300 15e5 4000
0e6a 54fb 32f4 2b3e 37d3 610d 35fc 52b2 3ef9 3b7a 5912 6876 24b7 600e 572a 7e89 657e 5991 57e6 3fff
662f 1ef3 701d 7b5b 2705 4db9 2f42 22b3 4de2 76e1 074f 4794 54d0 6af3 11c7 2c54 660e 33a9 0a6c 4000
57a5 4d96 094c 7d72 5f46 6cd6 4067 0c8d 212a 64b3 7503 51bb 0f65 2f10 5423 0626 2906 77dd 57b8 3fff
0ae8 5108 20ea 0fcb 0e9b 2c47 6849 6762 57ad 5017 26ee 22f5 5690 7c6d 6a90 4a7a 2da7 42db 3c7f 4000
7837 0845 1fd6 082a 4999 53af 3a63 7c2d 596f 48dd 3130 417a 4538 7e7b 0a46 0b12 4549 0f0b 1c4f 4000
2be1 307d 3ef4 7a91 4269 4478 02f3 3b37 2e26 48ea 23c6 0196 6d19 2626 3c61 64aa 57fa 7bab 159e 4000
3c38 701b 2bb3 28ad 26f6 771a 7ccf 1c5d 6176 6cc2 7a8f 7272 40ad 6229 250f 7ad5 4f15 090a 3ce8 4000
6bb8 063d 028a 1f24 5899 03fd 2c2e 17ff 7299 3ac0 2edb 1db7 35fd 0192 6bfb 49f8 18be 67f9 66e9 4000
4f5d 4f0e 5b45 2fae 582d 6b99 66af 3b41 05aa 6991 06bc 4b0f 2cd8 13e9 7dd1 229d 5855 0454 1967 3fff
009a 272c 1f82 3ec3 2784 67b7 5d35 0c22 6859 5e35 4f27 46e2 6144 52c6 68c7 7b3d 1a05 4c24 013e 4000
16de 3b87 04d9 560e 3d47 1626 61b6 6c9b 49b3 66ec 4cc2 38f5 76e4 237f 5994 1e5b 736b 37a7 33ce 4000
6fda 7fae 45f0 79b7 1b75 669f 5282 46ef 60dd 636b 1c02 0713 1a7b 71cf 4209 0e36 7df4 2615 599d 4000
030f 6900 00e4 213b 2fa4 3af7 151b 0e1a 7a8e 3d45 2e5c 0ce6 3708 6a67 6573 51e2 2b22 1815 03d2 4000
40ef 66e3 254b 0e20 457f 57bb 1c6d 65db 4742 3840 2edb 2b67 7972 2d0e 2afe 514b 3ff1 2286 53f5 4000
12f1 01b8 784c 672f 643a 476f 45d1 75e5 193a 48cc 3f5c 48cb 454c 4530 09e7 31a5 6244 3569 3ac4 3fff
7f46 4b66 2b1f 121c 7456 52b8 7a47 4cc2 06c8 6e72 0026 61a9 1bf0 6e93 6477 0104 4ddc 5132 758f 3fff
772f 17e7 32d3 3837 02ec 25a6 2fbf 5c23 1a24 6d8b 577a 44f0 4192 794d 4ac4 2bc1 5cc6 27f3 467a 4000
3234 48ff 0d31 2b17 5e7e 6da5 3f83 0493 3ab6 0cc2 65f9 19f4 411d 1f68 4124 24be 5c03 0e68 5ac0 3fff
5cd3 6c03 040f 6aba 7096 5c01 2cda 4a0f 507d 2ea1 53a5 07d0 21b4 5ef8 5e1a 7e97 7d06 160e 6bdf 4000
3239 311b 112e 1ea4 1ccd 121c 3dab 3e52 36c9 799b 5896 0c6e 31d5 2d07 0659 7a3e 5141 79fb 6413 4000
0544 38f0 02f6 6982 78f3 543b 5a48 5834 5ad9 139c 344a 58e5 683d 4f03 4d33 3792 18e0 0ae0 0571 3fff
2602 44f5 5ce5 25b0 4ad3 3811 5232 7f3a 0ed4 5de5 7174 00f1 1573 59a4 26d0 679f 5961 1598 6b6c 3fff
4c59 4a6a 48f8 7f10 60ea 7483 2d40 6f84 10b6 30c3 2ea7 5e7b 1628 2114 40e2 2619 6cab 3860 243c 4000
73e4 6aec 522f 762a 4809 0b94 4eba 2bfc 30c9 6f2f 42c9 7db8 3a60 062f 16fb 7b8b 5e14 670c 4566 4000
0e50 7b15 1bea 5435 7a5f 373d 7d6e 5bb0 470e 4ecb 2a9a 1705 2c41 6d2c 1e4c 47ae 0219 742b 7d64 3fff
538b 6d21 2136 5a1c 3ab4 0957 7c95 63d2 1585 1a21 0ff5 406e 5c91 2d8b 1610 79ed 5e50 6a66 1647 3fff
60e2 6abc 6688 48a8 5eb3 4217 6649 2846 3c6f 2a61 4812 276d 4ae5 7630 6454 7bd3 46b2 3cb8 2aaf 3fff
449d 5334 51ff 2993 63a6 4bf4 05c9 1137 4b6d 787c 40f3 4a08 1063 4df9 7910 7c39 3aad 2520 57ac 3fff
417a 3345 2bde 3cc3 463d 5da8 09cd 785e 6ba9 1d4c 3d27 0f05 315f 39c3 0294 7da2 74fa 3b4a 2e04 3fff
43eb 0636 29e4 15e9 5b99 4e03 1d58 5a84 06b8 4fc5 0d31 6208 3e4f 3428 1e2d 2edc 3584 150e 4664 4000
35cd 6644 5f08 298a 4df8 1e81 3386 1145 4024 5d17 2f9d 78a0 5fd1 7004 26b0 0936 33d4 7f9c 6986 4000
2e47 15ee 240b 70eb 31c6 0f55 60b0 2878 0467 76fb 591d 2984 5bb1 3993 3516 1034 2d6d 3f3d 420a 3fff
0474 01a5 015a 0b50 16ce 53ed 3e34 6da1 15d0 0972 342d 5a1b 5398 33bc 7b1c 0016 7b08 5ca4 0371 3fff
1dca 12ea 7329 0a0a 48b9 2b91 02c8 6189 35ba 5dcf 6cf2 0d16 69fe 78c6 7214 5b15 2e3e 08a6 1b23 4000
3b35 2824 25a1 45a8 4b30 1e38 014c 5d11 3f0a 3ed8 5c63 1e1f 2850 590e 3d89 5cac 1a71 25f4 277a 3fff
717d 67de 5c25 1f2b 6d2f 08d4 4eef 5bfc 17bc 4940 7e40 63cf 2743 78ba 6098 0696 35df 4c5e 332f 4000
17eb 3337 3ae5 0896 648d 2c8d 45de 5fa7 233b 01cb 7027 5ab0 3523 6608 2b3a 28c0 029f 243c 53f4 4000

62ca 63e6 609f 1a8c 4ddb 28f9 618d 4518 2de8 5641 26e7 5c0a 6577 138f 2fa6 2320 4af1 3ac6 07fa 3fff
2021 772e 7bda 115c 3d8d 65bc 3d3c 45b2 7c71 75bd 4768 4453 6dc5 101c 2e69 54ce 5ba9 1c6c 15e1 4000
6065 2b21 15cd 5140 42de 53aa 224a 0144 5d2b 668a 010c 2fcf 1194 673a 0127 01d8 6f33 4c1c 1526 3fff
4f43 339f 6f3e 1c06 6ace 4be7 4ebb 12e7 3159 41f8 22fb 09db 2209 77d3 4dd0 58ba 3fed 547e 4556 3fff
0c78 77e3 4d8c 0546 4a9b 676f 101f 7dcc 0843 2dbd 0d08 3003 4286 5dac 1767 3adb 7980 56a0 0b15 4000
4153 43ee 57e6 73d3 66c4 3606 40de 6091 4410 383a 649a 1c0e 066b 66d9 2426 1e34 3081 3061 2784 4000
63fb 57d8 3ba4 4cdb 672f 48e1 2ff1 54b1 5b76 0c52 3ce2 4dd8 2bd3 6f1e 6da9 4a67 75f6 43e0 6550 4000
4d91 4031 28a0 2490 32a4 479e 66dd 57f7 71c9 3e32 4b98 6862 7a00 31c1 55a5 71d0 10ef 40a9 7981 3fff
5207 5222 5b97 64af 6f1b 1372 1602 5f02 4582 56a5 50d9 2f3f 5c8c 147e 625a 05b0 178f 735e 2835 3fff
3890 6c17 3e9f 7484 01c5 344b 11de 7b1a 005c 6983 30a3 2a01 382d 324c 5561 2ee0 793f 71c5 0bdf 4000
136e 113a 3bfc 165f 6aba 3f5d 477d 5fe9 6b7a 20e3 358a 2e18 35db 5f99 1ec1 3f7e 5ae0 0101 6dd3 3fff
2663 0ef1 7783 70d4 0883 747c 49cf 6b02 68da 5699 07c6 7552 4cd9 6473 295e 20b0 0bcb 46ff 3528 4000
12fb 0e1d 1829 7500 010c 0a1d 4959 1232 7448 564a 0655 2bb3 50e2 7aa9 2b3d 0a48 6fcc 4561 316c 3fff
5400 6e7e 16f7 2ba7 5e1f 1b3f 74e2 67fe 3845 4af0 7e6e 39d8 44b4 6859 4b77 1a72 3b32 394f 653f 3fff
604d 25a4 56d3 7992 57f1 2508 5712 22d6 1b26 5133 3538 6ffd 12de 107f 37f0 29e6 1bda 1da4 605f 3fff
7c28 32c6 6d0c 75e2 04e3 3192 7884 34ec 16e5 0b2d 66b0 0ae3 5863 1f39 066f 0a19 1df6 0b94 00dd 3fff
5c3e 0a98 710a 4b84 04e9 31b0 6368 14f2 7326 0df4 2f24 39c3 0729 7424 0122 1e1b 33d1 50ec 697a 4000
0a25 7f36 7426 1952 0db8 11a3 7f82 7da9 71d3 653a 23bc 0e01 32f2 092f 4eea 5da5 2630 4374 2444 3fff
13c4 45ed 150d 0361 7636 1262 4117 0722 1748 0381 400b 0c63 5896 6e07 34a6 669a 6ed3 1aab 3032 3fff
062a 0a49 18a3 1441 301a 1457 1a51 4bc2 56bc 050e 30cf 64d8 02ed 26fd 3b76 3cb6 767c 0e80 760b 3fff
07b8 5fc9 46c3 022c 02d5 3d29 1c05 6d97 7ba2 42f4 572e 5372 702d 5c72 0ec5 6784 72d2 5388 17b4 3fff
124e 5330 5825 79fd 46e6 2410 2b1f 6624 7375 3d04 558a 06d5 7b6c 6f9a 03c3 2a7a 3c69 3dfe 52e8 3fff
276b 204b 4098 68f1 756c 470c 0aec 41af 3b82 7e2d 392d 3ae2 5a81 33d2 4a0b 1cfe 0533 08f2 0192 3fff
7029 5083 7c88 51af 28a2 5e9b 0475 3842 7aa1 6dc2 5a41 6856 6a52 609f 46a4 22e3 3260 1a52 078b 3fff
20a6 3940 050b 7877 5217 3264 447f 59ef 7d40 0da1 192f 59d8 78b7 5255 53a7 2eb5 366e 651e 2792 4000
4ae5 1a7a 338d 4a7d 61e7 6e0a 0fb9 78c5 0099 4592 23c6 68f6 0e12 1c96 547c 67d4 17c5 247c 38c7 3fff
4d55 3cf3 3513 3616 20ed 4986 11c2 766e 3346 143e 03e0 3e1f 1409 51d5 4f6a 12e7 24d0 7237 5128 3fff
3e1d 38b5 5cc7 6644 50c8 2676 32eb 0d4d 41fa 314f 4ab1 60be 77cc 0e64 01c1 5e88 7db8 5c4f 64c1 3fff
679e 5b0c 6a0c 2ffe 3a25 4465 6c0d 140d 6593 313d 7312 1098 0a25 6e93 591b 7fcd 7fcb 017f 6640 3fff
0bcf 3319 08f4 5c66 4df6 2528 302d 09f5 6e87 4ea0 2154 78c3 0dcd 4757 4f13 688e 5d95 4938 0d2d 3fff
0937 523f 0350 1c7f 58c8 5d94 2b86 7ecc 482a 68f9 6fe2 1a3a 6220 2e2b 6eb7 3f66 3114 1e63 2302 4000
2874 48b6 2a5b 310c 1dbd 0cb1 4995 64a6 0a5a 1928 5170 14e3 6d79 135e 7579 1623 6239 5adb 4168 3fff
4be7 50a9 3f89 6a32 114a 2126 33ec 524d 07d2 1f09 6bb9 1d88 339f 5cc9 6776 1a79 4984 2695 02bb 3fff
6e48 4807 6ec0 5e94 0fc9 0e84 1a8d 1750 073c 0fd3 1ae2 5e31 6bd6 65fb 2d4e 2075 5fd9 1833 0b0d 1773
2552 7abe 049f 6393 7e1d 1cb6 171c 5b1e 3f4e 45a4 5289 1d1a 5112 6b96 5bd8 284d 3641 0ab9 63f2 4000
45cd 536b 6af3 29df 120d 5e56 163d 2b60 6134 0cd9 0580 51d4 0e37 45e5 3bc2 2c44 72f2 11ed 2a96 4000
2fe2 4bc3 58fa 3a73 76d0 026a 3bb7 7694 57b3 258b 7a90 6d00 1aa3 08e1 31a7 4cca 60d2 533b 1067 3fff
12a5 1514 101e 7529 658d 5730 63e1 3d68 1d6d 6dac 4735 4b4b 3e85 3df0 50c8 1968 7784 707b 510b 4000
69b3 0779 1a81 7c2f 2273 18db 70bd 1111 04af 5733 7921 0f5f 4cf7 3cd1 74f4 7e9f 2eef 3c3c 59e8 3fff
09af 0749 20be 4207 3c61 4671 4ea5 6960 7fe6 5ff5 0e79 26ef 6c28 6a7a 0423 0b13 2761 4dd9 1d24 4000
1ce3 384b 239d 62bb 05f5 67f8 63b8 4e1e 6936 57ff 76b6 6a32 6815 245e 2a25 5a64 1629 368a 0b66 4000
32c0 0503 1042 03f1 5ec1 0f32 13c9 0067 74c1 64d8 67e8 61ce 3e2e 2712 36e5 73b1 331c 7bc0 26e0 4000
4aa3 588e 1f34 3a21 5c83 11c0 4469 328c 3157 43dc 72b1 6e4c 5ba2 0b78 61a3 75cd 6665 28e8 2ae8 3fff
19c0 39bb 4179 6147 5c81 2916 1842 06fa 4f9e 3a2e 3112 617f 38d9 5812 73cc 4c31 0057 0462 7994 3fff
6e93 3f90 0d4a 65db 4278 74e4 36d3 4606 7363 058b 29bc 1208 75d1 2223 0c78 0776 41ff 4b75 3142 3fff
2bfe 3824 5c91 3ac8 6069 0a13 3570 6b37 103b 21fb 6a1b 1368 7da0 536f 6be2 16f6 3bb0 5726 1fc8 5db3
3995 0762 31c8 2050 2480 41e3 7dfd 2e41 0f05 598a 4400 4b58 69b3 4c9a 7b0f 7c3e 4efe 6064 1f21 4000
6f49 16a4 4fb0 0770 3197 501b 5f70 7ff6 1c98 1a3a 042e 6134 5331 68bb 2089 2622 7956 6986 35d3 4000
5785 3e3b 7c38 59c5 533b 3721 1612 5daf 0744 5570 2923 6ac6 0e8d 4959 64eb 3e6f 7e79 03b7 798a 3fff
18b2 22bd 62d9 1599 1f9d 2703 7b82 5939 4680 406d 475e 025c 52bf 31cb 6ebb 4306 024a 476b 042d 4000
5b2e 439e 4883 064b 5bef 3c5a 7da1 0a99 6282 2f76 4ab4 3f9f 480c 6ede 0bd7 5f3d 2ac5 599d 28ce 3fff
4342 3819 5371 344f 55d2 79c5 4fa9 7957 39cc 05bc 19da 2553 6ec2 3760 2dbb 145a 4b62 2657 40dc 4000
6156 1998 798b 2330 2d45 7184 09a3 1037 7634 5989 6e49 3f61 5269 545e 1e9a 4dff 3727 573f 572b 4000
71c4 48e4 2e8c 1fb7 3caf 4c30 6295 1037 760e 55f9 7f42 48a1 1142 6c88 33de 6598 6934 6632 36b7 4000
3e4c 7301 7413 14fe 1ddb 22f8 4be8 3bfb 234b 6b15 5f8d 1bf1 1ee2 2777 5789 53bf 4709 64e9 62ec 4000
14bc 3337 11cd 7f9e 6b2e 1907 0368 0f20 62e0 525c 1f90 340c 5b37 435d 26a4 63ad 717c 3a7c 1c12 3fff
3963 014e 0ec3 055b 3c29 29b9 3d11 0296 59eb 54ab 00bf 5f77 687e 411a 5a34 386d 2c61 6450 75c8 4000
2907 4806 2c45 1e9f 4b2a 5fbf 2cf7 3cc5 1c3c 5434 7387 27de 3d0a 0f86 25f0 2807 4b85 4f3b 4520 4000

2dcf 4876 42c6 7aba 3ed5 08b6 7e9f 7e1c 0940 5fbb 5fba 6872 7d92 18f9 1f8b 0e6f 7b5e 3d20 3c37 3fff
21e7 2e97 3764 06a6 7eb0 2efe 0ed0 0f89 1578 5032 69ef 45b9 2c27 589f 490e 5f48 1d43 4888 119c 4000
14ac 3f75 7d28 07c4 22fb 1d4e 3888 5cd4 5781 5b73 5d4a 16bf 6f47 0e65 42f9 3c63 063b 00fa 626b 4000
4432 2164 4e7d 6476 1fa9 4261 2d79 60aa 11bb 4423 64ce 6dac 1dc9 7a3c 28d5 542e 20e1 5d6e 794b 4000
5ced 3478 509d 43e9 560e 7d2e 7212 4d8b 5ec3 0328 4435 18bb 1843 354c 7923 2dd2 4ffa 26b5 1079 4000
0b9f 4748 5c4a 1ea5 0229 1a8f 4d84 77b1 25fa 5132 641b 72ef 0973 2d20 1ce1 6981 65e2 2462 69af 3fff
3313 30f1 6094 5d01 246a 1d49 728f 7279 4e28 0954 26c0 43b6 15fb 35b0 50bb 79cd 150d 4bb0 01c5 3fff
7bab 690e 1581 6c73 1e7e 7ba7 641d 11a1 65a3 6d2d 4942 1527 012f 0e58 14e7 57d3 366d 6bf4 27c9 3fff
7506 0aa6 497b 4ecb 2393 0ff5 3ae5 1132 0e60 1e2f 461b 6368 2520 04da 02e8 623c 7a61 0f19 3dc6 4000
7579 76f6 02cb 1a65 4686 6de0 0dec 197b 5850 0e6e 7642 35b4 4e16 6cf1 581b 0381 75c9 62b1 0774 3fff
194b 1116 1ac6 34ab 45dc 4958 3835 0f43 30f6 6f97 6be9 6047 20d5 6aa6 2137 61d4 254a 621f 0465 4000
2942 1a8a 3002 70c5 127a 4371 4709 419c 5e3a 45ba 6971 423a 039a 4bb7 5bd4 39bf 52f0 70ed 5779 4000
15c9 05f6 6d0c 0e9d 5fce 1fc4 6e4b 1ccd 0133 60b9 2ad0 70ec 6175 6082 797b 5a74 3a6f 4757 2a1d 3fff
3dcc 2673 61e3 28e0 51f4 6c80 1dc0 5066 2bb9 4d9e 238c 0f7f 100b 4b93 74b1 7eaa 5a23 7dc6 6883 3fff
222b 7edb 5952 37ce 28b5 75bd 06a0 385c 1a2a 0932 49f8 7523 2696 079a 5a90 7121 5c57 5cc4 7b4f 3fff
5b34 2e2f 104d 09cb 7507 3b65 2648 1f93 72d3 0401 2748 0dff 0c9e 725d 36ab 0fbd 3bd4 5661 74f7 3fff
1c12 4e6f 5605 1ee2 1c57 0ff6 07ec 27d3 6c26 2cc9 0ac6 66a9 2349 43c4 4769 0d15 2802 65cc 74e8 3fff
49d4 2874 5741 3afa 0dab 12e6 50f1 19cd 7ae1 1641 195a 16e4 13c1 3bf2 58bb 7658 00ee 42f4 339f 3fff
014f 7f61 2d32 0e79 14e2 6247 1c5e 41bf 6f67 146c 0b4b 2fde 1d31 149a 043a 6f9e 7773 7015 0575 3fff
0bb9 5fcd 19ad 3379 341c 76ce 721a 5a54 77a9 1844 381c 1182 76fe 3b24 1c51 54c4 76bc 2293 6fce 3fff
3bbe 5170 0a91 533b 7f42 4657 2c8b 6eb8 1e47 0d09 4f55 1ba8 43ec 7867 4ed1 164d 00a0 7be4 34bc 3fff
3be5 21a1 223f 2ca9 4035 304c 687b 5f96 603d 7eda 0afd 5223 1ada 0666 23f2 50b7 66e7 6360 4846 3fff
7b3b 6f64 380b 79c6 473b 629d 5684 54c5 04bc 6002 6c3e 01ed 1e3e 3c5e 34ad 5e11 5d53 7df9 5d88 4000
40d0 771a 5920 4d6d 4928 3f9e 3200 7b5c 49ea 01c3 4ceb 70dd 6fcc 5724 3b9d 7c97 6635 7eae 1a83 3fff
7e12 3f81 6fff 6f08 306c 731e 351c 3abe 656e 0e8a 21e5 240e 4dd6 0d08 3667 20c2 1bc4 0a16 6cfd 3fff
53ff 364c 48f9 67da 3941 5b3c 4cff 7c4a 7305 09e9 0fe7 73cf 794b 7b67 61a8 6967 1803 51a4 6f57 3fff
702b 58a8 1a80 5257 7aca 7ebf 4bdc 19a2 30a0 5a60 55ff 345d 2cba 1cb5 5358 2add 01fd 6e5c 3702 4000
7e44 63a9 4416 7d17 46a3 7ecc 2e7b 4c88 08b9 5292 12b3 40a4 4418 3b80 0589 0eac 30b1 283a 235e 4000
2ef5 2a4b 762e 5b87 15a4 099a 4443 5193 1fd6 63af 3c1f 3ace 713f 08a1 52ef 3e3d 50c3 3867 0cf0 3fff
4ba7 2233 1b7c 08b8 3f9a 7377 79ed 736f 0944 2a08 51be 4725 7590 3871 2638 2f7e 6ba4 1ccc 453e 4000
4553 0968 5401 1579 462e 640d 78ac 30d7 1bd7 4e11 6eb6 6509 7458 614e 5dad 6c72 05e3 65d3 0061 3fff
5cb8 1007 24c3 1179 1e3e 6626 446d 3187 352a 2456 539e 2c09 6f74 4c8e 0987 2cbb 3a24 07e6 1f98 4000
32a9 104c 49ce 787a 10e0 0d02 52cd 2783 52e1 4b0e 2215 51b0 0748 3c9a 5a43 3720 3819 1f5d 3385 4000
33fa 1161 45cd 265e 6131 5af0 0cae 6694 693b 724d 3a08 03f8 3d5e 420c 2946 44b0 6811 46a8 6789 3fff
2578 10f3 3b8b 349a 2af3 1589 1e51 6fe0 486a 12fe 3988 423e 30a8 7f7e 63c1 0579 423b 54e5 08d5 3fff
4160 0b0f 5823 6e5d 7965 4068 35fd 429d 7263 2609 63b2 02af 1f7c 3243 021f 55c5 1911 1639 06f1 4000
3d4d 70db 5c07 7828 5524 653e 6df4 72ee 2725 7bfc 1346 1d58 0f97 25ea 55d7 198a 0e27 2f27 266a 4000
31e6 343b 663d 004d 1ba3 24d5 2772 3f6f 4a3d 2e25 56c6 79a0 12d0 026f 2730 7452 2c60 1aca 5948 3fff
041b 5f80 6b09 2fb1 2ac3 2639 46db 3add 42de 61c1 2b0c 2d50 2f02 7bc5 570b 571c 7210 36e3 74bd 4000
4cd5 55e3 6eb6 340c 7184 4dfb 0473 4e1a 62aa 066e 58bb 7927 087c 36ee 4f02 4e79 2089 5e5b 0b85 3fff
4e3c 3b3e 1af4 69c6 41be 72e5 5f01 0738 02ce 15e9 2c74 181b 5740 05e5 2999 5bca 7288 4cbf 557a 3fff
6284 7905 30f3 1bd9 1feb 19a2 5918 2d09 1e7f 1703 2bb7 3d37 7ef3 379c 65a6 360a 78cd 33af 5818 3fff
6ebc 19a1 1216 0f02 7f9d 5c67 0c95 6cb9 241f 5078 03d9 3315 7427 4186 3886 78e6 25b0 1787 4e0f 4000
7541 6d0b 1cf9 3f51 2ad3 1bbc 07d6 45cd 388b 3448 72d8 328c 7ed4 4c59 4be5 590a 16d9 7eae 204c 4000
6676 16f2 25c6 2109 1a3e 030c 5d14 5d96 090a 3354 5563 0cfb 2c21 30a7 009e 6d27 298c 1360 5a82 3fff
1408 7b9b 5185 0de6 46cd 689b 43f8 1659 078e 71ac 31f6 3f63 1b87 60c6 64f8 2f99 6553 3eed 5953 4000
4316 3406 5a09 22cb 55c9 1d13 70ff 744f 77e4 192f 6143 2af5 7b79 6f50 0947 4b5e 01f6 7afa 51e5 4000
6b60 05bb 3de5 3ea2 36be 29ff 100c 1124 6b8e 5a75 6ff4 0868 5015 223c 48eb 6554 1bc5 4fd3 06cf 4000
271a 22f5 421c 10b7 0bfc 763d 24e0 0f65 222b 43a2 5bea 3e07 5988 5f40 6279 2051 6a1a 1633 78ff 4000
3f90 6088 41dd 6a74 0032 4431 19c9 6317 3e98 3b65 19fe 3a54 52b9 047a 3303 0401 6f72 0d92 7aeb 4000
3cd7 2f4e 1715 1056 3cc0 1574 3e27 5799 611c 5149 7ee2 1fbd 4662 47ba 6a68 42cc 0263 1224 28d6 4000
0cac 0f69 060e 7d1a 5651 5da0 3d73 05be 12a5 5f42 6fe0 6dfd 1bbf 7dd4 219b 229d 7e7f 3cc1 0081 3fff
53f7 1b93 2c54 2f16 311c 5a82 4607 12d7 3455 43a0 2047 564c 217f 5fb7 619d 384d 7100 470c 00ef 4000
1fad 4b00 066c 741a 002e 7d2e 62c1 4eb6 4e63 721e 32a5 776d 47cc 1350 1596 21bb 23df 3041 26e7 4000
27c5 2f92 5a2d 7d45 29aa 1887 6975 113a 7049 35ac 7eb6 5b66 2ff0 681e 7e0e 53e3 11c8 522a 21c9 3fff
0542 5eb3 5e25 124b 11d9 19c0 61db 41d1 394f 5ccb 2bfc 3cbd 0553 277e 049a 351b 57db 7a51 776c 4000
7d03 5183 79d9 217d 5100 18af 6762 611f 3a92 7f9b 5403 089e 667a 44cf 02a7 1ceb 0fa2 0a99 1099 3fff
5271 6288 0fd8 2ed6 3af3 5250 7fc7 0f28 3dd8 1fa4 69af 6dc5 2241 3370 73f8 3f86 763d 0bcc 3d1c 3fff

35ee 2e55 603a 1a8d 65f7 0280 2320 01c2 58c8 24f7 24ea 12b7 52c1 2748 6a54 2b04 1317 50b7 6cc6 3fff
24e3 7a93 18d3 75ce 306c 7244 2dbb 50ce 4c77 4678 7b3b 260e 509b 6aa8 6ac1 733f 5b61 5544 55c5 3fff
363c 3ac4 6aa4 49bd 0f3c 46a7 235d 55bc 3418 43d0 131c 62ee 77d8 4131 2bae 083f 7e03 74d9 5a33 4000
65de 54f5 3fde 6a13 7cf6 1f40 021c 4804 7825 2815 01c5 2178 237a 2d70 27ca 22aa 5df3 7f7c 29e9 3fff
10a2 7e8c 51fb 1216 4f0d 74ee 4b35 032f 02d4 2532 7c62 0ce8 361c 50b2 38c3 6ad5 0793 39e8 7387 3fff
18a5 17ed 732e 54f8 2e52 5075 3a34 6251 5371 4a99 7334 123f 5479 5c9c 409e 30fe 0bf9 7911 354f 3fff
7de3 3346 7109 2990 5f39 5f6b 24bd 73ed 02d6 5fb4 4ed6 5cd4 0f8c 303c 7b01 6c34 6f6d 0aff 19d6 4000
54f0 6608 284f 31d1 7b1a 368f 7bdd 71a6 1a81 2dc4 2d34 7042 64ba 453b 6ada 2b28 5f60 1bf4 39b1 4000
0e1f 7ddc 3666 0463 1e88 4243 36ab 419c 3a52 6a4d 5b45 069f 09c6 385d 5703 58c2 51c8 48a9 0f3f 3fff
167f 4be0 2f47 6200 1e9b 4acc 44b8 1cdd 4ab3 4922 50f1 46bb 64d0 2bbf 40c7 4a6b 189f 1a59 1cba 3fff
06ef 42f3 27a7 7ec5 5fa2 3b05 1bfd 040d 1b23 12ad 78b7 5b13 457d 5634 64cb 7698 3d40 70b5 7f36 4000
6b90 0114 46f1 2c4b 144b 69f2 09b0 0b8a 0599 474d 5352 7a4b 40bf 7858 389d 5e2e 2cf1 707b 49a0 4000
0af2 00ea 44eb 43a6 5d3d 12da 174e 71ee 3453 6d6f 08d3 3b13 72a3 3118 4814 7484 362c 5445 539a 4000
4e90 6932 3779 712c 6441 45b8 6df2 1f1a 75e5 7350 7a44 4bdd 4963 31e3 315a 426d 7ac9 2d10 6acb 4000
5fcb 7920 43a2 718c 7a6f 3980 5416 358d 6d10 2e00 18fd 44c7 23bc 2775 6b28 39bf 4380 2288 3538 4000
1b7a 1e5c 49f9 7ab1 22f5 0862 6979 29c0 071d 4945 1abd 5dc7 34c3 7f11 02ad 4577 0471 5ba7 011e 3fff
7284 3f51 51e0 020b 65f8 2ff5 4f4e 5b41 786a 74da 4863 1f0c 0b0a 3880 7de9 18bb 5764 0c71 5dc3 4000
3b8b 051b 1c08 04d9 055a 5f2a 343c 1b9e 185c 7706 4668 64da 4af2 0ca8 5caf 48b6 6c94 3221 157a 4000
079e 7470 687e 027b 36a9 05e4 7cd4 5013 2b35 6101 7ce0 2cdc 33a9 6c99 7fc4 6a12 091c 68a3 195d 4000
203e 5fe7 4708 7391 30df 0199 7975 4a61 197d 104c 3234 4238 0297 2446 1f9d 40f8 04ba 1b41 4c8f 3fff
241e 00f1 1289 736f 7302 68a8 3ba5 7e01 5469 2df9 1300 4868 7bea 0e33 0006 0da4 137f 31f9 4a2a 4000
1233 7118 0efb 15df 67cf 6baa 1de0 63a1 70bd 00d6 5d81 1dcd 3f46 1d8d 295f 651d 5703 3a56 7a02 3fff
1beb 718a 60c8 71e4 6cf3 7482 7afc 2bcf 2118 78d3 3387 1983 051f 5ce4 0e41 32ed 45f4 6e1c 047c 4000
5ed4 5068 20f6 35cc 08fa 59fd 7e20 3a50 071e 499e 00a6 72b7 2267 4fa6 2a3f 33c0 06da 3142 5298 3fff
07e5 492d 5c6f 0df6 4fef 4129 190c 6022 20f7 1a3a 17f1 5299 07e6 1658 005f 7dcf 2386 4875 17d1 4000
7207 3c4e 4ed4 15d7 537c 7170 5710 58e4 1721 1a7b 51e7 2d1b 2328 780c 2f92 6b9d 36cc 5e36 603d 4000
7386 515e 0e4f 3d36 1111 5e5c 5176 2db3 063c 52f6 0254 45b7 0fd6 13f7 6c41 7349 6353 2da4 5a74 3fff
1f9e 3f9f 0239 364f 456d 7c33 416c 3181 64dc 4cd0 0ae2 65f4 7b50 051a 5525 5201 2bce 325c 1ec4 3fff
54f4 6983 5b19 3525 0db3 716d 0180 5240 74bc 52c8 765c 2d85 62bd 2641 187c 110e 69de 68d5 4558 3fff
0a92 551b 3b0a 3399 79bc 1941 4346 7b46 3459 3a8c 6b41 5a6a 6447 4d65 7956 2c49 0114 5869 410e 4000
776a 3d03 762d 3665 7c97 17f6 5f52 1194 5e63 78b1 7afb 28b1 5562 2c1e 3815 3c4a 50f1 70a3 0a0e 4000
3ab5 4bbe 620d 4f7f 316b 4d33 4714 50f0 07b1 77ec 73c7 28cd 61a2 43e4 3e04 1378 0b3e 1bf6 36c8 4000
7d34 06d4 6d1a 59e1 3380 1ee0 4e79 5c31 41ff 7eb6 574d 13a3 2e59 137d 4a3b 3e53 5087 39d8 1e26 4000
6035 7c91 5197 78bd 3b20 1fb8 7d5b 7d80 4def 2ee6 64da 5cc9 61e1 2dd4 3bec 12a2 7d3d 361f 5759 3fff
39ec 0245 794b 360b 4861 494f 1de6 153e 65fb 3581 6ba6 4340 4238 37af 40c4 0508 7a22 71da 1990 3fff
36ab 305d 3e04 57db 7dad 39e0 4262 2149 3759 4853 03ef 2f41 632e 35be 6059 113f 775c 3ecf 69e6 3fff
2b42 70d2 29bd 00ee 6740 6d20 36f5 326a 6abe 7775 32b4 333b 73a7 31bb 5704 1b7b 32a5 557f 6ddb 3fff
0a1b 38b6 3f6b 6ff3 6910 5f20 56a1 123a 55cb 6035 4851 6984 6b4b 1132 33b8 4da2 67a0 488e 1264 4000
6fc4 4be5 1f98 28ca 76f5 31c5 69fb 76f2 6f47 0e78 38c2 4a17 6e53 32d5 2316 6d14 3cd1 7594 0a70 4000
59c2 159d 4b80 19d4 17c4 62d8 5eca 51c7 3aa2 3da4 016d 3092 1393 20eb 706d 23ef 65e6 6990 18aa 4000
1953 2531 2787 16b3 2858 672f 3ace 2e3d 0bf3 7d57 145a 2e66 4500 7f7b 210c 7878 6b0c 16ae 0c42 4000
69b0 2a92 2ae5 3b77 6a1b 1493 1878 73cb 5d58 2864 1b02 7cbe 0e50 66dd 008c 790b 08bf 2158 689e 3fff
6a34 12b9 451e 437b 262c 6780 7f3f 00fc 4aa9 08fc 4247 77e8 5da2 5a63 75e0 5e84 30be 6bf5 1550 3fff
703a 270b 6913 534c 578d 15ed 3d1f 44ea 3979 2e9c 25e6 2dcc 178f 5a0f 3f52 6c5d 110e 5992 3111 4000
0bfc 1860 5fcf 5578 31a9 4d87 64ea 0070 1565 6c50 1dc5 3875 6d25 1599 38c8 4c72 6454 7a2c 64da 4000
6282 7afd 233f 580b 62d1 444b 5cc5 4b28 5940 5453 23a0 02ad 7eb7 7dae 2c89 1057 512d 28b7 387f 4000
358a 3425 286a 3109 75b3 0f72 1fe1 0fb3 1707 149f 2f5e 43d7 721c 57e5 3669 7e6a 183d 2969 09a6 3fff
2583 6490 00fc 520c 63b1 36de 761a 6ca6 6686 051e 10f5 15cc 6e28 75b6 0793 05a8 2bc4 6227 7ad2 3fff
400a 1518 731f 5303 7ef8 5f71 01c6 5035 6ce1 350b 1696 746d 0f52 4310 0093 43c4 65a9 7ab7 705d 4000
1cf5 077a 20c9 1678 594e 1900 17a5 3527 11d2 2330 4f47 42c9 32db 4d9a 6ac1 1091 6f7d 7bc2 6938 3fff
4ff2 3481 79ea 705a 0643 54e9 484c 3f67 5976 2dfe 4965 7d2d 1378 389e 46b8 1e82 07d3 3be0 38d0 4000
1c63 1c94 4be4 50e5 3f1c 3445 3b9c 553f 52d7 2d5c 77c1 0a92 16be 38d1 56c3 4e66 5765 30a5 7669 4000
1966 4937 5f65 1d39 4bca 5bc5 2fd8 5b41 2948 6685 2bdd 381b 23c1 3e41 68ca 41ff 156c 3aa7 1930 4000
137f 7ab6 0e4d 20b6 7af5 6796 000f 4b49 10b7 6614 434f 74b5 7024 4fd5 06aa 2a5b 1f16 4710 3e8b 4000
7ff6 2bf9 324e 5355 24e3 39bc 7e7d 1b0c 2f54 7c01 2b58 7d78 2c16 6615 4c1c 21b5 6016 3e4d 1e86 4000
0cd0 645c 22f7 3c61 34d7 36be 6757 6b96 6c31 7284 2fb8 09ae 1419 09f2 5cad 2fac 6132 1505 6822 4000
742c 2f2d 53b2 1676 4e83 3a2f 6754 0b99 7948 18a0 6273 238c 3b2b 1ad6 211e 7467 582f 2018 3ecb 4000
3d15 5e37 6ffe 4b4f 5e49 79b3 0da5 1696 04c0 6a51 5303 115a 29d2 0443 74a9 77c9 2c15 2206 4335 4000

63e6 7591 3f8f 6ec4 12b7 5815 4d37 64f7 50f8 262d 7ca3 70e8 0288 4f46 2c2b 4375 12ca 3246 0f07 4000
4890 0ffd 7aed 65e4 5705 7166 34ef 7345 367f 57c7 6457 6c98 44da 2e79 11ba 48a6 1add 0f0a 6390 4000
124d 1b9a 6580 740e 76fc 01fc 1eed 0dba 5342 531d 5b9c 38d9 6e12 6345 23fb 465b 3011 080a 0796 4000
4380 5647 4585 4d82 645f 06a3 7ebb 54a5 7ac2 3770 1c9b 2603 3114 4f0d 10d0 4a37 053c 6868 43a8 4000
2a9c 6df2 0697 711f 3891 5440 2931 3b11 657b 7feb 7806 022d 005d 60e9 70b5 1448 2662 5381 6a15 3fff
60e1 1833 6874 5283 6946 6c3d 0e2a 42c3 6a9e 7d71 4a4f 2c64 7616 7c97 278e 1156 095f 4dd0 6b7a 4000
4bae 2454 3319 3897 1378 5c15 5c51 2ec0 5b85 262f 505a 5250 2f2f 5959 53f7 5eea 44eb 0e43 1095 4000
6dfb 4456 5f71 73e5 5ee6 3b99 3f8a 4f82 63af 64cf 081f 422d 23d2 3e5e 7a11 661b 11ce 66c9 3ea9 4000
7aa1 5f14 46f2 0853 7cee 0596 6707 01ea 316c 026b 7622 748a 7ddd 4495 17b9 2377 7bfa 0bf3 1264 3fff
7b7d 6119 685f 6012 6f44 626c 4910 04e4 5798 78eb 130c 1b3b 44b1 0d66 2bad 1fd6 3145 4cab 114d 4000
03d8 4b0a 077b 7b63 4d49 41ac 1900 0be2 052d 4e5c 08f6 5e4c 5439 08bd 6f9b 4a67 616f 23d2 1ce6 4000
149a 31b3 0bb0 27fc 7692 257d 74dd 36e9 1365 4460 78d8 3ca4 3336 4cfc 2c6e 7f53 643d 19ea 7c42 3fff
512f 5dec 42d2 4720 4103 2cba 6f54 4c06 15e5 6936 416c 1542 6c09 651b 2abd 675a 659f 3d09 0d95 3fff
134f 17cf 706d 629c 49f8 72a3 2245 2f1b 36ec 2126 19f1 366f 4d96 610b 66e8 5333 329f 4179 52e7 3fff
36e7 3531 350c 00d0 010e 1b2b 7fe7 14c1 6ee7 05d1 6254 74d9 4d22 31d4 6d5c 0abe 530d 56f7 1fab 4000
1e28 51fd 15dd 1a8c 133b 76c5 218c 4cac 1ef4 5f80 084e 0553 68ec 6a38 048a 7c17 017a 3391 6831 4000
5d30 1722 7754 1a53 35f7 36b5 3d71 0100 1ceb 26ab 5e5e 36e3 1edc 460d 1531 0ff5 62f6 57af 2adc 4000
60bf 15ff 1ddd 2d5b 7b27 05c0 0c1b 0fac 40ae 0bb1 3c29 06ea 565f 5900 57f0 4398 6cd3 19fe 0dbf 4000
422b 0cea 084f 3eb4 3a38 3011 3fd7 25a7 25a5 5513 5299 0083 3de9 08fe 553d 39c4 14f2 02aa 2e7e 3fff
6dae 4be4 6e52 70a3 22ae 09c9 15d7 5e06 237a 75d7 3cac 2a47 2070 2107 2bfe 010d 0e63 0f28 5ca4 4000
22fc 52e0 6c7a 2533 2cd2 1b53 08e2 1486 1f09 77dd 7126 5191 2ec2 4a84 03b4 3bca 251e 5762 612d 3fff
589e 51f8 57d1 269f 3e4e 0c65 654e 492b 126a 4d87 2d1e 5bce 15c8 612d 3d71 0dd5 4d19 259a 1728 3fff
2dde 4a3e 3c00 33e5 3471 712a 64e6 2791 0928 2fcf 03b2 20f9 25b6 069d 4db1 189e 3811 6191 43ac 3fff
4a19 5e87 6800 352b 628c 5a5f 6638 0f33 22e2 3714 7a3a 573f 74a0 3e0f 05ca 4af5 3dc3 1583 4a43 4000
18e9 50ce 2151 5a9f 6fe1 1824 4481 13d5 58e1 4698 7155 2605 6b99 55a8 340c 4355 19cb 5b69 48fa 3fff
2f37 5ea3 3ff5 0874 583a 7e62 327f 61f1 2492 4baa 059f 36e4 1a13 3aaa 705e 1a1b 59ab 032e 5517 3fff
3a86 405b 3e4e 53e3 3a36 125d 17f3 5c38 0304 04dd 2930 5f4b 0d3d 168e 578c 69d4 4cbb 1a9e 5116 4000
238f 16ea 5089 2941 7ae7 3703 070a 3c07 49fa 3d83 3376 5603 5803 4662 2b95 4a32 30eb 01b4 1cd2 3fff
33b7 4963 0e07 6215 151b 71c4 6e5f 1d4e 5cd3 5677 2e72 4f5a 00df 3ad2 68ef 3f62 50c4 7df9 3657 4000
1f68 3932 645a 731c 0f8c 79b5 4115 0eb2 23ab 1f15 1684 63c6 30bb 3b92 609f 0c70 74c4 497f 7564 3fff
04ac 6b58 7fe3 04fd 6979 3b44 6569 7121 6936 5457 41fc 1503 1b01 72ef 4085 5656 744b 0280 048b 4000
0a2c 0a63 1a24 4c26 1b26 69aa 267d 2417 35fa 42b6 3bb9 0d08 5314 3504 0398 723a 33b2 31b7 26a5 3fff
4535 31cd 75a1 2938 7273 550b 44ec 0b28 29f6 34b5 6e1c 0ef2 3b23 6e47 4f18 2532 53cb 4c5b 636e 4000
3f79 0aca 4173 5ebf 224a 0452 37f3 3929 0074 1f58 50d8 7357 1ecd 0ca4 596d 4e45 0937 75f2 1fd0 4000
30b4 46f6 1737 72dc 51b2 564c 1b41 5b9b 0191 1129 5472 2fd9 73fe 4204 3144 4d21 6dc1 3ea3 1e2c 3fff
7c8d 2366 7614 2a25 5f9f 58f2 47d9 380b 05ce 3710 7289 20a1 391a 7b48 24ae 1bec 0f77 023a 01c7 4000
2fb6 2760 68ce 2548 69c2 07bf 3882 5d6d 70c7 0ef3 3743 3831 0937 6604 710b 1d9d 518c 45ac 0919 3fff
2b61 65da 77fa 6682 3ff1 3f4d 5f84 6ce4 7f1c 035a 437d 249d 290a 4e10 6861 0358 4d72 40fe 597b 4000
4bc9 4cae 0f05 066a 7bff 3503 5c2f 5eef 2be1 3bd8 4892 6cd0 592e 59a3 7666 3d7f 0689 47ce 5276 4000
6abd 7ace 0f5e 436c 0709 18bd 214c 63d4 145e 09df 0a7a 2fd1 5ece 0d95 1816 0d44 4aec 2b9d 72fa 3fff
1112 7c5a 1e51 185a 53ab 0334 6953 5df8 3486 1be8 7f0d 42f0 788b 6bb3 2583 48fd 3708 52b8 47ba 4000
5f32 5a16 1583 2989 7af7 0ace 2552 055b 764d 07a6 234b 3fc2 187c 65c0 269c 5719 1ea5 64c2 6fcc 3fff
1fda 41f8 47cc 5091 01fc 0cb4 4e72 0645 05d4 6858 0d09 4eab 1630 5a0e 4663 4722 705b 198a 389c 3fff
32eb 49f1 7706 51d5 362f 0b4d 68c2 28b2 7887 7d12 1686 1c11 386d 214e 3262 42e9 02bc 3cc3 63c0 4000
7fb5 4b1d 208f 781a 05fc 3d7d 5cdd 04dc 7b02 0bf6 153a 758f 5e08 4e98 20ee 6fc3 1805 275e 5940 3fff
6b12 475c 715a 7270 54e2 7162 2d37 4b1d 254f 145e 7da8 6ad1 3329 3356 568c 6bd6 6d7d 0e5d 7be9 4000
4992 15d2 57f9 05a5 089b 5d89 0f17 3ec7 2cec 7bdc 23b7 0322 1e15 0315 6f47 386f 6de3 1b5a 2cfa 3fff
6e14 7604 7126 2920 289b 6bb3 2847 1997 3b2d 0d6d 3958 47b4 3092 0697 5a86 0567 7927 6c75 04ee 3fff
52ca 21c1 7902 71b8 1038 2e78 14de 5e49 0b93 386f 6977 3d82 4243 00fb 6187 269e 5d86 10c9 6121 4000
0f76 4390 2e3f 08dd 5b4a 1026 408a 7a27 747d 2fbc 099c 5d3a 00d7 6a1d 5cc5 156d 2778 7673 6a4f 4000
24d9 0609 61b5 1257 0f1c 4e68 5e26 227d 25da 2d24 6db2 3b2f 7762 2197 4042 79b3 1ca6 3493 5f54 3fff
7c53 40aa 099d 6d50 1944 2bde 2c28 7c75 0110 4d99 1251 4db9 64ce 1c56 1c59 5b54 5853 4eb3 3c7b 4000
3310 5808 5823 7ea0 783c 178d 4b23 34d5 72e6 596c 029d 46b2 270c 093e 0050 0fbd 5422 16b2 1aef 4000
0f0d 4979 2538 4d01 6445 32df 4121 7c01 0728 339b 16f8 0292 1c47 4710 011d 5cdb 08c9 35b4 1fcf 3fff
6012 09bb 54b2 0a17 1302 07f8 05dc 7aaa 2461 643d 6c4a 40e4 1055 0f18 1510 1e67 2a0a 6b1e 275d 3fff
23d3 2f32 512e 19d2 6640 39fc 0036 59b5 26d2 3e8e 77d9 77e6 3a6e 631d 2611 0bcd 7dca 1dc2 5e5c 3fff
308c 4946 32ab 3a15 33fb 30d6 7281 6f1b 0602 3932 0502 37a0 1fe4 6fe5 4735 4b94 0afe 25f0 442a 3fff
19cc 3a8d 6cc3 1d94 5937 3c73 55b6 2f7c 2feb 2946 1f84 3ce2 7d1e 6ea0 2781 7a44 3c4d 675f 2c46 3fff

5a90 1a79 7dc1 3cf9 22ab 24ec 632f 7374 4fa0 44cb 0120 687b 093d 25b0 7e65 5884 2a04 707e 091c 3fff
21d6 11ea 2a9c 4991 7eb8 4a37 79e6 49b6 25ee 1dab 508f 6475 4a59 4136 4ff0 1a44 0569 30ca 20d1 3fff
2871 4771 3ac1 34da 5487 72a4 590a 36d9 76a5 694b 722a 22a7 45af 252a 2780 1296 5448 4a00 29c0 4000
6177 531e 26c3 182a 1c02 6077 1293 44c7 7086 3e38 1d46 580c 4065 7746 1986 7eeb 7809 1798 20c3 4000
0864 2acf 3c36 0dda 68ad 11b0 05bf 7756 47bc 2744 7429 0864 5755 1493 22ba 1e64 3fb0 2417 530a 4000
621d 3b0d 1651 0027 3880 1d6d 7f63 0970 3f8b 3339 6e44 5430 4af9 1812 1dbd 1f38 6aaf 0749 1c48 4000
2ff8 40ff 7a51 3ae8 40d8 0743 39e2 7e8e 0ea2 6b83 5380 4611 5739 1e04 4926 23db 1de1 3463 013b 3fff
3c62 75da 6089 6541 1b4a 6909 56e0 1c40 273e 4376 3d17 6e3f 0362 07a5 4699 3259 66c8 4555 7f47 4000
5343 3ec7 330a 5002 5de5 62b3 6b0e 14b4 4682 71d8 619e 7839 1807 2e15 22cd 4afb 7e62 666d 57fe 4000
4900 5456 5172 498d 3001 0508 2330 1048 2c06 4522 19a8 41cb 3d77 724b 0ca3 1f06 1fd4 6fcb 79ef 3fff
5be1 21a9 7c0e 6cb0 2e95 37df 7864 2662 4262 2bdd 7f2e 6244 5e31 1017 0baa 076f 0e70 5a20 623c 3fff
4999 259c 37e6 5f25 1d2a 27db 7733 07ba 1cdc 25e2 1392 7181 2bf2 4842 404f 49f3 2902 1881 0f28 4000
4d02 3eae 33f8 7ce0 319d 585e 7921 5aaa 24cc 09a5 2cb4 6082 394b 6cc2 289b 5537 5e86 3760 6b30 3fff
24f8 0e55 5e45 2cd7 4608 0ed5 6074 3037 04f0 1289 0041 22e9 7050 081c 6af6 4a6b 1c93 356b 3299 3fff
21bf 50b7 1bb0 07d4 5016 77d1 6408 7106 4747 5c14 437b 625f 187d 7a6c 7edf 5671 5b25 05f2 4ced 3fff
67ab 5f49 6107 6526 636b 1eb0 52b5 7ec7 2b2a 7ef2 44fb 7ecb 5817 2867 5e8f 4a53 1dd2 7297 1199 3fff
0f6a 133a 2c3e 748c 1406 75a5 58cc 73bf 3a2f 58f9 7cbf 5c08 2001 67e4 281a 4ad4 5322 1a61 5b60 3fff
3ea9 2418 1f4c 5102 2765 4210 7c80 6f68 3e31 6ca8 1ba8 55b1 48e0 268e 19eb 2791 735a 7c1f 0ddd 3fff
1438 0ebd 097f 1eb5 7ff9 03a9 020d 2b00 36f3 609e 5bfe 2970 7b98 7125 0860 2fc8 664c 25b2 61a0 3fff
150c 0839 6981 3bf5 3bef 2343 1953 7b36 7131 4a57 211b 05af 274c 6467 2b19 1361 4581 19ee 669d 3fff
4956 1008 714c 5a46 2fec 6154 5968 2442 452a 55b7 5ddf 77fe 30c2 292a 4991 1963 3a62 0de4 1068 3fff
616e 7a84 5523 375f 5157 5702 3258 04ad 6420 5a6e 626e 3454 4ac0 0c4b 7104 193f 294e 680f 0b06 4000
05f5 03e7 1946 7c9e 6c7b 4985 273c 4210 26dd 064b 746c 6142 14ed 6195 13f6 2d33 6a7c 620f 3739 3fff
6b13 5bbd 0aac 6987 346e 2bd9 59ab 62c3 58e0 172b 5a56 1678 6aa6 5775 3df1 3a45 5747 2819 126e 4000
2b3b 6e00 3337 697e 15bc 5306 57b7 528b 4625 6f01 100e 2e3a 6bcf 3410 4ee0 1acb 1bbb 6f32 788d 3fff
59e1 6e87 76c8 35c1 7b7c 16f6 41c6 23cb 4af4 17bd 385e 7369 0bab 1cc7 4fb5 0a57 4c7e 2308 07d1 4000
4cd0 6cad 3f3c 0b11 2eec 3285 0971 5cf5 1723 2594 0030 7215 30eb 11e0 4f8c 3b9f 0cb2 4727 217f 4000
7b30 1723 4969 2d13 1b64 50f9 419c 7644 5ed5 216b 2881 789b 5097 0e75 0691 29d2 0bc4 77c2 505f 4000
49b1 4d8b 0f1c 129e 584f 450b 0fd2 50b0 272c 05aa 1ba7 6557 37b2 4b96 6cf7 0020 5c22 3861 67b6 3fff
72af 57d9 0d29 5455 000d 449c 7d5f 14de 6d1f 4bcc 1895 4c26 2006 1467 40db 6fd6 23eb 5ed2 6d0a 3fff
05e9 0f9b 448c 1af9 568a 1f63 3a22 1719 3fdb 3765 15f4 3d8a 3054 4b9b 09f0 3d0a 4f57 57ce 31aa 3fff
39b1 416a 42dc 7fd5 13a8 3fc7 5ac7 7969 69ec 216f 4e53 1013 3a29 6ec7 30fd 0466 2d0c 7c06 3c89 3fff
20c4 5118 00b9 142f 14a5 2f84 1dbf 0b0d 191d 0a9d 522d 2017 46d6 4fd9 7c45 22eb 39fc 76ac 387f 3fff
479a 4b97 75a8 3dbc 5b6f 5d9f 38e5 3ef5 21f9 1494 4fb8 0695 17ca 284e 5cde 5621 2d5e 0341 0366 3fff
2981 6f61 563d 0276 416b 2116 0773 123d 52b0 46e4 58a0 7773 1049 63b0 2a26 0b27 4d78 1c34 657d 4000
492e 12da 7e6e 77fe 5bc3 35e5 57f7 1eb2 6d0c 4d59 1986 16a5 1c08 6048 7596 6b86 1b47 1ead 4164 3fff
72bd 5e66 6cd7 1f8f 55d7 78ac 6d9b 23de 7a6e 589f 2ab4 0d1c 4197 21cf 3882 66eb 6c3f 151b 7470 4000
5990 5b03 0d1f 0f15 3244 0dce 1b3f 1c05 4f7b 5481 2401 6a5f 6dc2 00f5 760a 414c 7489 643e 3b65 4000
1e5d 5a2d 0301 7a33 0d87 0aa0 176d 6908 2a88 41be 0ecb 0e02 5367 6e67 741a 618a 2e93 1f2f 21e3 4000
5301 0cd0 22b4 21b8 45d9 0835 62c1 74b8 3cc8 17bb 7c52 5372 120f 02d5 651c 7182 318d 6238 1a03 4000
0056 6c10 0011 3430 545c 1d16 43e0 5650 2159 08ac 52e6 74cc 5e19 19c0 6b07 31ef 0b1b 0583 12e4 4000
39fe 3a45 376e 2beb 7327 09bd 331d 3336 1080 2b25 7186 27a3 4371 654b 2516 15d0 2ba0 0ed9 78eb 3fff
51a1 4f70 1b99 42bc 393e 1c96 7e55 001b 7549 7aaf 1c65 78e4 2a2d 4ece 1432 4743 48a5 660e 197d 4000
7569 3235 7314 14da 5e1b 761f 0f2f 5c4a 18cb 1668 0593 5fbc 341c 0ab6 22c2 70b6 6ee1 44fb 4003 4000
2268 6ca1 5bb9 70ed 6d7d 7ec1 1164 3044 2894 6c8f 7db9 27f7 13ed 2446 35c6 7bf2 5704 2721 7adc 4000
752f 6d97 3e5d 344c 7ef5 6150 43a2 0451 7a04 029d 63d4 0358 06fa 5038 6e72 2a1a 4514 16b9 61c6 4000
6f0f 5c87 0355 4d35 1f0e 0a85 03a9 6cef 7f86 11cd 5149 5f96 3906 7e69 52a0 66d8 576e 5922 73b6 4000
3dfc 2230 4cf5 04f2 227a 66cf 2873 12ad 7984 1e4f 6d4e 2634 4571 3d17 4858 227a 6de4 224a 671f 3fff
2362 007d 71a6 4d3b 3ed7 1042 382f 2156 4a4a 0a1b 5bf2 34f7 62d3 4000 375f 71f2 1585 7820 3f5c 4000
59af 01e3 38c8 5f2e 5700 6341 7884 3912 6f41 55ed 1e7d 79aa 3309 74b7 674f 290b 5e1f 4fb3 1f54 4000
60c4 7b4c 5e27 1389 38c7 691a 508a 10e0 2c64 6c14 0206 18d3 7e2d 6783 6a2f 332e 1820 7722 226c 4000
67d5 17a2 1534 28b5 330b 49e4 414b 2142 07e7 1cef 438a 7f91 1d97 0009 1d2f 49cf 0f58 5298 2c43 3fff
55ea 4ca6 3484 3c2a 70bc 2663 19e9 7b65 1ac7 4209 2869 4886 4c59 592f 41f9 3bc1 13a2 1675 26ed 4000
1857 562f 77d2 4d41 559d 065c 51bd 793f 42ba 15e1 07cb 60c5 55d8 5917 1778 11e3 69c7 3bf3 7197 3fff
0f39 1cac 7759 43f1 1305 034d 5fa6 0aa5 114f 028c 5bc6 44f1 3c94 2911 6619 3113 75d1 6d1d 1159 4000
22da 048d 49b8 1a58 058e 127d 300b 20b5 022d 6643 41b3 0a4c 5307 44ec 1786 592e 1f94 4cd6 3663 4000
0a01 0e2c 5074 2d6d 3616 68b6 2485 104d 13ca 027f 2004 2f46 3112 35c0 7e56 0d64 0e94 38e5 10ed 3fff
5237 4591 2e2c 1964 4dc1 50ab 6b33 1fdf 04e2 4969 7a9c 28aa 0691 016d 70e9 48a1 727e 769c 0c5c 3fff

33b5 69f2 20a7 3218 47e8 4335 20cc 656a 77d4 4c2f 14e7 7242 4cef 6e7c 013b 57b3 63d0 32ae 3ec6 4000
0803 2f94 0227 6e40 7724 0f65 19e3 20e3 53fc 497d 34a0 5f88 3f49 3f8b 57cc 06c6 5599 0dbb 630c 4000
3608 01fb 5926 4975 0e9a 07ec 248b 2a8a 484d 5a27 6477 7ac8 65c4 609b 0774 5641 7930 65bf 6e1f 4000
61ce 2c07 55fd 1902 77c0 5514 0b5d 2bb7 3332 5e7d 7c6e 0095 1deb 7722 529d 66d3 3b00 4976 238b 3fff
7da2 64f2 46a9 14ea 55fe 3862 5528 6ebe 0a96 7657 250c 70cc 14e9 20cd 0b4b 11d0 4f5c 4dd1 6a74 4000
7eb4 0407 5aba 12b1 67c3 4974 5230 2d18 7316 520a 1def 799d 6572 337d 646d 0ae1 46b3 0c3c 37cd 4000
64fa 607c 6123 6b91 7f05 77ea 0b67 6540 2d9c 7d49 608d 3445 1a28 3035 12f5 2cbb 522c 04dc 2c92 3fff
2910 28f3 2602 3724 52ff 10e3 6379 6855 5c0e 0b5c 65b5 2029 2237 4b3f 5976 0b43 340b 2c2f 127a 3fff
32dd 1fea 7767 23a6 0333 0046 5763 566e 7c84 7e07 2d15 04c1 79a8 1dd7 5052 1a52 4b1d 0c18 6183 3fff
449a 61d1 04f9 04c1 0722 304e 58d9 2884 65cc 548f 3009 3d67 12c9 0f5a 1768 74d8 71a8 2eb5 0846 3fff
2108 3029 05dd 7c3c 1f98 23b5 56cf 50b9 3106 1611 7b01 0f54 3f16 4c1b 5b76 7a8f 1deb 66ee 1fe7 4000
2a78 5e1e 46c7 405d 7c28 3760 19bf 211e 4388 127e 146a 1f2f 7eed 583b 4dae 3f87 601e 616b 1ed3 4000
0a39 08b0 07fd 2cff 3927 3044 4137 568e 1bb9 73af 4f58 7382 615c 6111 0b77 56f2 3cf5 3e84 1681 4000
70c5 2272 4c71 6bfd 3a6c 2b2a 2098 2d71 7042 6527 0d0d 4e67 775f 1e38 7b5a 6d59 1fb8 6c49 28ad 3fff
745c 5b88 5765 7ff8 19a3 771e 0130 61de 4fc3 4f11 00b8 7082 1646 547b 3abb 31b2 0c0f 1447 223e 4000
3c5a 0dcc 3a2d 7b27 5c99 40c9 47a5 2518 3831 2b06 1cd1 6a7e 6670 3b16 6e89 222b 4930 5f22 0ca9 4000
4ed9 4886 0eb3 317a 70f0 14b8 1f19 7275 4267 4300 272d 6d01 050f 06ce 1e53 733c 2a84 63b6 3bd3 3fff
1eec 48e2 4e04 31a8 1053 4460 071f 3a13 3fe9 08d5 37a1 6aa9 4469 1ca2 0290 01fb 4913 540c 3637 4000
3a9c 3904 47ad 4d3b 75d2 4d50 0a61 5159 712e 08d2 2345 4718 4673 25b1 338b 6df6 590d 0819 72a6 3fff
70a5 26a4 23e5 6c7b 2865 0e17 3f6f 4267 5bdb 19a0 09a7 5adf 2959 4d87 4712 54bf 7086 37fd 53ae 4000
60cb 5d49 60b5 38c7 47f1 6323 162b 6e94 604e 3ea8 5160 1ad1 10d8 1a85 1203 4a22 1ced 714d 49b8 4000
408d 4d66 6e0f 0a86 769b 4c93 49c9 64fe 1da9 3d99 06d3 728f 2314 6802 5913 1de7 53c1 1b6f 1aed 4000
1e60 220e 7ddb 25d0 06d9 3b80 5008 5e2c 377e 5676 709d 0fed 49eb 2217 2c1a 2178 73af 347b 3edd 3fff
5ca2 611c 39e8 21b8 09a0 30b9 56bb 5956 24dc 4e00 3977 6966 7f87 5f36 6da9 6ecc 03af 4a33 61d2 4000
6e3f 7c42 5d77 1ee4 5585 4029 239b 2d48 135b 1ffa 1340 1365 141c 107a 1b8c 0cbb 3205 2ac6 0131 3fff
47eb 138b 7f3d 63cf 56d8 0388 5845 3437 2fc7 376d 5797 0ab9 7052 7c33 21f6 5057 4737 45a1 4001 4000
5a6d 35f6 0f12 2711 0ad1 5d69 5a71 6f09 6ca4 6755 30a1 055d 2456 3f76 478a 757a 6280 7edb 0be8 3fff
7152 4fcd 3c3b 7202 6920 4e63 027d 0036 3d4e 45e6 2f88 6271 5f41 4c1a 7bd6 254f 513f 5ac9 1e10 4000
495d 3450 5aed 0499 3db0 29e8 57f6 288e 53bf 64c0 186d 65a6 16b1 5e55 67f4 118f 4dc7 7619 78fc 4000
1963 1fbf 054d 6a6b 5a21 03d5 0bd0 33fc 199c 403f 7f34 0edc 0f3f 06da 7ba3 76ed 6080 2bfb 0701 4000
1131 601d 3c46 798c 1d47 1415 6511 3c94 23ce 2717 1632 047a 32c7 5126 0b33 0408 20ad 6a92 6071 4000
2c97 5ad3 0f1b 3cfa 4fa2 1327 2a7f 37b0 3e4f 664a 0291 458e 7469 456e 63ca 6ee7 1937 3fd7 000c 3fff
29de 7ef6 4c35 5a15 5f04 46f5 749b 7b2f 5acc 2a53 11c8 74b5 39a5 558f 3646 532b 6161 7b9d 6532 4000
63db 46c8 7b18 2beb 4c34 75ad 5d60 525e 4b5f 5f11 318a 5148 3faf 124e 7e90 013e 545b 2225 4785 3fff
77dc 6a57 5265 2893 09f4 49cb 0cef 2f99 7b6d 7691 586e 78fa 5feb 53e4 5405 3429 7582 1e0f 512a 3fff
67eb 628b 7abe 74c5 7728 3f5e 0a5a 04f2 5daf 1414 0a03 4c82 2486 11e0 2caa 721a 1296 4abe 293f 3fff
368f 581d 5e95 5774 1476 291f 21b8 3178 40f1 2888 0879 5904 09b2 2c52 423f 3788 1860 7482 4893 3fff
1520 091a 7a0d 252b 2f66 23b0 30a9 79ed 7ab3 48a2 387b 2b55 5c98 4b1c 42b2 17fd 5fa2 3094 10b4 4000
1080 5cc0 5bab 4e48 6532 7ea1 2ba0 06a4 43d4 5faf 5c32 7e72 5b5b 6f7b 4e09 1381 26eb 1fae 5851 3fff
2e71 0937 0d57 0120 360f 0c3a 7a76 29ac 1974 27a7 4e50 44d0 1238 7bec 5c29 3bed 50fa 2e1d 1d57 4000
7799 6dce 0ede 26f9 5f8c 3536 3cc2 468f 7863 59d6 1674 5838 31b4 6855 4495 3ad7 0e91 18c6 7436 3fff
679e 6df6 3397 6e1c 51df 1d2b 1ba6 72dc 5063 2168 2ea5 4290 0a0e 4af1 1d4f 2831 4bae 34f2 64d1 4000
132b 3d41 5e05 7303 44f7 3155 6c45 7732 473f 4f6e 397b 5b32 3849 626e 3843 7985 5daf 67f8 12e6 3fff
55ae 1f9e 13cd 5148 7bc9 63a1 0d01 2132 2148 08af 3952 7a1a 77ee 4036 2bc0 7b4b 730b 3c28 04db 3fff
3ea1 5180 27d2 70ab 6158 7805 1caa 0c9f 4ba7 4006 3299 4c64 2517 5b54 15a0 2fab 5920 3b9e 1d4b 4000
666f 2c21 7a0b 2feb 6076 5160 3ad9 03bc 6621 14b2 2af2 086a 487a 6881 111a 0850 14f6 763f 18db 4000
455f 451f 2835 3255 7335 6264 108a 7fe5 76b5 7a1c 6849 086c 0b4a 09d5 3a83 035a 6982 5a80 2afd 3fff
1f9d 76a8 444f 509b 79cc 265f 2fd2 3283 09b9 2401 164e 39f1 40ed 244c 550a 7d1c 5bab 6f93 7f26 4000
38b2 692a 05ab 72a1 60b6 2c3c 6286 0858 14b0 12b9 3a91 7ac1 7f83 29dd 5602 133e 5deb 0a93 2706 4000
6466 440f 3458 6558 391c 1574 05f8 1747 5216 2ae3 3b11 33cb 6bf2 061e 45a7 6d6a 5ed4 741d 34b6 4000
3781 7c63 2ee3 3d03 0d13 1ce9 66ea 1146 3a96 769b 2cd4 5bf0 31ad 1077 21cf 4afd 0ffe 6a2f 59ce 3fff
2232 7b31 5b32 4d39 4eb5 1800 258d 7663 067a 76e5 679a 0401 72b7 452e 672b 7d45 5eb6 1bab 0a5a 3fff
6cda 05cc 7bf2 3bb0 6996 69f4 01ed 0226 626d 6577 5588 1485 4165 2626 7791 3f3d 3b37 5105 4593 4000
1a63 5aaf 1a50 383c 35f3 239c 1472 06fa 33e1 595b 181e 16ac 7027 4462 5c1a 199a 40ea 1e19 067c 4000
01d3 429c 070f 0e56 45b4 1887 16a9 34da 4fc7 6f7d 33c5 3786 6fbe 1c02 1794 077a 75fc 1381 5714 4000
5d05 62dc 5cb8 213e 2dcd 1a2b 5292 132f 5b96 4de5 3874 7379 620b 2cea 2743 447c 4dc1 5e05 45f4 3fff
29ce 3d9d 6236 2d7c 3988 0401 0207 30a8 7a50 5b82 785a 0428 0af1 2f42 5ace 4be6 3eb5 7d15 748a 3fff
7643 194c 1907 7c75 7bda 742b 43dc 3294 42c1 08d3 1302 4684 6fc7 7fc9 2d52 5de0 776c 30ff 1579 4000

19dc 48d4 1268 488c 3cfc 4e04 19ea 75c7 5db4 4d20 0522 4425 31ff 599a 0e09 6e2c 1155 3b46 6079 4000
7d8a 0bae 3db7 61f4 3faf 60da 0a3e 5afb 2ee2 72f9 2633 51d4 0d7e 2fe3 1c4b 2ead 5da8 5f9f 5100 4000
0805 5469 1c05 029c 231e 724c 4f86 6996 06d4 3acf 6eec 130a 141d 5365 2e4e 1ce9 231a 24a8 36a3 4000
24ef 2b41 5e0b 625c 1704 4e2b 6fbd 7463 48c8 5dc4 370a 35fd 3499 5a00 574a 22ba 3548 10f7 6e70 4000
19a4 6c37 4388 0d88 0a99 46b5 748f 386c 38dd 7870 6695 3f39 6e03 5e77 155f 063d 5ea1 0e93 3d0e 4000
3879 1331 4026 67d5 4a01 18d2 13c4 664a 3c37 744e 0cb9 4653 207a 4120 6cbe 7168 2e5a 0567 2f50 3fff
6f0e 5ce3 22e7 259a 7858 7447 208c 7eb9 789f 2acf 02a5 1c0b 45c9 401b 1d2c 51a8 40d9 24d8 7672 4000
1193 60f4 0c79 5474 2212 1f14 0baf 3c4b 17e9 5bde 7c9f 13d0 0aad 3e4e 74c6 3a8c 3659 71e4 6293 3fff
7f1f 5309 077a 07bf 5a6f 19dd 3060 2f38 76f3 03ff 01b4 78b6 765f 00af 7571 0dc9 058a 48fa 22b2 3fff
6849 4336 374d 1082 7909 7270 0db9 0434 454d 4ab2 5c04 1f0d 507a 22e3 2139 71c4 1770 5c8b 7d37 3fff
2f76 316c 1a83 1804 59a3 6ef2 14f3 74b3 53ec 68ef 1900 4c29 2076 4b53 38dd 5072 791c 13f0 1643 4000
719e 517c 6bf9 6932 726a 1d37 54b1 67ce 110e 376d 5ee1 25d5 487e 376a 3e38 7da6 1562 0579 74c8 3fff
3d6e 31fe 3176 466f 5ca7 1402 1008 0530 55af 7ef8 3def 5f0d 44e8 3c36 1bbf 512a 2008 00e0 562d 3fff
03a1 7275 1240 4c8a 6ad9 6250 7ef7 6f7d 465a 7d10 70ce 6bd5 6892 3d33 5585 0d09 6734 1482 028f 3fff
6bd8 37b8 3761 3e1d 3aef 494c 216f 6ae7 3e25 39ff 3de9 1871 36a0 0737 3f75 0145 5b8c 69fd 54bb 3fff
6b3f 7fe1 3806 2eb5 3e12 6159 59ce 796f 4ac5 4ea7 42b4 4240 70ad 7884 299b 4ba6 369e 7e90 2a52 4000
4672 3112 59b2 4221 0aea 5e8e 1da1 2c0d 14e8 54be 5aeb 0759 15c2 5885 19b8 2547 5488 26ae 549b 4000
0f65 42fc 59eb 3282 7976 5ebc 20d7 1a0f 7dcd 7e3e 2c1d 30d3 5d0c 4cb2 44a4 018c 1962 1fdd 2c70 4000
1d03 4d18 5ce0 6048 2641 60ff 1574 16b5 4463 17bf 295a 0bf9 0c28 5aba 556f 478e 25c9 4b0e 6eef 3fff
4643 4bea 2606 5c53 4c4e 28b6 722d 31cf 28d1 4126 2c25 1ee4 36ed 0587 2366 5987 790f 4e12 18c2 4000
6665 3c6f 213b 2dda 4f4e 6093 71f1 5ea8 0c85 04e7 6062 33d1 44c8 1ab8 122c 5992 1375 76c0 297c 4000
5937 1568 5a08 16b4 4a49 7cbc 111d 6299 31f9 7975 79c1 55e6 448a 69ad 05bc 461b 3d98 7507 2033 4000
7d75 2844 6426 230f 5190 15d8 4b25 4012 387d 6611 526b 3bfd 67ef 57ad 2af6 67f4 43e8 0b3f 70c5 3fff
3d01 59f4 2d2c 1228 4c5a 41e3 71be 02d8 3c9b 7781 27ee 60d4 5374 1568 3bf1 743d 673c 0a14 6445 4000
4225 1873 3dd0 32a0 0558 65b3 3d69 4acb 4d52 0b80 7f3e 36a0 4c04 719c 0321 2770 4867 301a 17df 3fff
79e4 5fe8 2c4a 74fa 61a5 4e37 3330 6f1c 5893 7d26 4e4a 623e 2ffd 191d 2d42 7ded 41d3 60af 2e84 4000
7332 456f 56a7 5f4f 3f56 3de7 105f 213d 67d7 6b4e 7e30 33ce 130b 4b0e 40aa 4902 0969 42f9 26bc 4000
007b 6415 7352 25b0 228c 555c 33f3 4542 1ca8 45d5 0013 634a 7b6c 112c 7e4a 2d35 6a46 4a44 7a43 3fff
6806 631f 1dd1 6828 0d58 0779 09c1 76da 10fe 6192 7a07 27b2 577e 7565 5b39 0254 6c45 4050 4150 3fff
04b6 057c 7b24 47c5 4fe9 6640 6cff 027a 1862 2af0 3304 6067 35e3 2418 139e 0fe4 2a33 1130 01a0 4000
60df 2632 7954 16c9 67b5 5c68 0ec1 6d63 7472 6d03 0f92 398b 1b4e 2f35 5f19 4088 3f6b 7bb9 606e 4000
4b5a 4b4c 558b 0483 05da 7db0 2e8f 7137 7100 1c27 7ecb 56b4 6125 037d 061d 3b2e 7131 78de 4230 3fff
3f5f 0c86 31c6 357c 6d76 27cc 2089 1746 6d66 369b 0fb6 2282 6ed9 2836 7659 1de4 409f 2369 32b5 3fff
45a0 1cc5 1c25 23fe 13a4 32d4 7adb 3a63 0ca0 07be 4ed5 73d6 65b1 6f39 4608 034a 6bef 285c 4894 4000
402e 3a21 5dd6 15b7 6b4c 22d0 0b9f 0fac 653c 68c1 2186 4f62 2458 7796 381b 68a2 69d1 3b91 6275 3fff
0366 1b0a 2b45 60ea 1d99 0d15 37fd 0aaa 5a2a 1885 0acd 3c73 28e8 437c 0dd8 6fd0 0e8a 334a 3ad3 4000
73df 2267 34bf 0781 0a11 605e 1702 07f7 60e5 74f1 4045 4da8 7302 0203 524b 68e0 3485 215c 4980 4000
4985 2cfd 3344 7c02 3603 55bb 5f45 6508 3295 07f1 744f 15cf 5f7f 7c46 223c 19fd 0597 2dfa 30e6 6af8
60c6 4304 290f 5928 26d9 7d26 2f73 4c6e 2255 3d2f 4cdf 6f09 06cc 33ea 105f 294a 4ca8 3d67 7312 3fff
7026 1a02 2019 5744 087a 0e24 3313 3c5c 24a1 5a64 6112 07a2 74a3 77d2 2c7e 4e66 24ee 3e22 4686 3fff
7c06 6b6b 5651 3717 0ec6 1f1c 6d8a 56cb 731a 09c1 5396 00fc 7e2c 435c 1684 3940 28a2 31c5 23e2 4000
39d0 48e1 1d13 3345 245b 2f1f 7fa6 429b 0f43 037a 6d85 6118 4ba2 2bd1 0fa9 762e 35b6 2e68 5171 4000
634a 46b9 35ac 7539 66b5 0bb2 213f 452f 6364 36f6 5a53 28f4 3b44 0aa5 5862 1d15 1e52 6622 03d1 3fff
73ef 7c21 1ef2 0ca0 3188 2e0b 1938 732a 7049 79e6 1c8d 4967 49b2 0133 3b93 4e2c 7236 64fe 55cc 4000
7d71 0b6e 3541 7464 1aff 34e3 672c 20f7 761d 7048 61dd 3af5 5881 4e36 41a8 1f02 6183 44df 0e90 4000
1ae1 6332 5b21 3ee8 0a74 37f1 0b08 2343 3ba3 7d25 29bd 40d1 2f90 1a08 7ead 304f 3a6a 246d 6128 3fff
0fbf 46a3 5c73 71df 1ffb 0c41 44ba 6cc3 1e83 2171 7c51 17c1 6faa 75e2 216a 6da9 59c8 7872 4d24 3fff
2b23 07a4 0dc8 7d52 479e 0497 1958 28d9 1a1f 47b8 538a 12a7 195c 1bdb 03b0 56bb 24d0 7a45 722a 4000
4f11 7327 6a0d 1dce 2231 56cd 65ee 7e3a 2a8c 4d4a 3ab1 3ce0 06ca 3a23 139f 645d 4f0a 7cd6 70fa 3fff
1f47 19c6 6d71 02be 492b 1ea8 0681 7bb2 51ac 00b2 62ea 1243 4770 0eb6 353d 582a 5297 15f6 0720 4000
6861 5156 0248 7b75 1dda 0edb 6d5b 55be 365e 4c7e 5916 7a1f 4f68 2a47 3d52 7e1c 7ec6 7e97 04f5 3fff
7f09 7100 716a 4ff8 7dca 4c1d 77ca 4b04 47d6 2e71 724c 04f3 2fc8 4a50 33a6 0e66 4d37 3aa6 6cae 4000
1840 79e3 1e02 0eb5 2ba8 19ea 546c 7445 5c9c 005c 4ebb 3b51 1dfd 4003 3d7b 3cf5 6f34 148c 234e 4000
10d1 7560 7dbb 5cfa 5f7b 3b77 3baf 4bfa 71c4 6c33 44e5 3aa2 7a64 2fbc 2904 02d1 0112 4a3f 39da 3fff
730d 47ef 58b3 2ad3 7d05 7b69 106a 1888 2007 78e6 4b45 65a0 1064 7d60 2d54 204b 0124 07e5 52ac 3fff
5993 5b56 0d8f 6cf6 62f3 6dd2 088e 1440 4b83 00b5 146b 4c68 2dc3 4587 4c4f 6bf6 2318 5561 1014 3fff
4c91 154d 528f 4217 724a 089f 47aa 6864 799b 63b8 6d9b 0757 256f 6d3a 2231 3a87 5d8e 0a74 01db 4000
299e 3acd 37b3 7115 46ca 4932 087f 4f49 3ad2 738e 4684 0644 53da 385c 781d 2847 2048 7bfa 3c46 4000

4e4b 65ef 73a2 71b6 1da2 2e70 064b 4c8a 7fef 21df 5db4 35d2 2184 66c3 1593 379a 0c87 34ec 7d9b 4000
22c3 6b2e 0691 23b8 0d88 5752 7907 7c4b 3d24 13a6 31e3 65d1 15b6 452c 4109 7539 7fc3 15f6 2c9b 3fff
3076 42e5 44b6 3cd1 5816 3503 32e9 5d2b 7b3e 6193 3212 70ff 1bcc 2b58 5742 3dbf 0134 54bb 33c0 4000
7649 3be3 41f3 042d 4cf2 47f2 21df 4773 65f0 2428 36d7 67ec 470f 0a8f 5db6 4d6c 45e7 58b9 28bf 3fff
4f06 4435 120d 5c80 0582 294f 0e00 39e0 62dd 0a4e 567d 5ecb 0245 4cfe 48c5 2736 72c8 4bb4 464c 1ba5
7033 18a8 39b1 0e5d 5967 0460 5f6a 10d4 17aa 4f1b 0ccf 444c 1462 5c7b 4ef5 5daa 4991 7553 4621 4000
3c8e 2793 365d 1ff9 5b8a 2107 10a2 0d9a 4e53 55cc 595b 313b 1b75 625b 7ed3 1072 03fe 26c0 6286 4000
0e32 0e55 0289 5430 74e5 67d5 53d2 1bac 1f34 718a 54ec 4766 15be 7e8d 1c1e 1790 7683 1f09 727f 4000
76dc 31d0 26c2 4288 13f7 3fd2 3624 678f 32fa 0b33 1d4d 52de 52aa 471e 4fa7 23cc 2d24 3d39 6e41 3fff
5f2e 58ff 2db6 4bbb 165b 7e88 018e 142f 1a97 4eac 393d 1ccc 0f3c 362b 4e16 56bd 4d17 599e 555a 4000
5f38 3525 5ed1 6298 17e9 101f 0573 3901 1cb4 138c 4287 4f33 5cd0 12d0 3318 3b86 0e45 54b3 3d95 4000
425c 3e3c 37da 3c4b 6874 5513 2edb 70ed 31c3 7425 64a3 0cff 0929 377d 4929 1d0b 02ba 19e0 695e 3fff
1c32 6847 32b2 30d7 4808 7990 5dce 1654 31a4 6fe7 2d56 59ff 5d35 3720 0489 2800 0146 23d2 332c 4000
3647 656d 753d 21bd 7a70 65ab 4eeb 0c4c 4796 4585 4ee6 157f 0a26 5a13 0aa5 04fb 3a2b 7002 7a66 4000
03f9 14db 2ef3 0e1f 7d7e 1efe 6ceb 6436 2661 6170 6e8e 7cd2 4ae5 50cc 13df 1054 7b24 3167 0611 3fff
1ed9 0a48 6ea4 3fe4 6257 128c 1801 362f 733d 2356 1c26 16c3 382d 73f4 3874 0211 3669 7962 61ff 3fff
14a5 1d6d 30bb 12ba 71d3 6002 1af5 6c13 3ba9 2fb5 0acc 3ab6 6061 6941 0973 688a 4f77 40bb 0adf 3fff
57bc 2b5f 4465 2a9e 3f5a 4b3a 197a 27df 7ce5 6309 5167 60be 361f 1de4 3025 1891 5b51 543e 1252 3fff
42ed 1ae4 197e 3501 6bed 5300 7904 4ab9 4128 15e9 3b82 276e 371b 786e 228d 15a1 0e1e 0671 38e7 3fff
0242 4c22 1fcf 18cb 3585 6d75 31e2 3349 5220 7340 6ac3 3573 5833 70cd 5f70 1cec 6ad7 0637 252f 3fff
5aea 5c2d 0179 3556 4a62 35f2 2971 6338 57af 6fc8 7693 4c26 3ecc 3ef5 7a0f 1ed2 619f 6f07 52b1 3fff
3aab 3449 2aa6 1409 566d 258c 5c7f 551a 20b0 1344 7d9a 4777 7a48 51b1 1cd8 7f16 2ddd 14cf 5cb0 3fff
4a6c 2666 5ff4 6a8f 64fa 651b 0116 2f36 3a93 30e3 5ef9 75bc 30d5 190d 2899 7a43 2d9a 15ef 440d 4000
533b 2725 635e 1b45 24c3 2f52 72b5 36f7 7b42 5d5c 551e 07cf 4979 6a59 5161 11d3 2278 4da5 2f12 4000
5891 18a8 5fe1 144f 414b 05b7 4ef4 5d71 29ad 715a 6d03 2081 017d 151e 16ed 15ef 3d83 1e93 6f54 4000
4edd 6313 0c07 17d7 2571 62e3 1e48 1909 680a 332b 3ea7 4503 049f 0443 04c0 53c9 0e48 14d0 676e 4000
6552 2902 393d 43df 368c 09e2 7a39 2049 6937 5d5c 0f0a 0349 5e42 7493 7636 7445 0473 4d4c 6271 3fff
047e 74b2 40ac 41ca 3322 565c 6600 4034 4f54 187d 44e3 3fe8 7e0a 3e4c 1160 427b 30c8 7efe 611b 4000
5be0 45ec 3e1d 7b59 47da 7d10 269d 6167 689a 5599 1a85 71be 5bc6 1eeb 1308 0416 4a41 22da 44e6 4000
7028 49c9 36ea 121b 15b6 300e 6c83 0622 3b38 4f28 0220 167e 3cce 3244 5db2 1e1a 4a82 5f52 7f38 4000
7f15 55be 4504 0f85 52e1 3107 6b8e 26dc 2747 1066 6598 470c 6b84 6ec0 3b28 74a3 25be 70d7 604c 3fff
54fb 511b 6ffc 4c9b 63b8 0fd3 4840 5912 7548 6dc2 51f5 0ba3 3e58 5f2a 0453 2382 6341 2625 728a 4000
0694 28a8 4e80 7cfb 532b 0d53 7570 5cca 2437 05a8 55d6 111b 2144 6c29 35b2 2e64 5007 43c3 6363 4000
54c9 0123 7628 228d 2cce 4e82 0951 173b 2dec 676c 0091 5d22 0ae7 34c3 321c 6a1b 2639 5c86 1a31 3fff
5571 36fc 0a46 72bb 347b 78d4 1ac9 5dad 3672 2fbe 2b15 4b3e 3f53 5192 2225 7adb 0fc7 1051 3055 4000
5671 3289 04d8 0e6b 7241 72c7 64d0 623c 2751 41d9 5348 5bfd 4f07 1908 7bb8 1ca4 0ecf 72ef 12ae 4000
29de 67d2 2e5b 0af2 5a7e 55e9 3320 7955 21cc 0aac 6cab 4694 285e 66f7 563c 426a 1dc5 4a9f 3f11 4000
5e16 5722 5ea4 2bf6 7894 613f 46e7 6c93 22da 1850 4db3 3bf9 61c9 0eb4 0766 7f83 2c1c 0a1a 5ec7 4000
7885 55a5 2d10 5f81 1661 64d5 04d8 334d 713c 5c31 3266 6aa3 7fa1 14a8 543a 2e6b 313a 455c 7cb9 3fff
1e11 3d1f 1b24 72ac 1711 4375 5b7f 709c 4b17 11af 6b95 5d3c 0302 5286 7cdd 3e4d 7451 3f33 0347 4000
48e8 336c 7c7f 55a2 3084 0200 6ac8 174b 7354 05f4 12cb 024f 7d26 3e38 5e35 1ca6 69bf 15e4 4f83 3fff
53df 7f78 32a7 47cb 7456 3fd0 6f6d 38f3 6ba3 3ee4 23e9 3d10 2e9b 556e 5905 59ac 3599 790a 619a 4000
2286 7e6c 08b2 4c2b 3c71 2a6a 78c8 7cd3 4bdc 4415 72f3 403c 39b8 2021 6baf 215a 30e5 0e6f 74c5 4000
0b29 2190 5a04 7a9a 19e2 2811 7872 1f5c 422a 041f 1e67 729e 5c3b 09ee 02b1 6147 52b5 6f8c 2473 3fff
66ce 1ca1 0486 7be0 58c7 3fc6 2e00 30b3 1ae4 1559 68aa 5251 040c 523b 56df 7197 6cc9 7d93 7c6e 4000
5273 71c9 2a56 1d65 4317 2e9b 5b8b 6cca 6ed3 5fb5 0971 04f7 466b 5227 7e7e 7653 59d5 0db2 6713 3fff
5e6a 5087 17a0 4a0e 4589 774c 3504 4a04 4041 1194 20a3 344b 14a9 1186 3f48 3d07 08a9 0234 2970 4000
486f 15b3 414b 0119 275a 14eb 50ac 7c1a 6248 3a01 225b 1bb4 2785 187d 6150 0985 47ce 10de 4fde 4000
107f 268b 2f3e 3950 31d0 3dab 7297 0e46 1396 2930 798c 09b1 7b1c 40ce 3199 760f 2390 3ed6 00bf 3fff
3955 7f7d 7205 23f3 33f6 0ac4 2b8f 2fa9 1ef3 0bb8 585a 1fc5 7631 074c 104d 58a7 7d7b 34db 5f71 3fff
1389 7597 1846 469b 4c5b 7c81 229e 63d3 07be 7959 3569 0fdc 1aeb 348c 3db3 654f 02a9 655f 6932 4000
4838 09e8 769c 6b50 05e9 3fcf 6450 2b19 5574 145e 381b 4474 7d37 4e83 7606 76e3 2368 5d6f 15d6 3fff
0fc1 5461 0fc4 7d9f 15de 175c 1e44 1727 1ddc 6a36 544e 44a2 0a1c 2dc7 6d2c 603e 1f5a 10b3 22c3 3fff
5984 1547 7e1a 4d6c 4474 3cf6 427e 0624 1c01 1504 3db0 4424 5025 53a6 3ee8 368e 1554 1930 19c0 3fff
0fee 26db 0121 50d7 2df1 7c4b 5080 1d70 0dc6 28da 6bad 20ec 1d61 13bd 6d81 7349 2776 4dda 4f59 3fff
27d3 197d 5232 5453 162e 21e4 53ff 2a46 7a7c 2029 2da8 32e1 0efb 1bb5 7fb5 121f 2827 5f21 6fdb 3fff
6300 207b 5ee9 7d33 55ea 71a7 52eb 7dda 49cb 049c 49af 232b 210c 1310 6c44 655f 323e 57c8 4e65 4000
1c97 165a 48e0 7270 6e62 5991 1c31 6299 1803 22fd 23d2 7813 568f 4784 0384 0f0b 7cb5 0817 3344 3fff

1448 4363 5588 248d 608f 2e83 5b54 67d5 6be5 1286 7548 4774 7d04 09da 3d4d 0cea 3f79 6eaf 4761 3fff
2032 78c1 6c4e 3d01 59f0 1835 60b4 54f6 6503 6555 0809 0ea2 177c 360c 46f5 00eb 6f23 393d 77e8 4000
7b67 44c7 21b0 70f8 1c8a 3a83 7336 7a45 6c47 11c5 7db0 38e8 5738 023a 3100 00a3 5d81 5248 6207 3fff
719b 4d96 226e 38d3 4e01 5aa4 25d2 2b1b 2a84 566a 54d8 5498 7d0c 6b7d 6a34 6f67 07a5 6682 6eeb 3fff
0199 7fdb 13bd 7190 2bb2 2bfc 7183 582f 0b93 51aa 7a01 109f 7619 69b5 368e 70c2 4b73 4977 4a3a 3fff
2683 1a4e 5765 37c0 7177 48da 1452 6a73 5c1c 3b8a 5d09 013f 4152 0604 52e2 46a6 0be7 618d 23f0 4000
701d 7676 1750 4e33 110c 799c 0a47 72a0 41d0 371a 748b 5a13 772b 7019 6d8b 74ae 778c 01b3 745e 4000
777a 25d5 48d5 5b87 6341 4613 3135 0f90 5dfd 6918 775c 291a 0810 1518 2dc2 38d1 53c1 2f49 20c2 4000
6c64 38f7 290f 6ccd 07ae 12c5 44fd 669b 4d84 5a76 51a8 39f0 3c5a 6476 4eac 6468 3c8f 5806 1745 3fff
4880 08ac 225f 21ae 5234 11a4 68dd 53a3 1289 0600 38ef 05e0 1768 1ea5 7122 7c01 1608 1064 6b68 4000
1737 74b7 572c 024b 5134 2bdf 018d 29fa 7af3 7b5c 1988 3220 680d 3fa4 485b 7789 601a 26b9 404f 4000
5e05 24eb 3096 486f 3288 74e8 1711 5964 2c28 2e0d 072a 2d8c 54d0 6d39 35cc 5b83 5a17 13bd 5829 3fff
14d2 63f9 474b 1769 5b75 54d1 0b76 7432 4d91 23c6 4bc2 557e 1faa 600b 0435 6492 048d 7709 1f7e 3fff
4316 4829 18c7 4323 6c61 1d40 6fa1 1730 35b4 3faa 0dc4 0192 4580 4c69 58a1 1ad4 7b07 06d1 1fb0 4000
2046 7093 6886 3129 2289 7b41 59bf 5f7b 3e12 6d38 2fa5 1bb9 63ba 59da 2565 6d3c 5211 7861 1360 4000
6af7 435b 6174 3b0c 1932 45d6 0b08 146b 652c 28a0 6f5e 4db3 7af2 64f2 7af6 5aea 2835 4c73 01e5 3fff
05f4 404c 1098 297c 4504 16fa 50b5 36f4 036c 09f6 25fe 4975 0dad 0a26 14ea 414e 1b4e 36db 448c 3fff
19c0 66e8 519b 087a 346b 4ed9 5bd4 68e4 64cb 5050 7e67 2613 3ba9 335d 76db 4e92 5451 083a 04ee 3fff
4373 07ba 7776 062f 7a9d 48b2 7eca 0e75 3cc8 2af8 2503 300f 67b3 23b1 20e2 2556 59da 607c 1411 4000
6b25 1d2b 4f2c 5f61 33cd 31af 2a8b 68b8 209c 252e 6446 4bb8 22a2 2ae7 0df2 6520 46ba 6aef 76b9 3fff
55aa 0bdf 489b 1f28 428d 4d7a 4cc5 6e21 6360 3af7 1cee 143d 12e5 0406 050a 45da 2bef 1de8 61e5 4000
60f7 0e22 0711 0f52 5890 0b8c 4758 02dc 29ba 3406 62f0 018c 6474 5faa 0fa9 5ec4 6458 4746 22b4 4000
6b6f 2a89 67d3 6146 328f 70a6 1d33 1c21 0f62 59dd 40fc 0f9d 10b7 22a9 174c 5e55 6208 3d64 70f0 4000
71e4 3bb0 417c 2829 638f 45f9 79ac 4a23 63a6 7274 06f6 201b 2f3d 1083 6a1e 5001 5eba 6f3f 18f6 3fff
3b8e 7423 4238 503e 7605 020e 03b6 5eb6 1543 290f 4f7b 0966 22df 4d4f 4bbe 5667 6492 6948 10ef 3fff
6cf3 54a4 2348 5738 4226 3242 032f 2d83 3717 08b2 4afd 7b64 1560 0af5 2be2 763a 2577 0f52 1c34 3fff
4444 05e9 7a8b 3b85 1dce 590b 34e6 697e 6ba1 49e0 4f78 56d5 6fd7 1421 18e7 79de 2add 53aa 1242 3fff
458a 7931 6fd7 26e6 08a9 7270 1f74 0995 77ba 667f 73ce 1c3e 2a93 6166 73dc 1a4d 28b6 4cb8 5c4f 3fff
42f4 6d2e 04fd 0e26 26cc 6f6c 36aa 2a39 4cb3 0fcf 376f 14d1 746c 0592 1dca 4942 40ed 1907 17ec 4000
54de 4944 3cd4 2c27 2877 022a 0ffe 61a0 199f 5bcd 411f 6a32 4fd3 268f 7e79 0cf4 2913 068e 3ec9 3fff
2be1 140b 2636 1992 47fa 06cf 3a97 7f82 04b1 680f 5b67 5a19 2129 1a83 2ff7 7f90 6f2a 313b 020a 4000
1896 659b 4574 20bc 783d 23aa 4682 7d35 269e 3313 1b3a 7093 540d 1a88 4648 5100 0b64 445c 1349 4000
1927 57a4 24cf 2be3 035a 1b44 5f23 4a2d 7f6e 4ef0 3cb1 5e03 272b 5260 616c 3302 06a7 427c 301a 4000
27ad 0c84 3883 3483 594e 3be0 492c 08ff 41df 7f2f 4460 3097 0942 7938 41fb 1595 0f95 3698 1c86 4000
1694 5fe9 67cd 1386 1740 6e51 3582 4b16 4c05 0c4d 44bd 75e9 68a7 5329 5f04 6d19 5fce 54cf 720d 3fff
10e0 5a37 5a98 0ba7 3a34 2e3a 3e92 26da 7cf4 1710 0459 63cf 06d2 1c98 7765 48a5 5efa 520a 5c2b 4000
6ed5 5bf6 73ce 0a0c 4e5e 34e8 0d58 6a5a 3cf1 23d4 635b 7ce2 3b5b 273d 3005 721d 1326 749e 4440 3fff
7fbe 43de 7c45 017a 78e1 216f 1587 4f48 3a2b 45de 2c49 36bd 601f 7845 404c 4b01 4cc9 6750 53a6 4000
6acf 522e 7a3d 1881 3c08 29fa 0cf7 3984 0580 2e78 763d 18de 1784 36e7 3123 6786 6658 1b04 634c 3fff
16a4 3ec8 07ec 367b 6f29 0ad0 7111 0e82 19ea 1599 5f23 2514 6edc 1930 3788 4323 0895 1576 3409 4000
341d 019c 4816 10e8 21ad 0d5c 7f1e 5e3e 0983 42fb 47b1 1d50 28ae 7ae6 092d 5cde 75b7 25c4 4029 4000
0f82 4af1 6aaf 40c7 059c 2d18 094c 6a37 1d56 4b69 79e3 08c6 77e9 3b05 4bd1 1d7b 4b3e 6414 12a5 4000
03e7 4d56 16b5 0f6e 62de 72ff 49dc 471a 06ca 2b56 19ce 79f4 4336 49db 4283 7f25 7eb8 2fe2 54b1 3fff
064a 2f88 0e0d 4755 18d6 441a 7b74 06f4 6ac0 13d8 43f7 3cad 5aa7 4e66 5caf 465f 7e3c 039c 247a 3fff
57fe 5e75 75ee 4c6d 7514 081b 4e75 70db 35bc 4e18 6654 05ce 211a 068c 0530 7b8d 6987 75b5 55f9 3fff
306f 4fba 7e81 5c02 1361 4f5c 4ddd 11db 34fe 3b8d 6132 7e03 7b4a 51bf 20b3 4ff6 512f 74a3 5298 3fff
1e17 205c 75d9 2d13 786d 051f 294d 2c5f 2476 5e0d 3e84 74a7 44a2 42bf 1c72 13c6 71b3 3b26 2f51 3fff
534f 1e19 2d3b 6f18 1417 6bcb 14fd 0c7d 1b49 658a 7a71 5fab 65d7 74e1 3a6c 7a89 29a0 06f8 3cda 4000
1dbf 2e02 3053 1e72 04e1 6ea7 65eb 474a 6def 189d 3552 5f05 3889 2c45 7ff8 7e30 39f4 02d5 58e7 3fff
7137 1e61 4139 416c 1fde 1fce 2de0 038f 6ee0 5e6c 773c 0b8d 2641 73d5 3a41 0a88 15f3 2533 3a20 4000
0f77 45d0 625b 1621 7931 5b10 7c0a 2956 7e96 58c2 3bd3 7047 693e 5804 50d2 5645 3d7e 6324 5e83 3fff
2f9a 107d 0a6d 361b 2c83 64a4 06d5 7846 21e4 391a 3113 7783 7a53 081f 6c22 2763 4ac2 0670 1dee 3fff
6641 5204 67eb 6286 7a8f 1378 09e4 49df 36a1 1675 4ddb 4fb9 38ee 7337 4f56 31c2 0380 14f0 70f3 3fff
2e2f 45fb 5c13 138c 6e81 2638 5461 7990 2b3c 45ca 4e26 5106 564c 7f08 3bba 7a33 3925 5846 5a90 3fff
701d 2457 1f6b 1e6a 0b99 6058 0a4a 4b24 0167 1214 3e31 1992 2dbb 49b6 30b6 15d6 7495 3e86 54a5 3fff
6c00 2b86 2927 1ab0 6ca3 2ea3 15f9 22a9 570d 6336 370f 63ad 59de 106d 53e8 1447 6e88 1a02 7f1c 4000
2f0c 0e86 49c7 1f9a 0793 4e4b 1912 2355 2920 0375 13a0 0e10 53d6 0db9 382e 3e0b 73ca 4f50 263f 4000
6529 4cb1 1bb1 4d86 1a69 78ca 31a8 19d1 4d56 106a 45ea 5777 7565 5c90 3e83 7570 7c92 0ae1 3479 4000

